# File generated by ImageToStl.com - Free Image and 3D model conversion tools

o obj1
v 0.00771966 -0.017 -0.02022565
v 0.00696931 -0.017 -0.01947529
v 0.00874466 -0.017 -0.0184503
v 0.00669466 -0.017 -0.0184503
v 0.00696931 -0.017 -0.01742529
v 0.01052001 -0.017 -0.01947529
v 0.00976966 -0.017 -0.02022565
v 0.00874466 -0.017 -0.02050029
v 0.00976966 -0.017 -0.01667494
v 0.01052001 -0.017 -0.01742529
v 0.01079466 -0.017 -0.0184503
v 0.00771966 -0.017 -0.01667494
v 0.00874466 -0.017 -0.01640029
v 0.00771966 0.017 -0.01667494
v 0.00696931 0.017 -0.01742529
v 0.00874466 0.017 -0.0184503
v 0.00669466 0.017 -0.0184503
v 0.00696931 0.017 -0.01947529
v 0.01052001 0.017 -0.01742529
v 0.00976966 0.017 -0.01667494
v 0.00874466 0.017 -0.01640029
v 0.00976966 0.017 -0.02022565
v 0.01052001 0.017 -0.01947529
v 0.01079466 0.017 -0.0184503
v 0.00771966 0.017 -0.02022565
v 0.00874466 0.017 -0.02050029
v 0.00669466 -0.013 -0.0184503
v 0.00696931 -0.013 -0.01742529
v 0.00771966 -0.013 -0.01667494
v 0.00874466 -0.013 -0.01640029
v 0.00976966 -0.013 -0.01667494
v 0.01052001 -0.013 -0.01742529
v 0.01079466 -0.013 -0.0184503
v 0.01052001 -0.013 -0.01947529
v 0.00976966 -0.013 -0.02022565
v 0.00874466 -0.013 -0.02050029
v 0.00771966 -0.013 -0.02022565
v 0.00696931 -0.013 -0.01947529
v 0.00669466 0.013 -0.0184503
v 0.00696931 0.013 -0.01742529
v 0.00771966 0.013 -0.01667494
v 0.00874466 0.013 -0.01640029
v 0.00976966 0.013 -0.01667494
v 0.01052001 0.013 -0.01742529
v 0.01079466 0.013 -0.0184503
v 0.01052001 0.013 -0.01947529
v 0.00976966 0.013 -0.02022565
v 0.00874466 0.013 -0.02050029
v 0.00771966 0.013 -0.02022565
v 0.00696931 0.013 -0.01947529
v 0.01939466 -0.02844652 -0.0246849
v 0.01939466 -0.02848574 -0.02545102
v 0.01939466 0.02705667 -0.02174274
v 0.01939466 -0.02438714 -0.03077255
v 0.01939466 -0.02349219 -0.03092326
v 0.01939466 0.02782909 -0.02808291
v 0.01939466 0.02822619 -0.02716423
v 0.01939466 0.02814796 -0.02351418
v 0.01939466 0.02782636 -0.02285223
v 0.01939466 0.02646807 -0.02118142
v 0.01939466 0.02601722 -0.0208791
v 0.01939466 -0.02704806 -0.02175067
v 0.01939466 -0.02836203 -0.02667464
v 0.01939466 -0.02832443 -0.02679131
v 0.01939466 -0.02480918 -0.03062114
v 0.01939466 0.02493612 -0.03059825
v 0.01939466 0.02585034 -0.03015409
v 0.01939466 0.0260207 -0.03002797
v 0.01939466 0.02349085 -0.03090482
v 0.01939466 0.02401051 -0.03085667
v 0.01939466 0.02481394 -0.03063236
v 0.01939466 0.02726888 -0.02891837
v 0.01939466 0.02704806 -0.02914992
v 0.01939466 0.0277038 -0.02259996
v 0.01939466 0.02709927 -0.02178336
v 0.01939466 -0.02782909 -0.02281768
v 0.01939466 -0.02822619 -0.02373636
v 0.01939466 -0.02831323 -0.02411108
v 0.01939466 -0.02806802 -0.02758698
v 0.01939466 -0.02782368 -0.02804614
v 0.01939466 -0.02531232 -0.03044065
v 0.01939466 -0.02602273 -0.03002804
v 0.01939466 0.02666693 -0.02954957
v 0.01939466 0.02831323 -0.02678951
v 0.01939466 0.02844653 -0.02621559
v 0.01939466 0.0285 -0.02545029
v 0.01939466 -0.023 -0.01995029
v 0.01939466 -0.02349085 -0.01999577
v 0.01939466 -0.02585034 -0.0207465
v 0.01939466 -0.0260207 -0.02087262
v 0.01939466 -0.02493612 -0.02030234
v 0.01939466 -0.02481394 -0.02026823
v 0.01939466 -0.02726888 -0.02198222
v 0.01939466 -0.0284962 -0.02565541
v 0.01939466 -0.02760348 -0.02845995
v 0.01939466 -0.02705022 -0.02915346
v 0.01939466 -0.0261886 -0.02993171
v 0.01939466 -0.02695724 -0.02927001
v 0.01939466 -0.0234324 -0.03093333
v 0.01939466 -0.023 -0.03095029
v 0.01939466 0.023 -0.03095029
v 0.01939466 0.02840637 -0.02443979
v 0.01939466 0.02831475 -0.0241116
v 0.01939466 0.02349216 -0.01998468
v 0.01939466 0.02481307 -0.02026696
v 0.01939466 0.0237653 -0.02000376
v 0.01939466 0.02471393 -0.02022411
v 0.01939466 -0.02666693 -0.02135102
v 0.01939466 -0.02401051 -0.02004392
v 0.01939466 0.023 -0.01995029
v 0.01939466 0.02563262 -0.0206212
v 0.00419466 -0.013 -0.02545029
v 0.00419466 -0.013 -0.0184503
v 0.00474466 -0.013 -0.0184503
v 0.01274466 -0.013 -0.0184503
v 0.01329466 -0.013 -0.02545029
v 0.01329466 -0.013 -0.0184503
v 0.00529131 -0.013 -0.01689763
v 0.01219802 -0.013 -0.01689763
v 0.01107686 -0.013 -0.0156924
v 0.0095677 -0.013 -0.01503511
v 0.00792162 -0.013 -0.01503511
v 0.00641247 -0.013 -0.0156924
v 0.00419466 0.013 -0.02545029
v 0.01329466 0.013 -0.02545029
v 0.01329466 0.013 -0.0184503
v 0.01274466 0.013 -0.0184503
v 0.00474466 0.013 -0.0184503
v 0.00419466 0.013 -0.0184503
v 0.01222852 0.013 -0.01694893
v 0.00529646 0.013 -0.01688913
v 0.00642873 0.013 -0.01568095
v 0.00795086 0.013 -0.01502913
v 0.00960661 0.013 -0.01504342
v 0.01111727 0.013 -0.01572139
v 0.01989466 -0.023 -0.03145029
v 0.01989466 0.023 -0.03145029
v 0.0197216 -0.023 -0.03141939
v 0.0197216 0.023 -0.03141939
v 0.01965064 -0.023 -0.03137397
v 0.01965064 0.023 -0.03137397
v 0.01954111 -0.023 -0.03130385
v 0.01954111 0.023 -0.03130385
v 0.01947099 -0.023 -0.03119431
v 0.01947099 0.023 -0.03119431
v 0.01942557 -0.023 -0.03112335
v 0.01942557 0.023 -0.03112335
v 0.01942557 -0.02350853 -0.03110052
v 0.0197216 -0.02353507 -0.01950523
v 0.0197216 -0.023 -0.0194812
v 0.01989466 -0.023 -0.0194503
v 0.01954111 -0.02352471 -0.01962031
v 0.01954111 -0.023 -0.01959674
v 0.01965064 -0.023 -0.01952663
v 0.01942557 -0.02350853 -0.01980007
v 0.01942557 -0.023 -0.01977724
v 0.01947099 -0.023 -0.01970628
v 0.01942557 -0.02487369 -0.02009559
v 0.01942557 -0.02612527 -0.02071571
v 0.01942557 -0.02718739 -0.02162285
v 0.01942557 -0.02799567 -0.02276201
v 0.01942557 -0.0285011 -0.02406414
v 0.01942557 -0.02867306 -0.02545029
v 0.01942557 -0.0285011 -0.02683645
v 0.01942557 -0.02799567 -0.02813858
v 0.01942557 -0.02718739 -0.02927774
v 0.01942557 -0.02612527 -0.03018488
v 0.01942557 -0.02487369 -0.030805
v 0.01954111 -0.02352471 -0.03128028
v 0.01989466 -0.02353784 -0.03142614
v 0.01989466 -0.02353784 -0.01947445
v 0.01989466 -0.02498167 -0.01978699
v 0.0197216 -0.02497147 -0.01981617
v 0.01989466 -0.02630538 -0.02044286
v 0.0197216 -0.02628836 -0.02046865
v 0.01989466 -0.02742871 -0.02140227
v 0.0197216 -0.0274059 -0.02142312
v 0.01989466 -0.02828357 -0.02260708
v 0.0197216 -0.02825636 -0.02262173
v 0.01989466 -0.02881814 -0.02398425
v 0.0197216 -0.02878817 -0.0239918
v 0.01989466 -0.029 -0.02545029
v 0.0197216 -0.0289691 -0.02545029
v 0.01989466 -0.02881814 -0.02691634
v 0.0197216 -0.02878817 -0.02690879
v 0.01989466 -0.02828357 -0.02829351
v 0.0197216 -0.02825636 -0.02827886
v 0.01989466 -0.02742871 -0.02949832
v 0.0197216 -0.0274059 -0.02947747
v 0.01989466 -0.02630538 -0.03045774
v 0.0197216 -0.02628836 -0.03043194
v 0.01989466 -0.02498167 -0.03111359
v 0.0197216 -0.02497147 -0.03108443
v 0.0197216 -0.02353507 -0.03139536
v 0.01954111 -0.02493331 -0.03097537
v 0.01954111 -0.0262247 -0.03033551
v 0.01954111 -0.02732062 -0.02939952
v 0.01954111 -0.02815461 -0.02822411
v 0.01954111 -0.02867613 -0.02688055
v 0.01954111 -0.02885355 -0.02545029
v 0.01954111 -0.02867613 -0.02402003
v 0.01954111 -0.02815461 -0.02267648
v 0.01954111 -0.02732062 -0.02150108
v 0.01954111 -0.0262247 -0.02056508
v 0.01954111 -0.02493331 -0.01992522
v 0.01989466 0.023 -0.0194503
v 0.0197216 0.023 -0.0194812
v 0.01965064 0.023 -0.01952663
v 0.01954111 0.023 -0.01959674
v 0.01947099 0.023 -0.01970628
v 0.01942557 0.023 -0.01977724
v 0.01942557 0.02350853 -0.01980007
v 0.01954111 0.02352471 -0.01962031
v 0.0197216 0.02353507 -0.01950523
v 0.01989466 0.02353784 -0.01947445
v 0.0197216 0.02497147 -0.01981617
v 0.01989466 0.02498167 -0.01978699
v 0.0197216 0.02628836 -0.02046865
v 0.01989466 0.02630538 -0.02044286
v 0.0197216 0.0274059 -0.02142312
v 0.01989466 0.02742871 -0.02140227
v 0.0197216 0.02825636 -0.02262173
v 0.01989466 0.02828357 -0.02260708
v 0.0197216 0.02878817 -0.0239918
v 0.01989466 0.02881814 -0.02398425
v 0.0197216 0.0289691 -0.02545029
v 0.01989466 0.029 -0.02545029
v 0.0197216 0.02878817 -0.02690879
v 0.01989466 0.02881814 -0.02691634
v 0.0197216 0.02825636 -0.02827886
v 0.01989466 0.02828357 -0.02829351
v 0.0197216 0.0274059 -0.02947747
v 0.01989466 0.02742871 -0.02949832
v 0.0197216 0.02628836 -0.03043194
v 0.01989466 0.02630538 -0.03045774
v 0.0197216 0.02497147 -0.03108443
v 0.01989466 0.02498167 -0.03111359
v 0.0197216 0.02353507 -0.03139536
v 0.01989466 0.02353784 -0.03142614
v 0.01954111 0.02352471 -0.03128028
v 0.01942557 0.02350853 -0.03110052
v 0.01942557 0.02487369 -0.030805
v 0.01942557 0.02612527 -0.03018488
v 0.01942557 0.02718739 -0.02927774
v 0.01942557 0.0285011 -0.02683645
v 0.01942557 0.02799567 -0.02813858
v 0.01942557 0.02867306 -0.02545029
v 0.01942557 0.0285011 -0.02406414
v 0.01942557 0.02799567 -0.02276201
v 0.01942557 0.02718739 -0.02162285
v 0.01942557 0.02612527 -0.02071571
v 0.01942557 0.02487369 -0.02009559
v 0.01954111 0.02493331 -0.01992522
v 0.01954111 0.0262247 -0.02056508
v 0.01954111 0.02732062 -0.02150108
v 0.01954111 0.02815461 -0.02267648
v 0.01954111 0.02867613 -0.02402003
v 0.01954111 0.02885355 -0.02545029
v 0.01954111 0.02867613 -0.02688055
v 0.01954111 0.02815461 -0.02822411
v 0.01954111 0.02732062 -0.02939952
v 0.01954111 0.0262247 -0.03033551
v 0.01954111 0.02493331 -0.03097537
v 0.01329466 0.01158175 -0.0184503
v 0.00529131 -0.0195 -0.01689763
v 0.00474466 -0.0195 -0.0184503
v 0.00874466 -0.0195 -0.0184503
v 0.01274466 -0.0195 -0.0184503
v 0.01219802 -0.0195 -0.01689763
v 0.00641247 -0.0195 -0.0156924
v 0.00792162 -0.0195 -0.01503511
v 0.0095677 -0.0195 -0.01503511
v 0.01107686 -0.0195 -0.0156924
v 0.00419466 0.01136548 -0.0184503
v 0.00529646 0.0195 -0.01688913
v 0.00642873 0.0195 -0.01568095
v 0.00795086 0.0195 -0.01502913
v 0.01222852 0.0195 -0.01694893
v 0.01274466 0.0195 -0.0184503
v 0.00874466 0.0195 -0.0184503
v 0.01111727 0.0195 -0.01572139
v 0.00474466 0.0195 -0.0184503
v 0.00960661 0.0195 -0.01504342
v -0.00570342 0.0015 -0.02455029
v -0.00460534 0.00259808 -0.02455029
v -0.00310534 0 -0.02455029
v -0.00310534 0.003 -0.02455029
v -0.00160534 0.00259808 -0.02455029
v -0.00460534 -0.00259808 -0.02455029
v -0.00570342 -0.0015 -0.02455029
v -0.00610534 0 -0.02455029
v -0.00050726 -0.0015 -0.02455029
v -0.00160534 -0.00259808 -0.02455029
v -0.00310534 -0.003 -0.02455029
v -0.00050726 0.0015 -0.02455029
v -0.00010534 0 -0.02455029
v 0.01989466 -0.02531554 -0.03205627
v 0.01989466 -0.02631097 -0.03161785
v 0.01989466 -0.02650346 -0.03149434
v 0.01989466 -0.02816552 -0.0301746
v 0.01989466 -0.02883278 -0.02932019
v 0.01989466 -0.0289329 -0.02916488
v 0.01989466 -0.02982779 -0.02699281
v 0.01989466 -0.02978401 -0.02717537
v 0.01989466 -0.02943754 -0.02819988
v 0.01989466 -0.02924029 -0.02857708
v 0.01989466 -0.02929682 -0.0223924
v 0.01989466 -0.02874619 -0.02145294
v 0.01989466 -0.0279301 -0.02048077
v 0.01989466 -0.02806195 -0.02061513
v 0.01989466 -0.02840745 -0.02103818
v 0.01989466 -0.02810095 -0.030235
v 0.01989466 -0.02737051 -0.03091817
v 0.01989466 -0.02722458 -0.03103164
v 0.01989466 -0.02995378 -0.02464768
v 0.01989466 -0.02995793 -0.0246883
v 0.01989466 -0.02997289 -0.0248347
v 0.01989466 -0.02937703 -0.02256323
v 0.01989466 -0.0294464 -0.02275467
v 0.01989466 -0.02974538 -0.02357971
v 0.01989466 0.02974538 -0.02732088
v 0.01989466 0.02995378 -0.02625291
v 0.01989466 0.02995793 -0.02621229
v 0.01989466 0.02997289 -0.02606589
v 0.01989466 0.0294464 -0.02814592
v 0.01989466 0.02937703 -0.02833736
v 0.01989466 0.0279301 -0.03041982
v 0.01989466 0.02806195 -0.03028546
v 0.01989466 -0.02998213 -0.02568939
v 0.01989466 -0.02998457 -0.02591583
v 0.01989466 -0.02987288 -0.02668308
v 0.01989466 0.02840745 -0.02986241
v 0.01989466 0.02874619 -0.02944765
v 0.01989466 0.02929682 -0.02850819
v 0.01989466 -0.02709869 -0.01977588
v 0.01989466 -0.02691859 -0.01966588
v 0.01989466 -0.0260055 -0.01912813
v 0.01989466 -0.02617378 -0.01921097
v 0.01989466 -0.02392681 -0.01851218
v 0.01989466 -0.02405054 -0.0185386
v 0.01989466 -0.02498914 -0.01873901
v 0.01989466 -0.02506872 -0.01876947
v 0.01989466 0.02392681 -0.03238841
v 0.01989466 0.02405054 -0.032362
v 0.01989466 0.02498914 -0.03216159
v 0.01989466 0.02531554 -0.01884432
v 0.01989466 0.02631097 -0.01928274
v 0.01989466 0.02650346 -0.01940625
v 0.01989466 0.02722458 -0.01986895
v 0.01989466 0.02924029 -0.02232351
v 0.01989466 0.02943754 -0.02270071
v 0.01989466 0.02978401 -0.02372522
v 0.01989466 0.02982779 -0.02390778
v 0.01989466 0.02709869 -0.03112471
v 0.01989466 0.02691859 -0.03123471
v 0.01989466 0.02506872 -0.03213112
v 0.01989466 0.0260055 -0.03177246
v 0.01989466 0.02617378 -0.03168962
v 0.01989466 -0.0251424 -0.03211433
v 0.01989466 -0.02458596 -0.0322465
v 0.01989466 -0.02408621 -0.03236521
v 0.01989466 -0.023 -0.0324503
v 0.01989466 -0.02249317 -0.0324503
v 0.01989466 0.0251424 -0.01878626
v 0.01989466 0.02458596 -0.01865409
v 0.01989466 0.02408621 -0.01853538
v 0.01989466 0.023 -0.0184503
v 0.01989466 0.02249317 -0.0184503
v 0.01989466 0.02737051 -0.01998242
v 0.01989466 0.02810095 -0.02066559
v 0.01989466 0.0289329 -0.02173571
v 0.01989466 0.02883278 -0.0215804
v 0.01989466 0.02816552 -0.02072599
v 0.01989466 0.02998213 -0.0252112
v 0.01989466 0.02998457 -0.02498476
v 0.01989466 0.02987288 -0.02421751
v 0.01989466 -0.02036051 -0.0324503
v 0.01989466 -0.01173861 -0.0324503
v 0.01989466 0.023 -0.0324503
v 0.01989466 0.02374066 -0.0324108
v 0.01989466 0.02036051 -0.0184503
v 0.01989466 0.01173861 -0.0184503
v 0.01989466 -0.023 -0.0184503
v 0.01989466 -0.02374066 -0.01848979
v -0.04010534 -0.02264126 -0.01878568
v -0.04010534 -0.02245757 -0.01874209
v -0.04010534 -0.0205 -0.0324503
v -0.04010534 -0.02472698 -0.01987074
v -0.04010534 -0.02428036 -0.01958407
v -0.04010534 -0.02367065 -0.03169107
v -0.04010534 -0.0238684 -0.0315704
v -0.04010534 -0.02691544 -0.022659
v -0.04010534 -0.02633435 -0.02158294
v -0.04010534 -0.025816 -0.02091864
v -0.04010534 0.02472698 -0.03102986
v -0.04010534 0.02428036 -0.03131652
v -0.04010534 0.01031266 -0.0184503
v -0.04010534 -0.02158648 -0.01853541
v -0.04010534 -0.02148522 -0.01852747
v -0.04010534 -0.02003098 -0.0324503
v -0.04010534 -0.0205 -0.0184503
v -0.04010534 -0.01812008 -0.0324503
v -0.04010534 -0.01807013 -0.0324503
v -0.04010534 -0.02199407 -0.03226743
v -0.04010534 -0.02142244 -0.03238899
v -0.04010534 -0.02123462 -0.03241143
v -0.04010534 0.01807013 -0.0184503
v -0.04010534 0.02549641 -0.02054819
v -0.04010534 0.02556014 -0.02061313
v -0.04010534 0.02624492 -0.02145131
v -0.04010534 -0.02549641 -0.0303524
v -0.04010534 -0.02556014 -0.03028746
v -0.04010534 -0.02679643 -0.02850926
v -0.04010534 -0.02687673 -0.02833833
v -0.04010534 -0.02724451 -0.02732359
v -0.04010534 -0.02736094 -0.02672865
v -0.04010534 -0.02745337 -0.02625633
v -0.04010534 -0.02747277 -0.0260678
v -0.04010534 -0.02747693 -0.02569833
v -0.04010534 -0.02748493 -0.02498874
v -0.04010534 -0.02743741 -0.02466137
v -0.04010534 -0.02732877 -0.02391276
v -0.04010534 -0.02728508 -0.02373002
v -0.04010534 -0.02643588 -0.02174057
v -0.04010534 -0.02381214 -0.01928355
v -0.04010534 -0.02281678 -0.01884454
v -0.04010534 0.02199407 -0.01863317
v -0.04010534 0.02248493 -0.01873756
v -0.04010534 0.02350046 -0.0191258
v -0.04010534 0.02367065 -0.01920952
v -0.04010534 0.0238684 -0.01933019
v -0.04010534 0.02459779 -0.01977527
v -0.04010534 0.02264126 -0.03211491
v -0.04010534 0.02245757 -0.0321585
v -0.04010534 0.02158648 -0.03236518
v -0.04010534 0.02148522 -0.03237312
v -0.04010534 0.0205 -0.0324503
v -0.04010534 0.00231915 -0.0324503
v -0.04010534 -0.01031266 -0.0324503
v -0.04010534 -0.02248493 -0.03216303
v -0.04010534 -0.02350046 -0.03177479
v -0.04010534 -0.02459779 -0.03112532
v -0.04010534 -0.02542856 -0.03042155
v -0.04010534 -0.02624492 -0.02944928
v -0.04010534 -0.02669466 -0.02868273
v -0.04010534 -0.02693966 -0.02270538
v -0.04010534 -0.0256664 -0.02072692
v -0.04010534 -0.02487249 -0.0199839
v -0.04010534 0.02003098 -0.0184503
v -0.04010534 0.0205 -0.0184503
v -0.04010534 0.02123462 -0.01848916
v -0.04010534 0.02669466 -0.02221786
v -0.04010534 0.02679643 -0.02239133
v -0.04010534 0.02687673 -0.02256226
v -0.04010534 0.02747693 -0.02520226
v -0.04010534 0.02747277 -0.02483279
v -0.04010534 0.02745337 -0.02464426
v -0.04010534 0.02748493 -0.02591185
v -0.04010534 0.02743741 -0.02623922
v -0.04010534 0.02732877 -0.02698784
v -0.04010534 0.02728508 -0.02717057
v -0.04010534 0.02693966 -0.02819521
v -0.04010534 0.02691544 -0.02824159
v -0.04010534 0.02643588 -0.02916002
v -0.04010534 0.02633435 -0.02931765
v -0.04010534 0.025816 -0.02998195
v -0.04010534 0.02381214 -0.03161704
v -0.04010534 0.02281678 -0.03205604
v -0.04010534 0.02542856 -0.02047904
v -0.04010534 0.02142244 -0.0185116
v -0.04010534 0.02724451 -0.023577
v -0.04010534 0.02736094 -0.02417194
v -0.04010534 0.0256664 -0.03017367
v -0.04010534 0.02487249 -0.0309167
v -0.00310534 0.003 -0.0324503
v -0.00160534 0.00259808 -0.0324503
v -0.00050726 0.0015 -0.0324503
v -0.00010534 0 -0.0324503
v -0.00050726 -0.0015 -0.0324503
v -0.00160534 -0.00259808 -0.0324503
v -0.00310534 -0.003 -0.0324503
v -0.00460534 -0.00259808 -0.0324503
v -0.00570342 -0.0015 -0.0324503
v -0.00610534 0 -0.0324503
v -0.00570342 0.0015 -0.0324503
v -0.00460534 0.00259808 -0.0324503
v -0.00610534 0 -0.0324503
v -0.00010534 0 -0.0324503
v -0.00218787 0.030625 -0.03255029
v -0.00173034 0.03108253 -0.03255029
v -0.00110534 0.03 -0.03255029
v -0.00110534 0.03125 -0.03255029
v -0.00048034 0.03108253 -0.03255029
v -0.00173034 0.02891747 -0.03255029
v -0.00218787 0.029375 -0.03255029
v -0.00235534 0.03 -0.03255029
v -2.281E-05 0.029375 -0.03255029
v -0.00048034 0.02891747 -0.03255029
v -0.00110534 0.02875 -0.03255029
v -2.281E-05 0.030625 -0.03255029
v 0.00014466 0.03 -0.03255029
v -0.01018787 -0.029375 -0.03255029
v -0.00973034 -0.02891747 -0.03255029
v -0.00910534 -0.03 -0.03255029
v -0.00910534 -0.02875 -0.03255029
v -0.00848034 -0.02891747 -0.03255029
v -0.00973034 -0.03108253 -0.03255029
v -0.01018787 -0.030625 -0.03255029
v -0.01035534 -0.03 -0.03255029
v -0.00802281 -0.030625 -0.03255029
v -0.00848034 -0.03108253 -0.03255029
v -0.00910534 -0.03125 -0.03255029
v -0.00802281 -0.029375 -0.03255029
v -0.00785534 -0.03 -0.03255029
v -0.01018787 0.030625 -0.03255029
v -0.00973034 0.03108253 -0.03255029
v -0.00910534 0.03 -0.03255029
v -0.00910534 0.03125 -0.03255029
v -0.00848034 0.03108253 -0.03255029
v -0.00973034 0.02891747 -0.03255029
v -0.01018787 0.029375 -0.03255029
v -0.01035534 0.03 -0.03255029
v -0.00802281 0.029375 -0.03255029
v -0.00848034 0.02891747 -0.03255029
v -0.00910534 0.02875 -0.03255029
v -0.00802281 0.030625 -0.03255029
v -0.00785534 0.03 -0.03255029
v -0.00218787 -0.029375 -0.03255029
v -0.00173034 -0.02891747 -0.03255029
v -0.00110534 -0.03 -0.03255029
v -0.00110534 -0.02875 -0.03255029
v -0.00048034 -0.02891747 -0.03255029
v -0.00173034 -0.03108253 -0.03255029
v -0.00218787 -0.030625 -0.03255029
v -0.00235534 -0.03 -0.03255029
v -2.281E-05 -0.030625 -0.03255029
v -0.00048034 -0.03108253 -0.03255029
v -0.00110534 -0.03125 -0.03255029
v -2.281E-05 -0.029375 -0.03255029
v 0.00014466 -0.03 -0.03255029
v 0.00189466 -0.026875 -0.03563283
v 0.00189466 -0.02641747 -0.03517529
v 0.00189466 -0.0275 -0.03455029
v 0.00189466 -0.02625 -0.03455029
v 0.00189466 -0.02641747 -0.03392529
v 0.00189466 -0.02858253 -0.03517529
v 0.00189466 -0.028125 -0.03563283
v 0.00189466 -0.0275 -0.0358003
v 0.00189466 -0.028125 -0.03346776
v 0.00189466 -0.02858253 -0.03392529
v 0.00189466 -0.02875 -0.03455029
v 0.00189466 -0.026875 -0.03346776
v 0.00189466 -0.0275 -0.0333003
v 0.00189466 0.028125 -0.03563283
v 0.00189466 0.02858253 -0.03517529
v 0.00189466 0.0275 -0.03455029
v 0.00189466 0.02875 -0.03455029
v 0.00189466 0.02858253 -0.03392529
v 0.00189466 0.02641747 -0.03517529
v 0.00189466 0.026875 -0.03563283
v 0.00189466 0.0275 -0.0358003
v 0.00189466 0.026875 -0.03346776
v 0.00189466 0.02641747 -0.03392529
v 0.00189466 0.02625 -0.03455029
v 0.00189466 0.028125 -0.03346776
v 0.00189466 0.0275 -0.0333003
v -0.00110534 0.03125 -0.0375503
v -0.00048034 0.03108253 -0.0375503
v -2.281E-05 0.030625 -0.0375503
v 0.00014466 0.03 -0.0375503
v -2.281E-05 0.029375 -0.0375503
v -0.00048034 0.02891747 -0.0375503
v -0.00110534 0.02875 -0.0375503
v -0.00173034 0.02891747 -0.0375503
v -0.00218787 0.029375 -0.0375503
v -0.00235534 0.03 -0.0375503
v -0.00218787 0.030625 -0.0375503
v -0.00173034 0.03108253 -0.0375503
v -0.00910534 -0.02875 -0.0375503
v -0.00848034 -0.02891747 -0.0375503
v -0.00802281 -0.029375 -0.0375503
v -0.00785534 -0.03 -0.0375503
v -0.00802281 -0.030625 -0.0375503
v -0.00848034 -0.03108253 -0.0375503
v -0.00910534 -0.03125 -0.0375503
v -0.00973034 -0.03108253 -0.0375503
v -0.01018787 -0.030625 -0.0375503
v -0.01035534 -0.03 -0.0375503
v -0.01018787 -0.029375 -0.0375503
v -0.00973034 -0.02891747 -0.0375503
v -0.00910534 0.03125 -0.0375503
v -0.00848034 0.03108253 -0.0375503
v -0.00802281 0.030625 -0.0375503
v -0.00785534 0.03 -0.0375503
v -0.00802281 0.029375 -0.0375503
v -0.00848034 0.02891747 -0.0375503
v -0.00910534 0.02875 -0.0375503
v -0.00973034 0.02891747 -0.0375503
v -0.01018787 0.029375 -0.0375503
v -0.01035534 0.03 -0.0375503
v -0.01018787 0.030625 -0.0375503
v -0.00973034 0.03108253 -0.0375503
v -0.00110534 -0.02875 -0.0375503
v -0.00048034 -0.02891747 -0.0375503
v -2.281E-05 -0.029375 -0.0375503
v 0.00014466 -0.03 -0.0375503
v -2.281E-05 -0.030625 -0.0375503
v -0.00048034 -0.03108253 -0.0375503
v -0.00110534 -0.03125 -0.0375503
v -0.00173034 -0.03108253 -0.0375503
v -0.00218787 -0.030625 -0.0375503
v -0.00235534 -0.03 -0.0375503
v -0.00218787 -0.029375 -0.0375503
v -0.00173034 -0.02891747 -0.0375503
v -0.00401061 -0.00542499 -0.0340503
v -0.00510534 -0.00504917 -0.0375503
v -0.00572305 -0.00483711 -0.0340503
v -0.00572305 -0.00483711 -0.0375503
v -0.00715182 -0.00372505 -0.0340503
v -0.00715182 -0.00372505 -0.0375503
v -0.00814209 -0.00220932 -0.0340503
v -0.00814209 -0.00220932 -0.0375503
v -0.00858655 -0.00045419 -0.0340503
v -0.00858655 -0.00045419 -0.0375503
v -0.00843704 0.00135017 -0.0340503
v -0.00843704 0.00135017 -0.0375503
v -0.00770975 0.00300821 -0.0340503
v -0.00770975 0.00300821 -0.0375503
v -0.00648351 0.00434027 -0.0340503
v -0.00648351 0.00434027 -0.0375503
v -0.00510534 0.0050861 -0.0375503
v -0.00489118 0.00520199 -0.0340503
v -0.00489118 0.00520199 -0.0375503
v -0.00310534 0.0055 -0.0340503
v -0.00310534 0.0055 -0.0375503
v -0.00131949 0.00520199 -0.0340503
v -0.00131949 0.00520199 -0.0375503
v 0.00027283 0.00434027 -0.0340503
v 0.00027283 0.00434027 -0.0375503
v 0.00149908 0.00300821 -0.0340503
v 0.00149908 0.00300821 -0.0375503
v 0.00222636 0.00135017 -0.0340503
v 0.00222636 0.00135017 -0.0375503
v 0.00237588 -0.00045419 -0.0340503
v 0.00237588 -0.00045419 -0.0375503
v 0.00193141 -0.00220932 -0.0340503
v 0.00193141 -0.00220932 -0.0375503
v 0.00094114 -0.00372505 -0.0340503
v 0.00094114 -0.00372505 -0.0375503
v -0.00048763 -0.00483711 -0.0340503
v -0.00048763 -0.00483711 -0.0375503
v -0.00220007 -0.00542499 -0.0340503
v -0.00220007 -0.00542499 -0.0375503
v -0.00401061 -0.00542499 -0.0375503
v -0.00545083 0.00187047 -0.0340503
v -0.00440699 0.00270291 -0.0340503
v -0.00310534 0.003 -0.0340503
v -0.00180369 0.00270291 -0.0340503
v -0.00545083 -0.00187047 -0.0340503
v -0.00603012 -0.00066756 -0.0340503
v -0.00603012 0.00066756 -0.0340503
v -0.00180369 -0.00270291 -0.0340503
v -0.00310534 -0.003 -0.0340503
v -0.00440699 -0.00270291 -0.0340503
v -0.00018055 -0.00066756 -0.0340503
v -0.00075984 -0.00187047 -0.0340503
v -0.00075984 0.00187047 -0.0340503
v -0.00018055 0.00066756 -0.0340503
v 0.00689466 -0.02625 -0.03455029
v 0.00689466 -0.02641747 -0.03392529
v 0.00689466 -0.026875 -0.03346776
v 0.00689466 -0.0275 -0.0333003
v 0.00689466 -0.028125 -0.03346776
v 0.00689466 -0.02858253 -0.03392529
v 0.00689466 -0.02875 -0.03455029
v 0.00689466 -0.02858253 -0.03517529
v 0.00689466 -0.028125 -0.03563283
v 0.00689466 -0.0275 -0.0358003
v 0.00689466 -0.026875 -0.03563283
v 0.00689466 -0.02641747 -0.03517529
v 0.00689466 0.02875 -0.03455029
v 0.00689466 0.02858253 -0.03392529
v 0.00689466 0.028125 -0.03346776
v 0.00689466 0.0275 -0.0333003
v 0.00689466 0.026875 -0.03346776
v 0.00689466 0.02641747 -0.03392529
v 0.00689466 0.02625 -0.03455029
v 0.00689466 0.02641747 -0.03517529
v 0.00689466 0.026875 -0.03563283
v 0.00689466 0.0275 -0.0358003
v 0.00689466 0.028125 -0.03563283
v 0.00689466 0.02858253 -0.03517529
v 0.00689466 -0.0325 -0.0375503
v 0.00689466 -0.0325 -0.02755029
v -0.00510534 -0.0325 -0.0375503
v -0.01310534 -0.0325 -0.02755029
v -0.01310534 -0.0325 -0.0375503
v -0.00510534 0.0325 -0.0375503
v 0.00689466 -0.017125 -0.0375503
v 0.00689466 0.0325 -0.0375503
v -0.00510534 -0.017125 -0.0375503
v -0.01310534 -0.017125 -0.0375503
v -0.01310534 0.0325 -0.0375503
v 0.00689466 0.0325 -0.02755029
v -0.01310534 0.0325 -0.02755029
v -0.00603012 0 -0.0324503
v -0.00603012 -0.00066756 -0.0324503
v -0.00545083 -0.00187047 -0.0324503
v -0.00440699 -0.00270291 -0.0324503
v -0.00180369 -0.00270291 -0.0324503
v -0.00075984 -0.00187047 -0.0324503
v -0.00018055 -0.00066756 -0.0324503
v -0.00018055 -0 -0.0324503
v -0.00018055 0.00066756 -0.0324503
v -0.00075984 0.00187047 -0.0324503
v -0.00180369 0.00270291 -0.0324503
v -0.00440699 0.00270291 -0.0324503
v -0.00545083 0.00187047 -0.0324503
v -0.00603012 0.00066756 -0.0324503
v -0.01310534 0.02830246 -0.02755029
v 0.00089946 0.02888602 -0.02755029
v 0.00689466 0.02913585 -0.02755029
v 0.00689466 0.02734227 -0.03045458
v 0.00689466 0.02671014 -0.03101053
v 0.00689466 -0.02733574 -0.03044823
v 0.00689466 -0.02764186 -0.03015441
v 0.00689466 0.02892844 -0.02807883
v 0.00689466 0.02878186 -0.02845235
v 0.00689466 0.02850873 -0.02893763
v 0.00689466 0.02830841 -0.02929354
v 0.00689466 0.0280659 -0.02963953
v 0.00689466 0.02798173 -0.02973732
v 0.00689466 0.02743333 -0.0303745
v 0.00689466 -0.02851742 -0.02894283
v 0.00689466 -0.0289071 -0.02817321
v 0.00689466 -0.02894005 -0.02808348
v 0.00689466 -0.02913585 -0.02755029
v 0.00689466 -0.02579467 -0.0316037
v 0.00689466 -0.02616264 -0.03138935
v 0.00689466 -0.02660198 -0.03107112
v 0.00689466 -0.02694767 -0.03082071
v 0.00689466 -0.02397388 -0.03228315
v 0.00689466 -0.02398818 -0.03228069
v 0.00689466 -0.02491025 -0.03200622
v 0.00689466 -0.02491758 -0.03200403
v 0.00689466 -0.02579217 -0.03160515
v 0.00689466 -0.0279195 -0.02982878
v 0.00689466 -0.02798208 -0.02973854
v 0.00689466 -0.02847285 -0.02903086
v 0.00689466 -0.02329926 -0.03239933
v 0.00689466 -0.02300225 -0.03241497
v 0.00689466 0.02490512 -0.03199369
v 0.00689466 0.024635 -0.0321031
v 0.00689466 0.02300236 -0.03241521
v 0.00689466 0.02223919 -0.0324503
v 0.00689466 0.02661011 -0.03108232
v 0.00689466 0.02636568 -0.03125773
v 0.00689466 0.02578752 -0.03159131
v 0.00689466 0.02552591 -0.03174225
v 0.00689466 0.02422426 -0.03222354
v 0.00689466 0.02397159 -0.03227099
v 0.00689466 0.02326885 -0.03240295
v 0.00689466 -0.0200331 -0.0324503
v 0.00689466 -0.02125336 -0.0324503
v 0.00689466 -0.02201534 -0.0324503
v 0.00689466 -0.02233148 -0.0324503
v 0.00689466 0.02201534 -0.0324503
v 0.00689466 0.0200331 -0.0324503
v 0.00689466 0.01605334 -0.0324503
v 0.00689466 0.01493458 -0.0324503
v 0.00689466 -0 -0.0324503
v 0.00689466 -0.01605334 -0.0324503
v -0.00710131 -0.02855263 -0.02755029
v -0.01310534 -0.02830246 -0.02755029
v -0.01310534 0.02814434 -0.02799959
v -0.01310534 0.02491093 -0.03161654
v -0.01310534 0.02512498 -0.03151189
v -0.01310534 -0.02747517 -0.02929317
v -0.01310534 -0.02723264 -0.02963918
v -0.01310534 -0.02711642 -0.02977423
v -0.01310534 -0.02491 -0.03161666
v -0.01310534 -0.02469335 -0.0317417
v -0.01310534 -0.02403154 -0.03200998
v -0.01310534 -0.02380276 -0.03210272
v -0.01310534 0.02625302 -0.03070164
v -0.01310534 0.02646521 -0.03048676
v -0.01310534 -0.02660015 -0.03037421
v -0.01310534 -0.02646902 -0.03048955
v -0.01310534 -0.02587757 -0.03100977
v -0.01310534 -0.02573285 -0.03111363
v -0.01310534 -0.02553283 -0.03125719
v -0.01310534 0.02572777 -0.03110592
v -0.01310534 0.025926 -0.03097242
v -0.01310534 0.02693397 -0.03001206
v -0.01310534 0.02711268 -0.02977232
v -0.01310534 0.02751147 -0.02923736
v -0.01310534 0.02766607 -0.02898034
v -0.01310534 0.02773215 -0.02887047
v -0.01310534 0.02809117 -0.02811193
v -0.01310534 -0.02808311 -0.02810932
v -0.01310534 -0.02794861 -0.02845212
v -0.01310534 -0.02765479 -0.02897408
v -0.01310534 -0.02243666 -0.03240279
v -0.01310534 -0.02310808 -0.0322766
v -0.01310534 -0.02339209 -0.03222322
v -0.01310534 0.02119318 -0.03245009
v -0.01310534 0.02168722 -0.03245002
v -0.01310534 0.02195728 -0.03244233
v -0.01310534 0.02215583 -0.03241896
v -0.01310534 0.02292098 -0.03232887
v -0.01310534 0.023108 -0.03228015
v -0.01310534 0.02385266 -0.0320862
v -0.01310534 0.02403519 -0.03201871
v -0.01310534 0.02425337 -0.03193803
v -0.01310534 -0.02215646 -0.03241573
v -0.01310534 -0.02140777 -0.0324503
v -0.01310534 -0.02119318 -0.0324503
v -0.01310534 0.01540999 -0.0324503
v -0.01310534 0.01735933 -0.0324503
v -0.01310534 0.01926477 -0.0324503
v -0.01310534 0.01993634 -0.0324503
v -0.01310534 -0.01926477 -0.0324503
v -0.01310534 -0.01540999 -0.0324503
v -0.01310534 -0.01412854 -0.0324503
v -0.01310534 -0.00702446 -0.0324503
v -0.01310534 -0.00065433 -0.0324503
v -0.01310534 0 -0.0324503
v -0.01310534 0.00497693 -0.0324503
v -0.01310534 0.00986285 -0.0324503
v -0.01310534 0.01399462 -0.0324503
v 0.00689493 0.012 -0.01768971
v 0.01060297 0.012 -0.01771091
v 0.01052086 0.012 -0.01753099
v 0.00697909 0.012 -0.01751074
v 0.01024924 0.012 -0.01713263
v 0.00989018 0.012 -0.01681085
v 0.00761796 0.012 -0.01679786
v 0.00899708 0.012 -0.01646629
v 0.00804615 0.012 -0.01657624
v 0.00851494 0.012 -0.01646353
v 0.00946455 0.012 -0.01658435
v 0.00725525 0.012 -0.01711551
v 0.00780927 0.00934202 -0.01769494
v 0.00798292 0.00964279 -0.01769593
v 0.00774897 0.009 -0.01769459
v 0.00689493 0.007 -0.01768971
v 0.00780927 0.00865798 -0.01769494
v 0.00824896 0.00986603 -0.01769745
v 0.0085753 0.00998481 -0.01769931
v 0.00892259 0.00998481 -0.0177013
v 0.00924894 0.00986603 -0.01770317
v 0.00951498 0.00964279 -0.01770469
v 0.00968863 0.00934202 -0.01770568
v 0.00974893 0.009 -0.01770602
v 0.01060297 0.007 -0.01771091
v 0.01019773 0.00651889 -0.01770859
v 0.01025203 0.00653346 -0.0177089
v 0.00924894 0.00813397 -0.01770317
v 0.01035778 0.00658247 -0.0177095
v 0.01037067 0.00659175 -0.01770958
v 0.01043244 0.00663622 -0.01770993
v 0.0104454 0.00665011 -0.01771001
v 0.01050397 0.00671289 -0.01771034
v 0.00824896 0.00813397 -0.01769745
v 0.00739773 0.00650207 -0.01769258
v 0.0085753 0.00801519 -0.01769931
v 0.00744993 0.0065 -0.01769288
v 0.00892259 0.00801519 -0.0177013
v 0.01004797 0.0065 -0.01770773
v 0.01017133 0.00651181 -0.01770844
v 0.01050828 0.00671751 -0.01771037
v 0.01054851 0.00678127 -0.0177106
v 0.01058245 0.00686852 -0.01771079
v 0.00968863 0.00865798 -0.01770568
v 0.00951498 0.00835721 -0.01770469
v 0.01059923 0.00694121 -0.01771089
v 0.01058779 0.00688226 -0.01771082
v 0.00712703 0.00659173 -0.01769103
v 0.0072227 0.006542 -0.01769158
v 0.00798292 0.00835721 -0.01769593
v 0.00727517 0.0065242 -0.01769188
v 0.00730037 0.00651965 -0.01769203
v 0.00705223 0.00665175 -0.01769061
v 0.00699851 0.00670592 -0.0176903
v 0.00699369 0.00671267 -0.01769027
v 0.00707804 0.00662573 -0.01769076
v 0.00711792 0.00659647 -0.01769098
v 0.00690747 0.00689284 -0.01768978
v 0.00691473 0.00686823 -0.01768982
v 0.00692184 0.00684412 -0.01768986
v 0.00697005 0.00674581 -0.01769014
v 0.00774039 0.009 -0.01919457
v 0.0078007 0.00865798 -0.01919491
v 0.00797434 0.00835721 -0.0191959
v 0.00824038 0.00813397 -0.01919742
v 0.00856673 0.00801519 -0.01919929
v 0.00891402 0.00801519 -0.01920127
v 0.00924037 0.00813397 -0.01920314
v 0.00950641 0.00835721 -0.01920466
v 0.00968005 0.00865798 -0.01920566
v 0.00974036 0.009 -0.019206
v 0.00968005 0.00934202 -0.01920566
v 0.00950641 0.00964279 -0.01920466
v 0.00924037 0.00986603 -0.01920314
v 0.00891402 0.00998481 -0.01920127
v 0.00856673 0.00998481 -0.01919929
v 0.00824038 0.00986603 -0.01919742
v 0.00797434 0.00964279 -0.0191959
v 0.0078007 0.00934202 -0.01919491
v 0.00729368 0.0065 -0.01806985
v 0.00725534 0.0065 -0.01827064
v 0.01003939 0.0065 -0.01920771
v 0.00725245 0.0065 -0.01831711
v 0.00724469 0.0065 -0.01844172
v 0.00724917 0.0065 -0.0185665
v 0.01011304 0.0065 -0.01906475
v 0.01019596 0.0065 -0.01882942
v 0.00737837 0.0065 -0.01783688
v 0.01023873 0.0065 -0.0185836
v 0.01024015 0.0065 -0.01833409
v 0.0073592 0.0065 -0.01787547
v 0.01011997 0.0065 -0.01785153
v 0.0102002 0.0065 -0.01808779
v 0.00728912 0.0065 -0.0188128
v 0.00736935 0.0065 -0.01904906
v 0.00744136 0.0065 -0.01919286
v 0.00689757 0.0067125 -0.01796778
v 0.00689889 0.00689284 -0.01918975
v 0.00690615 0.00686823 -0.0191898
v 0.00682114 0.00686806 -0.01892935
v 0.00688635 0.007 -0.01918968
v 0.00675162 0.007 -0.0184389
v 0.00675067 0.007 -0.01860524
v 0.00676834 0.00686806 -0.01860387
v 0.00680134 0.007 -0.01891761
v 0.00680394 0.007 -0.01893363
v 0.00675257 0.007 -0.01827256
v 0.00677023 0.00686806 -0.01827414
v 0.00680682 0.007 -0.01796079
v 0.00682674 0.00686806 -0.01794928
v 0.0068096 0.007 -0.0179448
v 0.00711401 0.00659093 -0.01771807
v 0.00725593 0.00651772 -0.0177818
v 0.00711918 0.00651772 -0.01830527
v 0.00716571 0.00651772 -0.01803783
v 0.00711763 0.00651772 -0.01857672
v 0.0071611 0.00651772 -0.01884468
v 0.00724838 0.00651772 -0.01910173
v 0.00711846 0.00659173 -0.01919101
v 0.00721413 0.006542 -0.01919156
v 0.00726659 0.0065242 -0.01919186
v 0.0072918 0.00651965 -0.019192
v 0.00738916 0.00650207 -0.01919256
v 0.00701014 0.00659093 -0.01888228
v 0.00704365 0.00665175 -0.01919058
v 0.00710575 0.00659093 -0.01916382
v 0.00706946 0.00662573 -0.01919073
v 0.00710934 0.00659647 -0.01919096
v 0.00691326 0.00684412 -0.01918984
v 0.00696148 0.00674581 -0.01919011
v 0.00689217 0.0067125 -0.01891166
v 0.00698512 0.00671267 -0.01919025
v 0.00698994 0.00670592 -0.01919028
v 0.00684132 0.0067125 -0.0185982
v 0.00684314 0.0067125 -0.01828064
v 0.00696253 0.00659093 -0.01858878
v 0.00696423 0.00659093 -0.01829145
v 0.0070152 0.00659093 -0.01799851
v 0.01074463 0.0181 -0.01846173
v 0.01068378 0.0181 -0.01894002
v 0.00874466 0.0181 -0.0184503
v 0.01068925 0.0181 -0.01798277
v 0.00989018 0.0181 -0.01681085
v 0.01024924 0.0181 -0.01713263
v 0.01052086 0.0181 -0.01753099
v 0.00851494 0.0181 -0.01646353
v 0.00899708 0.0181 -0.01646629
v 0.00946455 0.0181 -0.01658435
v 0.00725525 0.0181 -0.01711551
v 0.00761796 0.0181 -0.01679786
v 0.00804615 0.0181 -0.01657624
v 0.00674469 0.0181 -0.01843886
v 0.00680555 0.0181 -0.01796057
v 0.00697909 0.0181 -0.01751074
v 0.00724008 0.0181 -0.01976796
v 0.00696847 0.0181 -0.0193696
v 0.00680007 0.0181 -0.01891782
v 0.00849224 0.0181 -0.0204343
v 0.00802477 0.0181 -0.02031624
v 0.00759914 0.0181 -0.02008974
v 0.00987136 0.0181 -0.02010273
v 0.00944317 0.0181 -0.02032435
v 0.00897438 0.0181 -0.02043706
v 0.01051023 0.0181 -0.01938985
v 0.01023408 0.0181 -0.01978508
v 0.01016275 0.00651181 -0.01920841
v 0.01018915 0.00651889 -0.01920857
v 0.0102334 0.00651772 -0.01911879
v 0.0103492 0.00658247 -0.01920948
v 0.0103621 0.00659175 -0.01920955
v 0.01037531 0.00659093 -0.01918252
v 0.01068538 0.007 -0.01796696
v 0.01066818 0.00686806 -0.01797124
v 0.01068798 0.007 -0.01798298
v 0.01072098 0.00686806 -0.01829672
v 0.01073865 0.007 -0.01829535
v 0.0107377 0.007 -0.01846169
v 0.0107191 0.00686806 -0.01862645
v 0.01073675 0.007 -0.01862803
v 0.01053993 0.00678127 -0.01921057
v 0.01057387 0.00686852 -0.01921077
v 0.01066258 0.00686806 -0.01895131
v 0.01057922 0.00688226 -0.01921079
v 0.01059065 0.00694121 -0.01921086
v 0.01068251 0.007 -0.0189398
v 0.01067973 0.007 -0.01895579
v 0.01059439 0.007 -0.01921088
v 0.01043682 0.00665011 -0.01920998
v 0.0104954 0.00671289 -0.01921032
v 0.01059175 0.0067125 -0.01893281
v 0.01049971 0.00671751 -0.01921034
v 0.01024345 0.00653346 -0.01920888
v 0.01032361 0.00651772 -0.01886276
v 0.01037014 0.00651772 -0.01859532
v 0.01037169 0.00651772 -0.01832386
v 0.01032823 0.00651772 -0.01805591
v 0.01024094 0.00651772 -0.01779886
v 0.01047918 0.00659093 -0.01801831
v 0.01038358 0.00659093 -0.01773677
v 0.01059715 0.0067125 -0.01798893
v 0.010648 0.0067125 -0.01830239
v 0.01064618 0.0067125 -0.01861995
v 0.01052679 0.00659093 -0.01831181
v 0.01052509 0.00659093 -0.01860915
v 0.01047413 0.00659093 -0.01890208
v 0.01042387 0.00663622 -0.01920991
v 0.00724008 0.012 -0.01976796
v 0.01051023 0.012 -0.01938985
v 0.00696847 0.012 -0.0193696
v 0.01059439 0.012 -0.01921088
v 0.00688635 0.012 -0.01918968
v 0.00987136 0.012 -0.02010273
v 0.00802477 0.012 -0.02031624
v 0.00944317 0.012 -0.02032435
v 0.00849224 0.012 -0.0204343
v 0.00897438 0.012 -0.02043706
v 0.00759914 0.012 -0.02008974
v 0.01023408 0.012 -0.01978508
v 0.01060297 -0.012 -0.01771091
v 0.00689493 -0.012 -0.01768971
v 0.00697909 -0.012 -0.01751074
v 0.01052086 -0.012 -0.01753099
v 0.00725525 -0.012 -0.01711551
v 0.00761796 -0.012 -0.01679786
v 0.00989018 -0.012 -0.01681085
v 0.00851494 -0.012 -0.01646353
v 0.00946455 -0.012 -0.01658435
v 0.00899708 -0.012 -0.01646629
v 0.00804615 -0.012 -0.01657624
v 0.01024924 -0.012 -0.01713263
v 0.00968863 -0.00934202 -0.01770568
v 0.00951498 -0.00964279 -0.01770469
v 0.00974893 -0.009 -0.01770602
v 0.01060297 -0.007 -0.01771091
v 0.00968863 -0.00865798 -0.01770568
v 0.00924894 -0.00986603 -0.01770317
v 0.00892259 -0.00998481 -0.0177013
v 0.0085753 -0.00998481 -0.01769931
v 0.00824896 -0.00986603 -0.01769745
v 0.00798292 -0.00964279 -0.01769593
v 0.00780927 -0.00934202 -0.01769494
v 0.00774897 -0.009 -0.01769459
v 0.00689493 -0.007 -0.01768971
v 0.00730017 -0.00651889 -0.01769202
v 0.00724587 -0.00653346 -0.01769171
v 0.00824896 -0.00813397 -0.01769745
v 0.00714012 -0.00658247 -0.01769111
v 0.00712723 -0.00659175 -0.01769103
v 0.00706546 -0.00663622 -0.01769068
v 0.0070525 -0.00665011 -0.01769061
v 0.00699392 -0.00671289 -0.01769027
v 0.00924894 -0.00813397 -0.01770317
v 0.01010017 -0.00650207 -0.01770803
v 0.00892259 -0.00801519 -0.0177013
v 0.01004797 -0.0065 -0.01770773
v 0.0085753 -0.00801519 -0.01769931
v 0.00744993 -0.0065 -0.01769288
v 0.00732657 -0.00651181 -0.01769217
v 0.00698962 -0.00671751 -0.01769025
v 0.00694939 -0.00678127 -0.01769002
v 0.00691545 -0.00686852 -0.01768982
v 0.00780927 -0.00865798 -0.01769494
v 0.00798292 -0.00835721 -0.01769593
v 0.00689867 -0.00694121 -0.01768973
v 0.00691011 -0.00688226 -0.01768979
v 0.01037087 -0.00659173 -0.01770958
v 0.0102752 -0.006542 -0.01770903
v 0.00951498 -0.00835721 -0.01770469
v 0.01022273 -0.0065242 -0.01770873
v 0.01019753 -0.00651965 -0.01770859
v 0.01044567 -0.00665175 -0.01771001
v 0.01049939 -0.00670592 -0.01771032
v 0.0105042 -0.00671267 -0.01771034
v 0.01041986 -0.00662573 -0.01770986
v 0.01037998 -0.00659647 -0.01770963
v 0.01059043 -0.00689284 -0.01771083
v 0.01058317 -0.00686823 -0.01771079
v 0.01057606 -0.00684412 -0.01771075
v 0.01052785 -0.00674581 -0.01771048
v 0.00974036 -0.009 -0.019206
v 0.00968005 -0.00865798 -0.01920566
v 0.00950641 -0.00835721 -0.01920466
v 0.00924037 -0.00813397 -0.01920314
v 0.00891402 -0.00801519 -0.01920127
v 0.00856673 -0.00801519 -0.01919929
v 0.00824038 -0.00813397 -0.01919742
v 0.00797434 -0.00835721 -0.0191959
v 0.0078007 -0.00865798 -0.01919491
v 0.00774039 -0.009 -0.01919457
v 0.0078007 -0.00934202 -0.01919491
v 0.00797434 -0.00964279 -0.0191959
v 0.00824038 -0.00986603 -0.01919742
v 0.00856673 -0.00998481 -0.01919929
v 0.00891402 -0.00998481 -0.01920127
v 0.00924037 -0.00986603 -0.01920314
v 0.00950641 -0.00964279 -0.01920466
v 0.00968005 -0.00934202 -0.01920566
v 0.0101999 -0.0065 -0.01808647
v 0.01023594 -0.0065 -0.01828768
v 0.00744136 -0.0065 -0.01919286
v 0.0102383 -0.0065 -0.01833418
v 0.01024464 -0.0065 -0.01845887
v 0.01023873 -0.0065 -0.0185836
v 0.00736935 -0.0065 -0.01904906
v 0.00728912 -0.0065 -0.0188128
v 0.01011787 -0.0065 -0.01785254
v 0.00724917 -0.0065 -0.0185665
v 0.0072506 -0.0065 -0.018317
v 0.01013661 -0.0065 -0.01789135
v 0.00737629 -0.0065 -0.01783584
v 0.00729336 -0.0065 -0.01807117
v 0.01019596 -0.0065 -0.01882942
v 0.01011304 -0.0065 -0.01906475
v 0.01003939 -0.0065 -0.01920771
v 0.01059715 -0.0067125 -0.01798893
v 0.01058186 -0.00689284 -0.01921081
v 0.0105746 -0.00686823 -0.01921077
v 0.01066258 -0.00686806 -0.01895131
v 0.01059439 -0.007 -0.01921088
v 0.0107377 -0.007 -0.01846169
v 0.01073675 -0.007 -0.01862803
v 0.0107191 -0.00686806 -0.01862645
v 0.01068251 -0.007 -0.0189398
v 0.01067973 -0.007 -0.01895579
v 0.01073865 -0.007 -0.01829535
v 0.01072098 -0.00686806 -0.01829672
v 0.01068798 -0.007 -0.01798298
v 0.01066818 -0.00686806 -0.01797124
v 0.01068538 -0.007 -0.01796696
v 0.01038358 -0.00659093 -0.01773677
v 0.01024094 -0.00651772 -0.01779886
v 0.01037169 -0.00651772 -0.01832386
v 0.01032823 -0.00651772 -0.01805591
v 0.01037014 -0.00651772 -0.01859532
v 0.01032361 -0.00651772 -0.01886276
v 0.0102334 -0.00651772 -0.01911879
v 0.01036229 -0.00659173 -0.01920956
v 0.01026662 -0.006542 -0.01920901
v 0.01021416 -0.0065242 -0.01920871
v 0.01018895 -0.00651965 -0.01920857
v 0.01009159 -0.00650207 -0.01920801
v 0.01047413 -0.00659093 -0.01890208
v 0.01043709 -0.00665175 -0.01920998
v 0.01037531 -0.00659093 -0.01918252
v 0.01041129 -0.00662573 -0.01920984
v 0.01037141 -0.00659647 -0.01920961
v 0.01056748 -0.00684412 -0.01921073
v 0.01051927 -0.00674581 -0.01921045
v 0.01059175 -0.0067125 -0.01893281
v 0.01049563 -0.00671267 -0.01921032
v 0.01049081 -0.00670592 -0.01921029
v 0.01064618 -0.0067125 -0.01861995
v 0.010648 -0.0067125 -0.01830239
v 0.01052509 -0.00659093 -0.01860915
v 0.01052679 -0.00659093 -0.01831181
v 0.01047918 -0.00659093 -0.01801831
v 0.00674469 -0.0181 -0.01843886
v 0.00680007 -0.0181 -0.01891782
v 0.00874466 -0.0181 -0.0184503
v 0.00680555 -0.0181 -0.01796057
v 0.00761796 -0.0181 -0.01679786
v 0.00725525 -0.0181 -0.01711551
v 0.00697909 -0.0181 -0.01751074
v 0.00899708 -0.0181 -0.01646629
v 0.00851494 -0.0181 -0.01646353
v 0.00804615 -0.0181 -0.01657624
v 0.01024924 -0.0181 -0.01713263
v 0.00989018 -0.0181 -0.01681085
v 0.00946455 -0.0181 -0.01658435
v 0.01074463 -0.0181 -0.01846173
v 0.01068925 -0.0181 -0.01798277
v 0.01052086 -0.0181 -0.01753099
v 0.01023408 -0.0181 -0.01978508
v 0.01051023 -0.0181 -0.01938985
v 0.01068378 -0.0181 -0.01894002
v 0.00897438 -0.0181 -0.02043706
v 0.00944317 -0.0181 -0.02032435
v 0.00987136 -0.0181 -0.02010273
v 0.00759914 -0.0181 -0.02008974
v 0.00802477 -0.0181 -0.02031624
v 0.00849224 -0.0181 -0.0204343
v 0.00696847 -0.0181 -0.0193696
v 0.00724008 -0.0181 -0.01976796
v 0.007318 -0.00651181 -0.01919215
v 0.00729159 -0.00651889 -0.019192
v 0.00724838 -0.00651772 -0.01910173
v 0.00713154 -0.00658247 -0.01919108
v 0.00711865 -0.00659175 -0.01919101
v 0.00710575 -0.00659093 -0.01916382
v 0.0068096 -0.007 -0.0179448
v 0.00682674 -0.00686806 -0.01794928
v 0.00680682 -0.007 -0.01796079
v 0.00677023 -0.00686806 -0.01827414
v 0.00675257 -0.007 -0.01827256
v 0.00675162 -0.007 -0.0184389
v 0.00676834 -0.00686806 -0.01860387
v 0.00675067 -0.007 -0.01860524
v 0.00694082 -0.00678127 -0.01918999
v 0.00690687 -0.00686852 -0.0191898
v 0.00682114 -0.00686806 -0.01892935
v 0.00690153 -0.00688226 -0.01918977
v 0.0068901 -0.00694121 -0.0191897
v 0.00680134 -0.007 -0.01891761
v 0.00680394 -0.007 -0.01893363
v 0.00688635 -0.007 -0.01918968
v 0.00704393 -0.00665011 -0.01919058
v 0.00698535 -0.00671289 -0.01919025
v 0.00689217 -0.0067125 -0.01891166
v 0.00698104 -0.00671751 -0.01919022
v 0.00723729 -0.00653346 -0.01919169
v 0.0071611 -0.00651772 -0.01884468
v 0.00711763 -0.00651772 -0.01857672
v 0.00711918 -0.00651772 -0.01830527
v 0.00716571 -0.00651772 -0.01803783
v 0.00725593 -0.00651772 -0.0177818
v 0.0070152 -0.00659093 -0.01799851
v 0.00711401 -0.00659093 -0.01771807
v 0.00689757 -0.0067125 -0.01796778
v 0.00684314 -0.0067125 -0.01828064
v 0.00684132 -0.0067125 -0.0185982
v 0.00696423 -0.00659093 -0.01829145
v 0.00696253 -0.00659093 -0.01858878
v 0.00701014 -0.00659093 -0.01888228
v 0.00705688 -0.00663622 -0.01919066
v 0.01023408 -0.012 -0.01978508
v 0.00696847 -0.012 -0.0193696
v 0.01051023 -0.012 -0.01938985
v 0.00688635 -0.012 -0.01918968
v 0.01059439 -0.012 -0.01921088
v 0.00759914 -0.012 -0.02008974
v 0.00944317 -0.012 -0.02032435
v 0.00802477 -0.012 -0.02031624
v 0.00897438 -0.012 -0.02043706
v 0.00849224 -0.012 -0.0204343
v 0.00987136 -0.012 -0.02010273
v 0.00724008 -0.012 -0.01976796
v 0.01653975 -0.0375 0.00690555
v 0.01653516 -0.04075306 0.00610376
v 0.01649973 -0.0375 -9.433E-05
v 0.01650455 -0.03055104 0.00074941
v 0.01652246 -0.03173911 0.00388206
v 0.01653516 -0.03424694 0.00610376
v 0.01646087 -0.03582479 -0.00689081
v 0.01646977 -0.03285814 -0.00533382
v 0.01648554 -0.03095489 -0.00257652
v 0.01648554 -0.04404511 -0.00257652
v 0.01646977 -0.04214186 -0.00533382
v 0.01646087 -0.03917521 -0.00689081
v 0.01652246 -0.04326089 0.00388206
v 0.01650455 -0.04444896 0.00074941
v 0.01653403 -0.02276795 0.00590557
v 0.01653822 -0.0235 0.00663761
v 0.01652832 -0.0245 0.00490559
v 0.01653975 -0.0245 0.00690555
v 0.01653822 -0.0255 0.00663761
v 0.01651841 -0.0235 0.00317356
v 0.0165226 -0.02276795 0.0039056
v 0.01652832 -0.0225 0.00490559
v 0.0165226 -0.02623205 0.0039056
v 0.01651841 -0.0255 0.00317356
v 0.01651688 -0.0245 0.00290562
v 0.01653403 -0.02623205 0.00590557
v 0.01652832 -0.0265 0.00490559
v 0.01600378 -0.06120711 0.00061562
v 0.01750376 -0.06120711 0.00060705
v 0.01600442 -0.0611424 0.00072769
v 0.0175044 -0.0611424 0.00071912
v 0.01600516 -0.0611424 0.0008571
v 0.01750514 -0.0611424 0.00084852
v 0.0160058 -0.06120711 0.00096917
v 0.01750578 -0.06120711 0.00096059
v 0.01600617 -0.06131918 0.00103387
v 0.01750615 -0.06131918 0.0010253
v 0.01600617 -0.06144859 0.00103387
v 0.01750615 -0.06144859 0.0010253
v 0.0160058 -0.06156066 0.00096917
v 0.01750578 -0.06156066 0.00096059
v 0.01599516 -0.06114791 -0.00089277
v 0.01599569 -0.06120711 -0.00079857
v 0.01599452 -0.06113546 -0.00100333
v 0.01599367 -0.06156066 -0.00115212
v 0.01599752 -0.06194889 -0.00047969
v 0.01599826 -0.06146593 -0.00035029
v 0.01600196 -0.06194889 0.00029675
v 0.01600122 -0.06146593 0.00016734
v 0.01599347 -0.06125088 -0.00118702
v 0.01599392 -0.0611722 -0.00110835
v 0.01599326 -0.06135589 -0.00122377
v 0.01599333 -0.06146645 -0.00121131
v 0.01749365 -0.06156066 -0.00116069
v 0.01749331 -0.06146645 -0.00121988
v 0.01749324 -0.06135589 -0.00123234
v 0.01749345 -0.06125088 -0.00119559
v 0.0174939 -0.0611722 -0.00111692
v 0.0174945 -0.06113546 -0.00101191
v 0.01749513 -0.06114791 -0.00090135
v 0.01749567 -0.06120711 -0.00080714
v 0.01599367 0.06156066 -0.00115212
v 0.01599752 0.06194889 -0.00047969
v 0.01599826 0.06146593 -0.00035029
v 0.01600122 0.06146593 0.00016734
v 0.01600196 0.06194889 0.00029675
v 0.01600378 0.06120711 0.00061562
v 0.0160058 0.06156066 0.00096917
v 0.01600442 0.0611424 0.00072769
v 0.01599569 0.06120711 -0.00079857
v 0.01599516 0.06114791 -0.00089277
v 0.01599452 0.06113546 -0.00100333
v 0.01600617 0.06144859 0.00103387
v 0.01600617 0.06131918 0.00103387
v 0.01599326 0.06135589 -0.00122377
v 0.01599333 0.06146645 -0.00121131
v 0.01599347 0.06125088 -0.00118702
v 0.01599392 0.0611722 -0.00110835
v 0.01600516 0.0611424 0.0008571
v 0.0160058 0.06120711 0.00096917
v 0.01749567 0.06120711 -0.00080714
v 0.01749513 0.06114791 -0.00090135
v 0.0174945 0.06113546 -0.00101191
v 0.0174939 0.0611722 -0.00111692
v 0.01749345 0.06125088 -0.00119559
v 0.01749324 0.06135589 -0.00123234
v 0.01749331 0.06146645 -0.00121988
v 0.01749365 0.06156066 -0.00116069
v 0.01750578 0.06156066 0.00096059
v 0.01750615 0.06144859 0.0010253
v 0.01750615 0.06131918 0.0010253
v 0.01750578 0.06120711 0.00096059
v 0.01750514 0.0611424 0.00084852
v 0.0175044 0.0611424 0.00071912
v 0.01750376 0.06120711 0.00060705
v 0.01653975 0.0375 0.00690555
v 0.01653516 0.03424694 0.00610376
v 0.01649973 0.0375 -9.433E-05
v 0.01650455 0.04444896 0.00074941
v 0.01652246 0.04326089 0.00388206
v 0.01653516 0.04075306 0.00610376
v 0.01646087 0.03917521 -0.00689081
v 0.01646977 0.04214186 -0.00533382
v 0.01648554 0.04404511 -0.00257652
v 0.01648554 0.03095489 -0.00257652
v 0.01646977 0.03285814 -0.00533382
v 0.01646087 0.03582479 -0.00689081
v 0.01652246 0.03173911 0.00388206
v 0.01650455 0.03055104 0.00074941
v 0.01653975 0.0125 0.00690555
v 0.01653516 0.00924694 0.00610376
v 0.01649973 0.0125 -9.433E-05
v 0.01650455 0.01944896 0.00074941
v 0.01652246 0.01826089 0.00388206
v 0.01653516 0.01575306 0.00610376
v 0.01646087 0.01417521 -0.00689081
v 0.01646977 0.01714186 -0.00533382
v 0.01648554 0.01904511 -0.00257652
v 0.01648554 0.00595489 -0.00257652
v 0.01646977 0.00785814 -0.00533382
v 0.01646087 0.01082479 -0.00689081
v 0.01652246 0.00673911 0.00388206
v 0.01650455 0.00555104 0.00074941
v 0.01647686 -0.02276795 -0.00409427
v 0.01648105 -0.0235 -0.00336223
v 0.01647114 -0.0245 -0.00509425
v 0.01648258 -0.0245 -0.00309428
v 0.01648105 -0.0255 -0.00336223
v 0.01646124 -0.0235 -0.00682627
v 0.01646543 -0.02276795 -0.00609423
v 0.01647114 -0.0225 -0.00509425
v 0.01646543 -0.02623205 -0.00609423
v 0.01646124 -0.0255 -0.00682627
v 0.01645971 -0.0245 -0.00709422
v 0.01647686 -0.02623205 -0.00409427
v 0.01647114 -0.0265 -0.00509425
v -0.03750511 -0.0034641 -0.00078559
v -0.03749673 -0.002 0.00067848
v -0.03751654 0 -0.00278556
v -0.03749367 0 0.00121437
v -0.03749673 0.002 0.00067848
v -0.03753634 -0.002 -0.00624961
v -0.03752797 -0.0034641 -0.00478553
v -0.03751654 -0.004 -0.00278556
v -0.03752797 0.0034641 -0.00478553
v -0.03753634 0.002 -0.00624961
v -0.03753941 0 -0.0067855
v -0.03750511 0.0034641 -0.00078559
v -0.03751654 0.004 -0.00278556
v 0.01750454 -0.04444896 0.00074369
v 0.0174879 -0.04409554 -0.00216696
v 0.01748552 -0.04404511 -0.00258224
v 0.01746976 -0.04214186 -0.00533954
v 0.01746086 -0.03917521 -0.00689653
v 0.01746086 -0.03582479 -0.00689653
v 0.01746976 -0.03285814 -0.00533954
v 0.01748552 -0.03095489 -0.00258224
v 0.0174879 -0.03090446 -0.00216696
v 0.01750454 -0.03055104 0.00074369
v 0.01751153 -0.03101493 0.00196686
v 0.01752245 -0.03173911 0.00387634
v 0.01753515 -0.03424694 0.00609804
v 0.01753973 -0.0375 0.00689984
v 0.01753515 -0.04075306 0.00609804
v 0.01752245 -0.04326089 0.00387634
v 0.01751153 -0.04398507 0.00196686
v 0.01753973 -0.0245 0.00689984
v 0.0175382 -0.0255 0.00663189
v 0.01753402 -0.02623205 0.00589985
v 0.0175283 -0.0265 0.00489987
v 0.01752258 -0.02623205 0.00389989
v 0.0175184 -0.0255 0.00316785
v 0.01751687 -0.0245 0.0028999
v 0.0175184 -0.0235 0.00316785
v 0.01752258 -0.02276795 0.00389989
v 0.0175283 -0.0225 0.00489987
v 0.01753402 -0.02276795 0.00589985
v 0.0175382 -0.0235 0.00663189
v 0.01749824 -0.06146593 -0.00035886
v 0.0175012 -0.06146593 0.00015877
v 0.01750194 -0.06194889 0.00028817
v 0.0174975 -0.06194889 -0.00048827
v 0.0174975 0.06194889 -0.00048827
v 0.01750194 0.06194889 0.00028817
v 0.0175012 0.06146593 0.00015877
v 0.01749824 0.06146593 -0.00035886
v 0.01750454 0.03055104 0.00074369
v 0.0174879 0.03090446 -0.00216696
v 0.01748552 0.03095489 -0.00258224
v 0.01746976 0.03285814 -0.00533954
v 0.01746086 0.03582479 -0.00689653
v 0.01746086 0.03917521 -0.00689653
v 0.01746976 0.04214186 -0.00533954
v 0.01748552 0.04404511 -0.00258224
v 0.0174879 0.04409554 -0.00216696
v 0.01750454 0.04444896 0.00074369
v 0.01751153 0.04398507 0.00196686
v 0.01752245 0.04326089 0.00387634
v 0.01753515 0.04075306 0.00609804
v 0.01753973 0.0375 0.00689984
v 0.01753515 0.03424694 0.00609804
v 0.01752245 0.03173911 0.00387634
v 0.01751153 0.03101493 0.00196686
v 0.01750454 0.00555104 0.00074369
v 0.0174879 0.00590446 -0.00216696
v 0.01748552 0.00595489 -0.00258224
v 0.01746976 0.00785814 -0.00533954
v 0.01746086 0.01082479 -0.00689653
v 0.01746086 0.01417521 -0.00689653
v 0.01746976 0.01714186 -0.00533954
v 0.01748552 0.01904511 -0.00258224
v 0.0174879 0.01909554 -0.00216696
v 0.01750454 0.01944896 0.00074369
v 0.01751153 0.01898507 0.00196686
v 0.01752245 0.01826089 0.00387634
v 0.01753515 0.01575306 0.00609804
v 0.01753973 0.0125 0.00689984
v 0.01753515 0.00924694 0.00609804
v 0.01752245 0.00673911 0.00387634
v 0.01751153 0.00601493 0.00196686
v 0.01748256 -0.0245 -0.0031
v 0.01748103 -0.0255 -0.00336794
v 0.01747685 -0.02623205 -0.00409998
v 0.01747113 -0.0265 -0.00509997
v 0.01746541 -0.02623205 -0.00609995
v 0.01746123 -0.0255 -0.00683199
v 0.0174597 -0.0245 -0.00709993
v 0.01746123 -0.0235 -0.00683199
v 0.01746541 -0.02276795 -0.00609995
v 0.01747113 -0.0225 -0.00509997
v 0.01747685 -0.02276795 -0.00409998
v 0.01748103 -0.0235 -0.00336794
v -0.017494 0 0.00110003
v -0.01749706 -0.002 0.00056414
v -0.01750543 -0.0034641 -0.00089994
v -0.01751686 -0.004 -0.0028999
v -0.0175283 -0.0034641 -0.00489987
v -0.01753667 -0.002 -0.00636395
v -0.01753973 0 -0.00689984
v -0.01753667 0.002 -0.00636395
v -0.0175283 0.0034641 -0.00489987
v -0.01751686 0.004 -0.0028999
v -0.01750543 0.0034641 -0.00089994
v -0.01749706 0.002 0.00056414
v 0.00674898 0.0049 -0.01768887
v 0.01074892 0.0049 -0.01771174
v 0.00674898 0.0005 -0.01768887
v 0.01074892 0.0005 -0.01771174
v 0.00674898 -0.0049 -0.01768887
v 0.00674898 -0.0005 -0.01768887
v 0.01074892 -0.0049 -0.01771174
v 0.01074892 -0.0005 -0.01771174
v 0.01755803 -0.0285 0.01009979
v 0.01751153 -0.0285 0.00196686
v 0.01755803 -0.05281694 0.01009979
v 0.01745055 -0.05281694 -0.00869991
v 0.0174879 -0.05281694 -0.00216696
v 0.01751153 -0.05281694 0.00196686
v 0.0174879 -0.0285 -0.00216696
v 0.01745055 -0.0285 -0.00869991
v 0.01755243 0.07186133 0.00912047
v 0.01755377 0.07121792 0.00935391
v 0.01751153 0.06985001 0.00196686
v 0.01755616 0.07006613 0.00977181
v 0.01755636 0.06985001 0.00980717
v 0.01755752 0.06860241 0.01001126
v 0.01751992 0.07706831 0.00343367
v 0.01752227 0.07686907 0.00384524
v 0.01753009 0.07620681 0.00521325
v 0.01753552 0.07549259 0.00616279
v 0.01753912 0.07501964 0.00679158
v 0.01754665 0.07355256 0.00811007
v 0.01750744 0.07759466 0.00125082
v 0.01750845 0.07758499 0.00142751
v 0.01751153 0.07744608 0.00196686
v 0.01749733 0.07769149 -0.00051745
v 0.0174879 0.06985001 -0.00216696
v 0.01749202 0.07756741 -0.00144606
v 0.0174771 0.07688902 -0.00405666
v 0.01748672 0.07744357 -0.00237294
v 0.0174879 0.07747109 -0.00216696
v 0.01745055 0.0729611 -0.00869991
v 0.0174509 0.07307957 -0.00863855
v 0.01745314 0.07356879 -0.00824654
v 0.01745795 0.07461733 -0.00740634
v 0.0174639 0.0754982 -0.00636422
v 0.01746655 0.07588988 -0.00590085
v 0.01747639 0.07684815 -0.00418076
v 0.01745055 0.06985001 -0.00869991
v 0.01744546 0.07123131 -0.00959053
v 0.0174455 0.07125486 -0.00958361
v 0.01744202 0.06860245 -0.0101925
v 0.0174425 0.06946856 -0.01010813
v 0.01744314 0.06985001 -0.00999612
v 0.017447 -0.07186133 -0.00932056
v 0.01744567 -0.07121792 -0.00955401
v 0.01744328 -0.07006613 -0.00997191
v 0.01744191 -0.06860241 -0.01021136
v 0.01744154 -0.06821344 -0.01027499
v 0.01747951 -0.07706831 -0.00363377
v 0.01747716 -0.07686907 -0.00404533
v 0.01746934 -0.07620681 -0.00541334
v 0.01746391 -0.07549259 -0.00636289
v 0.01746031 -0.07501964 -0.00699168
v 0.01745298 -0.07359143 -0.00827523
v 0.01745278 -0.07355256 -0.00831016
v 0.01745055 -0.0729002 -0.00869991
v 0.01751153 -0.07747109 0.00196686
v 0.0175021 -0.07769149 0.00031735
v 0.01749199 -0.07759466 -0.00145091
v 0.01750741 -0.07756741 0.00124597
v 0.0174879 -0.07744608 -0.00216696
v 0.01749098 -0.07758499 -0.0016276
v 0.01755803 -0.0675 0.01009979
v 0.01755742 -0.06860245 0.0099924
v 0.01755693 -0.06946856 0.00990803
v 0.01755393 -0.07125486 0.00938352
v 0.01754853 -0.07307957 0.00843845
v 0.01754629 -0.07356879 0.00804644
v 0.01752234 -0.07688902 0.00385656
v 0.01753553 -0.0754982 0.00616412
v 0.01752304 -0.07684815 0.00398067
v 0.01753288 -0.07588988 0.00570075
v 0.01754149 -0.07461733 0.00720625
v 0.01751271 -0.07744357 0.00217285
v 0.01755789 0.06821344 0.01007489
v 0.01755803 0.0675 0.01009979
v 0.01751153 0.05281694 0.00196686
v 0.01755803 0.05281694 0.01009979
v 0.01755803 0.025 0.01009979
v 0.01745055 0.05281694 -0.00869991
v 0.01745055 0.025 -0.00869991
v 0.0174879 0.025 -0.00216696
v 0.01751153 0.025 0.00196686
v 0.0174879 0.05281694 -0.00216696
v 0.01755803 -0.0085 0.01009979
v 0.01751153 -0.0085 0.00196686
v 0.01745055 -0.0085 -0.00869991
v 0.0174879 -0.0085 -0.00216696
v 0.0174414 -0.0675 -0.01029988
v 0.0174414 -0.05281694 -0.01029988
v 0.0174414 -0.0285 -0.01029988
v 0.0174414 -0.0085 -0.01029988
v 0.0174414 0.025 -0.01029988
v 0.0174414 0.05281694 -0.01029988
v 0.0174414 0.0675 -0.01029988
v -0.01755803 0.0675 -0.01009979
v -0.01753973 0 -0.00689984
v -0.01755803 -0.0675 -0.01009979
v -0.0174414 -0.0675 0.01029988
v -0.0174414 0.0675 0.01029988
v -0.01751992 0.07706831 -0.00343367
v -0.017447 -0.07186133 0.00932056
v -0.01744566 -0.07121792 0.00955401
v -0.01751271 -0.07744357 -0.00217285
v -0.01746934 -0.07620681 0.00541334
v -0.01746391 -0.07549259 0.00636289
v -0.01755741 -0.06860245 -0.0099924
v -0.01752234 -0.07688902 -0.00385656
v -0.01752227 0.07686907 -0.00384524
v -0.01753009 0.07620681 -0.00521325
v -0.01753552 0.07549259 -0.00616279
v -0.01755243 0.07186133 -0.00912047
v -0.01755376 0.07121792 -0.00935391
v -0.01755615 0.07006613 -0.00977181
v -0.01755752 0.06860241 -0.01001126
v -0.01755789 0.06821344 -0.01007489
v -0.01744201 0.06860245 0.0101925
v -0.0174425 0.06946856 0.01010813
v -0.0174455 0.07125486 0.00958361
v -0.01744328 -0.07006613 0.00997191
v -0.01744191 -0.06860241 0.01021136
v -0.01744154 -0.06821344 0.01027499
v -0.01750744 0.07759466 -0.00125082
v -0.01745314 0.07356879 0.00824654
v -0.01749733 0.07769149 0.00051745
v -0.01749202 0.07756741 0.00144606
v -0.0174509 0.07307957 0.00863855
v -0.01750845 0.07758499 -0.00142751
v -0.01753911 0.07501964 -0.00679158
v -0.01754665 0.07355256 -0.00811007
v -0.01747709 0.07688902 0.00405666
v -0.0174639 0.0754982 0.00636422
v -0.01747638 0.07684815 0.00418076
v -0.01746655 0.07588988 0.00590085
v -0.01745794 0.07461733 0.00740634
v -0.01748672 0.07744357 0.00237294
v -0.0175021 -0.07769149 -0.00031735
v -0.01749199 -0.07759466 0.00145091
v -0.01747716 -0.07686907 0.00404533
v -0.01749098 -0.07758499 0.0016276
v -0.01747951 -0.07706831 0.00363377
v -0.01746031 -0.07501964 0.00699168
v -0.01745278 -0.07355256 0.00831016
v -0.01754853 -0.07307957 -0.00843845
v -0.01754629 -0.07356879 -0.00804644
v -0.01755393 -0.07125486 -0.00938352
v -0.01755693 -0.06946856 -0.00990804
v -0.01754148 -0.07461733 -0.00720625
v -0.01753553 -0.0754982 -0.00616412
v -0.01750741 -0.07756741 -0.00124597
v -0.01753288 -0.07588988 -0.00570075
v -0.01752304 -0.07684815 -0.00398067
v 0.00811802 0.009375 -0.01444665
v 0.00839254 0.00964952 -0.01444822
v 0.00876753 0.009 -0.01445036
v 0.00876753 0.00975 -0.01445036
v 0.00914252 0.00964952 -0.0144525
v 0.00839254 0.00835048 -0.01444822
v 0.00811802 0.008625 -0.01444665
v 0.00801754 0.009 -0.01444607
v 0.00941704 0.008625 -0.01445407
v 0.00914252 0.00835048 -0.0144525
v 0.00876753 0.00825 -0.01445036
v 0.00941704 0.009375 -0.01445407
v 0.00951752 0.009 -0.01445465
v 0.00811802 -0.008625 -0.01444665
v 0.00839254 -0.00835048 -0.01444822
v 0.00876753 -0.009 -0.01445036
v 0.00876753 -0.00825 -0.01445036
v 0.00914252 -0.00835048 -0.0144525
v 0.00839254 -0.00964952 -0.01444822
v 0.00811802 -0.009375 -0.01444665
v 0.00801754 -0.009 -0.01444607
v 0.00941704 -0.009375 -0.01445407
v 0.00914252 -0.00964952 -0.0144525
v 0.00876753 -0.00975 -0.01445036
v 0.00941704 -0.008625 -0.01445407
v 0.00951752 -0.009 -0.01445465
v 0.0067304 0.0005 -0.02093882
v 0.0067304 0.0049 -0.02093882
v 0.01073034 0.0049 -0.02096169
v 0.01073034 0.0005 -0.02096169
v 0.01073034 -0.0049 -0.02096169
v 0.0067304 -0.0049 -0.02093882
v 0.0067304 -0.0005 -0.02093882
v 0.01073034 -0.0005 -0.02096169
v 0.01753024 -0.0675 -0.01070659
v 0.01751819 -0.0675 -0.01068994
v 0.01751855 -0.06864932 -0.01062739
v 0.01753019 -0.07382748 -0.00859171
v 0.01790044 -0.0675 0.01084145
v 0.01791268 -0.0675 0.01085797
v 0.01791231 -0.06868955 0.01079322
v 0.0182613 -0.0675 0.01104904
v 0.01763892 -0.06864932 0.01042639
v 0.01763928 -0.0675 0.01048894
v 0.01765151 -0.0675 0.01050545
v 0.01763508 -0.07137449 0.00975471
v 0.01762728 -0.07382748 0.00839071
v 0.01761607 -0.07583597 0.00643021
v 0.01760224 -0.07725886 0.00401094
v 0.01758676 -0.07799622 0.00130284
v 0.01757071 -0.07799622 -0.00150384
v 0.01755523 -0.07725886 -0.00421194
v 0.0175414 -0.07583597 -0.00663121
v 0.01752239 -0.07137449 -0.00995571
v 0.01778736 -0.0675 -0.01106207
v 0.01777531 -0.0675 -0.01104542
v 0.01778773 -0.06868955 -0.01099733
v 0.01813377 -0.0675 -0.01125711
v 0.01813415 -0.0687105 -0.01119123
v 0.01813648 -0.07036367 -0.01078376
v 0.0177917 -0.07151008 -0.01030214
v 0.01779977 -0.07404891 -0.00889041
v 0.0181428 -0.07302953 -0.00967817
v 0.01813819 -0.07158072 -0.01048379
v 0.01781137 -0.07612769 -0.0068613
v 0.01815284 -0.0753184 -0.00792064
v 0.0181464 -0.07416426 -0.00904719
v 0.01782569 -0.07760037 -0.00435737
v 0.01816593 -0.07707452 -0.00563089
v 0.01815821 -0.07627966 -0.00698235
v 0.01784171 -0.07836353 -0.0015545
v 0.01818118 -0.07817838 -0.00296485
v 0.01817278 -0.07777829 -0.00443431
v 0.01785832 -0.07836353 0.0013504
v 0.01819753 -0.07855488 -0.00010404
v 0.01818908 -0.07855488 -0.00158207
v 0.01787435 -0.07760037 0.00415326
v 0.01821389 -0.07817838 0.00275677
v 0.01820598 -0.07855488 0.001374
v 0.01788866 -0.07612769 0.0066572
v 0.01822913 -0.07707452 0.00542281
v 0.01822229 -0.07777829 0.00422623
v 0.01790026 -0.07404891 0.0086863
v 0.01824222 -0.0753184 0.00771256
v 0.01823686 -0.07627966 0.00677427
v 0.01790833 -0.07151008 0.01009804
v 0.01825227 -0.07302953 0.0094701
v 0.01824866 -0.07416426 0.00883912
v 0.01826092 -0.0687105 0.01098315
v 0.01825859 -0.07036367 0.01057569
v 0.01825687 -0.07158072 0.01027572
v 0.0182613 0.0675 0.01104904
v 0.01791268 0.0675 0.01085797
v 0.01790044 0.0675 0.01084145
v 0.01765151 0.0675 0.01050545
v 0.01763928 0.0675 0.01048894
v 0.01763892 0.06864932 0.01042639
v 0.01777531 0.0675 -0.01104542
v 0.01778736 0.0675 -0.01106207
v 0.01778773 0.06868955 -0.01099733
v 0.01813377 0.0675 -0.01125711
v 0.01753024 0.0675 -0.01070659
v 0.01751855 0.06864932 -0.01062739
v 0.01751819 0.0675 -0.01068994
v 0.01752239 0.07137449 -0.00995571
v 0.01753019 0.07382748 -0.00859171
v 0.0175414 0.07583597 -0.00663121
v 0.01755523 0.07725886 -0.00421194
v 0.01757071 0.07799622 -0.00150384
v 0.01758676 0.07799622 0.00130284
v 0.01760224 0.07725886 0.00401094
v 0.01761607 0.07583597 0.00643021
v 0.01763508 0.07137449 0.00975471
v 0.01762728 0.07382748 0.00839071
v 0.01791231 0.06868955 0.01079322
v 0.01826092 0.0687105 0.01098315
v 0.01825859 0.07036367 0.01057569
v 0.01790833 0.07151008 0.01009804
v 0.01790026 0.07404891 0.0086863
v 0.01825227 0.07302953 0.0094701
v 0.01825687 0.07158072 0.01027572
v 0.01788866 0.07612769 0.0066572
v 0.01824222 0.0753184 0.00771256
v 0.01824866 0.07416426 0.00883912
v 0.01787435 0.07760037 0.00415326
v 0.01822913 0.07707452 0.00542281
v 0.01823686 0.07627966 0.00677427
v 0.01785832 0.07836353 0.0013504
v 0.01821389 0.07817838 0.00275677
v 0.01822229 0.07777829 0.00422623
v 0.01784171 0.07836353 -0.0015545
v 0.01819753 0.07855488 -0.00010404
v 0.01820598 0.07855488 0.001374
v 0.01782569 0.07760037 -0.00435737
v 0.01818118 0.07817838 -0.00296485
v 0.01818908 0.07855488 -0.00158207
v 0.01781137 0.07612769 -0.0068613
v 0.01816593 0.07707452 -0.00563089
v 0.01817278 0.07777829 -0.00443431
v 0.01779977 0.07404891 -0.00889041
v 0.01815284 0.0753184 -0.00792064
v 0.01815821 0.07627966 -0.00698235
v 0.0177917 0.07151008 -0.01030214
v 0.0181428 0.07302953 -0.00967817
v 0.0181464 0.07416426 -0.00904719
v 0.01813415 0.0687105 -0.01119123
v 0.01813648 0.07036367 -0.01078376
v 0.01813819 0.07158072 -0.01048379
v -0.0182613 0.0675 -0.01104904
v -0.0182613 -0.0675 -0.01104904
v -0.01791267 0.0675 -0.01085797
v -0.01791267 -0.0675 -0.01085797
v -0.01790044 0.0675 -0.01084145
v -0.01790044 -0.0675 -0.01084145
v -0.01765151 0.0675 -0.01050545
v -0.01765151 -0.0675 -0.01050545
v -0.01763928 0.0675 -0.01048894
v -0.01763928 -0.0675 -0.01048894
v -0.01753024 -0.0675 0.01070659
v -0.01751819 -0.0675 0.01068994
v -0.01751855 -0.06864932 0.01062739
v -0.01791231 -0.06868955 -0.01079322
v -0.01763892 -0.06864932 -0.01042639
v -0.01763508 -0.07137449 -0.00975471
v -0.01762728 -0.07382748 -0.00839071
v -0.01761607 -0.07583597 -0.00643021
v -0.01760224 -0.07725886 -0.00401094
v -0.01758676 -0.07799622 -0.00130284
v -0.01757071 -0.07799622 0.00150384
v -0.01755523 -0.07725886 0.00421194
v -0.0175414 -0.07583597 0.00663121
v -0.01753019 -0.07382748 0.00859171
v -0.01752239 -0.07137449 0.00995571
v -0.01778736 -0.0675 0.01106207
v -0.01777531 -0.0675 0.01104542
v -0.01778773 -0.06868955 0.01099733
v -0.01813377 -0.0675 0.01125711
v -0.01813415 -0.0687105 0.01119123
v -0.01813648 -0.07036367 0.01078376
v -0.0177917 -0.07151008 0.01030214
v -0.01779977 -0.07404891 0.00889041
v -0.0181428 -0.07302953 0.00967817
v -0.01813819 -0.07158072 0.01048379
v -0.01781137 -0.07612769 0.0068613
v -0.01815284 -0.0753184 0.00792064
v -0.0181464 -0.07416426 0.00904719
v -0.01782569 -0.07760037 0.00435737
v -0.01816593 -0.07707452 0.00563089
v -0.01815821 -0.07627966 0.00698235
v -0.01784171 -0.07836353 0.0015545
v -0.01818118 -0.07817838 0.00296485
v -0.01817278 -0.07777829 0.00443431
v -0.01785832 -0.07836353 -0.0013504
v -0.01819753 -0.07855488 0.00010404
v -0.01818908 -0.07855488 0.00158207
v -0.01787434 -0.07760037 -0.00415326
v -0.01821389 -0.07817838 -0.00275677
v -0.01820598 -0.07855488 -0.001374
v -0.01788866 -0.07612769 -0.0066572
v -0.01822913 -0.07707452 -0.00542281
v -0.01822229 -0.07777829 -0.00422623
v -0.01790026 -0.07404891 -0.0086863
v -0.01824222 -0.0753184 -0.00771256
v -0.01823686 -0.07627966 -0.00677427
v -0.01790833 -0.07151008 -0.01009804
v -0.01825227 -0.07302953 -0.0094701
v -0.01824866 -0.07416426 -0.00883912
v -0.01826092 -0.0687105 -0.01098315
v -0.01825859 -0.07036367 -0.01057569
v -0.01825687 -0.07158072 -0.01027572
v -0.01813377 0.0675 0.01125711
v -0.01778736 0.0675 0.01106207
v -0.01777531 0.0675 0.01104542
v -0.01753024 0.0675 0.01070659
v -0.01751819 0.0675 0.01068994
v -0.01763892 0.06864932 -0.01042639
v -0.01778773 0.06868955 0.01099733
v -0.01751855 0.06864932 0.01062739
v -0.01752239 0.07137449 0.00995571
v -0.01753019 0.07382748 0.00859171
v -0.0175414 0.07583597 0.00663121
v -0.01755523 0.07725886 0.00421194
v -0.01757071 0.07799622 0.00150384
v -0.01758676 0.07799622 -0.00130284
v -0.01760224 0.07725886 -0.00401094
v -0.01761607 0.07583597 -0.00643021
v -0.01762728 0.07382748 -0.00839071
v -0.01763508 0.07137449 -0.00975471
v -0.01791231 0.06868955 -0.01079322
v -0.01826092 0.0687105 -0.01098315
v -0.01825859 0.07036367 -0.01057569
v -0.01790833 0.07151008 -0.01009804
v -0.01790026 0.07404891 -0.0086863
v -0.01825227 0.07302953 -0.0094701
v -0.01825687 0.07158072 -0.01027572
v -0.01788866 0.07612769 -0.0066572
v -0.01824222 0.0753184 -0.00771256
v -0.01824866 0.07416426 -0.00883912
v -0.01787434 0.07760037 -0.00415326
v -0.01822913 0.07707452 -0.00542281
v -0.01823686 0.07627966 -0.00677427
v -0.01785832 0.07836353 -0.0013504
v -0.01821389 0.07817838 -0.00275677
v -0.01822229 0.07777829 -0.00422623
v -0.01784171 0.07836353 0.0015545
v -0.01819753 0.07855488 0.00010404
v -0.01820598 0.07855488 -0.001374
v -0.01782569 0.07760037 0.00435737
v -0.01818118 0.07817838 0.00296485
v -0.01818908 0.07855488 0.00158207
v -0.01781137 0.07612769 0.0068613
v -0.01816593 0.07707452 0.00563089
v -0.01817278 0.07777829 0.00443431
v -0.01779977 0.07404891 0.00889041
v -0.01815284 0.0753184 0.00792064
v -0.01815821 0.07627966 0.00698235
v -0.0177917 0.07151008 0.01030214
v -0.0181428 0.07302953 0.00967817
v -0.0181464 0.07416426 0.00904719
v -0.01813415 0.0687105 0.01119123
v -0.01813648 0.07036367 0.01078376
v -0.01813819 0.07158072 0.01048379
v 0.00874895 0.00975 -0.01770031
v 0.00912394 0.00964952 -0.01770245
v 0.00939846 0.009375 -0.01770402
v 0.00949894 0.009 -0.0177046
v 0.00939846 0.008625 -0.01770402
v 0.00912394 0.00835048 -0.01770245
v 0.00874895 0.00825 -0.01770031
v 0.00837396 0.00835048 -0.01769817
v 0.00809944 0.008625 -0.01769659
v 0.00799896 0.009 -0.01769602
v 0.00809944 0.009375 -0.01769659
v 0.00837396 0.00964952 -0.01769817
v 0.01074892 0.0059 -0.01771174
v 0.01073034 0.0059 -0.02096169
v 0.00674898 0.0059 -0.01768887
v 0.0067304 0.0059 -0.02093882
v 0.01241404 0.013 -0.01507122
v 0.01240889 0.013 -0.0159712
v 0.01076407 0.013 -0.01506178
v 0.01239389 0.013 -0.01697931
v 0.01073034 0.013 -0.02096169
v 0.01207251 0.013 -0.02071845
v 0.01198133 0.013 -0.02093684
v 0.01195077 0.013 -0.02096351
v 0.01217267 0.013 -0.02021316
v 0.01193032 0.013 -0.02096855
v 0.01240889 -0.013 -0.0159712
v 0.01241404 -0.013 -0.01507122
v 0.01076407 -0.013 -0.01506178
v 0.01195077 -0.013 -0.02096351
v 0.01198133 -0.013 -0.02093684
v 0.01193032 -0.013 -0.02096855
v 0.01207251 -0.013 -0.02071845
v 0.01073034 -0.013 -0.02096169
v 0.01217267 -0.013 -0.02021316
v 0.01239389 -0.013 -0.01697931
v 0.00874895 -0.00825 -0.01770031
v 0.00912394 -0.00835048 -0.01770245
v 0.00939846 -0.008625 -0.01770402
v 0.00949894 -0.009 -0.0177046
v 0.00939846 -0.009375 -0.01770402
v 0.00912394 -0.00964952 -0.01770245
v 0.00874895 -0.00975 -0.01770031
v 0.00837396 -0.00964952 -0.01769817
v 0.00809944 -0.009375 -0.01769659
v 0.00799896 -0.009 -0.01769602
v 0.00809944 -0.008625 -0.01769659
v 0.00837396 -0.00835048 -0.01769817
v 0.00674898 -0.0059 -0.01768887
v 0.0067304 -0.0059 -0.02093882
v 0.01074892 -0.0059 -0.01771174
v 0.01073034 -0.0059 -0.02096169
v 0.00511416 -0.013 -0.01502948
v 0.00510901 -0.013 -0.01592947
v 0.00676413 -0.013 -0.01503892
v 0.00511249 -0.013 -0.01693768
v 0.0067304 -0.013 -0.02093882
v 0.0053911 -0.013 -0.02068025
v 0.00547978 -0.013 -0.02089967
v 0.00551002 -0.013 -0.02092669
v 0.00529672 -0.013 -0.02017385
v 0.00553042 -0.013 -0.02093196
v 0.00510901 0.013 -0.01592947
v 0.00511416 0.013 -0.01502948
v 0.00676413 0.013 -0.01503892
v 0.00551002 0.013 -0.02092669
v 0.00547978 0.013 -0.02089967
v 0.00553042 0.013 -0.02093196
v 0.0053911 0.013 -0.02068025
v 0.0067304 0.013 -0.02093882
v 0.00529672 0.013 -0.02017385
v 0.00511249 0.013 -0.01693768
v 0.01847151 -0.07314633 0.00967428
v 0.01847796 -0.07042275 0.0108024
v 0.01844788 -0.07727972 0.00554095
v 0.01846125 -0.07548511 0.0078797
v 0.0184156 -0.07879265 -0.00010528
v 0.01843231 -0.07840786 0.00281742
v 0.01839889 -0.07840786 -0.00302799
v 0.01838332 -0.07727972 -0.00575152
v 0.01836995 -0.07548511 -0.00809027
v 0.01835969 -0.07314633 -0.00988485
v 0.01835324 -0.07042275 -0.01101297
v 0.01835104 -0.0675 -0.01139775
v 0.01840758 -0.0675 0.01114137
v 0.01848016 -0.0675 0.01118718
v 0.01852011 -0.0675 0.01126315
v 0.01859308 -0.07285473 0.01009646
v 0.01859825 -0.07047313 0.01099967
v 0.01859871 -0.07025749 0.01108144
v 0.01860063 -0.0675 0.01141626
v 0.01859158 -0.07323471 0.00983418
v 0.01858406 -0.07514077 0.00851854
v 0.0185811 -0.07560043 0.00799971
v 0.01857218 -0.07698276 0.0064394
v 0.0185675 -0.07741258 0.00562045
v 0.01855811 -0.07827364 0.00397987
v 0.01855169 -0.0785505 0.00285666
v 0.0185427 -0.0789384 0.00128288
v 0.01853476 -0.0789384 -0.00010597
v 0.01852681 -0.0789384 -0.00149482
v 0.01850202 -0.07741258 -0.00583238
v 0.0185114 -0.07827364 -0.0041918
v 0.01851782 -0.0785505 -0.00306859
v 0.01849733 -0.07698276 -0.00665133
v 0.01847793 -0.07323471 -0.01004611
v 0.01848545 -0.07514077 -0.00873047
v 0.01848841 -0.07560043 -0.00821164
v 0.01847643 -0.07285473 -0.01030839
v 0.01846888 -0.0675 -0.01162819
v 0.0184708 -0.07025749 -0.01129337
v 0.01847126 -0.07047313 -0.0112116
v 0.01860063 0.0675 0.01141626
v 0.01852011 0.0675 0.01126315
v 0.01848016 0.0675 0.01118718
v 0.01840758 0.0675 0.01114137
v 0.01835969 0.07314633 -0.00988485
v 0.01835324 0.07042275 -0.01101297
v 0.01838332 0.07727972 -0.00575152
v 0.01836995 0.07548511 -0.00809027
v 0.01839889 0.07840786 -0.00302799
v 0.0184156 0.07879265 -0.00010528
v 0.01843231 0.07840786 0.00281742
v 0.01844788 0.07727972 0.00554095
v 0.01846125 0.07548511 0.0078797
v 0.01847151 0.07314633 0.00967428
v 0.01847796 0.07042275 0.0108024
v 0.01846888 0.0675 -0.01162819
v 0.01835104 0.0675 -0.01139775
v 0.0184708 0.07025749 -0.01129337
v 0.01847126 0.07047313 -0.0112116
v 0.01847643 0.07285473 -0.01030839
v 0.01847793 0.07323471 -0.01004611
v 0.01848545 0.07514077 -0.00873047
v 0.01848841 0.07560043 -0.00821164
v 0.01849733 0.07698276 -0.00665133
v 0.01850202 0.07741258 -0.00583238
v 0.0185114 0.07827364 -0.0041918
v 0.01851782 0.0785505 -0.00306859
v 0.01852681 0.0789384 -0.00149482
v 0.01855169 0.0785505 0.00285666
v 0.0185427 0.0789384 0.00128288
v 0.01853476 0.0789384 -0.00010597
v 0.01855811 0.07827364 0.00397987
v 0.0185811 0.07560043 0.00799971
v 0.01857218 0.07698276 0.0064394
v 0.0185675 0.07741258 0.00562045
v 0.01858406 0.07514077 0.00851854
v 0.01859158 0.07323471 0.00983418
v 0.01859308 0.07285473 0.01009646
v 0.01859825 0.07047313 0.01099967
v 0.01859871 0.07025749 0.01108144
v -0.01841566 0.0675 -0.01112857
v -0.01841566 -0.0675 -0.01112857
v -0.01853351 0.0675 -0.01125611
v -0.01853351 -0.0675 -0.01125611
v -0.01860063 0.0675 -0.01141626
v -0.01860063 -0.0675 -0.01141626
v -0.01839685 -0.07544341 -0.00783836
v -0.01838355 -0.07722864 -0.00551183
v -0.01836806 -0.07835089 -0.00280252
v -0.01848536 -0.07847473 -0.00283504
v -0.01846855 -0.07886188 0.00010559
v -0.01835144 -0.07873368 0.00010492
v -0.01843607 -0.07733968 0.00578643
v -0.01842262 -0.07553406 0.00813952
v -0.01830602 -0.07544341 0.00804819
v -0.01857218 -0.07698276 -0.0064394
v -0.0185675 -0.07741258 -0.00562045
v -0.01850103 -0.07733968 -0.00557526
v -0.01852682 -0.0789384 0.00149482
v -0.01851782 -0.0785505 0.00306859
v -0.01845174 -0.07847473 0.00304621
v -0.01847643 -0.07285473 0.01030839
v -0.01847126 -0.07047313 0.0112116
v -0.01840581 -0.07044067 0.01108014
v -0.0184708 -0.07025749 0.01129337
v -0.01848545 -0.07514077 0.00873047
v -0.01847793 -0.07323471 0.01004611
v -0.0184123 -0.07318094 0.0099451
v -0.0185114 -0.07827364 0.0041918
v -0.01850202 -0.07741258 0.00583238
v -0.01849734 -0.07698276 0.00665133
v -0.01848841 -0.07560043 0.00821164
v -0.01855812 -0.07827364 -0.00397987
v -0.01855169 -0.0785505 -0.00285666
v -0.0185427 -0.0789384 -0.00128288
v -0.01853476 -0.0789384 0.00010597
v -0.0185811 -0.07560043 -0.00799971
v -0.01859159 -0.07323471 -0.00983418
v -0.01858406 -0.07514077 -0.00851854
v -0.01851448 -0.07553406 -0.00792834
v -0.01859825 -0.07047313 -0.01099967
v -0.01859309 -0.07285473 -0.01009646
v -0.01852481 -0.07318094 -0.00973393
v -0.01859872 -0.07025749 -0.01108144
v -0.01853129 -0.07044067 -0.01086897
v -0.0182894 -0.07040749 0.01095563
v -0.01829582 -0.07311684 0.0098334
v -0.01831932 -0.07722864 0.00572166
v -0.01833481 -0.07835089 0.00301236
v -0.01840705 -0.07311684 -0.00962357
v -0.01841347 -0.07040749 -0.0107458
v -0.01828721 -0.0675 0.01133841
v -0.0183454 -0.0675 0.01140284
v -0.0184036 -0.0675 0.01146728
v -0.01846888 -0.0675 0.01162819
v -0.01828721 0.0675 0.01133841
v -0.0183454 0.0675 0.01140284
v -0.0184036 0.0675 0.01146728
v -0.01846888 0.0675 0.01162819
v -0.01830602 0.07544341 0.00804819
v -0.01831932 0.07722864 0.00572166
v -0.01833481 0.07835089 0.00301236
v -0.01845174 0.07847473 0.00304621
v -0.01846855 0.07886188 0.00010559
v -0.01835144 0.07873368 0.00010492
v -0.01850103 0.07733968 -0.00557526
v -0.01851448 0.07553406 -0.00792834
v -0.01839685 0.07544341 -0.00783836
v -0.01849734 0.07698276 0.00665133
v -0.01850202 0.07741258 0.00583238
v -0.01843607 0.07733968 0.00578643
v -0.0185427 0.0789384 -0.00128288
v -0.01855169 0.0785505 -0.00285666
v -0.01848536 0.07847473 -0.00283504
v -0.01858406 0.07514077 -0.00851854
v -0.01859159 0.07323471 -0.00983418
v -0.01852481 0.07318094 -0.00973393
v -0.01859309 0.07285473 -0.01009646
v -0.01859825 0.07047313 -0.01099967
v -0.01853129 0.07044067 -0.01086897
v -0.01859872 0.07025749 -0.01108144
v -0.01855812 0.07827364 -0.00397987
v -0.0185675 0.07741258 -0.00562045
v -0.01857218 0.07698276 -0.0064394
v -0.0185811 0.07560043 -0.00799971
v -0.0185114 0.07827364 0.0041918
v -0.01851782 0.0785505 0.00306859
v -0.01852682 0.0789384 0.00149482
v -0.01853476 0.0789384 0.00010597
v -0.01848841 0.07560043 0.00821164
v -0.01847793 0.07323471 0.01004611
v -0.01848545 0.07514077 0.00873047
v -0.01842262 0.07553406 0.00813952
v -0.01847126 0.07047313 0.0112116
v -0.01847643 0.07285473 0.01030839
v -0.0184123 0.07318094 0.0099451
v -0.01840581 0.07044067 0.01108014
v -0.0184708 0.07025749 0.01129337
v -0.01841347 0.07040749 -0.0107458
v -0.01840705 0.07311684 -0.00962357
v -0.01838355 0.07722864 -0.00551183
v -0.01836806 0.07835089 -0.00280252
v -0.01829582 0.07311684 0.0098334
v -0.0182894 0.07040749 0.01095563
v 0.00676413 0.012 -0.01503892
v 0.00674898 0.012 -0.01768887
v 0.01074892 0.012 -0.01771174
v 0.01076407 0.012 -0.01506178
v 0.01076407 -0.012 -0.01506178
v 0.01074892 -0.012 -0.01771174
v 0.00674898 -0.012 -0.01768887
v 0.00676413 -0.012 -0.01503892
v 0.01879959 -0.07547524 0.00889485
v 0.01878718 -0.07739785 0.0067247
v 0.01868724 -0.07308913 -0.0107562
v 0.01881489 -0.0703782 0.01156994
v 0.01881688 -0.0675 0.01191941
v 0.01919934 -0.0675 0.01231139
v 0.01872374 -0.07874525 -0.00437187
v 0.01910315 -0.0791138 -0.00451382
v 0.01908799 -0.07772224 -0.00716515
v 0.01955687 -0.07164761 -0.01197207
v 0.01955445 -0.07052791 -0.01239671
v 0.01905938 -0.07047253 -0.01216919
v 0.01955312 -0.06862377 -0.01262791
v 0.01955235 -0.0675 -0.01276436
v 0.01905731 -0.0675 -0.01253011
v 0.01956063 -0.07337985 -0.01131513
v 0.01957054 -0.07589007 -0.00958248
v 0.01956473 -0.07441929 -0.01059767
v 0.01906545 -0.0732723 -0.01110739
v 0.01958359 -0.0779127 -0.00729944
v 0.01957622 -0.07677104 -0.00858808
v 0.01907517 -0.07573662 -0.00940643
v 0.01961596 -0.08006012 -0.00163725
v 0.01960713 -0.07967947 -0.0031816
v 0.01959903 -0.07933017 -0.00459872
v 0.01959065 -0.07856054 -0.00606511
v 0.01964223 -0.07967947 0.0029572
v 0.0196334 -0.08006012 0.00141285
v 0.01913689 -0.07983039 0.0013878
v 0.01962468 -0.08006012 -0.0001122
v 0.01911977 -0.07983039 -0.00160652
v 0.01965871 -0.07856054 0.00584071
v 0.01965033 -0.07933017 0.00437432
v 0.01915351 -0.0791138 0.0042951
v 0.01967314 -0.07677104 0.00836368
v 0.01966577 -0.0779127 0.00707505
v 0.01916867 -0.07772224 0.00694643
v 0.0191912 -0.0732723 0.01088867
v 0.01968463 -0.07441929 0.01037327
v 0.01918148 -0.07573662 0.00918771
v 0.01967882 -0.07589007 0.00935808
v 0.01969623 -0.06862377 0.01240352
v 0.01969491 -0.07052791 0.01217232
v 0.01919727 -0.07047253 0.01195047
v 0.01969248 -0.07164761 0.01174768
v 0.01968873 -0.07337985 0.01109074
v 0.01869666 -0.07547524 -0.00910922
v 0.01870907 -0.07739785 -0.00693907
v 0.01877251 -0.07874525 0.0041575
v 0.01875641 -0.0794391 0.00134246
v 0.01873984 -0.0794391 -0.00155683
v 0.01880901 -0.07308913 0.01054183
v 0.01969701 -0.0675 0.01253997
v 0.01867937 -0.0675 -0.01213378
v 0.01868137 -0.0703782 -0.01178431
v 0.01969701 0.0675 0.01253997
v 0.01919934 0.0675 0.01231139
v 0.01881688 0.0675 0.01191941
v 0.01869666 0.07547524 -0.00910922
v 0.01870907 0.07739785 -0.00693907
v 0.01880901 0.07308913 0.01054183
v 0.01868137 0.0703782 -0.01178431
v 0.01867937 0.0675 -0.01213378
v 0.01905731 0.0675 -0.01253011
v 0.01877251 0.07874525 0.0041575
v 0.01915351 0.0791138 0.0042951
v 0.01916867 0.07772224 0.00694643
v 0.01969248 0.07164761 0.01174768
v 0.01969491 0.07052791 0.01217232
v 0.01919727 0.07047253 0.01195047
v 0.01969623 0.06862377 0.01240352
v 0.01968873 0.07337985 0.01109074
v 0.01967882 0.07589007 0.00935808
v 0.01968463 0.07441929 0.01037327
v 0.0191912 0.0732723 0.01088867
v 0.01966577 0.0779127 0.00707505
v 0.01967314 0.07677104 0.00836368
v 0.01918148 0.07573662 0.00918771
v 0.0196334 0.08006012 0.00141285
v 0.01964223 0.07967947 0.0029572
v 0.01965033 0.07933017 0.00437432
v 0.01965871 0.07856054 0.00584071
v 0.01960713 0.07967947 -0.0031816
v 0.01961596 0.08006012 -0.00163725
v 0.01911977 0.07983039 -0.00160652
v 0.01962468 0.08006012 -0.0001122
v 0.01913689 0.07983039 0.0013878
v 0.01959065 0.07856054 -0.00606511
v 0.01959903 0.07933017 -0.00459872
v 0.01910315 0.0791138 -0.00451382
v 0.01957622 0.07677104 -0.00858808
v 0.01958359 0.0779127 -0.00729944
v 0.01908799 0.07772224 -0.00716515
v 0.01906545 0.0732723 -0.01110739
v 0.01956473 0.07441929 -0.01059767
v 0.01907517 0.07573662 -0.00940643
v 0.01957054 0.07589007 -0.00958248
v 0.01955312 0.06862377 -0.01262791
v 0.01955445 0.07052791 -0.01239671
v 0.01905938 0.07047253 -0.01216919
v 0.01955687 0.07164761 -0.01197207
v 0.01956063 0.07337985 -0.01131513
v 0.01879959 0.07547524 0.00889485
v 0.01878718 0.07739785 0.0067247
v 0.01872374 0.07874525 -0.00437187
v 0.01873984 0.0794391 -0.00155683
v 0.01875641 0.0794391 0.00134246
v 0.01868724 0.07308913 -0.0107562
v 0.01955235 0.0675 -0.01276436
v 0.01881489 0.0703782 0.01156994
v -0.01969701 0.0675 -0.01253997
v -0.01969701 -0.0675 -0.01253997
v -0.01919934 0.0675 -0.01231139
v -0.01919934 -0.0675 -0.01231139
v -0.01881688 0.0675 -0.01191941
v -0.01881688 -0.0675 -0.01191941
v -0.01879959 -0.07547524 -0.00889485
v -0.01878718 -0.07739785 -0.0067247
v -0.01877251 -0.07874525 -0.0041575
v -0.01881489 -0.0703782 -0.01156994
v -0.01870907 -0.07739785 0.00693907
v -0.01908799 -0.07772224 0.00716515
v -0.01907518 -0.07573662 0.00940643
v -0.01964223 -0.07967947 -0.0029572
v -0.0196334 -0.08006012 -0.00141285
v -0.01913689 -0.07983039 -0.0013878
v -0.01962468 -0.08006012 0.0001122
v -0.01961596 -0.08006012 0.00163725
v -0.01911977 -0.07983039 0.00160652
v -0.01955687 -0.07164761 0.01197207
v -0.01955445 -0.07052791 0.01239671
v -0.01905938 -0.07047253 0.01216919
v -0.01955312 -0.06862377 0.01262791
v -0.01955234 -0.0675 0.01276436
v -0.01905732 -0.0675 0.01253011
v -0.01956063 -0.07337985 0.01131513
v -0.01957054 -0.07589007 0.00958248
v -0.01956473 -0.07441929 0.01059767
v -0.01906545 -0.0732723 0.01110739
v -0.01959903 -0.07933017 0.00459872
v -0.01959065 -0.07856054 0.00606511
v -0.01958359 -0.0779127 0.00729944
v -0.01957622 -0.07677104 0.00858808
v -0.01960713 -0.07967947 0.0031816
v -0.01910315 -0.0791138 0.00451382
v -0.01965871 -0.07856054 -0.00584071
v -0.01965033 -0.07933017 -0.00437432
v -0.01915351 -0.0791138 -0.0042951
v -0.01967314 -0.07677104 -0.00836368
v -0.01966577 -0.0779127 -0.00707505
v -0.01916867 -0.07772224 -0.00694643
v -0.01919121 -0.0732723 -0.01088867
v -0.01968463 -0.07441929 -0.01037327
v -0.01918148 -0.07573662 -0.00918771
v -0.01967882 -0.07589007 -0.00935808
v -0.01969623 -0.06862377 -0.01240352
v -0.01969491 -0.07052791 -0.01217232
v -0.01919728 -0.07047253 -0.01195047
v -0.01969248 -0.07164761 -0.01174768
v -0.01968873 -0.07337985 -0.01109074
v -0.01868724 -0.07308913 0.0107562
v -0.01869666 -0.07547524 0.00910922
v -0.01872374 -0.07874525 0.00437187
v -0.01873984 -0.0794391 0.00155683
v -0.01875641 -0.0794391 -0.00134246
v -0.01880901 -0.07308913 -0.01054183
v -0.01867937 -0.0675 0.01213378
v -0.01868137 -0.0703782 0.01178431
v -0.01955234 0.0675 0.01276436
v -0.01905732 0.0675 0.01253011
v -0.01867937 0.0675 0.01213378
v -0.01869666 0.07547524 0.00910922
v -0.01870907 0.07739785 0.00693907
v -0.01872374 0.07874525 0.00437187
v -0.01868137 0.0703782 0.01178431
v -0.01878718 0.07739785 -0.0067247
v -0.01916867 0.07772224 -0.00694643
v -0.01918148 0.07573662 -0.00918771
v -0.01960713 0.07967947 0.0031816
v -0.01961596 0.08006012 0.00163725
v -0.01911977 0.07983039 0.00160652
v -0.01962468 0.08006012 0.0001122
v -0.0196334 0.08006012 -0.00141285
v -0.01913689 0.07983039 -0.0013878
v -0.01969248 0.07164761 -0.01174768
v -0.01969491 0.07052791 -0.01217232
v -0.01919728 0.07047253 -0.01195047
v -0.01969623 0.06862377 -0.01240352
v -0.01968873 0.07337985 -0.01109074
v -0.01967882 0.07589007 -0.00935808
v -0.01968463 0.07441929 -0.01037327
v -0.01919121 0.0732723 -0.01088867
v -0.01965033 0.07933017 -0.00437432
v -0.01965871 0.07856054 -0.00584071
v -0.01966577 0.0779127 -0.00707505
v -0.01967314 0.07677104 -0.00836368
v -0.01964223 0.07967947 -0.0029572
v -0.01915351 0.0791138 -0.0042951
v -0.01959065 0.07856054 0.00606511
v -0.01959903 0.07933017 0.00459872
v -0.01910315 0.0791138 0.00451382
v -0.01957622 0.07677104 0.00858808
v -0.01958359 0.0779127 0.00729944
v -0.01908799 0.07772224 0.00716515
v -0.01906545 0.0732723 0.01110739
v -0.01956473 0.07441929 0.01059767
v -0.01907518 0.07573662 0.00940643
v -0.01957054 0.07589007 0.00958248
v -0.01955312 0.06862377 0.01262791
v -0.01955445 0.07052791 0.01239671
v -0.01905938 0.07047253 0.01216919
v -0.01955687 0.07164761 0.01197207
v -0.01956063 0.07337985 0.01131513
v -0.01880901 0.07308913 -0.01054183
v -0.01879959 0.07547524 -0.00889485
v -0.01877251 0.07874525 -0.0041575
v -0.01875641 0.0794391 -0.00134246
v -0.01873984 0.0794391 0.00155683
v -0.01868724 0.07308913 0.0107562
v -0.01881489 0.0703782 -0.01156994
v 0.01974384 -0.0675 -0.01286615
v 0.01973734 -0.0675 -0.01285766
v 0.01973763 -0.06864242 -0.01280635
v 0.01988306 -0.0675 0.01263114
v 0.01988277 -0.06864242 0.01257984
v 0.01987898 -0.07170928 0.01191597
v 0.01987101 -0.07452097 0.01052288
v 0.01985936 -0.07690704 0.00848501
v 0.01984473 -0.07872284 0.00592591
v 0.01982801 -0.07985831 0.00300071
v 0.0198102 -0.08024461 -0.00011326
v 0.0197924 -0.07985831 -0.00322723
v 0.01977568 -0.07872284 -0.00615243
v 0.01976105 -0.07690704 -0.00871153
v 0.0197494 -0.07452097 -0.01074939
v 0.01974143 -0.07170928 -0.01214248
v 0.0198831 -0.06865938 -0.01299561
v 0.0198828 -0.0675 -0.01304768
v 0.0198763 -0.0675 -0.01303919
v 0.01992457 -0.0675 -0.01325062
v 0.01992514 -0.06867349 -0.01315033
v 0.01992566 -0.06972917 -0.0130601
v 0.01988695 -0.07177176 -0.01232189
v 0.01993999 -0.0754752 -0.01055294
v 0.01993722 -0.07471137 -0.01103735
v 0.01989504 -0.07462519 -0.01090812
v 0.01993299 -0.0735426 -0.01177858
v 0.01992867 -0.07178306 -0.01253285
v 0.0199486 -0.07713172 -0.00904725
v 0.01990686 -0.07704668 -0.00884
v 0.01995858 -0.07849518 -0.00730264
v 0.01992171 -0.07888944 -0.00624292
v 0.01996421 -0.0790277 -0.00631746
v 0.0199696 -0.07953726 -0.00537478
v 0.01993868 -0.08004177 -0.00327429
v 0.01998132 -0.08023859 -0.00332344
v 0.01999341 -0.08059083 -0.00120997
v 0.01995675 -0.0804338 -0.0001141
v 0.01999967 -0.08059087 -0.00011434
v 0.01999179 -0.07888944 0.00601473
v 0.02003514 -0.07903124 0.00608937
v 0.02003149 -0.07939985 0.00545013
v 0.01997481 -0.08004177 0.0030461
v 0.02001886 -0.08020044 0.00324266
v 0.02001801 -0.08022622 0.00309329
v 0.02000593 -0.08059091 0.00098036
v 0.02004261 -0.07827762 0.00739632
v 0.02000663 -0.07704668 0.00861181
v 0.02005021 -0.07716856 0.00872517
v 0.02001846 -0.07462519 0.01067993
v 0.0200622 -0.07472122 0.01082233
v 0.02006088 -0.07511187 0.01059195
v 0.02005261 -0.07681791 0.00914531
v 0.02006738 -0.07318497 0.01172827
v 0.02002654 -0.07177176 0.0120937
v 0.02007035 -0.07182448 0.01224748
v 0.02003039 -0.06865938 0.01276742
v 0.02007438 -0.06867658 0.01295271
v 0.02007426 -0.0690424 0.01293119
v 0.02007182 -0.07115055 0.01250467
v 0.02007477 -0.0675 0.01302194
v 0.02003069 -0.0675 0.01281949
v 0.02002409 -0.0675 0.01281107
v 0.01988966 -0.0675 0.01263956
v 0.02007477 0.0675 0.01302194
v 0.02003069 0.0675 0.01281949
v 0.02002409 0.0675 0.01281107
v 0.01988306 0.0675 0.01263114
v 0.01988966 0.0675 0.01263956
v 0.02003039 0.06865938 0.01276742
v 0.02002654 0.07177176 0.0120937
v 0.02007369 0.06972917 0.01283142
v 0.0200742 0.06867349 0.01292164
v 0.02005935 0.0754752 0.01032426
v 0.02006212 0.07471137 0.01080867
v 0.02001846 0.07462519 0.01067993
v 0.02006636 0.0735426 0.01154989
v 0.02007067 0.07178306 0.01230417
v 0.02005074 0.07713172 0.00881857
v 0.02000663 0.07704668 0.00861181
v 0.02004077 0.07849518 0.00707396
v 0.01999179 0.07888944 0.00601473
v 0.02003514 0.0790277 0.00608878
v 0.02002975 0.07953726 0.0051461
v 0.01997481 0.08004177 0.0030461
v 0.02001802 0.08023859 0.00309476
v 0.02000594 0.08059083 0.00098129
v 0.01995675 0.0804338 -0.0001141
v 0.01999967 0.08059087 -0.00011434
v 0.01992171 0.07888944 -0.00624292
v 0.01996421 0.07903124 -0.00631805
v 0.01996786 0.07939985 -0.00567881
v 0.01993868 0.08004177 -0.00327429
v 0.01998048 0.08020044 -0.00347135
v 0.01998133 0.08022622 -0.00332198
v 0.01999341 0.08059091 -0.00120904
v 0.01995673 0.07827762 -0.007625
v 0.01990686 0.07704668 -0.00884
v 0.01994914 0.07716856 -0.00895385
v 0.01989504 0.07462519 -0.01090812
v 0.01993715 0.07472122 -0.01105101
v 0.01993846 0.07511187 -0.01082063
v 0.01994673 0.07681791 -0.00937399
v 0.01993197 0.07318497 -0.01195695
v 0.01988695 0.07177176 -0.01232189
v 0.019929 0.07182448 -0.01247616
v 0.0198831 0.06865938 -0.01299561
v 0.01992497 0.06867658 -0.01318139
v 0.01992509 0.0690424 -0.01315987
v 0.01992753 0.07115055 -0.01273335
v 0.01992457 0.0675 -0.01325062
v 0.0198828 0.0675 -0.01304768
v 0.0198763 0.0675 -0.01303919
v 0.01974384 0.0675 -0.01286615
v 0.01973734 0.0675 -0.01285766
v 0.01973763 0.06864242 -0.01280635
v 0.01974143 0.07170928 -0.01214248
v 0.0197494 0.07452097 -0.01074939
v 0.01976105 0.07690704 -0.00871153
v 0.01977568 0.07872284 -0.00615243
v 0.0197924 0.07985831 -0.00322723
v 0.0198102 0.08024461 -0.00011326
v 0.01982801 0.07985831 0.00300071
v 0.01984473 0.07872284 0.00592591
v 0.01985936 0.07690704 0.00848501
v 0.01987101 0.07452097 0.01052288
v 0.01987898 0.07170928 0.01191597
v 0.01988277 0.06864242 0.01257984
v -0.02007478 0.0675 -0.01302194
v -0.02007478 -0.0675 -0.01302194
v -0.02003069 0.0675 -0.01281949
v -0.02003069 -0.0675 -0.01281949
v -0.02002409 0.0675 -0.01281107
v -0.02002409 -0.0675 -0.01281107
v -0.01988966 -0.0675 -0.01263956
v -0.01988306 -0.0675 -0.01263114
v -0.01988306 0.0675 -0.01263114
v -0.01988966 0.0675 -0.01263956
v -0.01992457 -0.0675 0.01325062
v -0.0198828 -0.0675 0.01304768
v -0.0198831 -0.06865938 0.01299561
v -0.01992487 -0.06867754 0.01319773
v -0.01988695 -0.07177176 0.01232189
v -0.01992879 -0.07183871 0.01251345
v -0.01989504 -0.07462519 0.01090812
v -0.019937 -0.07473686 0.01107753
v -0.01990686 -0.07704668 0.00884
v -0.019949 -0.07719629 0.008977
v -0.01992171 -0.07888944 0.00624292
v -0.01996408 -0.07906794 0.00633921
v -0.01993868 -0.08004177 0.00327429
v -0.01998132 -0.08023832 0.00332406
v -0.01995675 -0.0804338 0.0001141
v -0.01999967 -0.08063649 0.00011434
v -0.01997481 -0.08004177 -0.0030461
v -0.02001802 -0.08023832 -0.00309538
v -0.01999179 -0.07888944 -0.00601473
v -0.02003526 -0.07906794 -0.00611053
v -0.02000663 -0.07704668 -0.00861181
v -0.02005034 -0.07719629 -0.00874832
v -0.02001846 -0.07462519 -0.01067993
v -0.02006235 -0.07473686 -0.01084884
v -0.02002654 -0.07177176 -0.0120937
v -0.02007056 -0.07183871 -0.01228477
v -0.02003039 -0.06865938 -0.01276742
v -0.02007447 -0.06867754 -0.01296905
v -0.01988277 -0.06864242 -0.01257984
v -0.01987897 -0.07170928 -0.01191597
v -0.01987101 -0.07452097 -0.01052288
v -0.01985936 -0.07690704 -0.00848501
v -0.01984473 -0.07872284 -0.00592591
v -0.019828 -0.07985831 -0.00300071
v -0.0198102 -0.08024461 0.00011326
v -0.0197924 -0.07985831 0.00322723
v -0.01977568 -0.07872284 0.00615243
v -0.01976104 -0.07690704 0.00871153
v -0.01974939 -0.07452097 0.01074939
v -0.01974143 -0.07170928 0.01214248
v -0.01973763 -0.06864242 0.01280635
v -0.01973734 -0.0675 0.01285766
v -0.01974384 -0.0675 0.01286615
v -0.0198763 -0.0675 0.01303919
v -0.01992457 0.0675 0.01325062
v -0.0198828 0.0675 0.01304768
v -0.0198763 0.0675 0.01303919
v -0.01974384 0.0675 0.01286615
v -0.01973734 0.0675 0.01285766
v -0.01988277 0.06864242 -0.01257984
v -0.01973763 0.06864242 0.01280635
v -0.01974143 0.07170928 0.01214248
v -0.01974939 0.07452097 0.01074939
v -0.01976104 0.07690704 0.00871153
v -0.01977568 0.07872284 0.00615243
v -0.0197924 0.07985831 0.00322723
v -0.0198102 0.08024461 0.00011326
v -0.019828 0.07985831 -0.00300071
v -0.01984473 0.07872284 -0.00592591
v -0.01985936 0.07690704 -0.00848501
v -0.01987101 0.07452097 -0.01052288
v -0.01987897 0.07170928 -0.01191597
v -0.02003039 0.06865938 -0.01276742
v -0.02007447 0.06867754 -0.01296905
v -0.02002654 0.07177176 -0.0120937
v -0.02007056 0.07183871 -0.01228477
v -0.02001846 0.07462519 -0.01067993
v -0.02006235 0.07473686 -0.01084884
v -0.02000663 0.07704668 -0.00861181
v -0.02005034 0.07719629 -0.00874832
v -0.01999179 0.07888944 -0.00601473
v -0.02003526 0.07906794 -0.00611053
v -0.01997481 0.08004177 -0.0030461
v -0.02001802 0.08023832 -0.00309538
v -0.01995675 0.0804338 0.0001141
v -0.01999967 0.08063649 0.00011434
v -0.01993868 0.08004177 0.00327429
v -0.01998132 0.08023832 0.00332406
v -0.01992171 0.07888944 0.00624292
v -0.01996408 0.07906794 0.00633921
v -0.01990686 0.07704668 0.00884
v -0.019949 0.07719629 0.008977
v -0.01989504 0.07462519 0.01090812
v -0.019937 0.07473686 0.01107753
v -0.01988695 0.07177176 0.01232189
v -0.01992879 0.07183871 0.01251345
v -0.0198831 0.06865938 0.01299561
v -0.01992487 0.06867754 0.01319773
v 0.01998 -0.0821 -0.00355521
v -0.02001934 -0.0821 -0.00332653
v -0.02004568 -0.08015845 -0.00793312
v 0.01995366 -0.08015845 -0.0081618
v -0.02006691 -0.07681091 -0.01164587
v 0.01993244 -0.07681091 -0.01187455
v -0.02008067 -0.0724292 -0.0140524
v 0.01991868 -0.0724292 -0.01428108
v -0.02008543 -0.0675 -0.01488541
v 0.01991392 -0.0675 -0.0151141
v 0.01991392 0.0675 -0.0151141
v -0.02008543 0.0675 -0.01488541
v -0.02008067 0.0724292 -0.0140524
v 0.01991868 0.0724292 -0.01428108
v -0.02006691 0.07681091 -0.01164587
v 0.01993244 0.07681091 -0.01187455
v -0.02004568 0.08015845 -0.00793312
v 0.01995366 0.08015845 -0.0081618
v -0.02001934 0.0821 -0.00332653
v 0.01998 0.0821 -0.00355521
v -0.01998 0.0821 0.00355521
v 0.02001934 0.0821 0.00332653
v 0.02001934 -0.0821 0.00332653
v -0.01998 -0.0821 0.00355521
v -0.01995366 0.08015845 0.0081618
v 0.02004568 0.08015845 0.00793312
v -0.01993244 0.07681091 0.01187455
v 0.02006691 0.07681091 0.01164587
v -0.01991868 0.0724292 0.01428108
v 0.02008067 0.0724292 0.0140524
v -0.01991392 0.0675 0.0151141
v 0.02008543 0.0675 0.01488541
v 0.02004568 -0.08015845 0.00793312
v 0.02006691 -0.07681091 0.01164587
v 0.02008067 -0.0724292 0.0140524
v 0.02008543 -0.0675 0.01488541
v -0.01991392 -0.0675 0.0151141
v -0.01991868 -0.0724292 0.01428108
v -0.01993244 -0.07681091 0.01187455
v -0.01995366 -0.08015845 0.0081618
vn -0 1 0
vn 0 -1 -0
vn 0.98512 0 -0.17186
vn 0.93907 0 -0.34372
vn 0.76721 0 -0.6414
vn 0.6414 0 -0.76721
vn 0.34372 0 -0.93907
vn 0.17186 0 -0.98512
vn -0.17186 0 -0.98512
vn -0.34372 0 -0.93907
vn -0.6414 0 -0.76721
vn -0.76721 0 -0.6414
vn -0.93907 -0 -0.34372
vn -0.98512 -0 -0.17186
vn -0.98512 -0 0.17186
vn -0.93907 -0 0.34372
vn -0.76721 -0 0.6414
vn -0.6414 -0 0.76721
vn -0.34372 -0 0.93907
vn -0.17186 -0 0.98512
vn 0.17186 -0 0.98512
vn 0.34372 -0 0.93907
vn 0.6414 -0 0.76721
vn 0.76721 -0 0.6414
vn 0.93907 0 0.34372
vn 0.98512 0 0.17186
vn 1 0 0
vn -0 -0 1
vn -0 -1 -0
vn 0.11699 -0 0.99313
vn 0.23398 -0 0.97224
vn 0.39838 -0 0.91722
vn 0.44953 -0 0.89326
vn 0.57282 -0 0.81968
vn 0.64269 -0 0.76612
vn 0.76612 -0 0.6427
vn 0.81968 -0 0.57282
vn 0.89326 -0 0.44953
vn 0.91722 -0 0.39838
vn 0.97224 0 0.23398
vn 0.99313 0 0.11699
vn 0.91734 0.01038 0.39796
vn 0.23418 0.02845 -0.97178
vn 0.64302 0.0213 -0.76555
vn 0.91734 0.01038 -0.39796
vn 0.99313 0 -0.11699
vn 0.97229 0.01049 -0.23352
vn 0.99313 0.01049 -0.11652
vn 0.97264 0.04915 -0.22704
vn 0.99313 0.03864 -0.11043
vn 0.97264 0.10313 -0.20815
vn 0.99313 0.08635 -0.07893
vn 0.97264 0.15087 -0.17664
vn 0.99313 0.06445 -0.09764
vn 0.97264 0.18945 -0.13442
vn 0.99313 0.10302 -0.05544
vn 0.97264 0.21656 -0.08406
vn 0.99313 0.11344 -0.02859
vn 0.97264 0.23053 -0.0286
vn 0.99313 0.11699 0
vn 0.97264 0.23053 0.0286
vn 0.99313 0.11699 0
vn 0.99313 0.11699 0
vn 0.97264 0.21656 0.08406
vn 0.99313 0.11344 0.02859
vn 0.99313 0.08635 0.07893
vn 0.97264 0.18945 0.13442
vn 0.99313 0.10302 0.05544
vn 0.97264 0.15087 0.17664
vn 0.99313 0.06445 0.09764
vn 0.97264 0.10313 0.20815
vn 0.99313 0.03864 0.11043
vn 0.97264 0.04915 0.22704
vn 0.99313 0.01049 0.11652
vn 0.97229 0.01049 0.23352
vn 0.64302 0.0213 0.76555
vn 0.76642 0.0213 0.64199
vn 0.11709 0.03033 0.99266
vn 0.11709 0.05878 -0.99138
vn 0.11778 0.17152 -0.97811
vn 0.23547 0.24636 -0.94014
vn 0.11778 0.40531 -0.90656
vn 0.23547 0.4686 -0.85145
vn 0.11778 0.61454 -0.78005
vn 0.23547 0.66244 -0.71114
vn 0.11778 0.78651 -0.60625
vn 0.23547 0.81613 -0.52773
vn 0.11778 0.9108 -0.3957
vn 0.23547 0.92033 -0.31232
vn 0.11778 0.97987 -0.16116
vn 0.23547 0.96875 -0.07798
vn 0.11778 0.98955 0.08315
vn 0.23547 0.95844 0.16109
vn 0.11778 0.93924 0.32242
vn 0.23547 0.89003 0.39039
vn 0.11778 0.83199 0.54214
vn 0.23547 0.76766 0.59603
vn 0.11778 0.67431 0.729
vn 0.23547 0.59876 0.76553
vn 0.11778 0.47575 0.87166
vn 0.23547 0.39356 0.88863
vn 0.11778 0.24835 0.96148
vn 0.23547 0.1645 0.95786
vn 0.23418 0.05877 0.97042
vn 0.39868 0.02814 0.91666
vn 0.52606 0.04998 0.84898
vn 0.6016 0.13022 0.78811
vn 0.47887 0.21474 0.85122
vn 0.6016 0.31884 0.73241
vn 0.47887 0.41622 0.77294
vn 0.6016 0.48813 0.6323
vn 0.47887 0.59246 0.64782
vn 0.6016 0.62783 0.49387
vn 0.47887 0.73279 0.48342
vn 0.6016 0.72948 0.32549
vn 0.47887 0.8287 0.28971
vn 0.6016 0.7869 0.13739
vn 0.47887 0.87437 0.07845
vn 0.6016 0.79661 -0.05905
vn 0.47887 0.86704 -0.13757
vn 0.6016 0.75804 -0.2519
vn 0.47887 0.80714 -0.34526
vn 0.6016 0.67352 -0.42949
vn 0.47887 0.69832 -0.53201
vn 0.6016 0.54816 -0.58104
vn 0.47887 0.54716 -0.68651
vn 0.6016 0.38957 -0.69736
vn 0.47887 0.36283 -0.7994
vn 0.6016 0.20737 -0.77141
vn 0.47887 0.15651 -0.86382
vn 0.52606 0.04998 -0.84898
vn 0.39868 0.02814 -0.91666
vn 0.85087 0.03198 0.5244
vn 0.88043 0.07113 0.46882
vn 0.80275 0.14034 0.57957
vn 0.88043 0.18353 0.43723
vn 0.80275 0.27769 0.52771
vn 0.88043 0.2848 0.37913
vn 0.80275 0.39822 0.44386
vn 0.88043 0.3688 0.29805
vn 0.80275 0.4946 0.33311
vn 0.88043 0.43045 0.19891
vn 0.80275 0.561 0.20216
vn 0.88043 0.466 0.0877
vn 0.80275 0.59339 0.05896
vn 0.88043 0.47331 -0.02882
vn 0.80275 0.58981 -0.08782
vn 0.88043 0.45192 -0.14359
vn 0.80275 0.55048 -0.22927
vn 0.88043 0.40313 -0.24966
vn 0.80275 0.47777 -0.35683
vn 0.88043 0.32991 -0.3406
vn 0.80275 0.3761 -0.46275
vn 0.88043 0.23669 -0.41089
vn 0.80275 0.25164 -0.54062
vn 0.88043 0.12912 -0.45626
vn 0.80275 0.11191 -0.58572
vn 0.85087 0.03198 -0.5244
vn 0.76642 0.0213 -0.64199
vn 0.11699 0 -0.99313
vn 0.23398 0 -0.97224
vn 0.39838 0 -0.91722
vn 0.44953 0 -0.89326
vn 0.57282 0 -0.81968
vn 0.64269 0 -0.76612
vn 0.76612 0 -0.6427
vn 0.81968 0 -0.57282
vn 0.89326 0 -0.44953
vn 0.91722 0 -0.39838
vn 0.97224 0 -0.23398
vn 0.99313 0 -0.11699
vn 0.91734 -0.01038 -0.39796
vn 0.97229 -0.01049 -0.23352
vn 0.64302 -0.0213 -0.76555
vn 0.76642 -0.0213 -0.64199
vn 0.39868 -0.02814 -0.91666
vn 0.11709 -0.03033 -0.99266
vn 0.23418 -0.05877 -0.97042
vn 0.23547 -0.1645 -0.95786
vn 0.11778 -0.24835 -0.96148
vn 0.23547 -0.39356 -0.88863
vn 0.11778 -0.47575 -0.87166
vn 0.23547 -0.59876 -0.76553
vn 0.11778 -0.67431 -0.729
vn 0.23547 -0.76766 -0.59603
vn 0.11778 -0.83199 -0.54214
vn 0.23547 -0.89003 -0.39039
vn 0.11778 -0.93924 -0.32242
vn 0.23547 -0.95844 -0.16109
vn 0.11778 -0.98955 -0.08315
vn 0.23547 -0.96875 0.07798
vn 0.11778 -0.97987 0.16116
vn 0.23547 -0.92033 0.31232
vn 0.11778 -0.9108 0.3957
vn 0.23547 -0.81613 0.52773
vn 0.11778 -0.78651 0.60625
vn 0.23547 -0.66244 0.71114
vn 0.11778 -0.61454 0.78005
vn 0.23547 -0.4686 0.85145
vn 0.11778 -0.40531 0.90656
vn 0.23547 -0.24636 0.94014
vn 0.11778 -0.17152 0.97811
vn 0.23418 -0.05877 0.97042
vn 0.11709 -0.03033 0.99266
vn 0.64302 -0.0213 0.76555
vn 0.91734 -0.01038 0.39796
vn 0.99313 0 0.11699
vn 0.97229 -0.01049 0.23352
vn 0.99313 -0.01049 0.11652
vn 0.97264 -0.04915 0.22704
vn 0.99313 -0.03864 0.11043
vn 0.99313 -0.06445 0.09764
vn 0.97264 -0.10313 0.20815
vn 0.97264 -0.15087 0.17664
vn 0.99313 -0.08635 0.07893
vn 0.97264 -0.21656 0.08406
vn 0.99313 -0.10302 0.05544
vn 0.97264 -0.18945 0.13442
vn 0.97264 -0.23053 0.0286
vn 0.99313 -0.11344 0.02859
vn 0.97264 -0.23053 -0.0286
vn 0.99313 -0.11699 0
vn 0.99313 -0.11699 0
vn 0.99313 -0.10302 -0.05544
vn 0.97264 -0.21656 -0.08406
vn 0.99313 -0.11344 -0.02859
vn 0.97264 -0.18945 -0.13442
vn 0.99313 -0.08635 -0.07893
vn 0.97264 -0.15087 -0.17664
vn 0.99313 -0.06445 -0.09764
vn 0.97264 -0.10313 -0.20815
vn 0.99313 -0.03864 -0.11043
vn 0.99313 -0.01049 -0.11652
vn 0.97264 -0.04915 -0.22704
vn 0.52606 -0.04998 -0.84898
vn 0.6016 -0.13022 -0.78811
vn 0.47887 -0.21474 -0.85122
vn 0.6016 -0.31884 -0.73241
vn 0.47887 -0.41622 -0.77294
vn 0.6016 -0.48813 -0.6323
vn 0.47887 -0.59246 -0.64782
vn 0.6016 -0.62783 -0.49387
vn 0.47887 -0.73279 -0.48342
vn 0.6016 -0.72948 -0.32549
vn 0.47887 -0.8287 -0.28971
vn 0.6016 -0.7869 -0.13739
vn 0.47887 -0.87437 -0.07845
vn 0.6016 -0.79661 0.05905
vn 0.47887 -0.86704 0.13757
vn 0.6016 -0.75804 0.2519
vn 0.47887 -0.80714 0.34526
vn 0.6016 -0.67352 0.42949
vn 0.47887 -0.69832 0.53201
vn 0.6016 -0.54816 0.58104
vn 0.47887 -0.54716 0.68651
vn 0.6016 -0.38957 0.69736
vn 0.47887 -0.36283 0.7994
vn 0.6016 -0.20737 0.77141
vn 0.47887 -0.15651 0.86382
vn 0.52606 -0.04998 0.84898
vn 0.39868 -0.02814 0.91666
vn 0.85087 -0.03198 -0.5244
vn 0.88043 -0.07113 -0.46882
vn 0.80275 -0.14034 -0.57957
vn 0.88043 -0.18353 -0.43723
vn 0.80275 -0.27769 -0.52771
vn 0.88043 -0.2848 -0.37913
vn 0.80275 -0.39822 -0.44386
vn 0.88043 -0.3688 -0.29805
vn 0.80275 -0.4946 -0.33311
vn 0.88043 -0.43045 -0.19891
vn 0.80275 -0.561 -0.20216
vn 0.88043 -0.466 -0.0877
vn 0.80275 -0.59339 -0.05896
vn 0.88043 -0.47331 0.02882
vn 0.80275 -0.58981 0.08782
vn 0.88043 -0.45192 0.14359
vn 0.80275 -0.55048 0.22927
vn 0.88043 -0.40313 0.24966
vn 0.80275 -0.47777 0.35683
vn 0.88043 -0.32991 0.3406
vn 0.80275 -0.3761 0.46275
vn 0.88043 -0.23669 0.41089
vn 0.80275 -0.25164 0.54062
vn 0.88043 -0.12912 0.45626
vn 0.80275 -0.11191 0.58572
vn 0.85087 -0.03198 0.5244
vn 0.76642 -0.0213 0.64199
vn -1 -0 -0
vn 0.96399 0 0.26595
vn 0.91798 -0 0.39663
vn 0.77761 -0 0.62875
vn 0.68324 -0 0.73019
vn 0.46186 -0 0.88695
vn 0.33484 -0 0.94228
vn 0.06927 -0 0.9976
vn -0.06927 -0 0.9976
vn -0.33484 -0 0.94228
vn -0.46186 -0 0.88695
vn -0.68324 -0 0.73019
vn -0.77761 -0 0.62875
vn -0.91798 -0 0.39663
vn -0.96399 -0 0.26595
vn 1 0 0
vn 0.96526 0 0.26128
vn 0.92188 -0 0.38748
vn 0.78632 -0 0.61782
vn 0.69277 -0 0.72116
vn 0.47204 -0 0.88158
vn 0.34487 -0 0.93865
vn 0.0783 -0 0.99693
vn -0.06109 -0 0.99813
vn -0.32862 -0 0.94446
vn -0.45676 -0 0.88959
vn -0.68022 -0 0.733
vn -0.77554 -0 0.63129
vn -0.91732 -0 0.39815
vn -0.96377 -0 0.26673
vn 0 0 -1
vn -1 0 0
vn -0.17186 -0.98512 -0
vn -0.34372 -0.93907 -0
vn -0.6414 -0.76721 -0
vn -0.76721 -0.6414 -0
vn -0.93907 -0.34372 -0
vn -0.98512 -0.17186 -0
vn -0.98512 0.17186 0
vn -0.93907 0.34372 0
vn -0.76721 0.6414 0
vn -0.6414 0.76721 0
vn -0.34372 0.93907 0
vn -0.17186 0.98512 0
vn 0.17186 0.98512 0
vn 0.34372 0.93907 0
vn 0.6414 0.76721 0
vn 0.76721 0.6414 0
vn 0.93907 0.34372 0
vn 0.98512 0.17186 0
vn 0.98512 -0.17186 -0
vn 0.93907 -0.34372 -0
vn 0.76721 -0.6414 -0
vn 0.6414 -0.76721 -0
vn 0.34372 -0.93907 -0
vn 0.17186 -0.98512 -0
vn -0.03718 0.89255 0.44941
vn -0.03718 -0.89255 -0.44941
vn -0 -0 1
vn -0 -0 1
vn -0 -0 1
vn -0 -0 1
vn -0 -0 1
vn -0 -0 1
vn -0 -0 1
vn -0 -0 1
vn -0 -0 1
vn -0 -0 1
vn -0 -0 1
vn -0 -0 1
vn -0 -0 1
vn -0 -0 1
vn -0 -0 1
vn -0 -0 1
vn -0 -0 1
vn -0.02026 -0.48591 -0.87378
vn -0.01549 -0.37202 -0.9281
vn -0.01376 -0.33032 -0.94377
vn -0.01729 -0.41532 -0.90951
vn -0.01559 -0.37416 -0.92723
vn -0.01792 -0.42995 -0.90268
vn -0.01309 -0.31433 -0.94922
vn -0.01005 -0.24136 -0.97038
vn -0.00828 -0.1988 -0.98001
vn -0.00514 -0.12353 -0.99233
vn -0.00146 -0.03513 -0.99938
vn -0.00298 -0.0716 -0.99743
vn -0.00481 -0.11567 -0.99328
vn -0.0033 -0.07919 -0.99685
vn -0.03651 -0.87603 -0.48088
vn -0.03185 -0.76402 -0.6444
vn -0.03413 -0.81912 -0.5726
vn -0.03432 -0.82337 -0.56646
vn -0.03568 -0.85598 -0.51578
vn -0.04085 -0.9803 -0.19326
vn -0.04065 -0.97544 -0.21649
vn -0.04003 -0.96057 -0.27512
vn -0.03994 -0.95856 -0.28209
vn -0.03868 -0.92805 -0.37045
vn -0.03855 -0.92534 -0.37718
vn -0.03753 -0.90078 -0.43265
vn -0.00801 -0.19215 0.98133
vn -0.00807 -0.19371 0.98103
vn -0.01023 -0.24528 0.9694
vn -0.01016 -0.24385 0.96976
vn -0.01222 -0.2934 0.95591
vn -0.01292 -0.31044 0.95051
vn -0.01531 -0.36777 0.92979
vn -0.0167 -0.40081 0.91601
vn -0.02008 -0.4822 0.87583
vn -0.02369 -0.5688 0.82214
vn -0.02165 -0.51939 0.85427
vn -0.01983 -0.4756 0.87944
vn -0.0314 -0.75328 0.65695
vn -0.03294 -0.79064 0.6114
vn -0.03376 -0.81009 0.58534
vn -0.03473 -0.83375 0.55105
vn -0.03573 -0.85731 0.51355
vn -0.02484 -0.59631 0.80237
vn -0.02682 -0.64401 0.76455
vn -0.02632 -0.6315 0.77493
vn -0.02911 -0.69876 0.71477
vn -0.02863 -0.68683 0.72625
vn -0.03042 -0.72974 0.68305
vn -0.03894 -0.93474 0.35319
vn -0.03898 -0.93555 0.35105
vn -0.03739 -0.89757 0.43928
vn -0.03731 -0.89538 0.44374
vn -0.03696 -0.88688 0.46051
vn -0.0403 -0.96727 0.25053
vn -0.04072 -0.97745 0.20722
vn -0.0402 -0.96488 0.2596
vn -0.04086 -0.98063 0.19158
vn -0.04117 -0.9882 0.14755
vn -0.04141 -0.99375 0.10366
vn -0.04146 -0.99513 0.08947
vn -0.0416 -0.99833 0.04019
vn -0.04163 -0.99913 -0.00125
vn -0.04159 -0.99809 -0.0457
vn -0.04154 -0.99709 -0.06385
vn -0.04137 -0.99298 -0.1108
vn -0.04129 -0.99104 -0.12704
vn -0.04111 -0.9865 -0.1585
vn -0.03163 -0.75931 -0.64996
vn -0.03007 -0.72192 -0.69132
vn -0.02877 -0.6903 -0.72295
vn -0.02702 -0.6483 -0.7609
vn -0.02812 -0.6751 -0.73719
vn -0.02527 -0.60625 -0.79487
vn -0.025 -0.60017 -0.79948
vn -0.02182 -0.52382 -0.85155
vn 0 0 -1
vn 0 0 -1
vn 0 0 -1
vn 0 0 -1
vn 0 0 -1
vn 0 0 -1
vn 0 0 -1
vn 0 0 -1
vn -0 -0 -1
vn 0 0 -1
vn 0 0 -1
vn 0 0 -1
vn 0 0 -1
vn 0 0 -1
vn 0 0 -1
vn 0 0 -1
vn 0 0 -1
vn 0 0 -1
vn 0 0 -1
vn 0 0 -1
vn 0 0 -1
vn -0.02026 0.48591 0.87378
vn -0.01549 0.37202 0.9281
vn -0.01376 0.33032 0.94377
vn -0.01729 0.41532 0.90951
vn -0.01559 0.37416 0.92723
vn -0.01792 0.42995 0.90268
vn -0.01309 0.31433 0.94922
vn -0.01005 0.24136 0.97038
vn -0.00828 0.1988 0.98001
vn -0.00514 0.12353 0.99233
vn -0.00146 0.03513 0.99938
vn -0 0 1
vn -0 -0 1
vn -0 -0 1
vn -0 -0 1
vn -0 -0 1
vn -0 -0 1
vn -0.00298 0.0716 0.99743
vn -0.00481 0.11567 0.99328
vn -0.0033 0.07919 0.99685
vn -0.03651 0.87603 0.48088
vn -0.03185 0.76402 0.6444
vn -0.03413 0.81912 0.5726
vn -0.03432 0.82337 0.56646
vn -0.03568 0.85598 0.51578
vn -0.04085 0.9803 0.19326
vn -0.04065 0.97544 0.21649
vn -0.04003 0.96057 0.27512
vn -0.03994 0.95856 0.28209
vn -0.03868 0.92805 0.37045
vn -0.03855 0.92534 0.37718
vn -0.03753 0.90078 0.43265
vn -0.00801 0.19215 -0.98133
vn -0.00807 0.19371 -0.98103
vn -0.01023 0.24528 -0.9694
vn -0.01016 0.24385 -0.96976
vn -0.01222 0.2934 -0.95591
vn -0.01292 0.31044 -0.95051
vn -0.01531 0.36777 -0.92979
vn -0.0167 0.40081 -0.91601
vn -0.02008 0.4822 -0.87583
vn -0.02369 0.5688 -0.82214
vn -0.02165 0.51939 -0.85427
vn -0.01983 0.4756 -0.87944
vn -0.0314 0.75328 -0.65695
vn -0.03294 0.79064 -0.6114
vn -0.03376 0.81009 -0.58534
vn -0.03473 0.83375 -0.55105
vn -0.03573 0.85731 -0.51355
vn -0.02484 0.59631 -0.80237
vn -0.02682 0.64401 -0.76455
vn -0.02632 0.6315 -0.77493
vn -0.02911 0.69876 -0.71477
vn -0.02863 0.68683 -0.72625
vn -0.03042 0.72974 -0.68305
vn -0.03894 0.93474 -0.35319
vn -0.03898 0.93555 -0.35105
vn -0.03739 0.89757 -0.43928
vn -0.03731 0.89538 -0.44374
vn -0.03696 0.88688 -0.46051
vn -0.0403 0.96727 -0.25053
vn -0.04072 0.97745 -0.20722
vn -0.0402 0.96488 -0.2596
vn -0.04086 0.98063 -0.19158
vn -0.04117 0.9882 -0.14755
vn -0.04141 0.99375 -0.10366
vn -0.04146 0.99513 -0.08947
vn -0.0416 0.99833 -0.04019
vn -0.04163 0.99913 0.00125
vn -0.04159 0.99809 0.0457
vn -0.04154 0.99709 0.06385
vn -0.04137 0.99298 0.1108
vn -0.04129 0.99104 0.12704
vn -0.04111 0.9865 0.1585
vn -0.03163 0.75931 0.64996
vn -0.03007 0.72192 0.69132
vn -0.02877 0.6903 0.72295
vn -0.02702 0.6483 0.7609
vn -0.02812 0.6751 0.73719
vn -0.02527 0.60625 0.79487
vn -0.025 0.60017 0.79948
vn -0.02182 0.52382 0.85155
vn -0 -0 1
vn -0 -0 1
vn -0.00148 -0.03543 0.99937
vn -0.00344 -0.08251 0.99658
vn -0.00528 -0.1266 0.99194
vn -0.00589 -0.14139 0.98994
vn 0 0 -1
vn 0 0 -1
vn -0.00148 0.03543 -0.99937
vn -0.00344 0.08251 -0.99658
vn -0.00528 0.1266 -0.99194
vn -0.00589 0.14139 -0.98994
vn 0 0 -1
vn 1 -0 -0
vn -0.17186 -0.98512 -0
vn -0.34372 -0.93907 -0
vn -0.6414 -0.76721 -0
vn -0.76721 -0.6414 -0
vn -0.93907 -0.34372 -0
vn -0.98512 -0.17186 -0
vn -0.98512 0.17186 0
vn -0.93907 0.34372 0
vn -0.76721 0.6414 0
vn -0.6414 0.76721 0
vn -0.34372 0.93907 0
vn -0.17186 0.98512 0
vn 0.17186 0.98512 0
vn 0.34372 0.93907 0
vn 0.6414 0.76721 0
vn 0.76721 0.6414 0
vn 0.93907 0.34372 0
vn 0.98512 0.17186 0
vn 0.98512 -0.17186 -0
vn 0.93907 -0.34372 -0
vn 0.76721 -0.6414 -0
vn 0.6414 -0.76721 -0
vn 0.34372 -0.93907 -0
vn 0.17186 -0.98512 -0
vn 0.33944 0.94063 0
vn 0.44075 0.89763 0
vn 0.56944 0.82203 0
vn 0.65709 0.75381 0
vn 0.8055 0.5926 0
vn 0.86625 0.49961 0
vn 0.95427 0.29894 0
vn 0.98154 0.19127 0
vn 0.99963 -0.0271 -0
vn 0.99046 -0.1378 -0
vn 0.93667 -0.35022 -0
vn 0.89205 -0.45194 -0
vn 0.7722 -0.63538 -0
vn 0.69697 -0.7171 -0
vn 0.53635 -0.844 -0
vn 0.43967 -0.89816 -0
vn 0.33852 -0.94096 -0
vn 0.21912 -0.9757 -0
vn 0.10956 -0.99398 -0
vn -0.10956 -0.99398 -0
vn -0.21912 -0.9757 -0
vn -0.42637 -0.90455 -0
vn -0.52406 -0.85168 -0
vn -0.69697 -0.7171 -0
vn -0.7722 -0.63538 -0
vn -0.89205 -0.45194 -0
vn -0.93667 -0.35022 -0
vn -0.99046 -0.1378 -0
vn -0.99963 -0.0271 -0
vn -0.98154 0.19127 0
vn -0.95427 0.29894 0
vn -0.86625 0.49961 0
vn -0.8055 0.5926 0
vn -0.65709 0.75381 0
vn -0.56944 0.82203 0
vn -0.37673 0.92632 0
vn -0.27167 0.96239 0
vn -0.05554 0.99846 0
vn 0.05554 0.99846 0
vn 0.23365 0.97232 0
vn -0 -0.98512 -0.17186
vn -0 -0.93907 -0.34372
vn -0 -0.76721 -0.6414
vn -0 -0.6414 -0.76721
vn -0 -0.34372 -0.93907
vn -0 -0.17186 -0.98512
vn 0 0.17186 -0.98512
vn 0 0.34372 -0.93907
vn 0 0.6414 -0.76721
vn 0 0.76721 -0.6414
vn 0 0.93907 -0.34372
vn 0 0.98512 -0.17186
vn 0 0.98512 0.17186
vn 0 0.93907 0.34372
vn 0 0.76721 0.6414
vn 0 0.6414 0.76721
vn 0 0.34372 0.93907
vn 0 0.17186 0.98512
vn -0 -0.17186 0.98512
vn -0 -0.34372 0.93907
vn -0 -0.6414 0.76721
vn -0 -0.76721 0.6414
vn -0 -0.93907 0.34372
vn -0 -0.98512 0.17186
vn -0 -1 -0
vn 0 1 0
vn 1 -0 -0
vn 0.98881 0.14918 0
vn 0.93129 0.36428 0
vn 0.86546 0.50098 0
vn 0.681 0.73228 0
vn 0.56238 0.82688 0
vn 0.29584 0.95524 0
vn 0.14792 0.989 0
vn -0.14792 0.989 0
vn -0.29584 0.95524 0
vn -0.56238 0.82688 0
vn -0.681 0.73228 0
vn -0.86546 0.50098 0
vn -0.93129 0.36428 0
vn -0.98881 0.14918 0
vn -1 0 0
vn -0.98881 -0.14918 -0
vn -0.93129 -0.36428 -0
vn -0.86546 -0.50098 -0
vn -0.681 -0.73228 -0
vn -0.56238 -0.82688 -0
vn -0.29584 -0.95524 -0
vn -0.14792 -0.989 -0
vn 0.14792 -0.989 -0
vn 0.29584 -0.95524 -0
vn 0.56238 -0.82688 -0
vn 0.681 -0.73228 -0
vn 0.86546 -0.50098 -0
vn 0.93129 -0.36428 -0
vn 0.98881 -0.14918 -0
vn -0 -0 1
vn -0 -0 1
vn -0 -0 1
vn -0 -0 1
vn -0 -0 1
vn -0 -0 1
vn 0 -0 1
vn -0 -0 1
vn -0 -0 1
vn -0 -0 1
vn -0 -0 1
vn -0 -0 1
vn -0 -0 1
vn 0 -0 1
vn -0 -0 1
vn -0 -0 1
vn -0 -0 1
vn -0 -0 1
vn -0 -0 1
vn -0 -0 1
vn 0.03937 -0.94482 0.32523
vn 0.03935 0.94432 0.32668
vn 0.01037 0.24879 0.9685
vn 0.01215 0.29157 0.95647
vn 0.0127 0.30481 0.95233
vn 0.01575 0.37807 0.92564
vn 0.01585 0.3803 0.92473
vn 0.01754 0.42079 0.90699
vn 0.03301 0.79204 0.60958
vn 0.03371 0.80904 0.58679
vn 0.03455 0.82888 0.55836
vn 0.03552 0.85233 0.52179
vn 0.03593 0.86227 0.50518
vn 0.03657 0.87758 0.47804
vn 0.03739 0.89738 0.43967
vn 0.03816 0.91591 0.39957
vn 0.03848 0.92343 0.38184
vn 0.03896 0.93509 0.35227
vn 0.03937 0.94482 0.32522
vn 0.03272 0.78507 0.61855
vn 0.03205 0.76898 0.63847
vn 0.0311 0.74625 0.66494
vn 0.02986 0.71651 0.69693
vn 0.02918 0.70036 0.71319
vn 0.02824 0.67752 0.73497
vn 0.02698 0.64751 0.76158
vn 0.02559 0.61386 0.789
vn 0.02482 0.59568 0.80284
vn 0.02376 0.57007 0.82125
vn 0.02327 0.55833 0.8293
vn 0.02176 0.5219 0.85273
vn 0.02094 0.50248 0.86434
vn 0.01979 0.47474 0.8799
vn 0.01808 0.43362 0.90091
vn 0 -0 1
vn -0 -0 1
vn -0 -0 1
vn 0 -0 1
vn 0 -0 1
vn 0 -0 1
vn 0 -0 1
vn 0 -0 1
vn 0.00106 0.02551 0.99967
vn 0.00215 0.0516 0.99867
vn 0.00377 0.09037 0.9959
vn 0.00438 0.10505 0.99446
vn 0.00624 0.14982 0.98869
vn 0.00764 0.18322 0.98304
vn 0.00946 0.22695 0.97386
vn 0.01083 0.25998 0.96555
vn 0.03526 -0.84627 0.53159
vn 0.03562 -0.85477 0.51778
vn 0.03611 -0.86665 0.49762
vn 0.03669 -0.88047 0.47268
vn 0.03752 -0.90048 0.43328
vn 0.03824 -0.91774 0.39534
vn 0.03862 -0.92684 0.37347
vn 0.03905 -0.93718 0.34666
vn 0.03943 -0.94625 0.32102
vn 0.02587 -0.62067 0.78365
vn 0.02726 -0.65409 0.75593
vn 0.02779 -0.66686 0.74467
vn 0.02988 -0.71697 0.69647
vn 0.03012 -0.72277 0.69043
vn 0.03135 -0.75222 0.65816
vn 0.0318 -0.76301 0.64561
vn 0.03358 -0.80591 0.59109
vn 0.0338 -0.81087 0.58425
vn 0.03442 -0.82585 0.56283
vn -0 -0 1
vn -0 -0 1
vn 0.02596 -0.62295 0.78183
vn 0.02492 -0.598 0.80111
vn 0.02416 -0.57944 0.81466
vn 0.02288 -0.54893 0.83556
vn 0.02136 -0.51223 0.85858
vn 0.02012 -0.4827 0.87556
vn 0.01927 -0.46213 0.8866
vn 0.01786 -0.42863 0.90331
vn 0.01619 -0.38831 0.92139
vn 0.01486 -0.35658 0.93415
vn 0.01396 -0.33494 0.94213
vn 0.01261 -0.30248 0.95307
vn 0.0127 -0.30494 0.95229
vn 0.01093 -0.26235 0.96491
vn 0.01038 -0.24913 0.96841
vn 0.00758 -0.18179 0.98331
vn 0.00714 -0.17132 0.98519
vn 0.00528 -0.12666 0.99193
vn 0.00473 -0.11345 0.99353
vn 0.00215 -0.0516 0.99867
vn 0.00173 -0.04146 0.99914
vn 0.00066 -0.01595 0.99987
vn 0.00079 -0.01895 0.99982
vn 0.00012 -0.003 1
vn -0 -0 1
vn -0 -0 1
vn -0 -0 1
vn -0 -0 1
vn 0 -0 1
vn -0 -0 1
vn -0 -0 1
vn -0 -0 1
vn 0 -1 -0
vn 0.00572 -0 0.99998
vn 0.99328 0.11557 -0.00568
vn 0.97291 0.23113 -0.00556
vn 0.89386 0.44833 -0.00511
vn 0.83518 0.54995 -0.00477
vn 0.68662 0.72701 -0.00393
vn 0.59672 0.80244 -0.00341
vn 0.39656 0.91801 -0.00227
vn 0.28629 0.95814 -0.00164
vn 0.05867 0.99828 -0.00034
vn -0.05867 0.99828 0.00034
vn -0.28629 0.95814 0.00164
vn -0.39656 0.91801 0.00227
vn -0.59672 0.80244 0.00341
vn -0.68662 0.72701 0.00393
vn -0.83518 0.54995 0.00477
vn -0.89386 0.44833 0.00511
vn -0.97291 0.23113 0.00556
vn -0.99328 0.11557 0.00568
vn -0.99328 -0.11557 0.00568
vn -0.97291 -0.23113 0.00556
vn -0.89386 -0.44833 0.00511
vn -0.83518 -0.54995 0.00477
vn -0.68662 -0.72701 0.00393
vn -0.59672 -0.80244 0.00341
vn -0.39656 -0.91801 0.00227
vn -0.28629 -0.95814 0.00164
vn -0.05867 -0.99828 0.00034
vn 0.05867 -0.99828 -0.00034
vn 0.28629 -0.95814 -0.00164
vn 0.39656 -0.91801 -0.00227
vn 0.59672 -0.80244 -0.00341
vn 0.68662 -0.72701 -0.00393
vn 0.83518 -0.54995 -0.00477
vn 0.89386 -0.44833 -0.00511
vn 0.97291 -0.23113 -0.00556
vn 0.99328 -0.11557 -0.00568
vn -0.76258 -0.58043 0.28561
vn -0.91458 -0.24791 -0.31949
vn -0.93201 -0.16079 -0.32483
vn -0.99484 -0.08873 -0.04925
vn -0.98751 -0.08891 -0.13006
vn -0.96699 -0.17782 -0.1825
vn -0.96719 -0.08866 -0.23808
vn -0.95461 -0.08884 -0.2843
vn -0.99602 -0.08886 0.00669
vn -0.98348 -0.17784 0.03365
vn -0.98596 -0.08891 0.14134
vn -0.96484 -0.17782 0.19354
vn -0.96441 -0.08866 0.24912
vn -0.94262 -0.16079 0.29259
vn -0.9384 -0.07196 0.33798
vn -0.87485 -0.36451 0.319
vn -0.90233 -0.28047 0.32733
vn -0.91087 -0.24791 0.32993
vn -0.7315 -0.62381 0.27527
vn -0.47013 -0.85458 0.22062
vn -0.52672 -0.8145 0.24323
vn -0.2492 -0.96049 0.12396
vn -0.18514 -0.97839 0.09211
vn -0.10729 -0.99291 0.05119
vn -0.02642 -0.99954 0.01486
vn -0.17411 -0.98426 0.03029
vn -0.08578 -0.99606 0.02241
vn -0.16668 -0.98426 0.05873
vn -0.08088 -0.99606 0.03632
vn -0.08831 -0.99606 0.00788
vn -0.17672 -0.98426 0.00101
vn -0.17444 -0.98426 -0.0283
vn -0.08603 -0.99606 -0.02143
vn -0.16734 -0.98426 -0.05682
vn -0.08129 -0.99606 -0.03539
vn -0.37922 -0.90868 -0.17462
vn -0.29312 -0.94583 -0.1396
vn -0.2506 -0.96049 -0.1211
vn -0.16024 -0.98417 -0.07573
vn -0.10554 -0.9929 -0.0549
vn -0.02659 -0.99954 -0.01456
vn -0.58284 -0.78254 -0.21893
vn -0.59788 -0.75769 -0.26164
vn -0.55786 -0.79221 -0.24737
vn -0.83135 -0.46952 -0.29733
vn -0.78307 -0.55416 -0.28232
vn -0.76579 -0.58043 -0.27688
vn -0.90601 -0.28047 -0.31699
vn -0.88217 -0.38878 -0.26577
vn -0.91168 -0.37353 -0.17124
vn -0.87058 -0.47871 -0.11371
vn -0.92745 -0.37353 -0.01775
vn -0.87738 -0.47871 0.03218
vn -0.91756 -0.37353 0.13624
vn -0.85991 -0.47871 0.17717
vn -0.84968 -0.45491 0.26663
vn -0.7798 -0.55416 0.29126
vn -0.7346 -0.62381 -0.26688
vn -0.67668 -0.7058 -0.20967
vn -0.73352 -0.66605 -0.13539
vn -0.65851 -0.74793 -0.08351
vn -0.74582 -0.66605 -0.01192
vn -0.66324 -0.74793 0.02681
vn -0.73747 -0.66605 0.11188
vn -0.64962 -0.74793 0.13638
vn -0.67423 -0.7058 0.21739
vn -0.5803 -0.78254 0.22558
vn -0.59485 -0.75769 0.26846
vn -0.555 -0.79221 0.25373
vn -0.52947 -0.8145 -0.23719
vn -0.43658 -0.87858 -0.19365
vn -0.44864 -0.87924 -0.16018
vn -0.35683 -0.92835 -0.1041
vn -0.46898 -0.87924 -0.08359
vn -0.36915 -0.92835 -0.04351
vn -0.47635 -0.87924 -0.0047
vn -0.37125 -0.92835 0.01828
vn -0.47054 -0.87924 0.07433
vn -0.36308 -0.92835 0.07957
vn -0.45171 -0.87924 0.1513
vn -0.34487 -0.92835 0.13866
vn -0.37857 -0.90869 0.17597
vn -0.2915 -0.94583 0.14294
vn -0 1 0
vn 0.22168 -0.96879 -0.11091
vn 0.51417 -0.82388 -0.23843
vn 0.95461 -0.08884 0.2843
vn 0.9366 -0.12817 0.32611
vn 0.92387 -0.20648 0.32222
vn 0.96719 -0.08866 0.23808
vn 0.96699 -0.17782 0.1825
vn 0.98751 -0.08891 0.13006
vn 0.99484 -0.08873 0.04925
vn 0.98407 -0.17771 -0.00563
vn 0.99421 -0.08873 -0.06063
vn 0.88917 -0.32363 -0.32347
vn 0.90911 -0.25494 -0.32943
vn 0.92013 -0.20648 -0.33277
vn 0.98596 -0.08891 -0.14134
vn 0.96484 -0.17782 -0.19354
vn 0.96441 -0.08866 -0.24912
vn 0.94719 -0.12817 -0.29395
vn 0.94021 -0.03933 -0.33832
vn 0.73416 -0.62029 -0.27613
vn 0.76777 -0.57268 -0.28734
vn 0.45027 -0.86727 -0.21235
vn 0.06384 -0.99738 -0.03413
vn 0.14472 -0.98696 -0.07046
vn 0.16668 -0.98426 -0.05873
vn 0.08578 -0.99606 -0.02241
vn 0.17411 -0.98426 -0.03029
vn 0.08831 -0.99606 -0.00788
vn 0.17672 -0.98426 -0.00101
vn 0.08839 -0.99606 0.00687
vn 0.17444 -0.98426 0.0283
vn 0.08603 -0.99606 0.02143
vn 0.16734 -0.98426 0.05682
vn 0.08129 -0.99606 0.03539
vn 0.35798 -0.91886 0.16599
vn 0.26687 -0.95517 0.12817
vn 0.16025 -0.98417 0.07571
vn 0.14319 -0.98695 0.07372
vn 0.06423 -0.99738 0.0334
vn 0.58218 -0.78311 0.21865
vn 0.60468 -0.75146 0.26395
vn 0.56086 -0.78976 0.24842
vn 0.85016 -0.43047 0.3032
vn 0.79908 -0.52813 0.2873
vn 0.771 -0.57268 0.27855
vn 0.91282 -0.25494 0.31902
vn 0.88829 -0.37321 0.26767
vn 0.91168 -0.37353 0.17124
vn 0.87058 -0.47871 0.11371
vn 0.92745 -0.37353 0.01775
vn 0.87738 -0.47871 -0.03218
vn 0.91756 -0.37353 -0.13624
vn 0.85991 -0.47871 -0.17717
vn 0.86115 -0.43055 -0.27028
vn 0.79575 -0.52813 -0.29641
vn 0.73727 -0.62029 0.26772
vn 0.67608 -0.70645 0.20941
vn 0.73352 -0.66605 0.13539
vn 0.65851 -0.74793 0.08351
vn 0.74582 -0.66605 0.01192
vn 0.66324 -0.74793 -0.02681
vn 0.73747 -0.66605 -0.11188
vn 0.64962 -0.74793 -0.13638
vn 0.67364 -0.70645 -0.21712
vn 0.57965 -0.78311 -0.22529
vn 0.60162 -0.75146 -0.27085
vn 0.55798 -0.78976 -0.25481
vn 0.51687 -0.82388 0.23254
vn 0.42826 -0.88335 0.19047
vn 0.44864 -0.87924 0.16018
vn 0.35683 -0.92835 0.1041
vn 0.46898 -0.87924 0.08359
vn 0.36915 -0.92835 0.04351
vn 0.47635 -0.87924 0.0047
vn 0.37125 -0.92835 -0.01828
vn 0.47054 -0.87924 -0.07433
vn 0.36308 -0.92835 -0.07957
vn 0.45171 -0.87924 -0.1513
vn 0.34487 -0.92835 -0.13866
vn 0.36591 -0.9149 -0.17048
vn 0.26538 -0.95517 -0.13122
vn -0.00572 0 -0.99998
vn 0.93031 0 -0.36678
vn 0.94479 0 0.32768
vn 0.95932 0 0.28231
vn 0.93444 0 0.35612
vn -0.79589 -0 0.60544
vn -0.68872 -0 0.72503
vn -0.62787 -0 0.77832
vn -0.49519 -0 0.86878
vn -0.42336 -0 0.90596
vn -0.27289 -0 0.96205
vn -0.19425 -0 0.98095
vn -0.03473 -0 0.9994
vn 0.04615 -0 0.99893
vn 0.20545 -0 0.97867
vn 0.28387 -0 0.95886
vn 0.43369 -0 0.90106
vn 0.50509 -0 0.86306
vn 0.63673 -0 0.77109
vn 0.69696 -0 0.71711
vn 0.80276 -0 0.5963
vn 0.84832 -0 0.52948
vn 0.92214 -0 0.38686
vn -0.93031 -0 0.36678
vn -0.89779 -0 0.44043
vn -0.84222 -0 0.53914
vn -0.94479 -0 -0.32768
vn -0.95932 -0 -0.28231
vn -0.93444 -0 -0.35612
vn 0.89779 0 -0.44043
vn 0.84222 0 -0.53914
vn 0.79589 0 -0.60544
vn 0.68872 0 -0.72503
vn 0.62787 0 -0.77832
vn 0.49519 0 -0.86878
vn 0.42336 0 -0.90596
vn 0.27289 0 -0.96205
vn 0.19425 0 -0.98095
vn 0.03473 0 -0.9994
vn -0.04615 0 -0.99893
vn -0.20545 0 -0.97867
vn -0.28387 0 -0.95886
vn -0.43369 0 -0.90106
vn -0.50509 0 -0.86306
vn -0.63673 0 -0.77109
vn -0.69696 0 -0.71711
vn -0.80276 0 -0.5963
vn -0.84832 0 -0.52948
vn -0.92214 0 -0.38686
vn 0.97165 0 0.23641
vn 0.98326 0 0.18219
vn 0.99475 0 0.10235
vn -0.99351 -0 0.11372
vn -0.98112 -0 0.19342
vn -0.95682 -0 0.29068
vn -0.95603 -0 0.29328
vn -0.94098 -0 0.33846
vn -0.97165 -0 -0.23641
vn -0.98326 -0 -0.18219
vn -0.99475 -0 -0.10235
vn -0.99976 -0 -0.02203
vn -0.99944 -0 0.03346
vn 0.99976 0 0.02203
vn 0.99944 0 -0.03346
vn 0.99351 0 -0.11372
vn 0.98112 0 -0.19342
vn 0.95682 0 -0.29068
vn 0.95603 0 -0.29328
vn 0.94098 0 -0.33846
vn -0 1 0
vn 0.76579 0.58043 0.27688
vn 0.91087 0.24791 -0.32993
vn 0.92823 0.16079 -0.33546
vn 0.99421 0.08873 -0.06063
vn 0.98596 0.08891 -0.14134
vn 0.96484 0.17782 -0.19354
vn 0.96441 0.08866 -0.24912
vn 0.9513 0.08884 -0.2952
vn 0.99603 0.08886 -0.0047
vn 0.9838 0.17784 0.0224
vn 0.98751 0.08891 0.13006
vn 0.96699 0.17782 0.1825
vn 0.96719 0.08866 0.23808
vn 0.94591 0.16079 0.28179
vn 0.9422 0.07196 0.32723
vn 0.87844 0.36451 0.30898
vn 0.90601 0.28047 0.31699
vn 0.91458 0.24791 0.31949
vn 0.7346 0.62381 0.26688
vn 0.47262 0.85458 0.21523
vn 0.52947 0.8145 0.23719
vn 0.2506 0.96049 0.1211
vn 0.18618 0.97839 0.08999
vn 0.10787 0.99291 0.04996
vn 0.02659 0.99954 0.01456
vn 0.17444 0.98426 0.0283
vn 0.08603 0.99606 0.02143
vn 0.16734 0.98426 0.05682
vn 0.08129 0.99606 0.03539
vn 0.08839 0.99606 0.00687
vn 0.17672 0.98426 -0.00101
vn 0.17411 0.98426 -0.03029
vn 0.08578 0.99606 -0.02241
vn 0.16668 0.98426 -0.05873
vn 0.08088 0.99606 -0.03632
vn 0.3772 0.90868 -0.17894
vn 0.2915 0.94583 -0.14294
vn 0.2492 0.96049 -0.12396
vn 0.15936 0.98417 -0.07756
vn 0.1049 0.9929 -0.05611
vn 0.02642 0.99954 -0.01486
vn 0.5803 0.78254 -0.22558
vn 0.59485 0.75769 -0.26846
vn 0.555 0.79221 -0.25373
vn 0.8279 0.46952 -0.30681
vn 0.7798 0.55416 -0.29126
vn 0.76258 0.58043 -0.28561
vn 0.90233 0.28047 -0.32733
vn 0.87907 0.38878 -0.27584
vn 0.90966 0.37353 -0.18165
vn 0.86922 0.47871 -0.12365
vn 0.92719 0.37353 -0.02835
vn 0.87769 0.47871 0.02214
vn 0.91906 0.37353 0.12574
vn 0.86188 0.47871 0.16733
vn 0.85268 0.45491 0.2569
vn 0.78307 0.55416 0.28232
vn 0.7315 0.62381 -0.27527
vn 0.67423 0.7058 -0.21739
vn 0.73193 0.66605 -0.14376
vn 0.65751 0.74793 -0.09103
vn 0.74563 0.66605 -0.02045
vn 0.6635 0.74793 0.01922
vn 0.7387 0.66605 0.10344
vn 0.65114 0.74793 0.12894
vn 0.67668 0.7058 0.20967
vn 0.58284 0.78254 0.21893
vn 0.59788 0.75769 0.26164
vn 0.55786 0.79221 0.24737
vn 0.52672 0.8145 -0.24323
vn 0.43433 0.87858 -0.19863
vn 0.44678 0.87924 -0.1653
vn 0.35561 0.92835 -0.10817
vn 0.468 0.87924 -0.08895
vn 0.36862 0.92835 -0.04773
vn 0.47627 0.87924 -0.01014
vn 0.37144 0.92835 0.01404
vn 0.47136 0.87924 0.06895
vn 0.36397 0.92835 0.07541
vn 0.45341 0.87924 0.14613
vn 0.34643 0.92835 0.1347
vn 0.38056 0.90869 0.17163
vn 0.29312 0.94583 0.1396
vn 0 -1 -0
vn -0.22294 0.96879 -0.10837
vn -0.51687 0.82388 -0.23254
vn -0.9513 0.08884 0.2952
vn -0.93281 0.12817 0.33679
vn -0.92013 0.20648 0.33277
vn -0.96441 0.08866 0.24912
vn -0.96484 0.17782 0.19354
vn -0.98596 0.08891 0.14134
vn -0.99421 0.08873 0.06063
vn -0.98407 0.17771 0.00563
vn -0.99484 0.08873 -0.04925
vn -0.89281 0.32363 -0.31329
vn -0.91282 0.25494 -0.31902
vn -0.92387 0.20648 -0.32222
vn -0.98751 0.08891 -0.13006
vn -0.96699 0.17782 -0.1825
vn -0.96719 0.08866 -0.23808
vn -0.95049 0.12817 -0.2831
vn -0.94402 0.03933 -0.32755
vn -0.73727 0.62029 -0.26772
vn -0.771 0.57268 -0.27855
vn -0.45267 0.86727 -0.20719
vn -0.06423 0.99738 -0.0334
vn -0.14552 0.98696 -0.0688
vn -0.16734 0.98426 -0.05682
vn -0.08603 0.99606 -0.02143
vn -0.17444 0.98426 -0.0283
vn -0.08839 0.99606 -0.00687
vn -0.17672 0.98426 0.00101
vn -0.08831 0.99606 0.00788
vn -0.17411 0.98426 0.03029
vn -0.08578 0.99606 0.02241
vn -0.16668 0.98426 0.05873
vn -0.08088 0.99606 0.03632
vn -0.35606 0.91886 0.17007
vn -0.26538 0.95517 0.13122
vn -0.15937 0.98417 0.07754
vn -0.14233 0.98695 0.07535
vn -0.06384 0.99738 0.03413
vn -0.57965 0.78311 0.22529
vn -0.60162 0.75146 0.27085
vn -0.55798 0.78976 0.25481
vn -0.84663 0.43047 0.3129
vn -0.79575 0.52813 0.29641
vn -0.76777 0.57268 0.28734
vn -0.90911 0.25494 0.32943
vn -0.88517 0.37321 0.27781
vn -0.90966 0.37353 0.18165
vn -0.86922 0.47871 0.12365
vn -0.92719 0.37353 0.02835
vn -0.87769 0.47871 -0.02214
vn -0.91906 0.37353 -0.12574
vn -0.86188 0.47871 -0.16733
vn -0.86418 0.43055 -0.26042
vn -0.79908 0.52813 -0.2873
vn -0.73416 0.62029 0.27613
vn -0.67364 0.70645 0.21712
vn -0.73193 0.66605 0.14376
vn -0.65751 0.74793 0.09103
vn -0.74563 0.66605 0.02045
vn -0.6635 0.74793 -0.01922
vn -0.7387 0.66605 -0.10344
vn -0.65114 0.74793 -0.12894
vn -0.67608 0.70645 -0.20941
vn -0.58218 0.78311 -0.21865
vn -0.60468 0.75146 -0.26395
vn -0.56086 0.78976 -0.24842
vn -0.51417 0.82388 0.23843
vn -0.42605 0.88335 0.19536
vn -0.44678 0.87924 0.1653
vn -0.35561 0.92835 0.10817
vn -0.468 0.87924 0.08895
vn -0.36862 0.92835 0.04773
vn -0.47627 0.87924 0.01014
vn -0.37144 0.92835 -0.01404
vn -0.47136 0.87924 -0.06895
vn -0.36397 0.92835 -0.07541
vn -0.45341 0.87924 -0.14613
vn -0.34643 0.92835 -0.1347
vn -0.36783 0.9149 -0.16628
vn -0.26687 0.95517 -0.12817
vn -0.93444 -0 -0.35612
vn -0.94098 -0 0.33846
vn -0.95603 -0 0.29326
vn -0.93031 -0 0.36678
vn 0.80276 -0 0.5963
vn 0.69696 -0 0.71711
vn 0.63673 -0 0.77109
vn 0.50509 -0 0.86306
vn 0.43369 -0 0.90106
vn 0.28387 -0 0.95886
vn 0.20545 -0 0.97867
vn 0.04615 -0 0.99893
vn -0.03473 -0 0.9994
vn -0.19425 -0 0.98095
vn -0.27289 -0 0.96205
vn -0.42336 -0 0.90596
vn -0.49519 -0 0.86878
vn -0.62787 -0 0.77832
vn -0.68872 -0 0.72503
vn -0.79589 -0 0.60544
vn -0.84222 -0 0.53914
vn -0.91765 -0 0.39738
vn 0.93444 0 0.35612
vn 0.90276 0 0.43013
vn 0.84832 -0 0.52948
vn 0.94098 0 -0.33846
vn 0.95603 0 -0.29326
vn 0.93031 0 -0.36678
vn -0.90276 -0 -0.43013
vn -0.84832 0 -0.52948
vn -0.80276 0 -0.5963
vn -0.69696 0 -0.71711
vn -0.63673 0 -0.77109
vn -0.50509 0 -0.86306
vn -0.43369 0 -0.90106
vn -0.28387 0 -0.95886
vn -0.20545 0 -0.97867
vn -0.04615 0 -0.99893
vn 0.03473 0 -0.9994
vn 0.19425 0 -0.98095
vn 0.27289 0 -0.96205
vn 0.42336 0 -0.90596
vn 0.49519 0 -0.86878
vn 0.62787 0 -0.77832
vn 0.68872 0 -0.72503
vn 0.79589 0 -0.60544
vn 0.84222 0 -0.53914
vn 0.91765 0 -0.39738
vn -0.96889 -0 0.24751
vn -0.98112 -0 0.19342
vn -0.99351 -0 0.11372
vn 0.99475 0 0.10235
vn 0.98326 0 0.18219
vn 0.96008 0 0.27972
vn 0.95932 0 0.28233
vn 0.94479 0 0.32768
vn 0.96889 0 -0.24751
vn 0.98112 0 -0.19342
vn 0.99351 0 -0.11372
vn 0.99944 0 -0.03346
vn 0.99976 0 0.02203
vn -0.99944 -0 0.03346
vn -0.99976 -0 -0.02203
vn -0.99475 -0 -0.10235
vn -0.98326 -0 -0.18219
vn -0.96008 -0 -0.27972
vn -0.95932 -0 -0.28233
vn -0.94479 -0 -0.32768
vn 0.99998 0 -0.00572
vn 0.00329 -0.81811 0.57505
vn 0.00241 -0.90707 0.42097
vn 0.00051 -0.99603 0.08896
vn -0.00051 -0.99603 -0.08896
vn -0.00241 -0.90707 -0.42097
vn -0.00329 -0.81811 -0.57505
vn -0.00468 -0.57506 -0.8181
vn -0.00519 -0.42097 -0.90706
vn -0.00569 -0.08896 -0.99602
vn -0.00569 0.08896 -0.99602
vn -0.00519 0.42097 -0.90706
vn -0.00468 0.57506 -0.8181
vn 0.0046 0.59473 0.80391
vn 0.00506 0.46626 0.88463
vn 0.00562 0.18703 0.98234
vn 0.00571 0.03626 0.99933
vn 0.00552 -0.25772 0.9662
vn 0.00524 -0.40093 0.91609
vn 0.00434 -0.65143 0.7587
vn 0.00372 -0.75871 0.65142
vn 0.00229 -0.91611 0.40093
vn 0.00147 -0.96622 0.25772
vn -0.00021 -0.99934 -0.03626
vn -0.00107 -0.98235 -0.18702
vn -0.00267 -0.88465 -0.46626
vn -0.0034 -0.80392 -0.59472
vn -0.0034 0.80392 -0.59472
vn -0.00267 0.88465 -0.46626
vn -0.00107 0.98235 -0.18702
vn -0.00021 0.99934 -0.03626
vn 0.00147 0.96622 0.25772
vn 0.00229 0.91611 0.40093
vn 0.00372 0.75871 0.65142
vn 0.00434 0.65143 0.7587
vn 0.00524 0.40093 0.91609
vn 0.00552 0.25772 0.9662
vn 0.00571 -0.03626 0.99933
vn 0.00562 -0.18703 0.98234
vn 0.00506 -0.46626 0.88463
vn 0.0046 -0.59473 0.80391
vn -0.00329 0.81811 -0.57505
vn -0.00241 0.90707 -0.42097
vn -0.00051 0.99603 -0.08896
vn 0.00051 0.99603 0.08896
vn 0.00241 0.90707 0.42097
vn 0.00329 0.81811 0.57505
vn -0.99998 -0 0.00572
vn 0.00011 0.99981 0.01972
vn 0.00104 0.98332 0.18189
vn 0.00192 0.94179 0.33621
vn 0.00285 0.86674 0.49876
vn 0.00362 0.77371 0.63354
vn 0.00483 0.53567 0.84442
vn 0.00526 0.39066 0.92052
vn 0.0057 0.08188 0.99663
vn 0.0057 -0.08188 0.99663
vn 0.00526 -0.39066 0.92052
vn 0.00483 -0.53567 0.84442
vn 0.00362 -0.77371 0.63354
vn 0.00285 -0.86674 0.49876
vn 0.00192 -0.94179 0.33621
vn 0.00104 -0.98332 0.18189
vn 0.00011 -0.99981 0.01972
vn -0.00104 -0.98324 -0.18229
vn -0.00193 -0.94136 -0.3374
vn -0.00277 -0.87472 -0.48462
vn -0.00395 -0.72219 -0.69169
vn -0.00458 -0.59961 -0.80028
vn -0.00542 -0.31802 -0.94807
vn -0.00564 -0.15901 -0.98726
vn -0.00564 0.15901 -0.98726
vn -0.00542 0.31802 -0.94807
vn -0.00458 0.59961 -0.80028
vn -0.00395 0.72219 -0.69169
vn -0.00246 0.90284 -0.42997
vn -0.00193 0.94136 -0.3374
vn -0.00104 0.98324 -0.18229
vn -0.00563 0.17186 -0.9851
vn -0.00537 0.34372 -0.93906
vn -0.00439 0.6414 -0.7672
vn -0.00367 0.76721 -0.64139
vn -0.00197 0.93907 -0.34372
vn -0.00098 0.98512 -0.17186
vn 0.00098 0.98512 0.17186
vn 0.00197 0.93907 0.34372
vn 0.00367 0.76721 0.64139
vn 0.00439 0.6414 0.7672
vn 0.00537 0.34372 0.93906
vn 0.00563 0.17186 0.9851
vn 0.00563 -0.17186 0.9851
vn 0.00537 -0.34372 0.93906
vn 0.00439 -0.6414 0.7672
vn 0.00367 -0.76721 0.64139
vn 0.00197 -0.93907 0.34372
vn 0.00098 -0.98512 0.17186
vn -0.00098 -0.98512 -0.17186
vn -0.00197 -0.93907 -0.34372
vn -0.00367 -0.76721 -0.64139
vn -0.00439 -0.6414 -0.7672
vn -0.00537 -0.34372 -0.93906
vn -0.00563 -0.17186 -0.9851
vn -0.00572 0 -0.99998
vn 0.99998 0 -0.00572
vn 0 -1 -0
vn -0 1 0
vn -0 1 0
vn 0 -1 -0
vn 0.92078 0.0141 0.38983
vn 0.99181 0.079 0.10035
vn 0.65094 0.02752 -0.75863
vn 0.53916 0.02802 -0.84174
vn 0.91626 0.0141 -0.40033
vn 0.99045 0 -0.13788
vn 0.96298 0.01435 -0.26918
vn 0.99045 0.01435 -0.1371
vn 0.96353 0.06276 -0.26015
vn 0.96367 0.12745 -0.23472
vn 0.9905 0.04837 -0.12871
vn 0.99074 0.10408 -0.0872
vn 0.96391 0.18319 -0.19318
vn 0.9906 0.079 -0.11168
vn 0.96422 0.22606 -0.13847
vn 0.99091 0.12184 -0.057
vn 0.96459 0.25304 -0.07441
vn 0.99185 0.12552 -0.02204
vn 0.99131 0.13105 0.01185
vn 0.96498 0.26226 -0.00552
vn 0.9911 0.13105 -0.02319
vn 0.9915 0.12184 0.04567
vn 0.96538 0.25304 0.06338
vn 0.99303 0.11754 0.00902
vn 0.96574 0.22606 0.12743
vn 0.99167 0.10408 0.07587
vn 0.96606 0.18319 0.18215
vn 0.99191 0.04837 0.11738
vn 0.96629 0.12745 0.22368
vn 0.99362 0.07103 0.0876
vn 0.96644 0.06276 0.24911
vn 0.99196 0.01435 0.12576
vn 0.966 0.01435 0.25816
vn 0.65957 0.02752 0.75114
vn 0.76242 0.0281 0.64647
vn 0.43119 0.03515 0.90158
vn 0.54874 0.06316 0.83361
vn 0.44128 0.14612 0.88539
vn 0.55896 0.20549 0.80333
vn 0.55857 0.40899 0.72162
vn 0.44092 0.37306 0.81634
vn 0.44062 0.29558 0.84763
vn 0.55787 0.58408 0.5896
vn 0.44023 0.57407 0.6904
vn 0.44014 0.50744 0.7408
vn 0.55692 0.71861 0.41645
vn 0.43923 0.73518 0.51631
vn 0.43935 0.684 0.58234
vn 0.55579 0.80326 0.21418
vn 0.43802 0.84522 0.30617
vn 0.4383 0.81303 0.38325
vn 0.55456 0.83214 -0.00317
vn 0.43666 0.89653 0.07458
vn 0.43708 0.88555 0.15739
vn 0.55331 0.80326 -0.22052
vn 0.43525 0.88555 -0.16238
vn 0.43578 0.89653 -0.07957
vn 0.55212 0.71861 -0.42279
vn 0.43389 0.81303 -0.38824
vn 0.43449 0.84522 -0.31116
vn 0.55109 0.58408 -0.59594
vn 0.43266 0.684 -0.58732
vn 0.4333 0.73518 -0.5213
vn 0.55028 0.40899 -0.72796
vn 0.43164 0.50744 -0.74578
vn 0.4323 0.57407 -0.69539
vn 0.42086 0.06318 -0.90492
vn 0.43112 0.14612 -0.89038
vn 0.54974 0.20549 -0.80967
vn 0.4309 0.29558 -0.85261
vn 0.43156 0.37306 -0.82133
vn 0.85043 0.04258 0.52437
vn 0.85522 0.09145 0.51013
vn 0.76439 0.17242 0.62127
vn 0.85498 0.22353 0.46802
vn 0.76401 0.33073 0.554
vn 0.85455 0.33991 0.39268
vn 0.7634 0.46579 0.4475
vn 0.85396 0.43242 0.28942
vn 0.76261 0.56814 0.30927
vn 0.85325 0.49454 0.16549
vn 0.76169 0.63057 0.149
vn 0.85247 0.52193 0.02959
vn 0.76072 0.64871 -0.02204
vn 0.85168 0.51265 -0.10874
vn 0.75975 0.62128 -0.19184
vn 0.85093 0.46736 -0.23976
vn 0.75885 0.5502 -0.34846
vn 0.85028 0.38923 -0.35429
vn 0.75809 0.44047 -0.48092
vn 0.84977 0.28377 -0.44427
vn 0.75753 0.2998 -0.57989
vn 0.84943 0.15836 -0.50338
vn 0.75719 0.13807 -0.63843
vn 0.84438 0.04258 -0.53406
vn 0.75498 0.0281 -0.65515
vn 0.42037 0 -0.90735
vn 0.53867 0 -0.84252
vn 0.65044 0 -0.75956
vn 0.65551 0 -0.75519
vn 0.75894 0 -0.65116
vn 0.99045 0 -0.13788
vn 0.96103 0 -0.27644
vn 0.98952 0 -0.14438
vn 0.99045 0 -0.13788
vn 0.84397 0 -0.53638
vn 0.95914 0 -0.28293
vn 0.96103 0 -0.27644
vn 0.91626 -0.0141 -0.40033
vn 0.65957 -0.02752 0.75114
vn 0.54875 -0.02802 0.83552
vn 0.92078 -0.0141 0.38983
vn 0.966 -0.01435 0.25816
vn 0.99196 0 0.12654
vn 0.99191 -0.04837 0.11738
vn 0.99307 -0.0462 0.1081
vn 0.9688 -0.06068 0.24031
vn 0.99312 -0.01213 0.1165
vn 0.99196 -0.01435 0.12576
vn 0.99243 -0.04611 0.11384
vn 0.96734 -0.12531 0.22033
vn 0.99234 -0.07676 0.0968
vn 0.99167 -0.10408 0.07587
vn 0.96606 -0.18319 0.18215
vn 0.99181 -0.079 0.10035
vn 0.96574 -0.22606 0.12743
vn 0.9915 -0.12184 0.04567
vn 0.96538 -0.25304 0.06338
vn 0.99203 -0.12552 0.0107
vn 0.9911 -0.13105 -0.02319
vn 0.96498 -0.26226 -0.00552
vn 0.99131 -0.13105 0.01185
vn 0.99091 -0.12184 -0.057
vn 0.96459 -0.25304 -0.07441
vn 0.99286 -0.11754 -0.02037
vn 0.96422 -0.22606 -0.13847
vn 0.99074 -0.10408 -0.0872
vn 0.96367 -0.12745 -0.23472
vn 0.9906 -0.079 -0.11168
vn 0.96391 -0.18319 -0.19318
vn 0.99125 -0.01297 -0.13135
vn 0.96353 -0.06276 -0.26015
vn 0.9905 -0.04837 -0.12871
vn 0.96298 -0.01435 -0.26918
vn 0.99045 -0.01435 -0.1371
vn 0.65094 -0.02752 -0.75863
vn 0.75498 -0.0281 -0.65515
vn 0.42085 -0.03515 -0.90645
vn 0.53917 -0.06316 -0.83982
vn 0.43112 -0.14612 -0.89038
vn 0.54974 -0.20549 -0.80967
vn 0.55028 -0.40899 -0.72796
vn 0.43156 -0.37306 -0.82133
vn 0.4309 -0.29558 -0.85261
vn 0.55109 -0.58408 -0.59594
vn 0.4323 -0.57407 -0.69539
vn 0.43164 -0.50744 -0.74578
vn 0.55212 -0.71861 -0.42279
vn 0.4333 -0.73518 -0.5213
vn 0.43266 -0.684 -0.58732
vn 0.55331 -0.80326 -0.22052
vn 0.43449 -0.84522 -0.31116
vn 0.43389 -0.81303 -0.38824
vn 0.55456 -0.83214 -0.00317
vn 0.43578 -0.89653 -0.07957
vn 0.43525 -0.88555 -0.16238
vn 0.55579 -0.80326 0.21418
vn 0.43708 -0.88555 0.15739
vn 0.43666 -0.89653 0.07458
vn 0.55692 -0.71861 0.41645
vn 0.4383 -0.81303 0.38325
vn 0.43802 -0.84522 0.30617
vn 0.55787 -0.58408 0.5896
vn 0.43935 -0.684 0.58234
vn 0.43923 -0.73518 0.51631
vn 0.55857 -0.40899 0.72162
vn 0.44014 -0.50744 0.7408
vn 0.44023 -0.57407 0.6904
vn 0.43118 -0.06318 0.90005
vn 0.44128 -0.14612 0.88539
vn 0.55896 -0.20549 0.80333
vn 0.44062 -0.29558 0.84763
vn 0.44092 -0.37306 0.81634
vn 0.84438 -0.04258 -0.53406
vn 0.84933 -0.09145 -0.51987
vn 0.75724 -0.17242 -0.62997
vn 0.84957 -0.22353 -0.47776
vn 0.75762 -0.33073 -0.56269
vn 0.85 -0.33991 -0.40243
vn 0.75823 -0.46579 -0.4562
vn 0.8506 -0.43242 -0.29917
vn 0.75902 -0.56814 -0.31796
vn 0.8513 -0.49454 -0.17523
vn 0.75994 -0.63057 -0.1577
vn 0.85208 -0.52193 -0.03933
vn 0.76092 -0.64871 0.01334
vn 0.85287 -0.51265 0.09899
vn 0.76189 -0.62128 0.18314
vn 0.85362 -0.46736 0.23002
vn 0.76278 -0.5502 0.33977
vn 0.85428 -0.38923 0.34454
vn 0.76354 -0.44047 0.47222
vn 0.85479 -0.28377 0.43452
vn 0.76411 -0.2998 0.57119
vn 0.85513 -0.15836 0.49364
vn 0.76444 -0.13807 0.62973
vn 0.85043 -0.04258 0.52437
vn 0.76242 -0.0281 0.64647
vn 0.43072 -0 0.90249
vn 0.54827 -0 0.8363
vn 0.65908 -0 0.75207
vn 0.6641 -0 0.74764
vn 0.76633 -0 0.64244
vn 0.85005 -0 0.5267
vn 0.99196 0 0.12654
vn 0.96413 0 0.26543
vn 0.99111 0 0.13306
vn 0.96231 0 0.27195
vn 0.99111 0 0.13306
vn 0.96413 0 0.26543
vn 0.99196 0 0.12654
vn -0.42037 -0 0.90735
vn -0.53867 -0 0.84252
vn -0.65044 -0 0.75956
vn -0.65551 -0 0.75519
vn -0.75894 -0 0.65116
vn -0.84397 -0 0.53638
vn -0.91336 -0 0.40714
vn -0.91607 -0 0.40102
vn -0.96288 -0 0.26994
vn -0.99045 -0 0.13788
vn -0.92078 0.0141 -0.38983
vn -0.53916 0.02802 0.84174
vn -0.91626 0.0141 0.40033
vn -0.84785 0.0144 0.53004
vn -0.99045 -0 0.13788
vn -0.96298 0.01435 0.26918
vn -0.99045 0.01435 0.1371
vn -0.96353 0.06276 0.26015
vn -0.96367 0.12745 0.23472
vn -0.9905 0.04837 0.12871
vn -0.99074 0.10408 0.0872
vn -0.96391 0.18319 0.19318
vn -0.9906 0.079 0.11168
vn -0.96422 0.22606 0.13847
vn -0.99091 0.12184 0.057
vn -0.96459 0.25304 0.07441
vn -0.9911 0.13105 0.02319
vn -0.96498 0.26226 0.00552
vn -0.99131 0.13105 -0.01185
vn -0.96538 0.25304 -0.06338
vn -0.99167 0.10408 -0.07587
vn -0.96574 0.22606 -0.12743
vn -0.9915 0.12184 -0.04567
vn -0.96606 0.18319 -0.18215
vn -0.99181 0.079 -0.10035
vn -0.96629 0.12745 -0.22368
vn -0.99191 0.04837 -0.11738
vn -0.96644 0.06276 -0.24911
vn -0.99196 0.01435 -0.12576
vn -0.966 0.01435 -0.25816
vn -0.65957 0.02752 -0.75114
vn -0.76242 0.0281 -0.64647
vn -0.43119 0.03515 -0.90158
vn -0.54874 0.06316 -0.83361
vn -0.44128 0.14612 -0.88539
vn -0.55896 0.20549 -0.80333
vn -0.55857 0.40899 -0.72162
vn -0.44092 0.37306 -0.81634
vn -0.44062 0.29558 -0.84763
vn -0.55787 0.58408 -0.5896
vn -0.44023 0.57407 -0.6904
vn -0.44014 0.50744 -0.7408
vn -0.55692 0.71861 -0.41645
vn -0.43923 0.73518 -0.51631
vn -0.43935 0.684 -0.58234
vn -0.55579 0.80326 -0.21418
vn -0.43802 0.84522 -0.30617
vn -0.4383 0.81303 -0.38325
vn -0.55456 0.83214 0.00317
vn -0.43666 0.89653 -0.07458
vn -0.43708 0.88555 -0.15739
vn -0.55331 0.80326 0.22052
vn -0.43525 0.88555 0.16238
vn -0.43578 0.89653 0.07957
vn -0.55212 0.71861 0.42279
vn -0.43389 0.81303 0.38824
vn -0.43449 0.84522 0.31116
vn -0.55109 0.58408 0.59594
vn -0.43266 0.684 0.58732
vn -0.4333 0.73518 0.5213
vn -0.55028 0.40899 0.72796
vn -0.43164 0.50744 0.74578
vn -0.4323 0.57407 0.69539
vn -0.42086 0.06318 0.90492
vn -0.43112 0.14612 0.89038
vn -0.54974 0.20549 0.80967
vn -0.4309 0.29558 0.85261
vn -0.43156 0.37306 0.82133
vn -0.85043 0.04258 -0.52437
vn -0.85522 0.09145 -0.51013
vn -0.76439 0.17242 -0.62127
vn -0.85498 0.22353 -0.46802
vn -0.76401 0.33073 -0.554
vn -0.85455 0.33991 -0.39268
vn -0.7634 0.46579 -0.4475
vn -0.85396 0.43242 -0.28942
vn -0.76261 0.56814 -0.30927
vn -0.85325 0.49454 -0.16549
vn -0.76169 0.63057 -0.149
vn -0.85247 0.52193 -0.02959
vn -0.76072 0.64871 0.02204
vn -0.85168 0.51265 0.10874
vn -0.75975 0.62128 0.19184
vn -0.85093 0.46736 0.23976
vn -0.75885 0.5502 0.34846
vn -0.85028 0.38923 0.35429
vn -0.75809 0.44047 0.48092
vn -0.84977 0.28377 0.44427
vn -0.75753 0.2998 0.57989
vn -0.84943 0.15836 0.50338
vn -0.75719 0.13807 0.63843
vn -0.75926 0.04259 0.64939
vn -0.65094 0.02752 0.75863
vn -0.43072 0 -0.90249
vn -0.54827 0 -0.8363
vn -0.65908 0 -0.75207
vn -0.6641 0 -0.74764
vn -0.76633 0 -0.64244
vn -0.85005 0 -0.5267
vn -0.91796 -0 -0.39667
vn -0.9206 -0 -0.39052
vn -0.9659 -0 -0.25891
vn -0.99196 -0 -0.12654
vn -0.91626 -0.0141 0.40033
vn -0.65957 -0.02752 -0.75114
vn -0.54875 -0.02802 -0.83552
vn -0.92078 -0.0141 -0.38983
vn -0.99196 -0 -0.12654
vn -0.966 -0.01435 -0.25816
vn -0.99196 -0.01435 -0.12576
vn -0.96644 -0.06276 -0.24911
vn -0.96629 -0.12745 -0.22368
vn -0.99191 -0.04837 -0.11738
vn -0.99167 -0.10408 -0.07587
vn -0.96606 -0.18319 -0.18215
vn -0.99181 -0.079 -0.10035
vn -0.96574 -0.22606 -0.12743
vn -0.9915 -0.12184 -0.04567
vn -0.96538 -0.25304 -0.06338
vn -0.99131 -0.13105 -0.01185
vn -0.96498 -0.26226 0.00552
vn -0.9911 -0.13105 0.02319
vn -0.96459 -0.25304 0.07441
vn -0.99074 -0.10408 0.0872
vn -0.96422 -0.22606 0.13847
vn -0.99091 -0.12184 0.057
vn -0.96391 -0.18319 0.19318
vn -0.9906 -0.079 0.11168
vn -0.96367 -0.12745 0.23472
vn -0.9905 -0.04837 0.12871
vn -0.96353 -0.06276 0.26015
vn -0.99045 -0.01435 0.1371
vn -0.96298 -0.01435 0.26918
vn -0.65094 -0.02752 0.75863
vn -0.75498 -0.0281 0.65515
vn -0.42085 -0.03515 0.90645
vn -0.53917 -0.06316 0.83982
vn -0.43112 -0.14612 0.89038
vn -0.54974 -0.20549 0.80967
vn -0.55028 -0.40899 0.72796
vn -0.43156 -0.37306 0.82133
vn -0.4309 -0.29558 0.85261
vn -0.55109 -0.58408 0.59594
vn -0.4323 -0.57407 0.69539
vn -0.43164 -0.50744 0.74578
vn -0.55212 -0.71861 0.42279
vn -0.4333 -0.73518 0.5213
vn -0.43266 -0.684 0.58732
vn -0.55331 -0.80326 0.22052
vn -0.43449 -0.84522 0.31116
vn -0.43389 -0.81303 0.38824
vn -0.55456 -0.83214 0.00317
vn -0.43578 -0.89653 0.07957
vn -0.43525 -0.88555 0.16238
vn -0.55579 -0.80326 -0.21418
vn -0.43708 -0.88555 -0.15739
vn -0.43666 -0.89653 -0.07458
vn -0.55692 -0.71861 -0.41645
vn -0.4383 -0.81303 -0.38325
vn -0.43802 -0.84522 -0.30617
vn -0.55787 -0.58408 -0.5896
vn -0.43935 -0.684 -0.58234
vn -0.43923 -0.73518 -0.51631
vn -0.55857 -0.40899 -0.72162
vn -0.44014 -0.50744 -0.7408
vn -0.44023 -0.57407 -0.6904
vn -0.43118 -0.06318 -0.90005
vn -0.44128 -0.14612 -0.88539
vn -0.55896 -0.20549 -0.80333
vn -0.44062 -0.29558 -0.84763
vn -0.44092 -0.37306 -0.81634
vn -0.84438 -0.04258 0.53406
vn -0.84933 -0.09145 0.51987
vn -0.75724 -0.17242 0.62997
vn -0.84957 -0.22353 0.47776
vn -0.75762 -0.33073 0.56269
vn -0.85 -0.33991 0.40243
vn -0.75823 -0.46579 0.4562
vn -0.8506 -0.43242 0.29917
vn -0.75902 -0.56814 0.31796
vn -0.8513 -0.49454 0.17523
vn -0.75994 -0.63057 0.1577
vn -0.85208 -0.52193 0.03933
vn -0.76092 -0.64871 -0.01334
vn -0.85287 -0.51265 -0.09899
vn -0.76189 -0.62128 -0.18314
vn -0.85362 -0.46736 -0.23002
vn -0.76278 -0.5502 -0.33977
vn -0.85428 -0.38923 -0.34454
vn -0.76354 -0.44047 -0.47222
vn -0.85479 -0.28377 -0.43452
vn -0.76411 -0.2998 -0.57119
vn -0.85513 -0.15836 -0.49364
vn -0.76444 -0.13807 -0.62973
vn -0.85043 -0.04258 -0.52437
vn -0.76242 -0.0281 -0.64647
vn -0.17186 -0.98512 0.00098
vn -0.34372 -0.93907 0.00197
vn -0.64139 -0.76721 0.00367
vn -0.7672 -0.6414 0.00439
vn -0.93906 -0.34372 0.00537
vn -0.9851 -0.17186 0.00563
vn -0.9851 0.17186 0.00563
vn -0.93906 0.34372 0.00537
vn -0.7672 0.6414 0.00439
vn -0.64139 0.76721 0.00367
vn -0.34372 0.93907 0.00197
vn -0.17186 0.98512 0.00098
vn 0.17186 0.98512 -0.00098
vn 0.34372 0.93907 -0.00197
vn 0.64139 0.76721 -0.00367
vn 0.7672 0.6414 -0.00439
vn 0.93906 0.34372 -0.00537
vn 0.9851 0.17186 -0.00563
vn 0.9851 -0.17186 -0.00563
vn 0.93906 -0.34372 -0.00537
vn 0.7672 -0.6414 -0.00439
vn 0.64139 -0.76721 -0.00367
vn 0.34372 -0.93907 -0.00197
vn 0.17186 -0.98512 -0.00098
vn -0 1 0
vn 0 -1 -0
vn 0.45779 0.47612 -0.75082
vn 0.45791 0.40044 -0.7937
vn 0.60916 0.29673 -0.73544
vn 0.45719 0.265 -0.84897
vn 0.45752 0.18075 -0.87063
vn 0.45982 0.7876 -0.41017
vn 0.45958 0.74381 -0.48533
vn 0.61057 0.62458 -0.48693
vn 0.45869 0.65442 -0.60112
vn 0.46249 0.88568 0.04085
vn 0.46199 0.88568 -0.04613
vn 0.61274 0.78298 -0.10725
vn 0.46112 0.8665 -0.19115
vn 0.46385 0.84382 0.26984
vn 0.61507 0.72894 0.30057
vn 0.46448 0.7876 0.40489
vn 0.4651 0.74381 0.48004
vn 0.46616 0.59254 0.65696
vn 0.61694 0.47712 0.62589
vn 0.46635 0.47612 0.74554
vn 0.46696 0.40044 0.78842
vn 0.46745 0.18075 0.86534
vn 0.61783 0.09587 0.78044
vn 0.46706 0.0356 0.88351
vn 0.40637 0.03501 -0.91304
vn 0.56001 0.03535 -0.82773
vn 0.60887 0.09587 -0.78746
vn 0.77451 0.05856 -0.62984
vn 0.92389 0.16949 -0.34308
vn 0.84243 0.19551 -0.50209
vn 0.92305 0.0968 -0.37231
vn 0.87204 0.0773 -0.4833
vn 0.94358 0.01739 -0.33067
vn 0.92327 0.18719 -0.33546
vn 0.84281 0.31755 -0.43454
vn 0.60974 0.47712 -0.63291
vn 0.45861 0.59254 -0.66225
vn 0.92419 0.25004 -0.2887
vn 0.92363 0.26517 -0.27676
vn 0.84337 0.41795 -0.33771
vn 0.92461 0.31404 -0.21557
vn 0.92409 0.32558 -0.20012
vn 0.84405 0.48986 -0.2182
vn 0.61159 0.72894 -0.30759
vn 0.46073 0.84382 -0.27513
vn 0.92512 0.35725 -0.12852
vn 0.92464 0.36441 -0.11062
vn 0.84482 0.5284 -0.08415
vn 0.92569 0.37682 -0.03334
vn 0.92524 0.37911 -0.0142
vn 0.92534 0.37911 0.00362
vn 0.84542 0.53022 0.06422
vn 0.61392 0.78298 0.10024
vn 0.46328 0.8665 0.18587
vn 0.92644 0.33393 0.17381
vn 0.8462 0.49484 0.19771
vn 0.92585 0.36441 0.10004
vn 0.92585 0.36871 0.08276
vn 0.92632 0.32558 0.18954
vn 0.84691 0.42642 0.31767
vn 0.6161 0.62458 0.47992
vn 0.46553 0.65442 0.59583
vn 0.92739 0.20194 0.3149
vn 0.8475 0.32956 0.41609
vn 0.92673 0.26517 0.26619
vn 0.92696 0.27707 0.25294
vn 0.92705 0.18719 0.32488
vn 0.84795 0.21073 0.48639
vn 0.61753 0.29673 0.72843
vn 0.46687 0.265 0.84369
vn 0.92791 0.01769 0.37239
vn 0.84822 0.07786 0.52388
vn 0.92724 0.0968 0.36173
vn 0.92772 0.11352 0.35561
vn 0.94307 0 -0.33261
vn 0.8972 0 -0.44163
vn 0.80724 0 -0.59023
vn 0.77205 0 -0.63556
vn 0.69444 0 -0.71955
vn 0.65202 0 -0.7582
vn 0.51097 0 -0.8596
vn 0.40591 0 -0.91391
vn 0.46635 -0.47612 0.74554
vn 0.46696 -0.40044 0.78842
vn 0.61753 -0.29673 0.72843
vn 0.46687 -0.265 0.84369
vn 0.46745 -0.18075 0.86534
vn 0.46448 -0.7876 0.40489
vn 0.4651 -0.74381 0.48004
vn 0.6161 -0.62458 0.47992
vn 0.46553 -0.65442 0.59583
vn 0.46328 -0.8665 0.18587
vn 0.61392 -0.78298 0.10024
vn 0.46073 -0.84382 -0.27513
vn 0.46112 -0.8665 -0.19115
vn 0.61274 -0.78298 -0.10725
vn 0.46199 -0.88568 -0.04613
vn 0.46249 -0.88568 0.04085
vn 0.45958 -0.74381 -0.48533
vn 0.61057 -0.62458 -0.48693
vn 0.45869 -0.65442 -0.60112
vn 0.45861 -0.59254 -0.66225
vn 0.45791 -0.40044 -0.7937
vn 0.60916 -0.29673 -0.73544
vn 0.45719 -0.265 -0.84897
vn 0.40637 -0.03501 -0.91304
vn 0.56001 -0.03535 -0.82773
vn 0.84831 -0.06015 0.52608
vn 0.61783 -0.09587 0.78044
vn 0.46706 -0.0356 0.88351
vn 0.92795 -0.07774 0.36452
vn 0.92724 -0.0968 0.36173
vn 0.84811 -0.19551 0.49242
vn 0.92775 -0.16949 0.3325
vn 0.92705 -0.18719 0.32488
vn 0.84773 -0.31755 0.42488
vn 0.61694 -0.47712 0.62589
vn 0.46616 -0.59254 0.65696
vn 0.92743 -0.25004 0.27812
vn 0.92673 -0.26517 0.26619
vn 0.84717 -0.41795 0.32805
vn 0.92702 -0.31404 0.20498
vn 0.92632 -0.32558 0.18954
vn 0.84649 -0.48986 0.20853
vn 0.61507 -0.72894 0.30057
vn 0.46385 -0.84382 0.26984
vn 0.92653 -0.35725 0.11794
vn 0.92585 -0.36441 0.10004
vn 0.84573 -0.5284 0.07448
vn 0.92601 -0.37682 0.02275
vn 0.92484 -0.36871 -0.09334
vn 0.84463 -0.53022 -0.07388
vn 0.92524 -0.37911 -0.0142
vn 0.92534 -0.37911 0.00362
vn 0.92464 -0.36441 -0.11062
vn 0.84388 -0.49484 -0.20737
vn 0.61159 -0.72894 -0.30759
vn 0.45982 -0.7876 -0.41017
vn 0.92401 -0.27707 -0.26352
vn 0.84322 -0.42642 -0.32733
vn 0.92409 -0.32558 -0.20012
vn 0.92439 -0.33393 -0.18439
vn 0.92363 -0.26517 -0.27676
vn 0.84269 -0.32956 -0.42575
vn 0.60974 -0.47712 -0.63291
vn 0.45779 -0.47612 -0.75082
vn 0.92373 -0.20194 -0.32548
vn 0.92327 -0.18719 -0.33546
vn 0.84233 -0.21073 -0.49605
vn 0.92359 -0.11352 -0.36619
vn 0.92305 -0.0968 -0.37231
vn 0.94358 -0.01739 -0.33067
vn 0.87116 -0.01758 -0.49069
vn 0.84218 -0.07786 -0.53355
vn 0.60887 -0.09587 -0.78746
vn 0.45752 -0.18075 -0.87063
vn 0.92731 0 0.37429
vn 0.8463 -0 0.5327
vn 0.61593 -0 0.7878
vn 0.46657 -0 0.88449
vn -0.40509 -0 0.91428
vn -0.5094 -0 0.86053
vn -0.69336 -0 0.72059
vn -0.773 -0 0.63441
vn -0.898 -0 0.43999
vn -0.94336 -0 0.33176
vn -0.40735 0.67157 0.61892
vn -0.40851 0.80885 0.42295
vn -0.40983 0.89041 0.198
vn -0.77849 0.62554 0.05146
vn -0.7811 0.47556 -0.40463
vn -0.94432 0.27953 0.17354
vn -0.94583 0.31725 -0.06903
vn -0.94742 0.09947 -0.30413
vn -0.94704 0.08305 -0.3102
vn -0.94715 0.1751 -0.2688
vn -0.94687 0.16062 -0.27865
vn -0.94633 0.28772 -0.14725
vn -0.94625 0.27953 -0.16273
vn -0.90322 0.34516 -0.25508
vn -0.94678 0.23926 -0.21533
vn -0.9466 0.22759 -0.22838
vn -0.94479 0.31303 0.09684
vn -0.94498 0.31725 0.07984
vn -0.90138 0.42873 0.06086
vn -0.94531 0.32588 0.01416
vn -0.94541 0.32588 -0.00335
vn -0.94473 0.26813 0.18868
vn -0.94437 0.21266 0.25087
vn -0.94412 0.14319 0.29688
vn -0.94398 0.06429 0.32368
vn -0.90406 0.17143 -0.39151
vn -0.78215 0.20731 -0.5876
vn -0.70405 0.29494 -0.64601
vn -0.70177 0.66819 -0.24707
vn -0.69651 0.25108 0.67218
vn -0.41597 0.035 -0.9087
vn -0.52121 0.10467 -0.84698
vn -0.66217 0.0689 -0.74618
vn -0.74465 0.11618 -0.65726
vn -0.81697 0.04651 -0.5748
vn -0.90429 0.06435 -0.42205
vn -0.94759 0.01739 -0.31902
vn -0.41632 0.18804 -0.88956
vn -0.41578 0.27084 -0.8682
vn -0.52088 0.3223 -0.79045
vn -0.41581 0.41364 -0.80994
vn -0.41524 0.48802 -0.76774
vn -0.9037 0.26716 -0.33459
vn -0.78173 0.35348 -0.51377
vn -0.70348 0.45313 -0.54753
vn -0.52024 0.51771 -0.67921
vn -0.41499 0.61076 -0.67435
vn -0.4144 0.67157 -0.61423
vn -0.51933 0.67742 -0.52095
vn -0.70271 0.58044 -0.41146
vn -0.78032 0.56524 -0.26761
vn -0.90264 0.40024 -0.15825
vn -0.94584 0.31303 -0.08603
vn -0.4139 0.76582 -0.49214
vn -0.41331 0.80885 -0.41825
vn -0.51822 0.79044 -0.32657
vn -0.41262 0.86813 -0.27586
vn -0.41207 0.89041 -0.19331
vn -0.90202 0.42873 -0.05055
vn -0.77943 0.61639 -0.11204
vn -0.70073 0.71041 -0.06558
vn -0.51698 0.84897 -0.10947
vn -0.41124 0.91063 -0.04041
vn -0.94458 0.28772 0.15806
vn -0.90078 0.40024 0.16856
vn -0.77758 0.59206 0.21175
vn -0.69966 0.70421 0.12066
vn -0.51569 0.84897 0.11538
vn -0.41075 0.91063 0.04511
vn -0.94392 0.22759 0.23919
vn -0.90036 0.3368 0.27555
vn -0.77674 0.51823 0.35792
vn -0.69864 0.65002 0.29894
vn -0.51445 0.79044 0.33247
vn -0.40944 0.86813 0.28056
vn -0.94362 0.16062 0.28946
vn -0.89991 0.25533 0.35351
vn -0.77604 0.40909 0.48001
vn -0.69774 0.55154 0.45713
vn -0.51334 0.67742 0.52685
vn -0.40825 0.76582 0.49684
vn -0.94343 0.08305 0.32101
vn -0.8996 0.15647 0.40772
vn -0.77553 0.27206 0.56968
vn -0.69701 0.41547 0.58443
vn -0.51244 0.51771 0.68512
vn -0.40725 0.61076 0.67905
vn -0.89945 0.04695 0.4345
vn -0.77524 0.1165 0.62083
vn -0.69627 0.06958 0.7144
vn -0.5115 0.10467 0.85289
vn -0.40555 0.035 0.9134
vn -0.40643 0.48802 0.77243
vn -0.40652 0.41364 0.81464
vn -0.51181 0.3223 0.79635
vn -0.40582 0.27084 0.8729
vn -0.40612 0.18804 0.89426
vn -0.41552 0 -0.90959
vn -0.51921 0 -0.85465
vn -0.65928 0 -0.7519
vn -0.70198 0 -0.7122
vn -0.77983 0 -0.62599
vn -0.81499 0 -0.57948
vn -0.90297 -0 -0.4297
vn -0.94709 -0 -0.32096
vn -0.4144 -0.67157 -0.61423
vn -0.41331 -0.80885 -0.41825
vn -0.41207 -0.89041 -0.19331
vn -0.77903 -0.62554 -0.04255
vn -0.77642 -0.47556 0.41353
vn -0.94625 -0.27953 -0.16273
vn -0.94498 -0.31725 0.07984
vn -0.94401 -0.1751 0.27961
vn -0.94388 -0.09947 0.31494
vn -0.94343 -0.08305 0.32101
vn -0.94458 -0.28772 0.15806
vn -0.94432 -0.27953 0.17354
vn -0.90024 -0.34516 0.26539
vn -0.94425 -0.23926 0.22615
vn -0.94392 -0.22759 0.23919
vn -0.94584 -0.31303 -0.08603
vn -0.94583 -0.31725 -0.06903
vn -0.90202 -0.42873 -0.05055
vn -0.94541 -0.32588 -0.00335
vn -0.94531 -0.32588 0.01416
vn -0.94682 -0.26813 -0.17786
vn -0.94718 -0.21266 -0.24005
vn -0.94745 -0.14319 -0.28607
vn -0.90436 -0.04695 -0.42419
vn -0.94762 -0.06429 -0.31286
vn -0.77519 -0.04701 0.62998
vn -0.8994 -0.06435 0.43236
vn -0.94388 -0.01739 0.32983
vn -0.69661 -0.29494 0.65402
vn -0.6989 -0.66819 0.25508
vn -0.70415 -0.25108 -0.66418
vn -0.40555 -0.035 0.9134
vn -0.5115 -0.10467 0.85289
vn -0.6963 -0.11665 0.7082
vn -0.77538 -0.20731 0.5965
vn -0.89953 -0.17143 0.40182
vn -0.94362 -0.16062 0.28946
vn -0.40612 -0.18804 0.89426
vn -0.40582 -0.27084 0.8729
vn -0.51181 -0.3223 0.79635
vn -0.40652 -0.41364 0.81464
vn -0.40643 -0.48802 0.77243
vn -0.89982 -0.26716 0.3449
vn -0.7758 -0.35348 0.52267
vn -0.69718 -0.45313 0.55553
vn -0.51244 -0.51771 0.68512
vn -0.40725 -0.61076 0.67905
vn -0.40735 -0.67157 0.61892
vn -0.51334 -0.67742 0.52685
vn -0.69796 -0.58044 0.41946
vn -0.77721 -0.56524 0.27651
vn -0.90078 -0.40024 0.16856
vn -0.94479 -0.31303 0.09684
vn -0.40825 -0.76582 0.49684
vn -0.40851 -0.80885 0.42295
vn -0.51445 -0.79044 0.33247
vn -0.40944 -0.86813 0.28056
vn -0.40983 -0.89041 0.198
vn -0.90138 -0.42873 0.06086
vn -0.7781 -0.61639 0.12095
vn -0.69993 -0.71041 0.07359
vn -0.51569 -0.84897 0.11538
vn -0.41075 -0.91063 0.04511
vn -0.94633 -0.28772 -0.14725
vn -0.90264 -0.40024 -0.15825
vn -0.77995 -0.59206 -0.20285
vn -0.701 -0.70421 -0.11265
vn -0.51698 -0.84897 -0.10947
vn -0.41124 -0.91063 -0.04041
vn -0.9466 -0.22759 -0.22838
vn -0.90345 -0.3368 -0.26524
vn -0.78078 -0.51823 -0.34902
vn -0.70202 -0.65002 -0.29093
vn -0.51822 -0.79044 -0.32657
vn -0.41262 -0.86813 -0.27586
vn -0.94687 -0.16062 -0.27865
vn -0.90389 -0.25533 -0.34319
vn -0.78148 -0.40909 -0.4711
vn -0.70292 -0.55154 -0.44912
vn -0.51933 -0.67742 -0.52095
vn -0.4139 -0.76582 -0.49214
vn -0.94704 -0.08305 -0.3102
vn -0.9042 -0.15647 -0.39741
vn -0.78199 -0.27206 -0.56077
vn -0.70365 -0.41547 -0.57643
vn -0.52024 -0.51771 -0.67921
vn -0.41499 -0.61076 -0.67435
vn -0.81697 -0.04651 -0.5748
vn -0.74465 -0.11618 -0.65726
vn -0.66217 -0.0689 -0.74618
vn -0.52121 -0.10467 -0.84698
vn -0.41597 -0.035 -0.9087
vn -0.41524 -0.48802 -0.76774
vn -0.41581 -0.41364 -0.80994
vn -0.52088 -0.3223 -0.79045
vn -0.41578 -0.27084 -0.8682
vn -0.41632 -0.18804 -0.88956
vn 0.99998 0 -0.00572
vn -0.99998 -0 0.00572
vn 0.99993 0 -0.01189
vn 0.99984 0 -0.01807
vn 0.99783 0 -0.0658
vn 0.99423 0 -0.10731
vn 0.98196 0 -0.18907
vn 0.97335 0 -0.22933
vn 0.91872 0 -0.39491
vn 0.85673 0 -0.51577
vn 0.68305 0 -0.73037
vn 0.56907 0 -0.82229
vn 0.3025 0 -0.95315
vn 0.14832 0 -0.98894
vn 0.99998 0 -0.00572
vn -1 -0 -0.00046
vn -0.99998 -0 -0.00663
vn -0.99852 -0 -0.05438
vn -0.99539 -0 -0.09594
vn -0.98406 -0 -0.17783
vn -0.97591 -0 -0.21818
vn -0.92318 -0 -0.38438
vn -0.86257 0 -0.50594
vn -0.69135 0 -0.72252
vn -0.57844 0 -0.81573
vn -0.31337 0 -0.94963
vn -0.15962 0 -0.98718
vn 0.94646 0.21405 -0.24167
vn 0.94765 0.26284 -0.18133
vn 0.9472 0.13802 0.2894
vn 0.75946 0.04475 -0.64901
vn 0.67981 0.66105 0.31758
vn 0.37605 0.2521 0.89165
vn 0.3761 0.02919 0.92612
vn 0.37734 0.10798 0.91976
vn 0.37713 0.32705 0.86649
vn 0.37661 0.52682 0.76199
vn 0.37582 0.69549 0.61242
vn 0.37361 0.90221 0.2155
vn 0.37302 0.8808 0.29164
vn 0.48218 0.7944 0.36937
vn 0.37479 0.82313 0.4266
vn 0.37411 0.78402 0.49534
vn 0.37056 0.91584 -0.15467
vn 0.37098 0.92562 -0.07487
vn 0.48414 0.87499 -0.00277
vn 0.36934 0.85204 -0.37097
vn 0.36966 0.8808 -0.29589
vn 0.36823 0.73798 -0.5655
vn 0.36842 0.78402 -0.49959
vn 0.47987 0.49146 -0.72677
vn 0.36729 0.58039 -0.72681
vn 0.36733 0.64098 -0.67395
vn 0.36613 0.1738 -0.91419
vn 0.36583 0.2521 -0.89589
vn 0.47924 0.30233 -0.82397
vn 0.36658 0.38856 -0.84537
vn 0.36645 0.46012 -0.8087
vn 0.76574 0.46098 0.44849
vn 0.76245 0.63456 -0.12649
vn 0.67785 0.73473 -0.02644
vn 0.76334 0.64535 0.02892
vn 0.67445 0.3988 -0.62135
vn 0.75977 0.25997 -0.59596
vn 0.674 0.23944 -0.69885
vn 0.67382 0.11096 -0.73051
vn 0.47887 0.09532 -0.87269
vn 0.36549 0.02919 -0.93036
vn 0.48499 0.14503 0.86241
vn 0.68216 0.06616 0.7282
vn 0.76679 0.11083 0.63226
vn 0.89892 0.0447 0.43583
vn 0.94564 0.06208 0.31922
vn 0.94693 0.07948 0.31146
vn 0.90111 0.1491 0.40715
vn 0.76667 0.19772 0.61084
vn 0.68186 0.28164 0.67509
vn 0.48465 0.34786 0.80256
vn 0.37568 0.46012 0.80446
vn 0.94825 0.15198 0.27877
vn 0.90274 0.2426 0.35525
vn 0.76629 0.33921 0.54565
vn 0.68136 0.43594 0.58796
vn 0.48404 0.53048 0.69591
vn 0.37501 0.64098 0.66971
vn 0.94835 0.20355 0.2433
vn 0.94916 0.21405 0.23083
vn 0.90384 0.32044 0.28354
vn 0.9491 0.25563 0.18401
vn 0.94966 0.26284 0.17048
vn 0.4832 0.68227 0.54866
vn 0.68067 0.56491 0.46644
vn 0.76503 0.55596 0.32501
vn 0.90441 0.37884 0.19626
vn 0.94948 0.29199 0.11503
vn 0.94978 0.29617 0.10099
vn 0.9045 0.415 0.09827
vn 0.76422 0.61863 0.18239
vn 0.67886 0.71878 0.15004
vn 0.48103 0.86037 0.16844
vn 0.37181 0.92562 0.07063
vn 0.9495 0.31119 0.04015
vn 0.94955 0.31256 0.02591
vn 0.90412 0.42724 -0.00517
vn 0.94919 0.31256 -0.03676
vn 0.89584 0.43236 -0.10265
vn 0.94906 0.30051 -0.09481
vn 0.94856 0.29617 -0.11184
vn 0.48292 0.84916 -0.21382
vn 0.67685 0.70798 -0.20161
vn 0.7616 0.5869 -0.2748
vn 0.89527 0.39646 -0.20328
vn 0.94815 0.27112 -0.16584
vn 0.48176 0.77319 -0.41241
vn 0.67591 0.64008 -0.3653
vn 0.76084 0.50512 -0.40739
vn 0.89476 0.33751 -0.2924
vn 0.94697 0.2258 -0.22863
vn 0.48072 0.65156 -0.58683
vn 0.6751 0.53499 -0.50797
vn 0.76022 0.39399 -0.51656
vn 0.89434 0.25895 -0.36482
vn 0.94552 0.16651 -0.27976
vn 0.9419 0.01742 -0.33544
vn 0.89389 0.06213 -0.44396
vn 0.94331 0.07948 -0.32227
vn 0.8964 0.1491 -0.41742
vn 0.94383 0.13802 -0.30021
vn 0.945 0.15198 -0.2896
vn 0.36043 0 -0.93278
vn 0.4727 0 -0.88122
vn 0.67125 0 -0.74123
vn 0.75753 0 -0.6528
vn 0.89259 0 -0.45087
vn 0.94137 0 -0.33737
vn 0.94916 -0.21405 0.23083
vn 0.94966 -0.26284 0.17048
vn 0.94383 -0.13802 -0.30021
vn 0.76683 -0.04475 0.64028
vn 0.67614 -0.66105 -0.32533
vn 0.36583 -0.2521 -0.89589
vn 0.36549 -0.02919 -0.93036
vn 0.3668 -0.10798 -0.92401
vn 0.3672 -0.32705 -0.87075
vn 0.36787 -0.52682 -0.76625
vn 0.36879 -0.69549 -0.61668
vn 0.37112 -0.90221 -0.21975
vn 0.36966 -0.8808 -0.29589
vn 0.47792 -0.7944 -0.37486
vn 0.36989 -0.82313 -0.43086
vn 0.36842 -0.78402 -0.49959
vn 0.3723 -0.91584 0.15043
vn 0.37181 -0.92562 0.07063
vn 0.48414 -0.87499 -0.00277
vn 0.37356 -0.85204 0.36672
vn 0.37302 -0.8808 0.29164
vn 0.37467 -0.73798 0.56126
vn 0.37411 -0.78402 0.49534
vn 0.48815 -0.49146 0.72123
vn 0.37558 -0.58039 0.72256
vn 0.37501 -0.64098 0.66971
vn 0.37656 -0.1738 0.90994
vn 0.37605 -0.2521 0.89165
vn 0.48863 -0.30233 0.81844
vn 0.37622 -0.38856 0.84112
vn 0.37568 -0.46012 0.80446
vn 0.76056 -0.46098 -0.45722
vn 0.76385 -0.63456 0.11776
vn 0.67811 -0.73473 0.01869
vn 0.76296 -0.64535 -0.03765
vn 0.68151 -0.3988 0.6136
vn 0.76653 -0.25997 0.58724
vn 0.68195 -0.23944 0.6911
vn 0.68213 -0.11096 0.72276
vn 0.48882 -0.09532 0.86716
vn 0.3761 -0.02919 0.92612
vn 0.4751 -0.14503 -0.8679
vn 0.67379 -0.06616 -0.73595
vn 0.75951 -0.11083 -0.64099
vn 0.89388 -0.0447 -0.44608
vn 0.94193 -0.06208 -0.33001
vn 0.94331 -0.07948 -0.32227
vn 0.8964 -0.1491 -0.41742
vn 0.75963 -0.19772 -0.61957
vn 0.6741 -0.28164 -0.68284
vn 0.47544 -0.34786 -0.80805
vn 0.36645 -0.46012 -0.8087
vn 0.945 -0.15198 -0.2896
vn 0.89862 -0.2426 -0.36555
vn 0.76 -0.33921 -0.55437
vn 0.67459 -0.43594 -0.59572
vn 0.47605 -0.53048 -0.7014
vn 0.36733 -0.64098 -0.67395
vn 0.94551 -0.20355 -0.25413
vn 0.94646 -0.21405 -0.24167
vn 0.90054 -0.32044 -0.29385
vn 0.94694 -0.25563 -0.19485
vn 0.94765 -0.26284 -0.18133
vn 0.4769 -0.68227 -0.55415
vn 0.67529 -0.56491 -0.47419
vn 0.76126 -0.55596 -0.33374
vn 0.90211 -0.37884 -0.20659
vn 0.9481 -0.29199 -0.12588
vn 0.94856 -0.29617 -0.11184
vn 0.90331 -0.415 -0.10861
vn 0.76208 -0.61863 -0.19112
vn 0.6771 -0.71878 -0.1578
vn 0.47907 -0.86037 -0.17393
vn 0.37098 -0.92562 -0.07487
vn 0.94898 -0.31119 -0.05101
vn 0.94919 -0.31256 -0.03676
vn 0.90412 -0.42724 -0.00517
vn 0.94955 -0.31256 0.02591
vn 0.89696 -0.43236 0.0924
vn 0.95008 -0.30051 0.08396
vn 0.94978 -0.29617 0.10099
vn 0.48533 -0.84916 0.20828
vn 0.67911 -0.70798 0.19386
vn 0.76469 -0.5869 0.26607
vn 0.89753 -0.39646 0.19303
vn 0.94998 -0.27112 0.15499
vn 0.48645 -0.77319 0.40688
vn 0.68004 -0.64008 0.35754
vn 0.76545 -0.50512 0.39866
vn 0.89804 -0.33751 0.28215
vn 0.94952 -0.2258 0.21778
vn 0.4874 -0.65156 0.58129
vn 0.68086 -0.53499 0.50022
vn 0.76608 -0.39399 0.50784
vn 0.89845 -0.25895 0.35457
vn 0.94866 -0.16651 0.26893
vn 0.94568 -0.01742 0.32464
vn 0.89891 -0.06213 0.43371
vn 0.94693 -0.07948 0.31146
vn 0.90111 -0.1491 0.40715
vn 0.9472 -0.13802 0.2894
vn 0.94825 -0.15198 0.27877
vn 0.37108 -0 0.9286
vn 0.48275 -0 0.87576
vn 0.67968 -0 0.73351
vn 0.76494 -0 0.6441
vn 0.89769 0 0.44064
vn 0.94517 0 0.32658
vn -0.36043 -0 0.93278
vn -0.4727 -0 0.88122
vn -0.67125 -0 0.74123
vn -0.75753 -0 0.6528
vn -0.89259 -0 0.45087
vn -0.94137 -0 0.33737
vn -0.94646 0.21405 0.24167
vn -0.94765 0.26284 0.18133
vn -0.94856 0.29617 0.11184
vn -0.75946 0.04475 0.64901
vn -0.68067 0.56491 -0.46644
vn -0.37056 0.91584 0.15467
vn -0.37181 0.92562 -0.07063
vn -0.37605 0.2521 -0.89165
vn -0.3761 0.02919 -0.92612
vn -0.37734 0.10798 -0.91976
vn -0.37713 0.32705 -0.86649
vn -0.37661 0.52682 -0.76199
vn -0.37479 0.82313 -0.4266
vn -0.37411 0.78402 -0.49534
vn -0.4832 0.68227 -0.54866
vn -0.37582 0.69549 -0.61242
vn -0.37501 0.64098 -0.66971
vn -0.37361 0.90221 -0.2155
vn -0.37234 0.92806 0.00844
vn -0.36934 0.85204 0.37097
vn -0.36966 0.8808 0.29589
vn -0.36823 0.73798 0.5655
vn -0.36842 0.78402 0.49959
vn -0.47987 0.49146 0.72677
vn -0.36729 0.58039 0.72681
vn -0.36733 0.64098 0.67395
vn -0.36613 0.1738 0.91419
vn -0.36583 0.2521 0.89589
vn -0.47924 0.30233 0.82397
vn -0.36658 0.38856 0.84537
vn -0.36645 0.46012 0.8087
vn -0.76629 0.33921 -0.54565
vn -0.76422 0.61863 -0.18239
vn -0.48103 0.86037 -0.16844
vn -0.67886 0.71878 -0.15004
vn -0.76334 0.64535 -0.02892
vn -0.67445 0.3988 0.62135
vn -0.75977 0.25997 0.59596
vn -0.674 0.23944 0.69885
vn -0.67382 0.11096 0.73051
vn -0.47887 0.09532 0.87269
vn -0.36549 0.02919 0.93036
vn -0.48499 0.14503 -0.86241
vn -0.68216 0.06616 -0.7282
vn -0.76679 0.11083 -0.63226
vn -0.89892 0.0447 -0.43583
vn -0.94564 0.06208 -0.31922
vn -0.94693 0.07948 -0.31146
vn -0.90111 0.1491 -0.40715
vn -0.76667 0.19772 -0.61084
vn -0.68186 0.28164 -0.67509
vn -0.48465 0.34786 -0.80256
vn -0.37568 0.46012 -0.80446
vn -0.9472 0.13802 -0.2894
vn -0.94825 0.15198 -0.27877
vn -0.90274 0.2426 -0.35525
vn -0.94835 0.20355 -0.2433
vn -0.94916 0.21405 -0.23083
vn -0.48404 0.53048 -0.69591
vn -0.68136 0.43594 -0.58796
vn -0.76574 0.46098 -0.44849
vn -0.90384 0.32044 -0.28354
vn -0.9491 0.25563 -0.18401
vn -0.94966 0.26284 -0.17048
vn -0.90441 0.37884 -0.19626
vn -0.76503 0.55596 -0.32501
vn -0.67981 0.66105 -0.31758
vn -0.48218 0.7944 -0.36937
vn -0.37302 0.8808 -0.29164
vn -0.94948 0.29199 -0.11503
vn -0.94978 0.29617 -0.10099
vn -0.9045 0.415 -0.09827
vn -0.9495 0.31119 -0.04015
vn -0.89645 0.44313 -0.00365
vn -0.94966 0.31268 0.01919
vn -0.94919 0.31256 0.03676
vn -0.47982 0.87634 0.04243
vn -0.67785 0.73473 0.02644
vn -0.76245 0.63456 0.12649
vn -0.89584 0.43236 0.10265
vn -0.94906 0.30051 0.09481
vn -0.48292 0.84916 0.21382
vn -0.67685 0.70798 0.20161
vn -0.7616 0.5869 0.2748
vn -0.89527 0.39646 0.20328
vn -0.94815 0.27112 0.16584
vn -0.48176 0.77319 0.41241
vn -0.67591 0.64008 0.3653
vn -0.76084 0.50512 0.40739
vn -0.89476 0.33751 0.2924
vn -0.94697 0.2258 0.22863
vn -0.48072 0.65156 0.58683
vn -0.6751 0.53499 0.50797
vn -0.76022 0.39399 0.51656
vn -0.89434 0.25895 0.36482
vn -0.94552 0.16651 0.27976
vn -0.9419 0.01742 0.33544
vn -0.89389 0.06213 0.44396
vn -0.94331 0.07948 0.32227
vn -0.8964 0.1491 0.41742
vn -0.94383 0.13802 0.30021
vn -0.945 0.15198 0.2896
vn -0.37108 0 -0.9286
vn -0.48275 0 -0.87576
vn -0.67968 0 -0.73351
vn -0.76494 0 -0.6441
vn -0.89769 -0 -0.44064
vn -0.94517 -0 -0.32658
vn -0.94916 -0.21405 -0.23083
vn -0.94966 -0.26284 -0.17048
vn -0.94978 -0.29617 -0.10099
vn -0.76683 -0.04475 -0.64028
vn -0.67529 -0.56491 0.47419
vn -0.3723 -0.91584 -0.15043
vn -0.37098 -0.92562 0.07487
vn -0.36583 -0.2521 0.89589
vn -0.36549 -0.02919 0.93036
vn -0.3668 -0.10798 0.92401
vn -0.3672 -0.32705 0.87075
vn -0.36787 -0.52682 0.76625
vn -0.36989 -0.82313 0.43086
vn -0.36842 -0.78402 0.49959
vn -0.4769 -0.68227 0.55415
vn -0.36879 -0.69549 0.61668
vn -0.36733 -0.64098 0.67395
vn -0.37112 -0.90221 0.21975
vn -0.37241 -0.92806 -0.00419
vn -0.37356 -0.85204 -0.36672
vn -0.37302 -0.8808 -0.29164
vn -0.37467 -0.73798 -0.56126
vn -0.37411 -0.78402 -0.49534
vn -0.48815 -0.49146 -0.72123
vn -0.37558 -0.58039 -0.72256
vn -0.37501 -0.64098 -0.66971
vn -0.37656 -0.1738 -0.90994
vn -0.37605 -0.2521 -0.89165
vn -0.48863 -0.30233 -0.81844
vn -0.37622 -0.38856 -0.84112
vn -0.37568 -0.46012 -0.80446
vn -0.76 -0.33921 0.55437
vn -0.76208 -0.61863 0.19112
vn -0.47907 -0.86037 0.17393
vn -0.6771 -0.71878 0.1578
vn -0.76296 -0.64535 0.03765
vn -0.68151 -0.3988 -0.6136
vn -0.76653 -0.25997 -0.58724
vn -0.68195 -0.23944 -0.6911
vn -0.68213 -0.11096 -0.72276
vn -0.48882 -0.09532 -0.86716
vn -0.3761 -0.02919 -0.92612
vn -0.4751 -0.14503 0.8679
vn -0.67379 -0.06616 0.73595
vn -0.75951 -0.11083 0.64099
vn -0.89388 -0.0447 0.44608
vn -0.94193 -0.06208 0.33001
vn -0.94331 -0.07948 0.32227
vn -0.8964 -0.1491 0.41742
vn -0.75963 -0.19772 0.61957
vn -0.6741 -0.28164 0.68284
vn -0.47544 -0.34786 0.80805
vn -0.36645 -0.46012 0.8087
vn -0.94383 -0.13802 0.30021
vn -0.945 -0.15198 0.2896
vn -0.89862 -0.2426 0.36555
vn -0.94551 -0.20355 0.25413
vn -0.94646 -0.21405 0.24167
vn -0.47605 -0.53048 0.7014
vn -0.67459 -0.43594 0.59572
vn -0.76056 -0.46098 0.45722
vn -0.90054 -0.32044 0.29385
vn -0.94694 -0.25563 0.19485
vn -0.94765 -0.26284 0.18133
vn -0.90211 -0.37884 0.20659
vn -0.76126 -0.55596 0.33374
vn -0.67614 -0.66105 0.32533
vn -0.47792 -0.7944 0.37486
vn -0.36966 -0.8808 0.29589
vn -0.9481 -0.29199 0.12588
vn -0.94856 -0.29617 0.11184
vn -0.90331 -0.415 0.10861
vn -0.94898 -0.31119 0.05101
vn -0.89635 -0.44313 0.0139
vn -0.94982 -0.31268 -0.00833
vn -0.94955 -0.31256 -0.02591
vn -0.48028 -0.87634 -0.03694
vn -0.67811 -0.73473 -0.01869
vn -0.76385 -0.63456 -0.11776
vn -0.89696 -0.43236 -0.0924
vn -0.95008 -0.30051 -0.08396
vn -0.48533 -0.84916 -0.20828
vn -0.67911 -0.70798 -0.19386
vn -0.76469 -0.5869 -0.26607
vn -0.89753 -0.39646 -0.19303
vn -0.94998 -0.27112 -0.15499
vn -0.48645 -0.77319 -0.40688
vn -0.68004 -0.64008 -0.35754
vn -0.76545 -0.50512 -0.39866
vn -0.89804 -0.33751 -0.28215
vn -0.94952 -0.2258 -0.21778
vn -0.4874 -0.65156 -0.58129
vn -0.68086 -0.53499 -0.50022
vn -0.76608 -0.39399 -0.50784
vn -0.89845 -0.25895 -0.35457
vn -0.94866 -0.16651 -0.26893
vn -0.94568 -0.01742 -0.32464
vn -0.89891 -0.06213 -0.43371
vn -0.94693 -0.07948 -0.31146
vn -0.90111 -0.1491 -0.40715
vn -0.9472 -0.13802 -0.2894
vn -0.94825 -0.15198 -0.27877
vn -0 1 0
vn 0 -1 -0
vn 0.63127 0.02343 0.77521
vn 0.50253 0.02389 -0.86423
vn 0.37604 0.05342 -0.92506
vn 0.37665 0.13243 -0.91684
vn 0.50414 0.1913 -0.84217
vn 0.37631 0.27567 -0.88453
vn 0.37693 0.35035 -0.85743
vn 0.50454 0.38905 -0.77077
vn 0.37688 0.48145 -0.7913
vn 0.37751 0.54735 -0.74693
vn 0.5052 0.56359 -0.65356
vn 0.37772 0.65847 -0.65095
vn 0.37834 0.71166 -0.59194
vn 0.50609 0.70451 -0.49754
vn 0.37879 0.79616 -0.47186
vn 0.37938 0.83348 -0.40172
vn 0.50714 0.80341 -0.312
vn 0.38002 0.88629 -0.26472
vn 0.38055 0.90552 -0.18763
vn 0.5083 0.85437 -0.10803
vn 0.38134 0.92349 -0.0419
vn 0.38179 0.92349 0.03754
vn 0.50951 0.85437 0.10221
vn 0.38267 0.90552 0.18327
vn 0.38302 0.88629 0.26035
vn 0.51068 0.80341 0.30618
vn 0.38395 0.83348 0.39736
vn 0.38416 0.79616 0.46749
vn 0.51174 0.70451 0.49172
vn 0.38508 0.71166 0.58758
vn 0.38514 0.65847 0.64659
vn 0.51264 0.56359 0.64774
vn 0.38602 0.54735 0.74256
vn 0.3859 0.48145 0.78694
vn 0.51332 0.38905 0.76495
vn 0.38671 0.35035 0.85306
vn 0.3864 0.27567 0.88017
vn 0.51374 0.1913 0.83635
vn 0.38711 0.13243 0.91247
vn 0.51237 0.05341 0.8571
vn 0.3866 0.02952 0.92177
vn 0.91378 0.01212 0.40604
vn 0.99123 0 0.13212
vn 0.96291 0.01235 0.26953
vn 0.99123 0.01235 0.13156
vn 0.96335 0.05789 0.26193
vn 0.9911 0.0759 0.10933
vn 0.96322 0.12148 0.23968
vn 0.99119 0.04551 0.12439
vn 0.96301 0.17771 0.20257
vn 0.99098 0.1017 0.08729
vn 0.96272 0.22316 0.15284
vn 0.99082 0.12133 0.05963
vn 0.96239 0.25509 0.09351
vn 0.99064 0.13361 0.028
vn 0.96201 0.27155 0.02819
vn 0.99045 0.13778 -0.00566
vn 0.99007 0.12133 -0.07095
vn 0.96125 0.25509 -0.10451
vn 0.99025 0.13361 -0.03933
vn 0.96163 0.27155 -0.03918
vn 0.96091 0.22316 -0.16384
vn 0.98991 0.1017 -0.09862
vn 0.98979 0.0759 -0.12065
vn 0.96063 0.17771 -0.21356
vn 0.96042 0.12148 -0.25068
vn 0.9897 0.04551 -0.13571
vn 0.98966 0.01235 -0.14289
vn 0.96029 0.05789 -0.27293
vn 0.98966 0 -0.14344
vn 0.95977 0.01235 -0.28053
vn 0.90907 0.01212 -0.41646
vn 0.83497 0.0124 -0.55016
vn 0.84121 0.0124 0.54057
vn 0.74665 0.03645 0.66422
vn 0.84255 0.08243 0.53227
vn 0.74395 0.15895 0.64906
vn 0.84234 0.21116 0.49585
vn 0.74361 0.31376 0.59042
vn 0.84196 0.32709 0.42909
vn 0.74307 0.44955 0.49573
vn 0.84143 0.42319 0.33602
vn 0.74236 0.55809 0.37074
vn 0.84078 0.49364 0.22228
vn 0.74151 0.63279 0.22301
vn 0.84005 0.53417 0.09479
vn 0.74059 0.66914 0.06151
vn 0.83929 0.54231 -0.03875
vn 0.73964 0.66492 -0.10398
vn 0.83853 0.51757 -0.17022
vn 0.73873 0.62039 -0.26342
vn 0.83784 0.46147 -0.29167
vn 0.73791 0.53826 -0.40715
vn 0.83725 0.37738 -0.39573
vn 0.73723 0.42349 -0.52645
vn 0.83679 0.27042 -0.47609
vn 0.73673 0.28306 -0.6141
vn 0.83649 0.14707 -0.52788
vn 0.73644 0.12546 -0.66477
vn 0.739 0.03645 -0.67272
vn 0.62237 0.02343 -0.78237
vn 0.98966 0 -0.14344
vn 0.95969 0 -0.28106
vn 0.90893 0 -0.41694
vn 0.90601 0 -0.42325
vn 0.83089 0 -0.55644
vn 0.37573 0 -0.92673
vn 0.5022 0 -0.86475
vn 0.62202 0 -0.783
vn 0.62745 0 -0.77865
vn 0.73884 0 -0.67388
vn 0.95977 -0.01235 -0.28053
vn 0.96029 -0.05789 -0.27293
vn 0.98966 -0.01235 -0.14289
vn 0.98979 -0.0759 -0.12065
vn 0.96042 -0.12148 -0.25068
vn 0.9897 -0.04551 -0.13571
vn 0.96063 -0.17771 -0.21356
vn 0.98991 -0.1017 -0.09862
vn 0.96091 -0.22316 -0.16384
vn 0.99007 -0.12133 -0.07095
vn 0.96125 -0.25509 -0.10451
vn 0.99025 -0.13361 -0.03933
vn 0.96163 -0.27155 -0.03918
vn 0.99045 -0.13778 -0.00566
vn 0.99082 -0.12133 0.05963
vn 0.96239 -0.25509 0.09351
vn 0.99064 -0.13361 0.028
vn 0.96201 -0.27155 0.02819
vn 0.96272 -0.22316 0.15284
vn 0.99098 -0.1017 0.08729
vn 0.9911 -0.0759 0.10933
vn 0.96301 -0.17771 0.20257
vn 0.96322 -0.12148 0.23968
vn 0.99119 -0.04551 0.12439
vn 0.99123 -0.01235 0.13156
vn 0.96335 -0.05789 0.26193
vn 0.99123 0 0.13212
vn 0.96291 -0.01235 0.26953
vn 0.91378 -0.01212 0.40604
vn 0.84121 -0.0124 0.54057
vn 0.3866 -0.02952 0.92177
vn 0.51237 -0.05341 0.8571
vn 0.38711 -0.13243 0.91247
vn 0.51374 -0.1913 0.83635
vn 0.3864 -0.27567 0.88017
vn 0.38671 -0.35035 0.85306
vn 0.51332 -0.38905 0.76495
vn 0.3859 -0.48145 0.78694
vn 0.38602 -0.54735 0.74256
vn 0.51264 -0.56359 0.64774
vn 0.38514 -0.65847 0.64659
vn 0.38508 -0.71166 0.58758
vn 0.51174 -0.70451 0.49172
vn 0.38416 -0.79616 0.46749
vn 0.38395 -0.83348 0.39736
vn 0.51068 -0.80341 0.30618
vn 0.38302 -0.88629 0.26035
vn 0.38267 -0.90552 0.18327
vn 0.50951 -0.85437 0.10221
vn 0.38179 -0.92349 0.03754
vn 0.38134 -0.92349 -0.0419
vn 0.5083 -0.85437 -0.10803
vn 0.38055 -0.90552 -0.18763
vn 0.38002 -0.88629 -0.26472
vn 0.50714 -0.80341 -0.312
vn 0.37938 -0.83348 -0.40172
vn 0.37879 -0.79616 -0.47186
vn 0.50609 -0.70451 -0.49754
vn 0.37834 -0.71166 -0.59194
vn 0.37772 -0.65847 -0.65095
vn 0.5052 -0.56359 -0.65356
vn 0.37751 -0.54735 -0.74693
vn 0.37688 -0.48145 -0.7913
vn 0.50454 -0.38905 -0.77077
vn 0.37693 -0.35035 -0.85743
vn 0.37631 -0.27567 -0.88453
vn 0.50414 -0.1913 -0.84217
vn 0.37665 -0.13243 -0.91684
vn 0.37604 -0.02952 -0.92613
vn 0.50254 -0.05341 -0.8629
vn 0.62237 -0.02343 -0.78237
vn 0.73441 -0.02397 -0.67828
vn 0.90907 -0.01212 -0.41646
vn 0.83123 -0.03644 -0.55474
vn 0.83641 -0.08243 -0.54187
vn 0.73648 -0.15895 -0.65752
vn 0.83662 -0.21116 -0.50545
vn 0.73681 -0.31376 -0.59888
vn 0.837 -0.32709 -0.43869
vn 0.73735 -0.44955 -0.5042
vn 0.83753 -0.42319 -0.34561
vn 0.73807 -0.55809 -0.3792
vn 0.83818 -0.49364 -0.23188
vn 0.73891 -0.63279 -0.23148
vn 0.83891 -0.53417 -0.10438
vn 0.73984 -0.66914 -0.06997
vn 0.83967 -0.54231 0.02915
vn 0.74078 -0.66492 0.09551
vn 0.84043 -0.51757 0.16063
vn 0.74169 -0.62039 0.25495
vn 0.84112 -0.46147 0.28207
vn 0.74252 -0.53826 0.39868
vn 0.84172 -0.37738 0.38613
vn 0.7432 -0.42349 0.51799
vn 0.84217 -0.27042 0.46649
vn 0.7437 -0.28306 0.60563
vn 0.84247 -0.14707 0.51828
vn 0.74399 -0.12546 0.65631
vn 0.74665 -0.03645 0.66422
vn 0.63127 -0.02343 0.77521
vn 0.99123 0 0.13212
vn 0.96284 0 0.27007
vn 0.91364 0 0.40652
vn 0.91079 0 0.41287
vn 0.83719 -0 0.54691
vn 0.3863 -0 0.92237
vn 0.51206 -0 0.85895
vn 0.63093 -0 0.77584
vn 0.63632 -0 0.77143
vn 0.7465 -0 0.66539
vn -0.98966 -0 0.14344
vn -0.95969 -0 0.28106
vn -0.90893 -0 0.41694
vn -0.90601 -0 0.42325
vn -0.83089 -0 0.55644
vn -0.37573 -0 0.92673
vn -0.5022 -0 0.86475
vn -0.62202 -0 0.783
vn -0.62745 -0 0.77865
vn -0.73884 -0 0.67388
vn -0.96291 0.01235 -0.26953
vn -0.99123 0.01235 -0.13156
vn -0.96335 0.05789 -0.26193
vn -0.99119 0.04551 -0.12439
vn -0.96322 0.12148 -0.23968
vn -0.9911 0.0759 -0.10933
vn -0.96301 0.17771 -0.20257
vn -0.99098 0.1017 -0.08729
vn -0.96272 0.22316 -0.15284
vn -0.99082 0.12133 -0.05963
vn -0.96239 0.25509 -0.09351
vn -0.99064 0.13361 -0.028
vn -0.96201 0.27155 -0.02819
vn -0.99045 0.13778 0.00566
vn -0.96163 0.27155 0.03918
vn -0.99025 0.13361 0.03933
vn -0.96125 0.25509 0.10451
vn -0.99007 0.12133 0.07095
vn -0.96091 0.22316 0.16384
vn -0.98991 0.1017 0.09862
vn -0.96063 0.17771 0.21356
vn -0.98979 0.0759 0.12065
vn -0.96042 0.12148 0.25068
vn -0.9897 0.04551 0.13571
vn -0.96029 0.05789 0.27293
vn -0.98966 0.01235 0.14289
vn -0.98966 -0 0.14344
vn -0.95977 0.01235 0.28053
vn -0.90907 0.01212 0.41646
vn -0.83497 0.0124 0.55016
vn -0.37604 0.02952 0.92613
vn -0.50254 0.05341 0.8629
vn -0.37665 0.13243 0.91684
vn -0.50414 0.1913 0.84217
vn -0.37631 0.27567 0.88453
vn -0.37693 0.35035 0.85743
vn -0.50454 0.38905 0.77077
vn -0.37688 0.48145 0.7913
vn -0.37751 0.54735 0.74693
vn -0.5052 0.56359 0.65356
vn -0.37772 0.65847 0.65095
vn -0.37834 0.71166 0.59194
vn -0.50609 0.70451 0.49754
vn -0.37879 0.79616 0.47186
vn -0.37938 0.83348 0.40172
vn -0.50714 0.80341 0.312
vn -0.38002 0.88629 0.26472
vn -0.38055 0.90552 0.18763
vn -0.5083 0.85437 0.10803
vn -0.38134 0.92349 0.0419
vn -0.38179 0.92349 -0.03754
vn -0.50951 0.85437 -0.10221
vn -0.38267 0.90552 -0.18327
vn -0.38302 0.88629 -0.26035
vn -0.51068 0.80341 -0.30618
vn -0.38395 0.83348 -0.39736
vn -0.38416 0.79616 -0.46749
vn -0.51174 0.70451 -0.49172
vn -0.38508 0.71166 -0.58758
vn -0.38514 0.65847 -0.64659
vn -0.51264 0.56359 -0.64774
vn -0.38602 0.54735 -0.74256
vn -0.3859 0.48145 -0.78694
vn -0.51332 0.38905 -0.76495
vn -0.38671 0.35035 -0.85306
vn -0.3864 0.27567 -0.88017
vn -0.51374 0.1913 -0.83635
vn -0.38711 0.13243 -0.91247
vn -0.3866 0.02952 -0.92177
vn -0.51237 0.05341 -0.8571
vn -0.63127 0.02343 -0.77521
vn -0.74212 0.02397 -0.66984
vn -0.62237 0.02343 0.78237
vn -0.739 0.03645 0.67272
vn -0.73644 0.12546 0.66477
vn -0.83649 0.14707 0.52788
vn -0.73673 0.28306 0.6141
vn -0.83679 0.27042 0.47609
vn -0.73723 0.42349 0.52645
vn -0.83725 0.37738 0.39573
vn -0.73791 0.53826 0.40715
vn -0.83784 0.46147 0.29167
vn -0.73873 0.62039 0.26342
vn -0.83853 0.51757 0.17022
vn -0.73964 0.66492 0.10398
vn -0.83929 0.54231 0.03875
vn -0.74059 0.66914 -0.06151
vn -0.84005 0.53417 -0.09479
vn -0.74151 0.63279 -0.22301
vn -0.84078 0.49364 -0.22228
vn -0.74236 0.55809 -0.37074
vn -0.84143 0.42319 -0.33602
vn -0.74307 0.44955 -0.49573
vn -0.84196 0.32709 -0.42909
vn -0.74361 0.31376 -0.59042
vn -0.84234 0.21116 -0.49585
vn -0.74395 0.15895 -0.64906
vn -0.84255 0.08243 -0.53227
vn -0.83752 0.03644 -0.5452
vn -0.91378 0.01212 -0.40604
vn -0.99123 -0 -0.13212
vn -0.96284 -0 -0.27007
vn -0.91364 -0 -0.40652
vn -0.91079 -0 -0.41287
vn -0.83719 0 -0.54691
vn -0.3863 0 -0.92237
vn -0.51206 0 -0.85895
vn -0.63093 0 -0.77584
vn -0.63632 0 -0.77143
vn -0.7465 0 -0.66539
vn -0.62237 -0.02343 0.78237
vn -0.51238 -0.02389 -0.85843
vn -0.3866 -0.05342 -0.9207
vn -0.38711 -0.13243 -0.91247
vn -0.51374 -0.1913 -0.83635
vn -0.3864 -0.27567 -0.88017
vn -0.38671 -0.35035 -0.85306
vn -0.51332 -0.38905 -0.76495
vn -0.3859 -0.48145 -0.78694
vn -0.38602 -0.54735 -0.74256
vn -0.51264 -0.56359 -0.64774
vn -0.38514 -0.65847 -0.64659
vn -0.38508 -0.71166 -0.58758
vn -0.51174 -0.70451 -0.49172
vn -0.38416 -0.79616 -0.46749
vn -0.38395 -0.83348 -0.39736
vn -0.51068 -0.80341 -0.30618
vn -0.38302 -0.88629 -0.26035
vn -0.38267 -0.90552 -0.18327
vn -0.50951 -0.85437 -0.10221
vn -0.38179 -0.92349 -0.03754
vn -0.38134 -0.92349 0.0419
vn -0.5083 -0.85437 0.10803
vn -0.38055 -0.90552 0.18763
vn -0.38002 -0.88629 0.26472
vn -0.50714 -0.80341 0.312
vn -0.37938 -0.83348 0.40172
vn -0.37879 -0.79616 0.47186
vn -0.50609 -0.70451 0.49754
vn -0.37834 -0.71166 0.59194
vn -0.37772 -0.65847 0.65095
vn -0.5052 -0.56359 0.65356
vn -0.37751 -0.54735 0.74693
vn -0.37688 -0.48145 0.7913
vn -0.50454 -0.38905 0.77077
vn -0.37693 -0.35035 0.85743
vn -0.37631 -0.27567 0.88453
vn -0.50414 -0.1913 0.84217
vn -0.37665 -0.13243 0.91684
vn -0.50254 -0.05341 0.8629
vn -0.37604 -0.02952 0.92613
vn -0.90907 -0.01212 0.41646
vn -0.98966 -0 0.14344
vn -0.95977 -0.01235 0.28053
vn -0.96029 -0.05789 0.27293
vn -0.9897 -0.04551 0.13571
vn -0.96042 -0.12148 0.25068
vn -0.98979 -0.0759 0.12065
vn -0.96063 -0.17771 0.21356
vn -0.98991 -0.1017 0.09862
vn -0.96091 -0.22316 0.16384
vn -0.99007 -0.12133 0.07095
vn -0.96125 -0.25509 0.10451
vn -0.99025 -0.13361 0.03933
vn -0.96163 -0.27155 0.03918
vn -0.99045 -0.13778 0.00566
vn -0.96201 -0.27155 -0.02819
vn -0.99064 -0.13361 -0.028
vn -0.96239 -0.25509 -0.09351
vn -0.99082 -0.12133 -0.05963
vn -0.96272 -0.22316 -0.15284
vn -0.99098 -0.1017 -0.08729
vn -0.96301 -0.17771 -0.20257
vn -0.9911 -0.0759 -0.10933
vn -0.96322 -0.12148 -0.23968
vn -0.99119 -0.04551 -0.12439
vn -0.96335 -0.05789 -0.26193
vn -0.99123 -0.01235 -0.13156
vn -0.99123 -0 -0.13212
vn -0.96291 -0.01235 -0.26953
vn -0.91378 -0.01212 -0.40604
vn -0.84121 -0.0124 -0.54057
vn -0.63127 -0.02343 -0.77521
vn -0.74665 -0.03645 -0.66422
vn -0.74399 -0.12546 -0.65631
vn -0.84247 -0.14707 -0.51828
vn -0.7437 -0.28306 -0.60563
vn -0.84217 -0.27042 -0.46649
vn -0.7432 -0.42349 -0.51799
vn -0.84172 -0.37738 -0.38613
vn -0.74252 -0.53826 -0.39868
vn -0.84112 -0.46147 -0.28207
vn -0.74169 -0.62039 -0.25495
vn -0.84043 -0.51757 -0.16063
vn -0.74078 -0.66492 -0.09551
vn -0.83967 -0.54231 -0.02915
vn -0.73984 -0.66914 0.06997
vn -0.83891 -0.53417 0.10438
vn -0.73891 -0.63279 0.23148
vn -0.83818 -0.49364 0.23188
vn -0.73807 -0.55809 0.3792
vn -0.83753 -0.42319 0.34561
vn -0.73735 -0.44955 0.5042
vn -0.837 -0.32709 0.43869
vn -0.73681 -0.31376 0.59888
vn -0.83662 -0.21116 0.50545
vn -0.73648 -0.15895 0.65752
vn -0.83641 -0.08243 0.54187
vn -0.739 -0.03645 0.67272
vn -0.83497 -0.0124 0.55016
vn -0.00192 -0.94188 -0.33593
vn -0.00251 -0.8982 -0.43959
vn -0.00358 -0.77918 -0.62679
vn -0.00406 -0.70386 -0.71033
vn -0.00485 -0.52994 -0.84802
vn -0.00516 -0.43134 -0.90217
vn -0.00557 -0.22183 -0.97507
vn -0.00568 -0.11092 -0.99381
vn -0.00568 0.11092 -0.99381
vn -0.00557 0.22183 -0.97507
vn -0.00516 0.43134 -0.90217
vn -0.00485 0.52994 -0.84802
vn -0.00406 0.70386 -0.71033
vn -0.00358 0.77918 -0.62679
vn -0.00251 0.8982 -0.43959
vn -0.00192 0.94188 -0.33593
vn 0.00192 0.94188 0.33593
vn 0.00251 0.8982 0.43959
vn 0.00358 0.77918 0.62679
vn 0.00406 0.70386 0.71033
vn 0.00485 0.52994 0.84802
vn 0.00516 0.43134 0.90217
vn 0.00557 0.22183 0.97507
vn 0.00568 0.11092 0.99381
vn 0.00568 -0.11092 0.99381
vn 0.00557 -0.22183 0.97507
vn 0.00516 -0.43134 0.90217
vn 0.00485 -0.52994 0.84802
vn 0.00406 -0.70386 0.71033
vn 0.00358 -0.77918 0.62679
vn 0.00251 -0.8982 0.43959
vn 0.00192 -0.94188 0.33593
vn 0.00572 -0 0.99998
f 1//1 2//1 3//1
f 3//1 2//1 4//1
f 3//1 4//1 5//1
f 6//1 7//1 3//1
f 3//1 7//1 8//1
f 3//1 8//1 1//1
f 9//1 10//1 3//1
f 3//1 10//1 11//1
f 3//1 11//1 6//1
f 5//1 12//1 3//1
f 3//1 12//1 13//1
f 3//1 13//1 9//1
f 14//2 15//2 16//2
f 16//2 15//2 17//2
f 16//2 17//2 18//2
f 19//2 20//2 16//2
f 16//2 20//2 21//2
f 16//2 21//2 14//2
f 22//2 23//2 16//2
f 16//2 23//2 24//2
f 16//2 24//2 19//2
f 18//2 25//2 16//2
f 16//2 25//2 26//2
f 16//2 26//2 22//2
f 4//3 27//3 5//3
f 5//4 27//4 28//4
f 5//5 28//5 12//5
f 12//6 28//6 29//6
f 12//7 29//7 13//7
f 13//8 29//8 30//8
f 13//9 30//9 9//9
f 9//10 30//10 31//10
f 9//11 31//11 10//11
f 10//12 31//12 32//12
f 10//13 32//13 11//13
f 11//14 32//14 33//14
f 11//15 33//15 6//15
f 6//16 33//16 34//16
f 6//17 34//17 7//17
f 7//18 34//18 35//18
f 7//19 35//19 8//19
f 8//20 35//20 36//20
f 8//21 36//21 1//21
f 1//22 36//22 37//22
f 1//23 37//23 2//23
f 2//24 37//24 38//24
f 2//25 38//25 4//25
f 4//26 38//26 27//26
f 39//3 17//3 40//3
f 40//4 17//4 15//4
f 40//5 15//5 41//5
f 41//6 15//6 14//6
f 41//7 14//7 42//7
f 42//8 14//8 21//8
f 42//9 21//9 43//9
f 43//10 21//10 20//10
f 43//11 20//11 44//11
f 44//12 20//12 19//12
f 44//13 19//13 45//13
f 45//14 19//14 24//14
f 45//15 24//15 46//15
f 46//16 24//16 23//16
f 46//17 23//17 47//17
f 47//18 23//18 22//18
f 47//19 22//19 48//19
f 48//20 22//20 26//20
f 48//21 26//21 49//21
f 49//22 26//22 25//22
f 49//23 25//23 50//23
f 50//24 25//24 18//24
f 50//25 18//25 39//25
f 39//26 18//26 17//26
f 51//27 52//27 53//27
f 54//27 55//27 52//27
f 52//27 56//27 57//27
f 58//27 59//27 52//27
f 60//27 61//27 62//27
f 63//27 64//27 65//27
f 66//27 67//27 68//27
f 69//27 70//27 56//27
f 56//27 70//27 71//27
f 56//27 71//27 72//27
f 72//27 71//27 73//27
f 59//27 74//27 52//27
f 52//27 74//27 75//27
f 52//27 75//27 53//27
f 76//27 77//27 53//27
f 53//27 77//27 78//27
f 53//27 78//27 51//27
f 64//27 79//27 65//27
f 65//27 79//27 80//27
f 65//27 80//27 81//27
f 81//27 80//27 82//27
f 66//27 68//27 71//27
f 71//27 68//27 83//27
f 71//27 83//27 73//27
f 57//27 84//27 52//27
f 52//27 84//27 85//27
f 52//27 85//27 86//27
f 87//27 88//27 62//27
f 89//27 90//27 91//27
f 91//27 90//27 92//27
f 60//27 62//27 53//27
f 53//27 62//27 93//27
f 53//27 93//27 76//27
f 54//27 52//27 65//27
f 65//27 52//27 94//27
f 65//27 94//27 63//27
f 80//27 95//27 82//27
f 82//27 95//27 96//27
f 82//27 96//27 97//27
f 97//27 96//27 98//27
f 55//27 99//27 52//27
f 52//27 99//27 100//27
f 52//27 100//27 56//27
f 56//27 100//27 101//27
f 56//27 101//27 69//27
f 86//27 102//27 52//27
f 52//27 102//27 103//27
f 52//27 103//27 58//27
f 104//27 105//27 106//27
f 106//27 105//27 107//27
f 90//27 108//27 92//27
f 92//27 108//27 62//27
f 92//27 62//27 109//27
f 109//27 62//27 88//27
f 87//27 62//27 110//27
f 110//27 62//27 61//27
f 110//27 61//27 104//27
f 104//27 61//27 111//27
f 104//27 111//27 105//27
f 37//1 36//1 112//1
f 112//1 113//1 114//1
f 37//1 112//1 38//1
f 38//1 112//1 114//1
f 38//1 114//1 27//1
f 36//1 35//1 112//1
f 112//1 35//1 115//1
f 112//1 115//1 116//1
f 116//1 115//1 117//1
f 27//1 114//1 28//1
f 28//1 114//1 118//1
f 28//1 118//1 29//1
f 35//1 34//1 115//1
f 115//1 34//1 33//1
f 115//1 33//1 119//1
f 119//1 33//1 32//1
f 119//1 32//1 120//1
f 120//1 32//1 31//1
f 120//1 31//1 121//1
f 121//1 31//1 30//1
f 121//1 30//1 122//1
f 122//1 30//1 29//1
f 122//1 29//1 123//1
f 123//1 29//1 118//1
f 112//28 116//28 124//28
f 124//28 116//28 125//28
f 47//29 48//29 125//29
f 125//29 126//29 127//29
f 48//29 49//29 125//29
f 125//29 49//29 128//29
f 125//29 128//29 124//29
f 124//29 128//29 129//29
f 47//29 125//29 46//29
f 46//29 125//29 127//29
f 46//29 127//29 45//29
f 45//29 127//29 44//29
f 44//29 127//29 130//29
f 44//29 130//29 43//29
f 49//29 50//29 128//29
f 128//29 50//29 39//29
f 128//29 39//29 131//29
f 131//29 39//29 40//29
f 131//29 40//29 132//29
f 132//29 40//29 41//29
f 132//29 41//29 133//29
f 133//29 41//29 42//29
f 133//29 42//29 134//29
f 134//29 42//29 43//29
f 134//29 43//29 135//29
f 135//29 43//29 130//29
f 136//30 137//30 138//30
f 138//31 137//31 139//31
f 138//32 139//32 140//32
f 140//33 139//33 141//33
f 140//34 141//34 142//34
f 142//35 141//35 143//35
f 142//36 143//36 144//36
f 144//37 143//37 145//37
f 144//38 145//38 146//38
f 146//39 145//39 147//39
f 146//40 147//40 100//40
f 100//41 147//41 101//41
f 144//42 146//42 148//42
f 149//43 150//43 151//43
f 152//44 153//44 154//44
f 155//45 156//45 157//45
f 87//46 156//46 88//46
f 88//47 156//47 155//47
f 88//48 155//48 109//48
f 109//49 155//49 158//49
f 109//50 158//50 92//50
f 159//51 89//51 158//51
f 158//50 89//50 91//50
f 158//50 91//50 92//50
f 93//52 62//52 160//52
f 160//52 62//52 108//52
f 160//53 108//53 159//53
f 159//54 108//54 90//54
f 159//54 90//54 89//54
f 93//52 160//52 76//52
f 76//55 160//55 161//55
f 76//56 161//56 77//56
f 77//57 161//57 162//57
f 77//58 162//58 78//58
f 78//58 162//58 51//58
f 51//59 162//59 163//59
f 51//60 163//60 52//60
f 164//61 63//61 163//61
f 163//62 63//62 94//62
f 163//63 94//63 52//63
f 165//64 79//64 164//64
f 164//65 79//65 64//65
f 164//65 64//65 63//65
f 98//66 96//66 166//66
f 166//66 96//66 95//66
f 166//67 95//67 165//67
f 165//68 95//68 80//68
f 165//68 80//68 79//68
f 98//66 166//66 97//66
f 97//69 166//69 167//69
f 97//70 167//70 82//70
f 82//70 167//70 81//70
f 81//71 167//71 168//71
f 81//72 168//72 65//72
f 65//72 168//72 54//72
f 54//73 168//73 148//73
f 54//74 148//74 55//74
f 146//75 100//75 148//75
f 148//74 100//74 99//74
f 148//74 99//74 55//74
f 140//76 142//76 169//76
f 169//77 142//77 144//77
f 170//78 136//78 138//78
f 151//79 171//79 149//79
f 149//80 171//80 172//80
f 149//81 172//81 173//81
f 173//82 172//82 174//82
f 173//83 174//83 175//83
f 175//84 174//84 176//84
f 175//85 176//85 177//85
f 177//86 176//86 178//86
f 177//87 178//87 179//87
f 179//88 178//88 180//88
f 179//89 180//89 181//89
f 181//90 180//90 182//90
f 181//91 182//91 183//91
f 183//92 182//92 184//92
f 183//93 184//93 185//93
f 185//94 184//94 186//94
f 185//95 186//95 187//95
f 187//96 186//96 188//96
f 187//97 188//97 189//97
f 189//98 188//98 190//98
f 189//99 190//99 191//99
f 191//100 190//100 192//100
f 191//101 192//101 193//101
f 193//102 192//102 170//102
f 193//103 170//103 194//103
f 194//104 170//104 138//104
f 194//105 138//105 140//105
f 140//106 169//106 194//106
f 194//107 169//107 195//107
f 194//108 195//108 193//108
f 193//109 195//109 196//109
f 193//110 196//110 191//110
f 191//111 196//111 197//111
f 191//112 197//112 189//112
f 189//113 197//113 198//113
f 189//114 198//114 187//114
f 187//115 198//115 199//115
f 187//116 199//116 185//116
f 185//117 199//117 200//117
f 185//118 200//118 183//118
f 183//119 200//119 201//119
f 183//120 201//120 181//120
f 181//121 201//121 202//121
f 181//122 202//122 179//122
f 179//123 202//123 203//123
f 179//124 203//124 177//124
f 177//125 203//125 204//125
f 177//126 204//126 175//126
f 175//127 204//127 205//127
f 175//128 205//128 173//128
f 173//129 205//129 152//129
f 173//130 152//130 149//130
f 149//131 152//131 154//131
f 149//132 154//132 150//132
f 144//133 148//133 169//133
f 169//134 148//134 168//134
f 169//135 168//135 195//135
f 195//136 168//136 167//136
f 195//137 167//137 196//137
f 196//138 167//138 166//138
f 196//139 166//139 197//139
f 197//140 166//140 165//140
f 197//141 165//141 198//141
f 198//142 165//142 164//142
f 198//143 164//143 199//143
f 199//144 164//144 163//144
f 199//145 163//145 200//145
f 200//146 163//146 162//146
f 200//147 162//147 201//147
f 201//148 162//148 161//148
f 201//149 161//149 202//149
f 202//150 161//150 160//150
f 202//151 160//151 203//151
f 203//152 160//152 159//152
f 203//153 159//153 204//153
f 204//154 159//154 158//154
f 204//155 158//155 205//155
f 205//156 158//156 155//156
f 205//157 155//157 152//157
f 152//158 155//158 157//158
f 152//159 157//159 153//159
f 206//160 151//160 207//160
f 207//161 151//161 150//161
f 207//162 150//162 208//162
f 208//163 150//163 154//163
f 208//164 154//164 209//164
f 209//165 154//165 153//165
f 209//166 153//166 210//166
f 210//167 153//167 157//167
f 210//168 157//168 211//168
f 211//169 157//169 156//169
f 211//170 156//170 110//170
f 110//171 156//171 87//171
f 210//172 211//172 212//172
f 212//173 211//173 110//173
f 208//174 209//174 213//174
f 213//175 209//175 210//175
f 214//176 207//176 208//176
f 215//177 206//177 207//177
f 207//178 214//178 215//178
f 215//179 214//179 216//179
f 215//180 216//180 217//180
f 217//181 216//181 218//181
f 217//182 218//182 219//182
f 219//183 218//183 220//183
f 219//184 220//184 221//184
f 221//185 220//185 222//185
f 221//186 222//186 223//186
f 223//187 222//187 224//187
f 223//188 224//188 225//188
f 225//189 224//189 226//189
f 225//190 226//190 227//190
f 227//191 226//191 228//191
f 227//192 228//192 229//192
f 229//193 228//193 230//193
f 229//194 230//194 231//194
f 231//195 230//195 232//195
f 231//196 232//196 233//196
f 233//197 232//197 234//197
f 233//198 234//198 235//198
f 235//199 234//199 236//199
f 235//200 236//200 237//200
f 237//201 236//201 238//201
f 237//202 238//202 239//202
f 239//203 238//203 139//203
f 239//204 139//204 137//204
f 240//205 143//205 141//205
f 241//206 147//206 145//206
f 101//207 147//207 69//207
f 69//208 147//208 241//208
f 69//209 241//209 70//209
f 70//210 241//210 242//210
f 70//211 242//211 71//211
f 243//212 68//212 67//212
f 243//213 67//213 242//213
f 242//211 67//211 66//211
f 242//211 66//211 71//211
f 68//212 243//212 83//212
f 83//214 243//214 244//214
f 83//215 244//215 73//215
f 245//216 57//216 246//216
f 246//217 57//217 56//217
f 246//218 56//218 244//218
f 244//215 56//215 72//215
f 244//215 72//215 73//215
f 247//219 85//219 245//219
f 245//220 85//220 84//220
f 245//220 84//220 57//220
f 248//221 102//221 247//221
f 247//222 102//222 86//222
f 247//223 86//223 85//223
f 74//224 59//224 249//224
f 249//224 59//224 58//224
f 249//225 58//225 248//225
f 248//226 58//226 103//226
f 248//226 103//226 102//226
f 74//224 249//224 75//224
f 75//227 249//227 250//227
f 75//228 250//228 53//228
f 53//228 250//228 60//228
f 60//229 250//229 251//229
f 60//230 251//230 61//230
f 61//230 251//230 111//230
f 111//231 251//231 252//231
f 111//232 252//232 105//232
f 110//233 104//233 212//233
f 212//233 104//233 106//233
f 212//234 106//234 252//234
f 252//232 106//232 107//232
f 252//232 107//232 105//232
f 208//235 213//235 214//235
f 214//236 213//236 253//236
f 214//237 253//237 216//237
f 216//238 253//238 254//238
f 216//239 254//239 218//239
f 218//240 254//240 255//240
f 218//241 255//241 220//241
f 220//242 255//242 256//242
f 220//243 256//243 222//243
f 222//244 256//244 257//244
f 222//245 257//245 224//245
f 224//246 257//246 258//246
f 224//247 258//247 226//247
f 226//248 258//248 259//248
f 226//249 259//249 228//249
f 228//250 259//250 260//250
f 228//251 260//251 230//251
f 230//252 260//252 261//252
f 230//253 261//253 232//253
f 232//254 261//254 262//254
f 232//255 262//255 234//255
f 234//256 262//256 263//256
f 234//257 263//257 236//257
f 236//258 263//258 240//258
f 236//259 240//259 238//259
f 238//260 240//260 141//260
f 238//261 141//261 139//261
f 210//262 212//262 213//262
f 213//263 212//263 252//263
f 213//264 252//264 253//264
f 253//265 252//265 251//265
f 253//266 251//266 254//266
f 254//267 251//267 250//267
f 254//268 250//268 255//268
f 255//269 250//269 249//269
f 255//270 249//270 256//270
f 256//271 249//271 248//271
f 256//272 248//272 257//272
f 257//273 248//273 247//273
f 257//274 247//274 258//274
f 258//275 247//275 245//275
f 258//276 245//276 259//276
f 259//277 245//277 246//277
f 259//278 246//278 260//278
f 260//279 246//279 244//279
f 260//280 244//280 261//280
f 261//281 244//281 243//281
f 261//282 243//282 262//282
f 262//283 243//283 242//283
f 262//284 242//284 263//284
f 263//285 242//285 241//285
f 263//286 241//286 240//286
f 240//287 241//287 145//287
f 240//288 145//288 143//288
f 126//289 125//289 264//289
f 264//289 125//289 116//289
f 264//289 116//289 117//289
f 265//2 266//2 267//2
f 267//2 268//2 269//2
f 270//2 265//2 271//2
f 271//2 265//2 267//2
f 271//2 267//2 272//2
f 272//2 267//2 269//2
f 272//2 269//2 273//2
f 268//290 115//290 119//290
f 268//291 119//291 269//291
f 269//292 119//292 120//292
f 269//293 120//293 273//293
f 273//294 120//294 121//294
f 273//295 121//295 272//295
f 272//296 121//296 122//296
f 272//297 122//297 271//297
f 271//298 122//298 123//298
f 271//299 123//299 270//299
f 270//300 123//300 118//300
f 270//301 118//301 265//301
f 265//302 118//302 114//302
f 265//303 114//303 266//303
f 113//304 112//304 274//304
f 274//304 112//304 124//304
f 274//304 124//304 129//304
f 275//1 276//1 277//1
f 278//1 279//1 280//1
f 278//1 280//1 281//1
f 280//1 282//1 275//1
f 275//1 277//1 280//1
f 280//1 277//1 283//1
f 280//1 283//1 281//1
f 130//305 127//305 279//305
f 279//306 278//306 130//306
f 130//307 278//307 281//307
f 130//308 281//308 135//308
f 135//309 281//309 283//309
f 135//310 283//310 134//310
f 134//311 283//311 277//311
f 134//312 277//312 133//312
f 133//313 277//313 276//313
f 133//314 276//314 132//314
f 132//315 276//315 275//315
f 132//316 275//316 131//316
f 131//317 275//317 282//317
f 131//318 282//318 128//318
f 284//319 285//319 286//319
f 286//319 285//319 287//319
f 286//319 287//319 288//319
f 289//319 290//319 286//319
f 286//319 290//319 291//319
f 286//319 291//319 284//319
f 292//319 293//319 286//319
f 286//319 293//319 294//319
f 286//319 294//319 289//319
f 288//319 295//319 286//319
f 286//319 295//319 296//319
f 286//319 296//319 292//319
f 297//27 192//27 298//27
f 298//27 192//27 190//27
f 298//27 190//27 299//27
f 300//27 188//27 301//27
f 301//27 188//27 186//27
f 301//27 186//27 302//27
f 303//27 304//27 184//27
f 184//27 304//27 305//27
f 184//27 305//27 186//27
f 186//27 305//27 306//27
f 186//27 306//27 302//27
f 307//27 178//27 308//27
f 308//27 178//27 176//27
f 309//27 310//27 176//27
f 176//27 310//27 311//27
f 176//27 311//27 308//27
f 300//27 312//27 188//27
f 188//27 312//27 313//27
f 188//27 313//27 190//27
f 190//27 313//27 314//27
f 190//27 314//27 299//27
f 180//27 315//27 182//27
f 182//27 315//27 316//27
f 182//27 316//27 317//27
f 307//27 318//27 178//27
f 178//27 318//27 319//27
f 178//27 319//27 180//27
f 180//27 319//27 320//27
f 180//27 320//27 315//27
f 229//27 321//27 322//27
f 229//27 322//27 227//27
f 227//27 322//27 323//27
f 227//27 323//27 324//27
f 321//27 229//27 325//27
f 325//27 229//27 231//27
f 325//27 231//27 326//27
f 327//27 328//27 233//27
f 317//27 329//27 182//27
f 182//27 329//27 330//27
f 182//27 330//27 184//27
f 184//27 330//27 331//27
f 184//27 331//27 303//27
f 328//27 332//27 233//27
f 233//27 332//27 333//27
f 233//27 333//27 231//27
f 231//27 333//27 334//27
f 231//27 334//27 326//27
f 309//27 176//27 335//27
f 335//27 176//27 174//27
f 335//27 174//27 336//27
f 172//27 337//27 174//27
f 174//27 337//27 338//27
f 174//27 338//27 336//27
f 339//27 340//27 171//27
f 171//27 340//27 341//27
f 171//27 341//27 172//27
f 172//27 341//27 342//27
f 172//27 342//27 337//27
f 343//27 344//27 239//27
f 239//27 344//27 345//27
f 239//27 345//27 237//27
f 346//27 217//27 347//27
f 347//27 217//27 219//27
f 347//27 219//27 348//27
f 348//27 219//27 349//27
f 350//27 223//27 351//27
f 351//27 223//27 225//27
f 351//27 225//27 352//27
f 352//27 225//27 353//27
f 327//27 233//27 354//27
f 354//27 233//27 235//27
f 354//27 235//27 355//27
f 345//27 356//27 237//27
f 237//27 356//27 357//27
f 237//27 357//27 235//27
f 235//27 357//27 358//27
f 235//27 358//27 355//27
f 297//27 359//27 192//27
f 192//27 359//27 360//27
f 192//27 360//27 170//27
f 170//27 360//27 361//27
f 170//27 361//27 136//27
f 136//27 361//27 362//27
f 136//27 362//27 363//27
f 346//27 364//27 217//27
f 217//27 364//27 365//27
f 217//27 365//27 215//27
f 215//27 365//27 366//27
f 215//27 366//27 206//27
f 206//27 366//27 367//27
f 206//27 367//27 368//27
f 349//27 219//27 369//27
f 369//27 219//27 221//27
f 369//27 221//27 370//27
f 350//27 371//27 223//27
f 223//27 371//27 372//27
f 223//27 372//27 221//27
f 221//27 372//27 373//27
f 221//27 373//27 370//27
f 324//27 374//27 227//27
f 227//27 374//27 375//27
f 227//27 375//27 225//27
f 225//27 375//27 376//27
f 225//27 376//27 353//27
f 363//27 377//27 136//27
f 136//27 377//27 378//27
f 136//27 378//27 137//27
f 137//27 378//27 379//27
f 137//27 379//27 239//27
f 239//27 379//27 380//27
f 239//27 380//27 343//27
f 368//27 381//27 206//27
f 206//27 381//27 382//27
f 206//27 382//27 151//27
f 151//27 382//27 383//27
f 151//27 383//27 171//27
f 171//27 383//27 384//27
f 171//27 384//27 339//27
f 385//320 386//320 387//320
f 388//320 389//320 387//320
f 390//320 391//320 392//320
f 393//320 394//320 387//320
f 395//320 396//320 397//320
f 386//320 398//320 387//320
f 387//320 398//320 399//320
f 387//320 399//320 400//320
f 400//320 399//320 401//320
f 400//320 401//320 402//320
f 402//320 401//320 403//320
f 404//320 392//320 405//320
f 405//320 392//320 406//320
f 407//320 408//320 397//320
f 397//320 408//320 409//320
f 397//320 409//320 410//320
f 392//320 411//320 412//320
f 413//320 414//320 392//320
f 392//320 414//320 415//320
f 415//320 416//320 392//320
f 392//320 416//320 417//320
f 392//320 417//320 418//320
f 419//320 420//320 421//320
f 421//320 422//320 423//320
f 406//320 392//320 387//320
f 387//320 392//320 424//320
f 387//320 424//320 393//320
f 389//320 425//320 387//320
f 387//320 425//320 426//320
f 387//320 426//320 385//320
f 427//320 428//320 429//320
f 429//320 430//320 427//320
f 427//320 430//320 431//320
f 427//320 431//320 432//320
f 433//320 434//320 397//320
f 397//320 434//320 435//320
f 397//320 435//320 436//320
f 436//320 437//320 397//320
f 397//320 437//320 438//320
f 397//320 438//320 401//320
f 401//320 438//320 439//320
f 401//320 439//320 403//320
f 404//320 440//320 392//320
f 392//320 440//320 441//320
f 392//320 441//320 390//320
f 391//320 442//320 392//320
f 392//320 442//320 443//320
f 392//320 443//320 411//320
f 412//320 444//320 392//320
f 392//320 444//320 445//320
f 392//320 445//320 413//320
f 418//320 419//320 392//320
f 392//320 419//320 421//320
f 392//320 421//320 446//320
f 446//320 421//320 423//320
f 394//320 447//320 387//320
f 387//320 447//320 448//320
f 387//320 448//320 388//320
f 407//320 449//320 408//320
f 408//320 449//320 450//320
f 408//320 450//320 451//320
f 410//320 452//320 397//320
f 397//320 452//320 453//320
f 397//320 453//320 454//320
f 455//320 397//320 456//320
f 456//320 397//320 457//320
f 455//320 458//320 397//320
f 397//320 458//320 459//320
f 397//320 459//320 460//320
f 460//320 461//320 397//320
f 397//320 461//320 462//320
f 397//320 462//320 463//320
f 463//320 464//320 397//320
f 397//320 464//320 465//320
f 397//320 465//320 466//320
f 396//320 467//320 397//320
f 397//320 467//320 468//320
f 397//320 468//320 433//320
f 432//320 469//320 427//320
f 427//320 469//320 408//320
f 427//320 408//320 470//320
f 470//320 408//320 451//320
f 454//320 471//320 397//320
f 397//320 471//320 472//320
f 397//320 472//320 457//320
f 466//320 473//320 397//320
f 397//320 473//320 474//320
f 397//320 474//320 395//320
f 287//321 475//321 288//321
f 288//322 475//322 476//322
f 288//323 476//323 295//323
f 295//324 476//324 477//324
f 295//325 477//325 296//325
f 296//326 477//326 478//326
f 296//327 478//327 292//327
f 292//328 478//328 479//328
f 292//329 479//329 293//329
f 293//330 479//330 480//330
f 293//331 480//331 294//331
f 294//332 480//332 481//332
f 294//333 481//333 289//333
f 289//334 481//334 482//334
f 289//335 482//335 290//335
f 290//336 482//336 483//336
f 290//337 483//337 291//337
f 291//338 483//338 484//338
f 291//339 484//339 284//339
f 284//340 484//340 485//340
f 284//341 485//341 285//341
f 285//342 485//342 486//342
f 285//343 486//343 287//343
f 287//344 486//344 475//344
f 453//345 452//345 350//345
f 413//346 445//346 306//346
f 279//347 127//347 126//347
f 381//348 282//348 280//348
f 280//349 279//349 381//349
f 381//350 279//350 126//350
f 381//351 126//351 382//351
f 382//352 126//352 264//352
f 382//353 264//353 383//353
f 383//354 264//354 117//354
f 267//355 383//355 268//355
f 268//356 383//356 117//356
f 268//357 117//357 115//357
f 266//358 114//358 113//358
f 129//359 407//359 274//359
f 274//360 407//360 397//360
f 274//361 397//361 113//361
f 113//362 397//362 401//362
f 113//363 401//363 266//363
f 298//364 299//364 391//364
f 441//365 360//365 390//365
f 390//366 360//366 359//366
f 390//367 359//367 391//367
f 391//368 359//368 297//368
f 391//369 297//369 298//369
f 441//370 440//370 360//370
f 360//371 440//371 404//371
f 360//372 404//372 361//372
f 361//373 404//373 362//373
f 406//374 387//374 363//374
f 362//375 404//375 363//375
f 363//376 404//376 405//376
f 363//377 405//377 406//377
f 306//378 445//378 302//378
f 444//379 312//379 300//379
f 444//380 300//380 445//380
f 445//381 300//381 301//381
f 445//382 301//382 302//382
f 331//383 416//383 303//383
f 303//384 416//384 304//384
f 304//385 416//385 305//385
f 305//386 416//386 415//386
f 305//387 415//387 306//387
f 306//388 415//388 414//388
f 306//389 414//389 413//389
f 340//390 399//390 341//390
f 341//391 399//391 398//391
f 341//392 398//392 342//392
f 342//393 398//393 386//393
f 342//394 386//394 385//394
f 385//395 426//395 342//395
f 342//396 426//396 425//396
f 342//397 425//397 337//397
f 337//398 425//398 389//398
f 388//399 336//399 389//399
f 389//400 336//400 338//400
f 389//401 338//401 337//401
f 310//402 394//402 311//402
f 311//403 394//403 393//403
f 311//404 393//404 308//404
f 308//405 393//405 424//405
f 308//406 424//406 307//406
f 388//407 448//407 336//407
f 336//408 448//408 447//408
f 336//409 447//409 335//409
f 335//410 447//410 394//410
f 335//411 394//411 309//411
f 309//412 394//412 310//412
f 446//413 320//413 392//413
f 392//414 320//414 319//414
f 392//415 319//415 424//415
f 424//416 319//416 318//416
f 424//417 318//417 307//417
f 423//418 316//418 446//418
f 446//419 316//419 315//419
f 446//420 315//420 320//420
f 423//421 422//421 316//421
f 316//422 422//422 421//422
f 316//423 421//423 317//423
f 317//424 421//424 420//424
f 317//425 420//425 329//425
f 329//426 420//426 419//426
f 329//427 419//427 330//427
f 330//428 419//428 418//428
f 330//429 418//429 331//429
f 331//430 418//430 417//430
f 331//431 417//431 416//431
f 444//432 412//432 312//432
f 312//433 412//433 411//433
f 312//434 411//434 313//434
f 313//435 411//435 314//435
f 314//436 411//436 443//436
f 314//437 443//437 299//437
f 299//438 443//438 442//438
f 299//439 442//439 391//439
f 475//440 486//440 437//440
f 437//441 486//441 485//441
f 437//442 485//442 438//442
f 438//443 485//443 487//443
f 438//444 487//444 439//444
f 439//445 487//445 483//445
f 439//446 483//446 482//446
f 481//447 480//447 378//447
f 387//448 400//448 363//448
f 363//449 400//449 402//449
f 363//450 402//450 377//450
f 377//451 402//451 403//451
f 377//452 403//452 378//452
f 378//453 403//453 439//453
f 378//454 439//454 481//454
f 481//455 439//455 482//455
f 480//456 479//456 378//456
f 378//457 479//457 488//457
f 378//458 488//458 379//458
f 379//459 488//459 477//459
f 379//460 477//460 476//460
f 347//461 348//461 431//461
f 429//462 365//462 430//462
f 430//463 365//463 364//463
f 430//464 364//464 431//464
f 431//465 364//465 346//465
f 431//466 346//466 347//466
f 429//467 428//467 365//467
f 365//468 428//468 427//468
f 365//469 427//469 366//469
f 366//470 427//470 367//470
f 451//471 450//471 368//471
f 368//472 450//472 449//472
f 368//473 449//473 381//473
f 381//474 449//474 407//474
f 381//475 407//475 282//475
f 282//476 407//476 129//476
f 282//477 129//477 128//477
f 367//478 427//478 368//478
f 368//479 427//479 470//479
f 368//480 470//480 451//480
f 350//481 452//481 371//481
f 410//482 370//482 373//482
f 410//483 373//483 452//483
f 452//484 373//484 372//484
f 452//485 372//485 371//485
f 376//486 472//486 353//486
f 353//487 472//487 352//487
f 352//488 472//488 351//488
f 351//489 472//489 471//489
f 351//490 471//490 350//490
f 350//491 471//491 454//491
f 350//492 454//492 453//492
f 344//493 436//493 345//493
f 345//494 436//494 435//494
f 345//495 435//495 356//495
f 356//496 435//496 434//496
f 356//497 434//497 433//497
f 433//498 468//498 356//498
f 356//499 468//499 467//499
f 356//500 467//500 357//500
f 357//501 467//501 396//501
f 395//502 355//502 396//502
f 396//503 355//503 358//503
f 396//504 358//504 357//504
f 328//505 466//505 332//505
f 332//506 466//506 465//506
f 332//507 465//507 333//507
f 333//508 465//508 464//508
f 333//509 464//509 334//509
f 395//510 474//510 355//510
f 355//511 474//511 473//511
f 355//512 473//512 354//512
f 354//513 473//513 466//513
f 354//514 466//514 327//514
f 327//515 466//515 328//515
f 462//516 321//516 463//516
f 463//517 321//517 325//517
f 463//518 325//518 464//518
f 464//519 325//519 326//519
f 464//520 326//520 334//520
f 461//521 323//521 462//521
f 462//522 323//522 322//522
f 462//523 322//523 321//523
f 461//524 460//524 323//524
f 323//525 460//525 459//525
f 323//526 459//526 324//526
f 324//527 459//527 458//527
f 324//528 458//528 374//528
f 374//529 458//529 455//529
f 374//530 455//530 375//530
f 375//531 455//531 456//531
f 375//532 456//532 376//532
f 376//533 456//533 457//533
f 376//534 457//534 472//534
f 410//535 409//535 370//535
f 370//536 409//536 408//536
f 370//537 408//537 369//537
f 369//538 408//538 349//538
f 349//539 408//539 469//539
f 349//540 469//540 348//540
f 348//541 469//541 432//541
f 348//542 432//542 431//542
f 267//543 266//543 383//543
f 383//544 266//544 401//544
f 383//545 401//545 384//545
f 384//546 401//546 399//546
f 384//547 399//547 339//547
f 339//548 399//548 340//548
f 476//549 475//549 379//549
f 379//550 475//550 437//550
f 379//551 437//551 380//551
f 380//552 437//552 436//552
f 380//553 436//553 343//553
f 343//554 436//554 344//554
f 489//555 490//555 491//555
f 491//555 490//555 492//555
f 491//555 492//555 493//555
f 494//555 495//555 491//555
f 491//555 495//555 496//555
f 491//555 496//555 489//555
f 497//555 498//555 491//555
f 491//555 498//555 499//555
f 491//555 499//555 494//555
f 493//555 500//555 491//555
f 491//555 500//555 501//555
f 491//555 501//555 497//555
f 502//555 503//555 504//555
f 504//555 503//555 505//555
f 504//555 505//555 506//555
f 507//555 508//555 504//555
f 504//555 508//555 509//555
f 504//555 509//555 502//555
f 510//555 511//555 504//555
f 504//555 511//555 512//555
f 504//555 512//555 507//555
f 506//555 513//555 504//555
f 504//555 513//555 514//555
f 504//555 514//555 510//555
f 515//555 516//555 517//555
f 517//555 516//555 518//555
f 517//555 518//555 519//555
f 520//555 521//555 517//555
f 517//555 521//555 522//555
f 517//555 522//555 515//555
f 523//555 524//555 517//555
f 517//555 524//555 525//555
f 517//555 525//555 520//555
f 519//555 526//555 517//555
f 517//555 526//555 527//555
f 517//555 527//555 523//555
f 528//555 529//555 530//555
f 530//555 529//555 531//555
f 530//555 531//555 532//555
f 533//555 534//555 530//555
f 530//555 534//555 535//555
f 530//555 535//555 528//555
f 536//555 537//555 530//555
f 530//555 537//555 538//555
f 530//555 538//555 533//555
f 532//555 539//555 530//555
f 530//555 539//555 540//555
f 530//555 540//555 536//555
f 541//556 542//556 543//556
f 543//556 542//556 544//556
f 543//556 544//556 545//556
f 546//556 547//556 543//556
f 543//556 547//556 548//556
f 543//556 548//556 541//556
f 549//556 550//556 543//556
f 543//556 550//556 551//556
f 543//556 551//556 546//556
f 545//556 552//556 543//556
f 543//556 552//556 553//556
f 543//556 553//556 549//556
f 554//556 555//556 556//556
f 556//556 555//556 557//556
f 556//556 557//556 558//556
f 559//556 560//556 556//556
f 556//556 560//556 561//556
f 556//556 561//556 554//556
f 562//556 563//556 556//556
f 556//556 563//556 564//556
f 556//556 564//556 559//556
f 558//556 565//556 556//556
f 556//556 565//556 566//556
f 556//556 566//556 562//556
f 492//557 567//557 493//557
f 493//558 567//558 568//558
f 493//559 568//559 500//559
f 500//560 568//560 569//560
f 500//561 569//561 501//561
f 501//562 569//562 570//562
f 501//563 570//563 497//563
f 497//564 570//564 571//564
f 497//565 571//565 498//565
f 498//566 571//566 572//566
f 498//567 572//567 499//567
f 499//568 572//568 573//568
f 499//569 573//569 494//569
f 494//570 573//570 574//570
f 494//571 574//571 495//571
f 495//572 574//572 575//572
f 495//573 575//573 496//573
f 496//574 575//574 576//574
f 496//575 576//575 489//575
f 489//576 576//576 577//576
f 489//577 577//577 490//577
f 490//578 577//578 578//578
f 490//579 578//579 492//579
f 492//580 578//580 567//580
f 505//557 579//557 506//557
f 506//558 579//558 580//558
f 506//559 580//559 513//559
f 513//560 580//560 581//560
f 513//561 581//561 514//561
f 514//562 581//562 582//562
f 514//563 582//563 510//563
f 510//564 582//564 583//564
f 510//565 583//565 511//565
f 511//566 583//566 584//566
f 511//567 584//567 512//567
f 512//568 584//568 585//568
f 512//569 585//569 507//569
f 507//570 585//570 586//570
f 507//571 586//571 508//571
f 508//572 586//572 587//572
f 508//573 587//573 509//573
f 509//574 587//574 588//574
f 509//575 588//575 502//575
f 502//576 588//576 589//576
f 502//577 589//577 503//577
f 503//578 589//578 590//578
f 503//579 590//579 505//579
f 505//580 590//580 579//580
f 518//557 591//557 519//557
f 519//558 591//558 592//558
f 519//559 592//559 526//559
f 526//560 592//560 593//560
f 526//561 593//561 527//561
f 527//562 593//562 594//562
f 527//563 594//563 523//563
f 523//564 594//564 595//564
f 523//565 595//565 524//565
f 524//566 595//566 596//566
f 524//567 596//567 525//567
f 525//568 596//568 597//568
f 525//569 597//569 520//569
f 520//570 597//570 598//570
f 520//571 598//571 521//571
f 521//572 598//572 599//572
f 521//573 599//573 522//573
f 522//574 599//574 600//574
f 522//575 600//575 515//575
f 515//576 600//576 601//576
f 515//577 601//577 516//577
f 516//578 601//578 602//578
f 516//579 602//579 518//579
f 518//580 602//580 591//580
f 531//557 603//557 532//557
f 532//558 603//558 604//558
f 532//559 604//559 539//559
f 539//560 604//560 605//560
f 539//561 605//561 540//561
f 540//562 605//562 606//562
f 540//563 606//563 536//563
f 536//564 606//564 607//564
f 536//565 607//565 537//565
f 537//566 607//566 608//566
f 537//567 608//567 538//567
f 538//568 608//568 609//568
f 538//569 609//569 533//569
f 533//570 609//570 610//570
f 533//571 610//571 534//571
f 534//572 610//572 611//572
f 534//573 611//573 535//573
f 535//574 611//574 612//574
f 535//575 612//575 528//575
f 528//576 612//576 613//576
f 528//577 613//577 529//577
f 529//578 613//578 614//578
f 529//579 614//579 531//579
f 531//580 614//580 603//580
f 615//581 616//581 617//581
f 617//582 616//582 618//582
f 617//583 618//583 619//583
f 619//584 618//584 620//584
f 619//585 620//585 621//585
f 621//586 620//586 622//586
f 621//587 622//587 623//587
f 623//588 622//588 624//588
f 623//589 624//589 625//589
f 625//590 624//590 626//590
f 625//591 626//591 627//591
f 627//592 626//592 628//592
f 627//593 628//593 629//593
f 628//594 630//594 629//594
f 629//595 630//595 631//595
f 629//596 631//596 632//596
f 632//597 631//597 633//597
f 632//598 633//598 634//598
f 634//599 633//599 635//599
f 634//600 635//600 636//600
f 636//601 635//601 637//601
f 636//602 637//602 638//602
f 638//603 637//603 639//603
f 638//604 639//604 640//604
f 640//605 639//605 641//605
f 640//606 641//606 642//606
f 642//607 641//607 643//607
f 642//608 643//608 644//608
f 644//609 643//609 645//609
f 644//610 645//610 646//610
f 646//611 645//611 647//611
f 646//612 647//612 648//612
f 648//613 647//613 649//613
f 648//614 649//614 650//614
f 650//615 649//615 651//615
f 650//616 651//616 652//616
f 652//617 651//617 653//617
f 652//618 653//618 615//618
f 615//619 653//619 654//619
f 615//620 654//620 616//620
f 655//555 629//555 656//555
f 656//555 629//555 632//555
f 656//555 632//555 657//555
f 657//555 632//555 634//555
f 657//555 634//555 658//555
f 659//555 621//555 660//555
f 660//555 621//555 623//555
f 660//555 623//555 661//555
f 661//555 623//555 625//555
f 661//555 625//555 655//555
f 655//555 625//555 627//555
f 655//555 627//555 629//555
f 662//555 652//555 663//555
f 663//555 652//555 615//555
f 663//555 615//555 664//555
f 664//555 615//555 617//555
f 664//555 617//555 659//555
f 659//555 617//555 619//555
f 659//555 619//555 621//555
f 665//555 646//555 666//555
f 666//555 646//555 648//555
f 666//555 648//555 662//555
f 662//555 648//555 650//555
f 662//555 650//555 652//555
f 634//555 636//555 658//555
f 658//555 636//555 638//555
f 658//555 638//555 667//555
f 667//555 638//555 640//555
f 667//555 640//555 668//555
f 668//555 640//555 642//555
f 668//555 642//555 665//555
f 665//555 642//555 644//555
f 665//555 644//555 646//555
f 544//621 669//621 545//621
f 545//622 669//622 670//622
f 545//623 670//623 552//623
f 552//624 670//624 671//624
f 552//625 671//625 553//625
f 553//626 671//626 672//626
f 553//627 672//627 549//627
f 549//628 672//628 673//628
f 549//629 673//629 550//629
f 550//630 673//630 674//630
f 550//631 674//631 551//631
f 551//632 674//632 675//632
f 551//633 675//633 546//633
f 546//634 675//634 676//634
f 546//635 676//635 547//635
f 547//636 676//636 677//636
f 547//637 677//637 548//637
f 548//638 677//638 678//638
f 548//639 678//639 541//639
f 541//640 678//640 679//640
f 541//641 679//641 542//641
f 542//642 679//642 680//642
f 542//643 680//643 544//643
f 544//644 680//644 669//644
f 557//621 681//621 558//621
f 558//622 681//622 682//622
f 558//623 682//623 565//623
f 565//624 682//624 683//624
f 565//625 683//625 566//625
f 566//626 683//626 684//626
f 566//627 684//627 562//627
f 562//628 684//628 685//628
f 562//629 685//629 563//629
f 563//630 685//630 686//630
f 563//631 686//631 564//631
f 564//632 686//632 687//632
f 564//633 687//633 559//633
f 559//634 687//634 688//634
f 559//635 688//635 560//635
f 560//636 688//636 689//636
f 560//637 689//637 561//637
f 561//638 689//638 690//638
f 561//639 690//639 554//639
f 554//640 690//640 691//640
f 554//641 691//641 555//641
f 555//642 691//642 692//642
f 555//643 692//643 557//643
f 557//644 692//644 681//644
f 693//645 694//645 695//645
f 695//645 694//645 696//645
f 695//645 696//645 697//645
f 698//555 577//555 576//555
f 698//555 576//555 631//555
f 576//555 575//555 631//555
f 631//555 575//555 574//555
f 631//555 574//555 633//555
f 649//555 647//555 699//555
f 699//555 647//555 645//555
f 699//555 571//555 700//555
f 700//555 571//555 570//555
f 700//555 570//555 569//555
f 569//555 568//555 700//555
f 700//555 568//555 567//555
f 700//555 567//555 698//555
f 698//555 567//555 578//555
f 698//555 578//555 577//555
f 645//555 643//555 699//555
f 699//555 643//555 572//555
f 699//555 572//555 571//555
f 643//555 641//555 572//555
f 572//555 641//555 639//555
f 572//555 639//555 573//555
f 573//555 639//555 637//555
f 573//555 637//555 574//555
f 574//555 637//555 635//555
f 574//555 635//555 633//555
f 701//555 653//555 699//555
f 699//555 653//555 651//555
f 699//555 651//555 649//555
f 702//555 599//555 598//555
f 599//555 702//555 600//555
f 600//555 702//555 703//555
f 600//555 703//555 601//555
f 618//555 616//555 701//555
f 701//555 616//555 654//555
f 701//555 654//555 653//555
f 598//555 597//555 624//555
f 598//555 624//555 702//555
f 702//555 624//555 622//555
f 702//555 622//555 620//555
f 631//555 630//555 597//555
f 630//555 628//555 597//555
f 597//555 628//555 626//555
f 597//555 626//555 624//555
f 597//555 596//555 631//555
f 631//555 596//555 595//555
f 631//555 595//555 698//555
f 698//555 595//555 594//555
f 698//555 594//555 593//555
f 593//555 592//555 698//555
f 698//555 592//555 591//555
f 698//555 591//555 703//555
f 703//555 591//555 602//555
f 703//555 602//555 601//555
f 701//555 614//555 613//555
f 701//555 613//555 695//555
f 695//555 613//555 612//555
f 695//555 612//555 611//555
f 608//555 693//555 609//555
f 609//555 693//555 695//555
f 609//555 695//555 610//555
f 610//555 695//555 611//555
f 608//555 607//555 693//555
f 693//555 607//555 606//555
f 693//555 606//555 699//555
f 606//555 605//555 699//555
f 699//555 605//555 604//555
f 699//555 604//555 701//555
f 701//555 604//555 603//555
f 701//555 603//555 614//555
f 580//555 579//555 701//555
f 701//555 579//555 702//555
f 701//555 702//555 618//555
f 618//555 702//555 620//555
f 579//555 590//555 702//555
f 702//555 590//555 589//555
f 702//555 589//555 697//555
f 697//555 589//555 588//555
f 697//555 588//555 587//555
f 584//555 695//555 585//555
f 585//555 695//555 697//555
f 585//555 697//555 586//555
f 586//555 697//555 587//555
f 584//555 583//555 695//555
f 695//555 583//555 582//555
f 695//555 582//555 701//555
f 701//555 582//555 581//555
f 701//555 581//555 580//555
f 704//646 700//646 705//646
f 705//646 700//646 698//646
f 705//646 698//646 703//646
f 661//647 706//647 660//647
f 660//648 706//648 707//648
f 660//649 707//649 659//649
f 659//650 707//650 708//650
f 659//651 708//651 664//651
f 664//652 708//652 709//652
f 664//653 709//653 663//653
f 663//654 709//654 481//654
f 663//655 481//655 662//655
f 662//656 481//656 710//656
f 662//657 710//657 666//657
f 666//658 710//658 711//658
f 666//659 711//659 665//659
f 711//660 712//660 665//660
f 665//661 712//661 713//661
f 665//662 713//662 668//662
f 668//663 713//663 714//663
f 668//664 714//664 667//664
f 667//665 714//665 715//665
f 667//666 715//666 658//666
f 658//667 715//667 716//667
f 658//668 716//668 657//668
f 657//669 716//669 475//669
f 657//670 475//670 656//670
f 656//671 475//671 717//671
f 656//672 717//672 655//672
f 655//673 717//673 718//673
f 655//674 718//674 661//674
f 661//675 718//675 719//675
f 661//676 719//676 706//676
f 705//677 720//677 704//677
f 704//677 720//677 721//677
f 704//677 721//677 722//677
f 692//556 691//556 700//556
f 700//556 691//556 690//556
f 700//556 690//556 699//556
f 699//556 690//556 689//556
f 699//556 689//556 688//556
f 723//556 724//556 684//556
f 680//556 679//556 699//556
f 699//556 679//556 678//556
f 699//556 678//556 693//556
f 693//556 678//556 677//556
f 677//556 676//556 693//556
f 693//556 676//556 675//556
f 693//556 675//556 694//556
f 694//556 675//556 674//556
f 694//556 674//556 673//556
f 725//556 726//556 672//556
f 704//556 722//556 727//556
f 688//556 687//556 699//556
f 699//556 687//556 669//556
f 699//556 669//556 680//556
f 727//556 728//556 704//556
f 704//556 728//556 729//556
f 704//556 729//556 730//556
f 730//556 683//556 704//556
f 704//556 683//556 682//556
f 704//556 682//556 700//556
f 700//556 682//556 681//556
f 700//556 681//556 692//556
f 730//556 731//556 683//556
f 683//556 731//556 732//556
f 683//556 732//556 684//556
f 684//556 732//556 733//556
f 684//556 733//556 723//556
f 672//556 726//556 673//556
f 734//556 735//556 694//556
f 694//556 735//556 736//556
f 694//556 736//556 737//556
f 671//556 738//556 672//556
f 672//556 738//556 739//556
f 739//556 740//556 672//556
f 672//556 740//556 741//556
f 672//556 741//556 725//556
f 670//556 742//556 743//556
f 743//556 744//556 670//556
f 670//556 744//556 745//556
f 670//556 745//556 671//556
f 671//556 745//556 746//556
f 671//556 746//556 738//556
f 726//556 747//556 673//556
f 673//556 747//556 748//556
f 673//556 748//556 694//556
f 694//556 748//556 749//556
f 694//556 749//556 734//556
f 742//556 670//556 750//556
f 750//556 670//556 669//556
f 750//556 669//556 751//556
f 752//556 753//556 686//556
f 754//556 755//556 687//556
f 724//556 756//556 684//556
f 684//556 756//556 757//556
f 684//556 757//556 685//556
f 685//556 757//556 758//556
f 685//556 758//556 686//556
f 686//556 758//556 759//556
f 686//556 759//556 752//556
f 753//556 760//556 686//556
f 686//556 760//556 761//556
f 686//556 761//556 687//556
f 687//556 761//556 762//556
f 687//556 762//556 754//556
f 763//556 764//556 669//556
f 764//556 765//556 669//556
f 669//556 765//556 766//556
f 669//556 766//556 751//556
f 755//556 767//556 687//556
f 687//556 767//556 768//556
f 687//556 768//556 769//556
f 769//556 770//556 687//556
f 687//556 770//556 771//556
f 687//556 771//556 669//556
f 669//556 771//556 772//556
f 669//556 772//556 763//556
f 694//677 737//677 696//677
f 696//677 737//677 773//677
f 696//677 773//677 774//677
f 775//662 720//662 705//662
f 776//662 777//662 703//662
f 778//662 779//662 697//662
f 697//662 779//662 780//662
f 781//662 782//662 697//662
f 697//662 782//662 783//662
f 697//662 783//662 784//662
f 703//662 785//662 786//662
f 780//662 787//662 697//662
f 697//662 787//662 788//662
f 697//662 788//662 789//662
f 789//662 790//662 697//662
f 697//662 790//662 791//662
f 697//662 791//662 781//662
f 777//662 792//662 703//662
f 703//662 792//662 793//662
f 703//662 793//662 785//662
f 786//662 794//662 703//662
f 703//662 794//662 795//662
f 703//662 795//662 796//662
f 796//662 797//662 703//662
f 703//662 797//662 798//662
f 703//662 798//662 705//662
f 705//662 798//662 799//662
f 705//662 799//662 775//662
f 774//662 800//662 696//662
f 696//662 800//662 801//662
f 696//662 801//662 697//662
f 697//662 801//662 802//662
f 697//662 802//662 778//662
f 803//662 702//662 804//662
f 804//662 702//662 697//662
f 804//662 697//662 805//662
f 805//662 697//662 784//662
f 806//662 807//662 703//662
f 703//662 807//662 808//662
f 703//662 808//662 809//662
f 809//662 810//662 703//662
f 703//662 810//662 811//662
f 703//662 811//662 812//662
f 812//662 813//662 703//662
f 703//662 813//662 814//662
f 703//662 814//662 776//662
f 803//662 815//662 702//662
f 702//662 815//662 816//662
f 702//662 816//662 817//662
f 703//662 818//662 819//662
f 819//662 820//662 703//662
f 703//662 820//662 821//662
f 703//662 821//662 806//662
f 817//662 822//662 702//662
f 702//662 822//662 823//662
f 702//662 823//662 824//662
f 824//662 825//662 702//662
f 702//662 825//662 826//662
f 702//662 826//662 827//662
f 827//662 828//662 702//662
f 702//662 828//662 829//662
f 702//662 829//662 703//662
f 703//662 829//662 830//662
f 703//662 830//662 818//662
f 718//678 828//678 719//678
f 719//679 828//679 827//679
f 719//680 827//680 706//680
f 717//681 475//681 769//681
f 769//682 475//682 716//682
f 769//683 716//683 770//683
f 770//683 716//683 715//683
f 770//684 715//684 771//684
f 771//685 715//685 714//685
f 714//686 713//686 771//686
f 771//687 713//687 712//687
f 771//688 712//688 772//688
f 772//689 712//689 711//689
f 772//690 711//690 710//690
f 481//691 709//691 823//691
f 706//692 827//692 707//692
f 707//693 827//693 826//693
f 707//694 826//694 708//694
f 708//695 826//695 825//695
f 708//696 825//696 709//696
f 709//691 825//691 824//691
f 709//691 824//691 823//691
f 727//697 722//697 721//697
f 800//698 774//698 773//698
f 742//699 784//699 743//699
f 743//700 784//700 783//700
f 743//701 783//701 744//701
f 744//702 783//702 782//702
f 744//703 782//703 745//703
f 745//704 782//704 781//704
f 780//705 779//705 748//705
f 748//706 779//706 778//706
f 748//707 778//707 749//707
f 749//708 778//708 802//708
f 749//709 802//709 734//709
f 734//710 802//710 801//710
f 734//711 801//711 735//711
f 735//712 801//712 800//712
f 735//713 800//713 736//713
f 736//714 800//714 773//714
f 736//715 773//715 737//715
f 748//716 747//716 780//716
f 780//717 747//717 726//717
f 780//718 726//718 787//718
f 787//719 726//719 725//719
f 787//720 725//720 788//720
f 788//721 725//721 741//721
f 788//722 741//722 789//722
f 789//723 741//723 740//723
f 789//724 740//724 790//724
f 790//725 740//725 739//725
f 790//726 739//726 791//726
f 791//727 739//727 738//727
f 791//728 738//728 781//728
f 781//729 738//729 746//729
f 781//730 746//730 745//730
f 710//690 481//690 772//690
f 772//731 481//731 823//731
f 772//732 823//732 763//732
f 763//733 823//733 822//733
f 763//734 822//734 764//734
f 764//735 822//735 817//735
f 764//736 817//736 765//736
f 765//737 817//737 816//737
f 765//738 816//738 766//738
f 766//739 816//739 815//739
f 766//740 815//740 751//740
f 751//741 815//741 803//741
f 751//742 803//742 750//742
f 750//743 803//743 804//743
f 750//744 804//744 742//744
f 742//745 804//745 805//745
f 742//746 805//746 784//746
f 796//747 730//747 797//747
f 797//748 730//748 729//748
f 797//749 729//749 798//749
f 798//750 729//750 728//750
f 798//751 728//751 799//751
f 799//752 728//752 727//752
f 799//753 727//753 775//753
f 775//754 727//754 721//754
f 775//755 721//755 720//755
f 785//756 756//756 724//756
f 785//757 724//757 786//757
f 786//758 724//758 723//758
f 786//759 723//759 794//759
f 794//760 723//760 733//760
f 794//761 733//761 795//761
f 795//762 733//762 732//762
f 795//763 732//763 796//763
f 796//764 732//764 731//764
f 796//765 731//765 730//765
f 806//766 821//766 767//766
f 767//767 821//767 768//767
f 785//768 793//768 756//768
f 756//769 793//769 792//769
f 756//770 792//770 757//770
f 757//771 792//771 777//771
f 757//772 777//772 758//772
f 758//773 777//773 776//773
f 758//774 776//774 759//774
f 759//775 776//775 814//775
f 759//776 814//776 752//776
f 752//777 814//777 813//777
f 752//778 813//778 753//778
f 753//779 813//779 760//779
f 760//780 813//780 812//780
f 760//781 812//781 761//781
f 761//782 812//782 811//782
f 761//783 811//783 762//783
f 762//784 811//784 810//784
f 762//785 810//785 754//785
f 754//786 810//786 809//786
f 754//787 809//787 755//787
f 755//788 809//788 808//788
f 755//789 808//789 767//789
f 767//790 808//790 807//790
f 767//791 807//791 806//791
f 821//792 820//792 768//792
f 768//793 820//793 819//793
f 768//794 819//794 769//794
f 769//795 819//795 818//795
f 769//796 818//796 717//796
f 717//796 818//796 830//796
f 717//797 830//797 718//797
f 718//798 830//798 829//798
f 718//799 829//799 828//799
f 831//800 832//800 833//800
f 831//800 833//800 834//800
f 834//800 833//800 835//800
f 834//800 835//800 836//800
f 837//800 838//800 839//800
f 839//800 838//800 840//800
f 836//800 841//800 834//800
f 834//800 841//800 838//800
f 834//800 838//800 842//800
f 842//800 838//800 837//800
f 843//801 844//801 831//801
f 843//801 831//801 845//801
f 845//801 831//801 846//801
f 845//801 846//801 847//801
f 844//801 848//801 831//801
f 831//801 848//801 849//801
f 831//801 849//801 832//801
f 849//801 850//801 832//801
f 832//801 850//801 851//801
f 832//801 851//801 852//801
f 852//801 853//801 832//801
f 832//801 853//801 854//801
f 832//801 854//801 855//801
f 856//801 857//801 858//801
f 858//801 857//801 859//801
f 858//801 859//801 860//801
f 860//801 861//801 858//801
f 858//801 861//801 862//801
f 858//801 862//801 863//801
f 864//801 865//801 866//801
f 866//801 865//801 867//801
f 866//801 867//801 868//801
f 868//801 867//801 869//801
f 868//801 869//801 858//801
f 858//801 869//801 870//801
f 858//801 870//801 856//801
f 863//801 871//801 858//801
f 858//801 871//801 872//801
f 858//801 872//801 873//801
f 854//801 874//801 855//801
f 855//801 874//801 875//801
f 855//801 875//801 876//801
f 876//801 875//801 858//801
f 876//801 858//801 877//801
f 877//801 858//801 873//801
f 878//801 879//801 880//801
f 880//801 879//801 881//801
f 880//801 881//801 864//801
f 864//801 881//801 882//801
f 864//801 882//801 865//801
f 883//801 880//801 884//801
f 884//801 880//801 885//801
f 883//801 886//801 880//801
f 880//801 886//801 887//801
f 880//801 887//801 878//801
f 847//801 846//801 880//801
f 880//801 846//801 888//801
f 880//801 888//801 889//801
f 889//801 890//801 880//801
f 880//801 890//801 891//801
f 880//801 891//801 885//801
f 892//802 845//802 893//802
f 893//803 845//803 847//803
f 893//804 847//804 894//804
f 894//805 847//805 880//805
f 894//806 880//806 895//806
f 895//807 880//807 864//807
f 895//808 864//808 896//808
f 896//809 864//809 866//809
f 896//810 866//810 897//810
f 897//811 866//811 868//811
f 897//812 868//812 898//812
f 898//813 868//813 858//813
f 898//814 858//814 899//814
f 899//815 858//815 875//815
f 899//816 875//816 900//816
f 900//817 875//817 874//817
f 900//818 874//818 901//818
f 901//819 874//819 854//819
f 901//820 854//820 902//820
f 902//821 854//821 853//821
f 902//822 853//822 903//822
f 903//823 853//823 852//823
f 903//824 852//824 904//824
f 904//825 852//825 851//825
f 904//826 851//826 905//826
f 905//827 851//827 850//827
f 905//828 850//828 906//828
f 906//829 850//829 849//829
f 906//830 849//830 907//830
f 907//831 849//831 848//831
f 907//832 848//832 908//832
f 908//833 848//833 844//833
f 908//834 844//834 909//834
f 909//835 844//835 843//835
f 909//836 843//836 892//836
f 892//837 843//837 845//837
f 910//800 911//800 912//800
f 911//800 913//800 912//800
f 912//800 913//800 914//800
f 912//800 914//800 915//800
f 916//800 917//800 918//800
f 918//800 917//800 919//800
f 918//800 919//800 920//800
f 916//800 918//800 912//800
f 912//800 918//800 921//800
f 912//800 921//800 910//800
f 869//800 867//800 922//800
f 922//800 867//800 918//800
f 922//800 918//800 923//800
f 923//800 918//800 920//800
f 915//800 924//800 912//800
f 912//800 924//800 925//800
f 912//800 925//800 926//800
f 884//838 885//838 927//838
f 928//839 929//839 930//839
f 928//840 930//840 931//840
f 932//841 933//841 934//841
f 934//842 933//842 935//842
f 934//843 935//843 930//843
f 930//844 935//844 936//844
f 930//845 936//845 931//845
f 932//846 934//846 937//846
f 937//847 934//847 938//847
f 937//848 938//848 939//848
f 939//849 938//849 940//849
f 939//850 940//850 941//850
f 941//851 940//851 888//851
f 941//852 888//852 846//852
f 891//853 890//853 940//853
f 940//854 890//854 889//854
f 940//855 889//855 888//855
f 884//856 927//856 883//856
f 879//857 878//857 942//857
f 942//858 878//858 887//858
f 943//859 882//859 881//859
f 882//860 943//860 865//860
f 865//861 943//861 918//861
f 865//862 918//862 867//862
f 944//863 911//863 945//863
f 945//864 911//864 910//864
f 945//865 910//865 943//865
f 943//866 910//866 921//866
f 943//866 921//866 918//866
f 915//867 914//867 944//867
f 944//867 914//867 913//867
f 944//867 913//867 911//867
f 944//868 946//868 915//868
f 915//869 946//869 947//869
f 915//870 947//870 924//870
f 924//871 947//871 948//871
f 924//872 948//872 925//872
f 949//873 950//873 948//873
f 950//874 951//874 948//874
f 948//875 951//875 952//875
f 948//876 952//876 925//876
f 925//877 952//877 953//877
f 925//878 953//878 926//878
f 954//879 955//879 956//879
f 956//880 955//880 957//880
f 956//881 957//881 958//881
f 959//882 960//882 961//882
f 961//883 960//883 962//883
f 961//884 962//884 963//884
f 929//885 959//885 930//885
f 930//886 959//886 961//886
f 930//887 961//887 934//887
f 934//888 961//888 964//888
f 934//889 964//889 938//889
f 938//890 964//890 965//890
f 938//891 965//891 940//891
f 940//892 965//892 927//892
f 940//893 927//893 891//893
f 891//894 927//894 885//894
f 963//895 955//895 961//895
f 961//896 955//896 954//896
f 961//897 954//897 964//897
f 964//898 954//898 966//898
f 964//899 966//899 965//899
f 965//900 966//900 967//900
f 965//901 967//901 927//901
f 927//902 967//902 968//902
f 927//903 968//903 883//903
f 883//904 968//904 942//904
f 883//905 942//905 886//905
f 886//906 942//906 887//906
f 958//907 949//907 956//907
f 956//908 949//908 948//908
f 956//909 948//909 954//909
f 954//910 948//910 947//910
f 954//911 947//911 966//911
f 966//912 947//912 946//912
f 966//913 946//913 967//913
f 967//914 946//914 944//914
f 967//915 944//915 968//915
f 968//916 944//916 945//916
f 968//917 945//917 942//917
f 942//918 945//918 943//918
f 942//919 943//919 879//919
f 879//920 943//920 881//920
f 969//921 970//921 971//921
f 969//921 971//921 972//921
f 973//921 974//921 971//921
f 971//921 974//921 975//921
f 971//921 975//921 972//921
f 976//921 977//921 971//921
f 971//921 977//921 978//921
f 971//921 978//921 973//921
f 979//921 980//921 971//921
f 971//921 980//921 981//921
f 971//921 981//921 976//921
f 982//921 983//921 971//921
f 971//921 983//921 984//921
f 971//921 984//921 979//921
f 985//921 986//921 971//921
f 971//921 986//921 987//921
f 971//921 987//921 982//921
f 988//921 989//921 971//921
f 971//921 989//921 990//921
f 971//921 990//921 985//921
f 991//921 992//921 971//921
f 971//921 992//921 993//921
f 971//921 993//921 988//921
f 970//921 994//921 971//921
f 971//921 994//921 995//921
f 971//921 995//921 991//921
f 996//922 997//922 998//922
f 999//923 1000//923 1001//923
f 1002//924 855//924 1003//924
f 1003//925 855//925 876//925
f 1003//926 876//926 877//926
f 1002//927 1003//927 1004//927
f 1004//928 1003//928 1005//928
f 1004//929 1005//929 1006//929
f 1006//930 1005//930 1007//930
f 1007//931 1005//931 1008//931
f 1007//932 1008//932 1009//932
f 1010//933 1011//933 1012//933
f 1012//934 1011//934 1013//934
f 1012//935 1013//935 1014//935
f 1009//936 1008//936 1015//936
f 1015//937 1008//937 1012//937
f 1015//938 1012//938 1016//938
f 1016//939 1012//939 1014//939
f 1016//940 1014//940 1017//940
f 1018//941 1019//941 1020//941
f 1020//942 1019//942 1021//942
f 999//943 1001//943 1022//943
f 916//944 912//944 996//944
f 996//945 998//945 916//945
f 916//946 998//946 1023//946
f 916//947 1023//947 917//947
f 917//948 1023//948 1024//948
f 917//949 1024//949 919//949
f 919//950 1024//950 1025//950
f 919//951 1025//951 920//951
f 920//952 1025//952 1026//952
f 920//953 1026//953 923//953
f 923//954 1026//954 1027//954
f 923//955 1027//955 922//955
f 859//956 857//956 1027//956
f 1027//957 857//957 856//957
f 1027//958 856//958 922//958
f 922//959 856//959 870//959
f 922//960 870//960 869//960
f 1028//961 862//961 1029//961
f 1029//962 862//962 861//962
f 1029//963 861//963 860//963
f 873//964 872//964 1030//964
f 1030//965 872//965 871//965
f 1030//966 871//966 863//966
f 877//967 873//967 1003//967
f 1003//968 873//968 1030//968
f 1003//969 1030//969 1005//969
f 1005//970 1030//970 1031//970
f 1005//971 1031//971 1008//971
f 1008//972 1031//972 1032//972
f 1008//973 1032//973 1012//973
f 1012//974 1032//974 1020//974
f 1012//975 1020//975 1010//975
f 1010//976 1020//976 1021//976
f 863//977 862//977 1030//977
f 1030//978 862//978 1028//978
f 1030//979 1028//979 1031//979
f 1031//980 1028//980 1033//980
f 1031//981 1033//981 1032//981
f 1032//982 1033//982 1034//982
f 1032//983 1034//983 1020//983
f 1020//984 1034//984 1035//984
f 1020//985 1035//985 1018//985
f 1018//986 1035//986 1001//986
f 1018//987 1001//987 1036//987
f 1036//988 1001//988 1000//988
f 860//989 859//989 1029//989
f 1029//990 859//990 1027//990
f 1029//991 1027//991 1028//991
f 1028//992 1027//992 1026//992
f 1028//993 1026//993 1033//993
f 1033//994 1026//994 1025//994
f 1033//995 1025//995 1034//995
f 1034//996 1025//996 1024//996
f 1034//997 1024//997 1035//997
f 1035//998 1024//998 1023//998
f 1035//999 1023//999 1001//999
f 1001//1000 1023//1000 998//1000
f 1001//1001 998//1001 1022//1001
f 1022//1002 998//1002 997//1002
f 1037//800 1038//800 1039//800
f 1039//800 1038//800 1040//800
f 1039//800 1040//800 1041//800
f 1042//800 1043//800 1044//800
f 1044//800 1043//800 1045//800
f 1044//800 1045//800 1046//800
f 1037//800 1047//800 1038//800
f 1038//800 1047//800 1043//800
f 1038//800 1043//800 1048//800
f 1048//800 1043//800 1042//800
f 907//1003 908//1003 1041//1003
f 903//1003 904//1003 1040//1003
f 1040//1003 904//1003 905//1003
f 1040//1003 905//1003 1041//1003
f 1041//1003 905//1003 906//1003
f 1041//1003 906//1003 907//1003
f 899//1003 900//1003 1017//1003
f 1017//1003 900//1003 901//1003
f 1017//1003 901//1003 1040//1003
f 1040//1003 901//1003 902//1003
f 1040//1003 902//1003 903//1003
f 908//1003 909//1003 1041//1003
f 1041//1003 909//1003 892//1003
f 1041//1003 892//1003 931//1003
f 953//1003 952//1003 895//1003
f 895//1003 952//1003 951//1003
f 953//1003 895//1003 926//1003
f 926//1003 895//1003 896//1003
f 926//1003 896//1003 912//1003
f 912//1003 896//1003 897//1003
f 912//1003 897//1003 996//1003
f 996//1003 897//1003 898//1003
f 996//1003 898//1003 997//1003
f 951//1003 950//1003 895//1003
f 895//1003 950//1003 949//1003
f 895//1003 949//1003 958//1003
f 958//1003 957//1003 895//1003
f 895//1003 957//1003 955//1003
f 895//1003 955//1003 963//1003
f 963//1003 962//1003 895//1003
f 895//1003 962//1003 960//1003
f 895//1003 960//1003 959//1003
f 892//1003 893//1003 931//1003
f 931//1003 893//1003 894//1003
f 931//1003 894//1003 928//1003
f 928//1003 894//1003 895//1003
f 928//1003 895//1003 929//1003
f 929//1003 895//1003 959//1003
f 1013//1003 1011//1003 898//1003
f 899//1003 1017//1003 898//1003
f 898//1003 1017//1003 1014//1003
f 898//1003 1014//1003 1013//1003
f 1011//1003 1010//1003 898//1003
f 898//1003 1010//1003 1021//1003
f 898//1003 1021//1003 1019//1003
f 1019//1003 1018//1003 898//1003
f 898//1003 1018//1003 1036//1003
f 898//1003 1036//1003 1000//1003
f 1000//1003 999//1003 898//1003
f 898//1003 999//1003 1022//1003
f 898//1003 1022//1003 997//1003
f 994//1004 970//1004 1040//1004
f 855//1005 1002//1005 832//1005
f 832//1006 1002//1006 972//1006
f 832//1007 972//1007 833//1007
f 984//1008 842//1008 979//1008
f 979//1009 842//1009 837//1009
f 979//1010 837//1010 980//1010
f 980//1011 837//1011 839//1011
f 980//1012 839//1012 981//1012
f 981//1013 839//1013 840//1013
f 981//1014 840//1014 976//1014
f 976//1015 840//1015 838//1015
f 976//1016 838//1016 977//1016
f 977//1017 838//1017 841//1017
f 977//1018 841//1018 978//1018
f 978//1019 841//1019 836//1019
f 978//1020 836//1020 973//1020
f 973//1021 836//1021 835//1021
f 973//1022 835//1022 974//1022
f 974//1023 835//1023 833//1023
f 974//1024 833//1024 975//1024
f 975//1025 833//1025 972//1025
f 983//1026 831//1026 984//1026
f 984//1027 831//1027 834//1027
f 984//1028 834//1028 842//1028
f 931//1029 936//1029 1041//1029
f 1041//1030 936//1030 987//1030
f 1041//1031 987//1031 1039//1031
f 1040//1032 1038//1032 994//1032
f 994//1033 1038//1033 1048//1033
f 994//1034 1048//1034 995//1034
f 995//1035 1048//1035 1042//1035
f 995//1036 1042//1036 991//1036
f 991//1037 1042//1037 1044//1037
f 991//1038 1044//1038 992//1038
f 992//1039 1044//1039 1046//1039
f 992//1040 1046//1040 993//1040
f 993//1041 1046//1041 1045//1041
f 993//1042 1045//1042 988//1042
f 988//1043 1045//1043 1043//1043
f 988//1044 1043//1044 989//1044
f 989//1045 1043//1045 1047//1045
f 989//1046 1047//1046 990//1046
f 990//1047 1047//1047 1037//1047
f 990//1048 1037//1048 985//1048
f 985//1049 1037//1049 1039//1049
f 985//1050 1039//1050 986//1050
f 986//1051 1039//1051 987//1051
f 1002//1052 1004//1052 972//1052
f 972//1053 1004//1053 1006//1053
f 972//1054 1006//1054 969//1054
f 982//1055 937//1055 983//1055
f 983//1056 937//1056 939//1056
f 983//1057 939//1057 831//1057
f 831//1058 939//1058 941//1058
f 831//1059 941//1059 846//1059
f 936//1060 935//1060 987//1060
f 987//1061 935//1061 933//1061
f 987//1062 933//1062 982//1062
f 982//1063 933//1063 932//1063
f 982//1064 932//1064 937//1064
f 1006//1065 1007//1065 969//1065
f 969//1066 1007//1066 1009//1066
f 969//1067 1009//1067 970//1067
f 970//1068 1009//1068 1015//1068
f 970//1069 1015//1069 1040//1069
f 1040//1070 1015//1070 1016//1070
f 1040//1071 1016//1071 1017//1071
f 1049//1072 1050//1072 1051//1072
f 1049//1072 1051//1072 1052//1072
f 1052//1072 1051//1072 1053//1072
f 1052//1072 1053//1072 1054//1072
f 1055//1072 1056//1072 1057//1072
f 1057//1072 1056//1072 1058//1072
f 1054//1072 1059//1072 1052//1072
f 1052//1072 1059//1072 1056//1072
f 1052//1072 1056//1072 1060//1072
f 1060//1072 1056//1072 1055//1072
f 1061//801 1062//801 1049//801
f 1061//801 1049//801 1063//801
f 1063//801 1049//801 1064//801
f 1063//801 1064//801 1065//801
f 1062//801 1066//801 1049//801
f 1049//801 1066//801 1067//801
f 1049//801 1067//801 1050//801
f 1067//801 1068//801 1050//801
f 1050//801 1068//801 1069//801
f 1050//801 1069//801 1070//801
f 1070//801 1071//801 1050//801
f 1050//801 1071//801 1072//801
f 1050//801 1072//801 1073//801
f 1074//801 1075//801 1076//801
f 1076//801 1075//801 1077//801
f 1076//801 1077//801 1078//801
f 1078//801 1079//801 1076//801
f 1076//801 1079//801 1080//801
f 1076//801 1080//801 1081//801
f 1082//801 1083//801 1084//801
f 1084//801 1083//801 1085//801
f 1084//801 1085//801 1086//801
f 1086//801 1085//801 1087//801
f 1086//801 1087//801 1076//801
f 1076//801 1087//801 1088//801
f 1076//801 1088//801 1074//801
f 1081//801 1089//801 1076//801
f 1076//801 1089//801 1090//801
f 1076//801 1090//801 1091//801
f 1072//801 1092//801 1073//801
f 1073//801 1092//801 1093//801
f 1073//801 1093//801 1094//801
f 1094//801 1093//801 1076//801
f 1094//801 1076//801 1095//801
f 1095//801 1076//801 1091//801
f 1096//801 1097//801 1098//801
f 1098//801 1097//801 1099//801
f 1098//801 1099//801 1082//801
f 1082//801 1099//801 1100//801
f 1082//801 1100//801 1083//801
f 1101//801 1098//801 1102//801
f 1102//801 1098//801 1103//801
f 1101//801 1104//801 1098//801
f 1098//801 1104//801 1105//801
f 1098//801 1105//801 1096//801
f 1065//801 1064//801 1098//801
f 1098//801 1064//801 1106//801
f 1098//801 1106//801 1107//801
f 1107//801 1108//801 1098//801
f 1098//801 1108//801 1109//801
f 1098//801 1109//801 1103//801
f 1110//820 1063//820 1111//820
f 1111//821 1063//821 1065//821
f 1111//822 1065//822 1112//822
f 1112//823 1065//823 1098//823
f 1112//824 1098//824 1113//824
f 1113//825 1098//825 1082//825
f 1113//826 1082//826 1114//826
f 1114//827 1082//827 1084//827
f 1114//828 1084//828 1115//828
f 1115//829 1084//829 1086//829
f 1115//830 1086//830 1116//830
f 1116//831 1086//831 1076//831
f 1116//832 1076//832 1117//832
f 1117//833 1076//833 1093//833
f 1117//834 1093//834 1118//834
f 1118//835 1093//835 1092//835
f 1118//836 1092//836 1119//836
f 1119//837 1092//837 1072//837
f 1119//802 1072//802 1120//802
f 1120//803 1072//803 1071//803
f 1120//804 1071//804 1121//804
f 1121//805 1071//805 1070//805
f 1121//806 1070//806 1122//806
f 1122//807 1070//807 1069//807
f 1122//808 1069//808 1123//808
f 1123//809 1069//809 1068//809
f 1123//810 1068//810 1124//810
f 1124//811 1068//811 1067//811
f 1124//812 1067//812 1125//812
f 1125//813 1067//813 1066//813
f 1125//814 1066//814 1126//814
f 1126//815 1066//815 1062//815
f 1126//816 1062//816 1127//816
f 1127//817 1062//817 1061//817
f 1127//818 1061//818 1110//818
f 1110//819 1061//819 1063//819
f 1128//1072 1129//1072 1130//1072
f 1129//1072 1131//1072 1130//1072
f 1130//1072 1131//1072 1132//1072
f 1130//1072 1132//1072 1133//1072
f 1134//1072 1135//1072 1136//1072
f 1136//1072 1135//1072 1137//1072
f 1136//1072 1137//1072 1138//1072
f 1134//1072 1136//1072 1130//1072
f 1130//1072 1136//1072 1139//1072
f 1130//1072 1139//1072 1128//1072
f 1087//1072 1085//1072 1140//1072
f 1140//1072 1085//1072 1136//1072
f 1140//1072 1136//1072 1141//1072
f 1141//1072 1136//1072 1138//1072
f 1133//1072 1142//1072 1130//1072
f 1130//1072 1142//1072 1143//1072
f 1130//1072 1143//1072 1144//1072
f 1102//1073 1103//1073 1145//1073
f 1146//1074 1147//1074 1148//1074
f 1146//1075 1148//1075 1149//1075
f 1150//1076 1151//1076 1152//1076
f 1152//1077 1151//1077 1153//1077
f 1152//1078 1153//1078 1148//1078
f 1148//1079 1153//1079 1154//1079
f 1148//1080 1154//1080 1149//1080
f 1150//1081 1152//1081 1155//1081
f 1155//1082 1152//1082 1156//1082
f 1155//1083 1156//1083 1157//1083
f 1157//1084 1156//1084 1158//1084
f 1157//1085 1158//1085 1159//1085
f 1159//1086 1158//1086 1106//1086
f 1159//1087 1106//1087 1064//1087
f 1109//1088 1108//1088 1158//1088
f 1158//1089 1108//1089 1107//1089
f 1158//1090 1107//1090 1106//1090
f 1102//1091 1145//1091 1101//1091
f 1097//1092 1096//1092 1160//1092
f 1160//1093 1096//1093 1105//1093
f 1161//1094 1100//1094 1099//1094
f 1100//1095 1161//1095 1083//1095
f 1083//1096 1161//1096 1136//1096
f 1083//1097 1136//1097 1085//1097
f 1162//1098 1129//1098 1163//1098
f 1163//1099 1129//1099 1128//1099
f 1163//1100 1128//1100 1161//1100
f 1161//1101 1128//1101 1139//1101
f 1161//1101 1139//1101 1136//1101
f 1133//1102 1132//1102 1162//1102
f 1162//1102 1132//1102 1131//1102
f 1162//1102 1131//1102 1129//1102
f 1162//1103 1164//1103 1133//1103
f 1133//1104 1164//1104 1165//1104
f 1133//1105 1165//1105 1142//1105
f 1142//1106 1165//1106 1166//1106
f 1142//1107 1166//1107 1143//1107
f 1167//1108 1168//1108 1166//1108
f 1168//1109 1169//1109 1166//1109
f 1166//1110 1169//1110 1170//1110
f 1166//1111 1170//1111 1143//1111
f 1143//1112 1170//1112 1171//1112
f 1143//1113 1171//1113 1144//1113
f 1172//1114 1173//1114 1174//1114
f 1174//1115 1173//1115 1175//1115
f 1174//1116 1175//1116 1176//1116
f 1177//1117 1178//1117 1179//1117
f 1179//1118 1178//1118 1180//1118
f 1179//1119 1180//1119 1181//1119
f 1147//1120 1177//1120 1148//1120
f 1148//1121 1177//1121 1179//1121
f 1148//1122 1179//1122 1152//1122
f 1152//1123 1179//1123 1182//1123
f 1152//1124 1182//1124 1156//1124
f 1156//1125 1182//1125 1183//1125
f 1156//1126 1183//1126 1158//1126
f 1158//1127 1183//1127 1145//1127
f 1158//1128 1145//1128 1109//1128
f 1109//1129 1145//1129 1103//1129
f 1181//1130 1173//1130 1179//1130
f 1179//1131 1173//1131 1172//1131
f 1179//1132 1172//1132 1182//1132
f 1182//1133 1172//1133 1184//1133
f 1182//1134 1184//1134 1183//1134
f 1183//1135 1184//1135 1185//1135
f 1183//1136 1185//1136 1145//1136
f 1145//1137 1185//1137 1186//1137
f 1145//1138 1186//1138 1101//1138
f 1101//1139 1186//1139 1160//1139
f 1101//1140 1160//1140 1104//1140
f 1104//1141 1160//1141 1105//1141
f 1176//1142 1167//1142 1174//1142
f 1174//1143 1167//1143 1166//1143
f 1174//1144 1166//1144 1172//1144
f 1172//1145 1166//1145 1165//1145
f 1172//1146 1165//1146 1184//1146
f 1184//1147 1165//1147 1164//1147
f 1184//1148 1164//1148 1185//1148
f 1185//1149 1164//1149 1162//1149
f 1185//1150 1162//1150 1186//1150
f 1186//1151 1162//1151 1163//1151
f 1186//1152 1163//1152 1160//1152
f 1160//1153 1163//1153 1161//1153
f 1160//1154 1161//1154 1097//1154
f 1097//1155 1161//1155 1099//1155
f 1187//1156 1188//1156 1189//1156
f 1187//1156 1189//1156 1190//1156
f 1191//1156 1192//1156 1189//1156
f 1189//1156 1192//1156 1193//1156
f 1189//1156 1193//1156 1190//1156
f 1194//1156 1195//1156 1189//1156
f 1189//1156 1195//1156 1196//1156
f 1189//1156 1196//1156 1191//1156
f 1197//1156 1198//1156 1189//1156
f 1189//1156 1198//1156 1199//1156
f 1189//1156 1199//1156 1194//1156
f 1200//1156 1201//1156 1189//1156
f 1189//1156 1201//1156 1202//1156
f 1189//1156 1202//1156 1197//1156
f 1203//1156 1204//1156 1189//1156
f 1189//1156 1204//1156 1205//1156
f 1189//1156 1205//1156 1200//1156
f 1206//1156 1207//1156 1189//1156
f 1189//1156 1207//1156 1208//1156
f 1189//1156 1208//1156 1203//1156
f 1209//1156 1210//1156 1189//1156
f 1189//1156 1210//1156 1211//1156
f 1189//1156 1211//1156 1206//1156
f 1188//1156 1212//1156 1189//1156
f 1189//1156 1212//1156 1213//1156
f 1189//1156 1213//1156 1209//1156
f 1214//1157 1215//1157 1216//1157
f 1217//1158 1218//1158 1219//1158
f 1220//1159 1073//1159 1221//1159
f 1221//1160 1073//1160 1094//1160
f 1221//1161 1094//1161 1095//1161
f 1220//1162 1221//1162 1222//1162
f 1222//1163 1221//1163 1223//1163
f 1222//1164 1223//1164 1224//1164
f 1224//1165 1223//1165 1225//1165
f 1225//1166 1223//1166 1226//1166
f 1225//1167 1226//1167 1227//1167
f 1228//1168 1229//1168 1230//1168
f 1230//1169 1229//1169 1231//1169
f 1230//1170 1231//1170 1232//1170
f 1227//1171 1226//1171 1233//1171
f 1233//1172 1226//1172 1230//1172
f 1233//1173 1230//1173 1234//1173
f 1234//1174 1230//1174 1232//1174
f 1234//1175 1232//1175 1235//1175
f 1236//1176 1237//1176 1238//1176
f 1238//1177 1237//1177 1239//1177
f 1217//1178 1219//1178 1240//1178
f 1134//1179 1130//1179 1214//1179
f 1214//1180 1216//1180 1134//1180
f 1134//1181 1216//1181 1241//1181
f 1134//1182 1241//1182 1135//1182
f 1135//1183 1241//1183 1242//1183
f 1135//1184 1242//1184 1137//1184
f 1137//1185 1242//1185 1243//1185
f 1137//1186 1243//1186 1138//1186
f 1138//1187 1243//1187 1244//1187
f 1138//1188 1244//1188 1141//1188
f 1141//1189 1244//1189 1245//1189
f 1141//1190 1245//1190 1140//1190
f 1077//1191 1075//1191 1245//1191
f 1245//1192 1075//1192 1074//1192
f 1245//1193 1074//1193 1140//1193
f 1140//1194 1074//1194 1088//1194
f 1140//1195 1088//1195 1087//1195
f 1246//1196 1080//1196 1247//1196
f 1247//1197 1080//1197 1079//1197
f 1247//1198 1079//1198 1078//1198
f 1091//1199 1090//1199 1248//1199
f 1248//1200 1090//1200 1089//1200
f 1248//1201 1089//1201 1081//1201
f 1095//1202 1091//1202 1221//1202
f 1221//1203 1091//1203 1248//1203
f 1221//1204 1248//1204 1223//1204
f 1223//1205 1248//1205 1249//1205
f 1223//1206 1249//1206 1226//1206
f 1226//1207 1249//1207 1250//1207
f 1226//1208 1250//1208 1230//1208
f 1230//1209 1250//1209 1238//1209
f 1230//1210 1238//1210 1228//1210
f 1228//1211 1238//1211 1239//1211
f 1081//1212 1080//1212 1248//1212
f 1248//1213 1080//1213 1246//1213
f 1248//1214 1246//1214 1249//1214
f 1249//1215 1246//1215 1251//1215
f 1249//1216 1251//1216 1250//1216
f 1250//1217 1251//1217 1252//1217
f 1250//1218 1252//1218 1238//1218
f 1238//1219 1252//1219 1253//1219
f 1238//1220 1253//1220 1236//1220
f 1236//1221 1253//1221 1219//1221
f 1236//1222 1219//1222 1254//1222
f 1254//1223 1219//1223 1218//1223
f 1078//1224 1077//1224 1247//1224
f 1247//1225 1077//1225 1245//1225
f 1247//1226 1245//1226 1246//1226
f 1246//1227 1245//1227 1244//1227
f 1246//1228 1244//1228 1251//1228
f 1251//1229 1244//1229 1243//1229
f 1251//1230 1243//1230 1252//1230
f 1252//1231 1243//1231 1242//1231
f 1252//1232 1242//1232 1253//1232
f 1253//1233 1242//1233 1241//1233
f 1253//1234 1241//1234 1219//1234
f 1219//1235 1241//1235 1216//1235
f 1219//1236 1216//1236 1240//1236
f 1240//1237 1216//1237 1215//1237
f 1255//1072 1256//1072 1257//1072
f 1257//1072 1256//1072 1258//1072
f 1257//1072 1258//1072 1259//1072
f 1260//1072 1261//1072 1262//1072
f 1262//1072 1261//1072 1263//1072
f 1262//1072 1263//1072 1264//1072
f 1255//1072 1265//1072 1256//1072
f 1256//1072 1265//1072 1261//1072
f 1256//1072 1261//1072 1266//1072
f 1266//1072 1261//1072 1260//1072
f 1125//1003 1126//1003 1259//1003
f 1121//1003 1122//1003 1258//1003
f 1258//1003 1122//1003 1123//1003
f 1258//1003 1123//1003 1259//1003
f 1259//1003 1123//1003 1124//1003
f 1259//1003 1124//1003 1125//1003
f 1117//1003 1118//1003 1235//1003
f 1235//1003 1118//1003 1119//1003
f 1235//1003 1119//1003 1258//1003
f 1258//1003 1119//1003 1120//1003
f 1258//1003 1120//1003 1121//1003
f 1126//1003 1127//1003 1259//1003
f 1259//1003 1127//1003 1110//1003
f 1259//1003 1110//1003 1149//1003
f 1171//1003 1170//1003 1113//1003
f 1113//1003 1170//1003 1169//1003
f 1171//1003 1113//1003 1144//1003
f 1144//1003 1113//1003 1114//1003
f 1144//1003 1114//1003 1130//1003
f 1130//1003 1114//1003 1115//1003
f 1130//1003 1115//1003 1214//1003
f 1214//1003 1115//1003 1116//1003
f 1214//1003 1116//1003 1215//1003
f 1169//1003 1168//1003 1113//1003
f 1113//1003 1168//1003 1167//1003
f 1113//1003 1167//1003 1176//1003
f 1176//1003 1175//1003 1113//1003
f 1113//1003 1175//1003 1173//1003
f 1113//1003 1173//1003 1181//1003
f 1181//1003 1180//1003 1113//1003
f 1113//1003 1180//1003 1178//1003
f 1113//1003 1178//1003 1177//1003
f 1110//1003 1111//1003 1149//1003
f 1149//1003 1111//1003 1112//1003
f 1149//1003 1112//1003 1146//1003
f 1146//1003 1112//1003 1113//1003
f 1146//1003 1113//1003 1147//1003
f 1147//1003 1113//1003 1177//1003
f 1231//1003 1229//1003 1116//1003
f 1117//1003 1235//1003 1116//1003
f 1116//1003 1235//1003 1232//1003
f 1116//1003 1232//1003 1231//1003
f 1229//1003 1228//1003 1116//1003
f 1116//1003 1228//1003 1239//1003
f 1116//1003 1239//1003 1237//1003
f 1237//1003 1236//1003 1116//1003
f 1116//1003 1236//1003 1254//1003
f 1116//1003 1254//1003 1218//1003
f 1218//1003 1217//1003 1116//1003
f 1116//1003 1217//1003 1240//1003
f 1116//1003 1240//1003 1215//1003
f 1212//1238 1188//1238 1258//1238
f 1073//1239 1220//1239 1050//1239
f 1050//1240 1220//1240 1190//1240
f 1050//1241 1190//1241 1051//1241
f 1202//1242 1060//1242 1197//1242
f 1197//1243 1060//1243 1055//1243
f 1197//1244 1055//1244 1198//1244
f 1198//1245 1055//1245 1057//1245
f 1198//1246 1057//1246 1199//1246
f 1199//1247 1057//1247 1058//1247
f 1199//1248 1058//1248 1194//1248
f 1194//1249 1058//1249 1056//1249
f 1194//1250 1056//1250 1195//1250
f 1195//1251 1056//1251 1059//1251
f 1195//1252 1059//1252 1196//1252
f 1196//1253 1059//1253 1054//1253
f 1196//1254 1054//1254 1191//1254
f 1191//1255 1054//1255 1053//1255
f 1191//1256 1053//1256 1192//1256
f 1192//1257 1053//1257 1051//1257
f 1192//1258 1051//1258 1193//1258
f 1193//1259 1051//1259 1190//1259
f 1201//1260 1049//1260 1202//1260
f 1202//1261 1049//1261 1052//1261
f 1202//1262 1052//1262 1060//1262
f 1149//1263 1154//1263 1259//1263
f 1259//1264 1154//1264 1205//1264
f 1259//1265 1205//1265 1257//1265
f 1258//1266 1256//1266 1212//1266
f 1212//1267 1256//1267 1266//1267
f 1212//1268 1266//1268 1213//1268
f 1213//1269 1266//1269 1260//1269
f 1213//1270 1260//1270 1209//1270
f 1209//1271 1260//1271 1262//1271
f 1209//1272 1262//1272 1210//1272
f 1210//1273 1262//1273 1264//1273
f 1210//1274 1264//1274 1211//1274
f 1211//1275 1264//1275 1263//1275
f 1211//1276 1263//1276 1206//1276
f 1206//1277 1263//1277 1261//1277
f 1206//1278 1261//1278 1207//1278
f 1207//1279 1261//1279 1265//1279
f 1207//1280 1265//1280 1208//1280
f 1208//1281 1265//1281 1255//1281
f 1208//1282 1255//1282 1203//1282
f 1203//1283 1255//1283 1257//1283
f 1203//1284 1257//1284 1204//1284
f 1204//1285 1257//1285 1205//1285
f 1220//1286 1222//1286 1190//1286
f 1190//1287 1222//1287 1224//1287
f 1190//1288 1224//1288 1187//1288
f 1200//1289 1155//1289 1201//1289
f 1201//1290 1155//1290 1157//1290
f 1201//1291 1157//1291 1049//1291
f 1049//1292 1157//1292 1159//1292
f 1049//1293 1159//1293 1064//1293
f 1154//1294 1153//1294 1205//1294
f 1205//1295 1153//1295 1151//1295
f 1205//1296 1151//1296 1200//1296
f 1200//1297 1151//1297 1150//1297
f 1200//1298 1150//1298 1155//1298
f 1224//1299 1225//1299 1187//1299
f 1187//1300 1225//1300 1227//1300
f 1187//1301 1227//1301 1188//1301
f 1188//1302 1227//1302 1233//1302
f 1188//1303 1233//1303 1258//1303
f 1258//1304 1233//1304 1234//1304
f 1258//1305 1234//1305 1235//1305
f 1267//1306 1268//1306 1269//1306
f 1270//1306 1271//1306 1269//1306
f 1269//1306 1271//1306 1272//1306
f 1269//1306 1272//1306 1267//1306
f 1273//1306 1274//1306 1269//1306
f 1269//1306 1274//1306 1275//1306
f 1269//1306 1275//1306 1270//1306
f 1276//1306 1277//1306 1269//1306
f 1269//1306 1277//1306 1278//1306
f 1269//1306 1278//1306 1273//1306
f 1268//1306 1279//1306 1269//1306
f 1269//1306 1279//1306 1280//1306
f 1269//1306 1280//1306 1276//1306
f 1281//1306 1282//1306 1283//1306
f 1283//1306 1282//1306 1284//1306
f 1283//1306 1284//1306 1285//1306
f 1286//1306 1287//1306 1283//1306
f 1283//1306 1287//1306 1288//1306
f 1283//1306 1288//1306 1281//1306
f 1289//1306 1290//1306 1283//1306
f 1283//1306 1290//1306 1291//1306
f 1283//1306 1291//1306 1286//1306
f 1285//1306 1292//1306 1283//1306
f 1283//1306 1292//1306 1293//1306
f 1283//1306 1293//1306 1289//1306
f 1294//1307 1295//1307 1296//1307
f 1296//1308 1295//1308 1297//1308
f 1296//1309 1297//1309 1298//1309
f 1298//1310 1297//1310 1299//1310
f 1298//1311 1299//1311 1300//1311
f 1300//1312 1299//1312 1301//1312
f 1300//1313 1301//1313 1302//1313
f 1302//1314 1301//1314 1303//1314
f 1302//1315 1303//1315 1304//1315
f 1304//1316 1303//1316 1305//1316
f 1304//1317 1305//1317 1306//1317
f 1306//1318 1305//1318 1307//1318
f 1308//1306 1309//1306 1310//1306
f 1310//1306 1309//1306 1311//1306
f 1311//1306 1309//1306 1312//1306
f 1312//1306 1309//1306 1313//1306
f 1312//1306 1313//1306 1314//1306
f 1314//1306 1313//1306 1315//1306
f 1314//1306 1315//1306 1306//1306
f 1306//1306 1315//1306 1294//1306
f 1306//1306 1294//1306 1296//1306
f 1316//1306 1317//1306 1318//1306
f 1318//1306 1317//1306 1310//1306
f 1318//1306 1310//1306 1319//1306
f 1319//1306 1310//1306 1311//1306
f 1302//1306 1304//1306 1300//1306
f 1300//1306 1304//1306 1306//1306
f 1300//1306 1306//1306 1298//1306
f 1298//1306 1306//1306 1296//1306
f 1311//1319 1320//1319 1319//1319
f 1319//1320 1320//1320 1321//1320
f 1319//1321 1321//1321 1318//1321
f 1318//1322 1321//1322 1322//1322
f 1318//1323 1322//1323 1316//1323
f 1316//1324 1322//1324 1323//1324
f 1316//1325 1323//1325 1317//1325
f 1317//1326 1323//1326 1324//1326
f 1317//1327 1324//1327 1310//1327
f 1310//1328 1324//1328 1325//1328
f 1310//1329 1325//1329 1308//1329
f 1308//1330 1325//1330 1326//1330
f 1308//1331 1326//1331 1309//1331
f 1309//1332 1326//1332 1327//1332
f 1328//1306 1329//1306 1330//1306
f 1330//1306 1329//1306 1331//1306
f 1331//1306 1329//1306 1332//1306
f 1331//1306 1332//1306 1333//1306
f 1333//1306 1332//1306 1334//1306
f 1333//1306 1334//1306 1335//1306
f 1330//1306 1336//1306 1328//1306
f 1328//1306 1336//1306 1337//1306
f 1328//1306 1337//1306 1338//1306
f 1334//1306 1339//1306 1340//1306
f 1341//1306 1342//1306 1343//1306
f 1343//1306 1342//1306 1328//1306
f 1343//1306 1328//1306 1344//1306
f 1344//1306 1328//1306 1338//1306
f 1335//1306 1334//1306 1345//1306
f 1345//1306 1334//1306 1340//1306
f 1345//1306 1340//1306 1346//1306
f 1336//1333 1347//1333 1337//1333
f 1337//1334 1347//1334 1348//1334
f 1337//1335 1348//1335 1338//1335
f 1338//1336 1348//1336 1349//1336
f 1338//1337 1349//1337 1344//1337
f 1344//1338 1349//1338 1350//1338
f 1344//1339 1350//1339 1343//1339
f 1343//1340 1350//1340 1351//1340
f 1343//1341 1351//1341 1341//1341
f 1341//1342 1351//1342 1352//1342
f 1341//1343 1352//1343 1342//1343
f 1342//1344 1352//1344 1353//1344
f 1342//1345 1353//1345 1328//1345
f 1328//1346 1353//1346 1354//1346
f 1334//1313 1355//1313 1339//1313
f 1339//1314 1355//1314 1356//1314
f 1339//1315 1356//1315 1340//1315
f 1340//1316 1356//1316 1357//1316
f 1340//1317 1357//1317 1346//1317
f 1346//1318 1357//1318 1358//1318
f 1346//1347 1358//1347 1345//1347
f 1345//1348 1358//1348 1359//1348
f 1345//1349 1359//1349 1335//1349
f 1335//1350 1359//1350 1360//1350
f 1335//1351 1360//1351 1333//1351
f 1333//1352 1360//1352 1361//1352
f 1362//1306 1363//1306 1364//1306
f 1365//1306 1366//1306 1364//1306
f 1364//1306 1366//1306 1367//1306
f 1364//1306 1367//1306 1362//1306
f 1368//1306 1369//1306 1364//1306
f 1364//1306 1369//1306 1370//1306
f 1364//1306 1370//1306 1365//1306
f 1371//1306 1372//1306 1364//1306
f 1364//1306 1372//1306 1373//1306
f 1364//1306 1373//1306 1368//1306
f 1363//1306 1374//1306 1364//1306
f 1364//1306 1374//1306 1375//1306
f 1364//1306 1375//1306 1371//1306
f 1376//1306 1377//1306 1378//1306
f 1379//1306 1380//1306 1378//1306
f 1378//1306 1380//1306 1381//1306
f 1378//1306 1381//1306 1376//1306
f 1382//1306 1383//1306 1378//1306
f 1378//1306 1383//1306 1384//1306
f 1378//1306 1384//1306 1379//1306
f 1385//1306 1386//1306 1378//1306
f 1378//1306 1386//1306 1387//1306
f 1378//1306 1387//1306 1382//1306
f 1377//1306 1388//1306 1378//1306
f 1378//1306 1388//1306 1389//1306
f 1378//1306 1389//1306 1385//1306
f 1390//1306 1391//1306 1392//1306
f 1392//1306 1391//1306 1393//1306
f 1392//1306 1393//1306 1394//1306
f 1395//1306 1396//1306 1392//1306
f 1392//1306 1396//1306 1397//1306
f 1392//1306 1397//1306 1390//1306
f 1398//1306 1399//1306 1392//1306
f 1392//1306 1399//1306 1400//1306
f 1392//1306 1400//1306 1395//1306
f 1394//1306 1401//1306 1392//1306
f 1392//1306 1401//1306 1402//1306
f 1392//1306 1402//1306 1398//1306
f 1403//1353 1404//1353 1405//1353
f 1405//1353 1404//1353 1406//1353
f 1405//1353 1406//1353 1407//1353
f 1408//1353 1409//1353 1405//1353
f 1405//1353 1409//1353 1410//1353
f 1405//1353 1410//1353 1403//1353
f 1411//1353 1412//1353 1405//1353
f 1405//1353 1412//1353 1413//1353
f 1405//1353 1413//1353 1408//1353
f 1407//1353 1414//1353 1405//1353
f 1405//1353 1414//1353 1415//1353
f 1405//1353 1415//1353 1411//1353
f 1280//1354 1416//1354 1417//1354
f 1280//1355 1417//1355 1276//1355
f 1276//1356 1417//1356 1418//1356
f 1276//1357 1418//1357 1277//1357
f 1277//1358 1418//1358 1419//1358
f 1277//1359 1419//1359 1278//1359
f 1278//1360 1419//1360 1420//1360
f 1278//1361 1420//1361 1273//1361
f 1273//1362 1420//1362 1421//1362
f 1273//1363 1421//1363 1274//1363
f 1274//1364 1421//1364 1422//1364
f 1274//1365 1422//1365 1275//1365
f 1422//1366 1423//1366 1275//1366
f 1275//1367 1423//1367 1424//1367
f 1275//1368 1424//1368 1270//1368
f 1424//1369 1425//1369 1270//1369
f 1270//1370 1425//1370 1426//1370
f 1270//1371 1426//1371 1271//1371
f 1271//1372 1426//1372 1427//1372
f 1271//1373 1427//1373 1272//1373
f 1272//1374 1427//1374 1428//1374
f 1272//1375 1428//1375 1267//1375
f 1267//1376 1428//1376 1429//1376
f 1267//1377 1429//1377 1268//1377
f 1268//1378 1429//1378 1430//1378
f 1268//1379 1430//1379 1279//1379
f 1279//1380 1430//1380 1431//1380
f 1279//1381 1431//1381 1280//1381
f 1280//1382 1431//1382 1432//1382
f 1280//1383 1432//1383 1416//1383
f 1284//1384 1433//1384 1285//1384
f 1285//1385 1433//1385 1434//1385
f 1285//1386 1434//1386 1292//1386
f 1292//1387 1434//1387 1435//1387
f 1292//1388 1435//1388 1293//1388
f 1293//1389 1435//1389 1436//1389
f 1293//1390 1436//1390 1289//1390
f 1289//1391 1436//1391 1437//1391
f 1289//1392 1437//1392 1290//1392
f 1290//1393 1437//1393 1438//1393
f 1290//1394 1438//1394 1291//1394
f 1291//1395 1438//1395 1439//1395
f 1291//1396 1439//1396 1286//1396
f 1286//1397 1439//1397 1440//1397
f 1286//1398 1440//1398 1287//1398
f 1287//1399 1440//1399 1441//1399
f 1287//1400 1441//1400 1288//1400
f 1288//1401 1441//1401 1442//1401
f 1288//1402 1442//1402 1281//1402
f 1281//1403 1442//1403 1443//1403
f 1281//1404 1443//1404 1282//1404
f 1282//1405 1443//1405 1444//1405
f 1282//1406 1444//1406 1284//1406
f 1284//1407 1444//1407 1433//1407
f 1309//1312 1327//1312 1445//1312
f 1309//1311 1445//1311 1313//1311
f 1313//1310 1445//1310 1446//1310
f 1313//1309 1446//1309 1315//1309
f 1315//1308 1446//1308 1295//1308
f 1315//1307 1295//1307 1294//1307
f 1306//1347 1307//1347 1314//1347
f 1314//1348 1307//1348 1447//1348
f 1314//1349 1447//1349 1312//1349
f 1312//1350 1447//1350 1448//1350
f 1312//1351 1448//1351 1311//1351
f 1311//1352 1448//1352 1320//1352
f 1328//1307 1354//1307 1329//1307
f 1329//1308 1354//1308 1449//1308
f 1329//1309 1449//1309 1332//1309
f 1332//1310 1449//1310 1450//1310
f 1332//1311 1450//1311 1334//1311
f 1334//1312 1450//1312 1355//1312
f 1333//1352 1361//1352 1451//1352
f 1333//1351 1451//1351 1331//1351
f 1331//1350 1451//1350 1452//1350
f 1331//1349 1452//1349 1330//1349
f 1330//1348 1452//1348 1347//1348
f 1330//1347 1347//1347 1336//1347
f 1375//1354 1453//1354 1454//1354
f 1375//1355 1454//1355 1371//1355
f 1371//1356 1454//1356 1455//1356
f 1371//1357 1455//1357 1372//1357
f 1372//1358 1455//1358 1456//1358
f 1372//1359 1456//1359 1373//1359
f 1373//1360 1456//1360 1457//1360
f 1373//1361 1457//1361 1368//1361
f 1368//1362 1457//1362 1458//1362
f 1368//1363 1458//1363 1369//1363
f 1369//1364 1458//1364 1459//1364
f 1369//1365 1459//1365 1370//1365
f 1459//1366 1460//1366 1370//1366
f 1370//1367 1460//1367 1461//1367
f 1370//1368 1461//1368 1365//1368
f 1461//1369 1462//1369 1365//1369
f 1365//1370 1462//1370 1463//1370
f 1365//1371 1463//1371 1366//1371
f 1366//1372 1463//1372 1464//1372
f 1366//1373 1464//1373 1367//1373
f 1367//1374 1464//1374 1465//1374
f 1367//1375 1465//1375 1362//1375
f 1362//1376 1465//1376 1466//1376
f 1362//1377 1466//1377 1363//1377
f 1363//1378 1466//1378 1467//1378
f 1363//1379 1467//1379 1374//1379
f 1374//1380 1467//1380 1468//1380
f 1374//1381 1468//1381 1375//1381
f 1375//1382 1468//1382 1469//1382
f 1375//1383 1469//1383 1453//1383
f 1389//1354 1470//1354 1471//1354
f 1389//1355 1471//1355 1385//1355
f 1385//1356 1471//1356 1472//1356
f 1385//1357 1472//1357 1386//1357
f 1386//1358 1472//1358 1473//1358
f 1386//1359 1473//1359 1387//1359
f 1387//1360 1473//1360 1474//1360
f 1387//1361 1474//1361 1382//1361
f 1382//1362 1474//1362 1475//1362
f 1382//1363 1475//1363 1383//1363
f 1383//1364 1475//1364 1476//1364
f 1383//1365 1476//1365 1384//1365
f 1476//1366 1477//1366 1384//1366
f 1384//1367 1477//1367 1478//1367
f 1384//1368 1478//1368 1379//1368
f 1478//1369 1479//1369 1379//1369
f 1379//1370 1479//1370 1480//1370
f 1379//1371 1480//1371 1380//1371
f 1380//1372 1480//1372 1481//1372
f 1380//1373 1481//1373 1381//1373
f 1381//1374 1481//1374 1482//1374
f 1381//1375 1482//1375 1376//1375
f 1376//1376 1482//1376 1483//1376
f 1376//1377 1483//1377 1377//1377
f 1377//1378 1483//1378 1484//1378
f 1377//1379 1484//1379 1388//1379
f 1388//1380 1484//1380 1485//1380
f 1388//1381 1485//1381 1389//1381
f 1389//1382 1485//1382 1486//1382
f 1389//1383 1486//1383 1470//1383
f 1393//1384 1487//1384 1394//1384
f 1394//1385 1487//1385 1488//1385
f 1394//1386 1488//1386 1401//1386
f 1401//1387 1488//1387 1489//1387
f 1401//1388 1489//1388 1402//1388
f 1402//1389 1489//1389 1490//1389
f 1402//1390 1490//1390 1398//1390
f 1398//1391 1490//1391 1491//1391
f 1398//1392 1491//1392 1399//1392
f 1399//1393 1491//1393 1492//1393
f 1399//1394 1492//1394 1400//1394
f 1400//1395 1492//1395 1493//1395
f 1400//1396 1493//1396 1395//1396
f 1395//1397 1493//1397 1494//1397
f 1395//1398 1494//1398 1396//1398
f 1396//1399 1494//1399 1495//1399
f 1396//1400 1495//1400 1397//1400
f 1397//1401 1495//1401 1496//1401
f 1397//1402 1496//1402 1390//1402
f 1390//1403 1496//1403 1497//1403
f 1390//1404 1497//1404 1391//1404
f 1391//1405 1497//1405 1498//1405
f 1391//1406 1498//1406 1393//1406
f 1393//1407 1498//1407 1487//1407
f 1499//1397 1404//1397 1500//1397
f 1500//1398 1404//1398 1403//1398
f 1500//1399 1403//1399 1501//1399
f 1501//1400 1403//1400 1410//1400
f 1501//1401 1410//1401 1502//1401
f 1502//1402 1410//1402 1409//1402
f 1502//1403 1409//1403 1503//1403
f 1503//1404 1409//1404 1408//1404
f 1503//1405 1408//1405 1504//1405
f 1504//1406 1408//1406 1413//1406
f 1504//1407 1413//1407 1505//1407
f 1505//1384 1413//1384 1412//1384
f 1505//1385 1412//1385 1506//1385
f 1506//1386 1412//1386 1411//1386
f 1506//1387 1411//1387 1507//1387
f 1507//1388 1411//1388 1415//1388
f 1507//1389 1415//1389 1508//1389
f 1508//1390 1415//1390 1414//1390
f 1508//1391 1414//1391 1509//1391
f 1509//1392 1414//1392 1407//1392
f 1509//1393 1407//1393 1510//1393
f 1510//1394 1407//1394 1406//1394
f 1510//1395 1406//1395 1499//1395
f 1499//1396 1406//1396 1404//1396
f 1511//1408 1512//1408 1513//1408
f 1513//1408 1512//1408 1514//1408
f 1515//1408 1516//1408 1517//1408
f 1517//1408 1516//1408 1518//1408
f 1434//1306 1433//1306 1519//1306
f 1426//1306 1520//1306 1427//1306
f 1427//1306 1520//1306 1519//1306
f 1431//1306 1430//1306 1521//1306
f 1521//1306 1430//1306 1429//1306
f 1521//1306 1429//1306 1519//1306
f 1519//1306 1429//1306 1428//1306
f 1519//1306 1428//1306 1427//1306
f 1522//1306 1418//1306 1523//1306
f 1523//1306 1418//1306 1417//1306
f 1523//1306 1417//1306 1524//1306
f 1524//1306 1417//1306 1416//1306
f 1524//1306 1416//1306 1432//1306
f 1425//1306 1424//1306 1525//1306
f 1525//1306 1424//1306 1423//1306
f 1525//1306 1423//1306 1526//1306
f 1526//1306 1423//1306 1422//1306
f 1422//1306 1421//1306 1526//1306
f 1526//1306 1421//1306 1420//1306
f 1526//1306 1420//1306 1522//1306
f 1522//1306 1420//1306 1419//1306
f 1522//1306 1419//1306 1418//1306
f 1527//1306 1528//1306 1529//1306
f 1528//1306 1530//1306 1529//1306
f 1529//1306 1530//1306 1531//1306
f 1529//1306 1531//1306 1532//1306
f 1533//1306 1534//1306 1529//1306
f 1529//1306 1534//1306 1535//1306
f 1529//1306 1535//1306 1536//1306
f 1536//1306 1537//1306 1529//1306
f 1529//1306 1537//1306 1538//1306
f 1529//1306 1538//1306 1527//1306
f 1539//1306 1540//1306 1529//1306
f 1529//1306 1540//1306 1541//1306
f 1529//1306 1541//1306 1533//1306
f 1539//1306 1529//1306 1542//1306
f 1542//1306 1529//1306 1543//1306
f 1542//1306 1543//1306 1544//1306
f 1545//1306 1546//1306 1543//1306
f 1543//1306 1546//1306 1547//1306
f 1543//1306 1547//1306 1544//1306
f 1548//1306 1549//1306 1543//1306
f 1549//1306 1550//1306 1543//1306
f 1543//1306 1550//1306 1551//1306
f 1543//1306 1551//1306 1552//1306
f 1552//1306 1553//1306 1543//1306
f 1543//1306 1553//1306 1554//1306
f 1543//1306 1554//1306 1545//1306
f 1555//1306 1556//1306 1557//1306
f 1558//1306 1559//1306 1555//1306
f 1555//1306 1559//1306 1560//1306
f 1555//1306 1560//1306 1556//1306
f 1561//1306 1562//1306 1522//1306
f 1562//1306 1563//1306 1522//1306
f 1522//1306 1563//1306 1564//1306
f 1522//1306 1564//1306 1565//1306
f 1566//1306 1567//1306 1523//1306
f 1567//1306 1568//1306 1523//1306
f 1523//1306 1568//1306 1569//1306
f 1523//1306 1569//1306 1570//1306
f 1570//1306 1571//1306 1523//1306
f 1523//1306 1571//1306 1572//1306
f 1523//1306 1572//1306 1522//1306
f 1522//1306 1572//1306 1573//1306
f 1522//1306 1573//1306 1561//1306
f 1305//1306 1303//1306 1524//1306
f 1574//1306 1447//1306 1307//1306
f 1575//1306 1576//1306 1448//1306
f 1326//1306 1325//1306 1523//1306
f 1447//1306 1574//1306 1448//1306
f 1448//1306 1574//1306 1577//1306
f 1448//1306 1577//1306 1575//1306
f 1321//1306 1320//1306 1578//1306
f 1578//1306 1320//1306 1448//1306
f 1578//1306 1448//1306 1579//1306
f 1579//1306 1448//1306 1576//1306
f 1326//1306 1523//1306 1327//1306
f 1303//1306 1301//1306 1524//1306
f 1524//1306 1301//1306 1299//1306
f 1524//1306 1299//1306 1523//1306
f 1523//1306 1299//1306 1297//1306
f 1523//1306 1297//1306 1295//1306
f 1566//1306 1523//1306 1578//1306
f 1578//1306 1523//1306 1322//1306
f 1578//1306 1322//1306 1321//1306
f 1325//1306 1324//1306 1523//1306
f 1523//1306 1324//1306 1323//1306
f 1523//1306 1323//1306 1322//1306
f 1295//1306 1446//1306 1523//1306
f 1523//1306 1446//1306 1445//1306
f 1523//1306 1445//1306 1327//1306
f 1307//1306 1305//1306 1574//1306
f 1574//1306 1305//1306 1524//1306
f 1574//1306 1524//1306 1521//1306
f 1521//1306 1524//1306 1432//1306
f 1521//1306 1432//1306 1431//1306
f 1521//1306 1580//1306 1574//1306
f 1574//1306 1580//1306 1581//1306
f 1574//1306 1581//1306 1582//1306
f 1582//1306 1583//1306 1574//1306
f 1574//1306 1583//1306 1584//1306
f 1574//1306 1584//1306 1585//1306
f 1586//1306 1587//1306 1588//1306
f 1588//1306 1587//1306 1589//1306
f 1585//1306 1590//1306 1574//1306
f 1574//1306 1590//1306 1587//1306
f 1574//1306 1587//1306 1591//1306
f 1591//1306 1587//1306 1586//1306
f 1532//1306 1592//1306 1529//1306
f 1529//1306 1592//1306 1593//1306
f 1529//1306 1593//1306 1594//1306
f 1594//1306 1593//1306 1595//1306
f 1594//1306 1595//1306 1464//1306
f 1468//1306 1467//1306 1596//1306
f 1596//1306 1467//1306 1466//1306
f 1596//1306 1466//1306 1595//1306
f 1595//1306 1466//1306 1465//1306
f 1595//1306 1465//1306 1464//1306
f 1461//1306 1460//1306 1597//1306
f 1460//1306 1459//1306 1597//1306
f 1597//1306 1459//1306 1458//1306
f 1597//1306 1458//1306 1598//1306
f 1598//1306 1458//1306 1457//1306
f 1598//1306 1457//1306 1456//1306
f 1456//1306 1455//1306 1599//1306
f 1599//1306 1455//1306 1454//1306
f 1599//1306 1454//1306 1600//1306
f 1600//1306 1454//1306 1453//1306
f 1600//1306 1453//1306 1469//1306
f 1464//1306 1463//1306 1594//1306
f 1594//1306 1463//1306 1462//1306
f 1594//1306 1462//1306 1601//1306
f 1481//1306 1600//1306 1596//1306
f 1596//1306 1600//1306 1469//1306
f 1596//1306 1469//1306 1468//1306
f 1602//1306 1484//1306 1483//1306
f 1602//1306 1483//1306 1596//1306
f 1596//1306 1483//1306 1482//1306
f 1596//1306 1482//1306 1481//1306
f 1471//1306 1470//1306 1603//1306
f 1603//1306 1470//1306 1486//1306
f 1603//1306 1486//1306 1602//1306
f 1602//1306 1486//1306 1485//1306
f 1602//1306 1485//1306 1484//1306
f 1456//1306 1599//1306 1598//1306
f 1598//1306 1599//1306 1477//1306
f 1598//1306 1477//1306 1476//1306
f 1476//1306 1475//1306 1598//1306
f 1598//1306 1475//1306 1474//1306
f 1598//1306 1474//1306 1604//1306
f 1474//1306 1473//1306 1604//1306
f 1604//1306 1473//1306 1472//1306
f 1604//1306 1472//1306 1605//1306
f 1481//1306 1480//1306 1600//1306
f 1600//1306 1480//1306 1479//1306
f 1600//1306 1479//1306 1599//1306
f 1599//1306 1479//1306 1478//1306
f 1599//1306 1478//1306 1477//1306
f 1519//1306 1433//1306 1602//1306
f 1433//1306 1444//1306 1602//1306
f 1602//1306 1444//1306 1443//1306
f 1602//1306 1443//1306 1603//1306
f 1603//1306 1443//1306 1442//1306
f 1603//1306 1442//1306 1441//1306
f 1441//1306 1440//1306 1603//1306
f 1603//1306 1440//1306 1439//1306
f 1603//1306 1439//1306 1520//1306
f 1520//1306 1439//1306 1438//1306
f 1438//1306 1437//1306 1520//1306
f 1520//1306 1437//1306 1436//1306
f 1520//1306 1436//1306 1519//1306
f 1519//1306 1436//1306 1435//1306
f 1519//1306 1435//1306 1434//1306
f 1426//1306 1425//1306 1520//1306
f 1520//1306 1425//1306 1525//1306
f 1520//1306 1525//1306 1603//1306
f 1603//1306 1525//1306 1605//1306
f 1603//1306 1605//1306 1471//1306
f 1471//1306 1605//1306 1472//1306
f 1498//1306 1605//1306 1487//1306
f 1487//1306 1605//1306 1525//1306
f 1487//1306 1525//1306 1488//1306
f 1488//1306 1525//1306 1489//1306
f 1498//1306 1497//1306 1605//1306
f 1605//1306 1497//1306 1496//1306
f 1605//1306 1496//1306 1604//1306
f 1604//1306 1496//1306 1495//1306
f 1495//1306 1494//1306 1604//1306
f 1604//1306 1494//1306 1493//1306
f 1604//1306 1493//1306 1526//1306
f 1493//1306 1492//1306 1526//1306
f 1526//1306 1492//1306 1491//1306
f 1526//1306 1491//1306 1525//1306
f 1525//1306 1491//1306 1490//1306
f 1525//1306 1490//1306 1489//1306
f 1565//1306 1606//1306 1522//1306
f 1522//1306 1606//1306 1607//1306
f 1522//1306 1607//1306 1526//1306
f 1526//1306 1607//1306 1608//1306
f 1526//1306 1608//1306 1604//1306
f 1604//1306 1608//1306 1609//1306
f 1604//1306 1609//1306 1598//1306
f 1598//1306 1609//1306 1610//1306
f 1598//1306 1610//1306 1597//1306
f 1597//1306 1610//1306 1611//1306
f 1597//1306 1611//1306 1555//1306
f 1555//1306 1611//1306 1612//1306
f 1555//1306 1612//1306 1558//1306
f 1356//1306 1529//1306 1357//1306
f 1357//1306 1529//1306 1594//1306
f 1357//1306 1594//1306 1358//1306
f 1358//1306 1594//1306 1359//1306
f 1356//1306 1355//1306 1529//1306
f 1529//1306 1355//1306 1450//1306
f 1529//1306 1450//1306 1543//1306
f 1543//1306 1450//1306 1449//1306
f 1543//1306 1449//1306 1354//1306
f 1359//1306 1594//1306 1360//1306
f 1360//1306 1594//1306 1601//1306
f 1360//1306 1601//1306 1361//1306
f 1354//1306 1353//1306 1543//1306
f 1543//1306 1353//1306 1352//1306
f 1543//1306 1352//1306 1601//1306
f 1601//1306 1352//1306 1351//1306
f 1601//1306 1351//1306 1350//1306
f 1350//1306 1349//1306 1601//1306
f 1601//1306 1349//1306 1348//1306
f 1601//1306 1348//1306 1347//1306
f 1347//1306 1452//1306 1601//1306
f 1601//1306 1452//1306 1451//1306
f 1601//1306 1451//1306 1361//1306
f 1462//1306 1461//1306 1601//1306
f 1601//1306 1461//1306 1597//1306
f 1601//1306 1597//1306 1543//1306
f 1543//1306 1597//1306 1555//1306
f 1543//1306 1555//1306 1548//1306
f 1548//1306 1555//1306 1557//1306
f 1506//1353 1613//1353 1614//1353
f 1614//1353 1613//1353 1615//1353
f 1616//1353 1501//1353 1502//1353
f 1509//1353 1617//1353 1508//1353
f 1508//1353 1617//1353 1618//1353
f 1619//1353 1620//1353 1621//1353
f 1509//1353 1510//1353 1617//1353
f 1617//1353 1510//1353 1499//1353
f 1617//1353 1499//1353 1616//1353
f 1616//1353 1499//1353 1500//1353
f 1616//1353 1500//1353 1501//1353
f 1622//1353 1623//1353 1621//1353
f 1615//1353 1624//1353 1625//1353
f 1618//1353 1626//1353 1508//1353
f 1508//1353 1626//1353 1627//1353
f 1508//1353 1627//1353 1628//1353
f 1629//1353 1630//1353 1508//1353
f 1508//1353 1630//1353 1631//1353
f 1632//1353 1633//1353 1613//1353
f 1617//1353 1634//1353 1618//1353
f 1618//1353 1634//1353 1635//1353
f 1618//1353 1635//1353 1636//1353
f 1620//1353 1637//1353 1621//1353
f 1621//1353 1637//1353 1638//1353
f 1621//1353 1638//1353 1639//1353
f 1631//1353 1632//1353 1508//1353
f 1508//1353 1632//1353 1613//1353
f 1508//1353 1613//1353 1507//1353
f 1507//1353 1613//1353 1506//1353
f 1640//1353 1641//1353 1642//1353
f 1642//1353 1641//1353 1643//1353
f 1636//1353 1644//1353 1618//1353
f 1618//1353 1644//1353 1641//1353
f 1618//1353 1641//1353 1645//1353
f 1645//1353 1641//1353 1640//1353
f 1628//1353 1646//1353 1508//1353
f 1508//1353 1646//1353 1647//1353
f 1508//1353 1647//1353 1629//1353
f 1648//1353 1649//1353 1650//1353
f 1650//1353 1649//1353 1651//1353
f 1641//1353 1652//1353 1643//1353
f 1643//1353 1652//1353 1649//1353
f 1643//1353 1649//1353 1653//1353
f 1653//1353 1649//1353 1648//1353
f 1654//1353 1655//1353 1656//1353
f 1656//1353 1655//1353 1657//1353
f 1656//1353 1657//1353 1658//1353
f 1623//1353 1659//1353 1621//1353
f 1621//1353 1659//1353 1660//1353
f 1621//1353 1660//1353 1619//1353
f 1639//1353 1616//1353 1621//1353
f 1621//1353 1616//1353 1502//1353
f 1621//1353 1502//1353 1625//1353
f 1625//1353 1502//1353 1503//1353
f 1625//1353 1503//1353 1615//1353
f 1615//1353 1503//1353 1504//1353
f 1615//1353 1504//1353 1614//1353
f 1661//1353 1662//1353 1663//1353
f 1663//1353 1662//1353 1664//1353
f 1664//1353 1662//1353 1624//1353
f 1624//1353 1662//1353 1665//1353
f 1624//1353 1665//1353 1666//1353
f 1622//1353 1621//1353 1656//1353
f 1656//1353 1621//1353 1667//1353
f 1656//1353 1667//1353 1654//1353
f 1666//1353 1668//1353 1624//1353
f 1624//1353 1668//1353 1669//1353
f 1624//1353 1669//1353 1625//1353
f 1670//1408 1671//1408 1672//1408
f 1672//1408 1671//1408 1673//1408
f 1672//1408 1673//1408 1674//1408
f 1675//1408 1676//1408 1672//1408
f 1672//1408 1676//1408 1677//1408
f 1672//1408 1677//1408 1670//1408
f 1678//1408 1679//1408 1672//1408
f 1672//1408 1679//1408 1680//1408
f 1672//1408 1680//1408 1675//1408
f 1674//1408 1681//1408 1672//1408
f 1672//1408 1681//1408 1682//1408
f 1672//1408 1682//1408 1678//1408
f 1683//1408 1684//1408 1685//1408
f 1685//1408 1684//1408 1686//1408
f 1685//1408 1686//1408 1687//1408
f 1688//1408 1689//1408 1685//1408
f 1685//1408 1689//1408 1690//1408
f 1685//1408 1690//1408 1683//1408
f 1691//1408 1692//1408 1685//1408
f 1685//1408 1692//1408 1693//1408
f 1685//1408 1693//1408 1688//1408
f 1687//1408 1694//1408 1685//1408
f 1685//1408 1694//1408 1695//1408
f 1685//1408 1695//1408 1691//1408
f 1513//1409 1696//1409 1511//1409
f 1511//1409 1696//1409 1697//1409
f 1511//1410 1697//1410 1512//1410
f 1512//1410 1697//1410 1698//1410
f 1512//1353 1698//1353 1514//1353
f 1514//1353 1698//1353 1699//1353
f 1514//1411 1699//1411 1513//1411
f 1513//1411 1699//1411 1696//1411
f 1517//1412 1700//1412 1515//1412
f 1515//1412 1700//1412 1701//1412
f 1515//1306 1701//1306 1516//1306
f 1516//1306 1701//1306 1702//1306
f 1516//1413 1702//1413 1518//1413
f 1518//1413 1702//1413 1703//1413
f 1518//1353 1703//1353 1517//1353
f 1517//1353 1703//1353 1700//1353
f 1704//1414 1705//1414 1706//1414
f 1572//1415 1571//1415 1707//1415
f 1708//1416 1709//1416 1710//1416
f 1710//1417 1709//1417 1711//1417
f 1712//1418 1713//1418 1714//1418
f 1580//1419 1713//1419 1581//1419
f 1581//1420 1713//1420 1712//1420
f 1581//1421 1712//1421 1582//1421
f 1582//1422 1712//1422 1715//1422
f 1716//1423 1584//1423 1715//1423
f 1715//1424 1584//1424 1583//1424
f 1715//1424 1583//1424 1582//1424
f 1589//1425 1587//1425 1717//1425
f 1717//1425 1587//1425 1590//1425
f 1717//1426 1590//1426 1716//1426
f 1716//1427 1590//1427 1585//1427
f 1716//1427 1585//1427 1584//1427
f 1589//1425 1717//1425 1588//1425
f 1588//1428 1717//1428 1718//1428
f 1588//1429 1718//1429 1586//1429
f 1586//1429 1718//1429 1591//1429
f 1591//1430 1718//1430 1719//1430
f 1591//1431 1719//1431 1574//1431
f 1579//1432 1576//1432 1720//1432
f 1720//1432 1576//1432 1575//1432
f 1720//1433 1575//1433 1719//1433
f 1719//1434 1575//1434 1577//1434
f 1719//1431 1577//1431 1574//1431
f 1721//1435 1567//1435 1566//1435
f 1721//1436 1566//1436 1720//1436
f 1720//1437 1566//1437 1578//1437
f 1720//1437 1578//1437 1579//1437
f 1567//1435 1721//1435 1568//1435
f 1568//1438 1721//1438 1722//1438
f 1568//1439 1722//1439 1569//1439
f 1707//1440 1571//1440 1722//1440
f 1722//1439 1571//1439 1570//1439
f 1722//1439 1570//1439 1569//1439
f 1723//1441 1562//1441 1561//1441
f 1723//1442 1561//1442 1707//1442
f 1707//1443 1561//1443 1573//1443
f 1707//1443 1573//1443 1572//1443
f 1562//1441 1723//1441 1563//1441
f 1563//1444 1723//1444 1706//1444
f 1563//1445 1706//1445 1564//1445
f 1705//1446 1606//1446 1706//1446
f 1706//1445 1606//1445 1565//1445
f 1706//1445 1565//1445 1564//1445
f 1724//1447 1725//1447 1726//1447
f 1726//1448 1725//1448 1704//1448
f 1727//1449 1724//1449 1728//1449
f 1728//1450 1724//1450 1726//1450
f 1728//1451 1726//1451 1729//1451
f 1729//1452 1726//1452 1730//1452
f 1731//1453 1732//1453 1730//1453
f 1730//1454 1732//1454 1733//1454
f 1730//1455 1733//1455 1729//1455
f 1734//1456 1735//1456 1731//1456
f 1731//1457 1735//1457 1736//1457
f 1731//1458 1736//1458 1732//1458
f 1737//1459 1738//1459 1734//1459
f 1734//1460 1738//1460 1739//1460
f 1734//1461 1739//1461 1735//1461
f 1740//1462 1741//1462 1737//1462
f 1737//1463 1741//1463 1742//1463
f 1737//1464 1742//1464 1738//1464
f 1743//1465 1744//1465 1740//1465
f 1740//1466 1744//1466 1745//1466
f 1740//1467 1745//1467 1741//1467
f 1746//1468 1747//1468 1743//1468
f 1743//1469 1747//1469 1748//1469
f 1743//1470 1748//1470 1744//1470
f 1749//1471 1750//1471 1746//1471
f 1746//1472 1750//1472 1751//1472
f 1746//1473 1751//1473 1747//1473
f 1752//1474 1753//1474 1749//1474
f 1749//1475 1753//1475 1754//1475
f 1749//1476 1754//1476 1750//1476
f 1755//1477 1756//1477 1752//1477
f 1752//1478 1756//1478 1757//1478
f 1752//1479 1757//1479 1753//1479
f 1711//1480 1758//1480 1710//1480
f 1710//1481 1758//1481 1759//1481
f 1710//1482 1759//1482 1755//1482
f 1755//1483 1759//1483 1760//1483
f 1755//1484 1760//1484 1756//1484
f 1704//1485 1706//1485 1726//1485
f 1726//1486 1706//1486 1723//1486
f 1726//1487 1723//1487 1730//1487
f 1730//1488 1723//1488 1707//1488
f 1730//1489 1707//1489 1731//1489
f 1731//1490 1707//1490 1722//1490
f 1731//1491 1722//1491 1734//1491
f 1734//1492 1722//1492 1721//1492
f 1734//1493 1721//1493 1737//1493
f 1737//1494 1721//1494 1720//1494
f 1737//1495 1720//1495 1740//1495
f 1740//1496 1720//1496 1719//1496
f 1740//1497 1719//1497 1743//1497
f 1743//1498 1719//1498 1718//1498
f 1743//1499 1718//1499 1746//1499
f 1746//1500 1718//1500 1717//1500
f 1746//1501 1717//1501 1749//1501
f 1749//1502 1717//1502 1716//1502
f 1749//1503 1716//1503 1752//1503
f 1752//1504 1716//1504 1715//1504
f 1752//1505 1715//1505 1755//1505
f 1755//1506 1715//1506 1712//1506
f 1755//1507 1712//1507 1710//1507
f 1710//1508 1712//1508 1714//1508
f 1710//1509 1714//1509 1708//1509
f 1761//1510 1711//1510 1762//1510
f 1762//1511 1711//1511 1709//1511
f 1762//1512 1709//1512 1763//1512
f 1763//1513 1709//1513 1708//1513
f 1763//1514 1708//1514 1764//1514
f 1713//1515 1580//1515 1521//1515
f 1713//1516 1521//1516 1714//1516
f 1714//1517 1521//1517 1519//1517
f 1714//1517 1519//1517 1602//1517
f 1595//1518 1593//1518 1765//1518
f 1708//1519 1714//1519 1764//1519
f 1764//1520 1714//1520 1602//1520
f 1764//1521 1602//1521 1765//1521
f 1765//1518 1602//1518 1596//1518
f 1765//1518 1596//1518 1595//1518
f 1764//1522 1765//1522 1766//1522
f 1767//1523 1768//1523 1769//1523
f 1769//1524 1768//1524 1770//1524
f 1771//1525 1772//1525 1773//1525
f 1773//1526 1772//1526 1558//1526
f 1773//1527 1558//1527 1612//1527
f 1557//1528 1556//1528 1774//1528
f 1774//1529 1556//1529 1560//1529
f 1774//1530 1560//1530 1772//1530
f 1772//1531 1560//1531 1559//1531
f 1772//1532 1559//1532 1558//1532
f 1557//1533 1774//1533 1548//1533
f 1548//1534 1774//1534 1775//1534
f 1548//1535 1775//1535 1549//1535
f 1553//1536 1552//1536 1776//1536
f 1776//1536 1552//1536 1551//1536
f 1776//1537 1551//1537 1775//1537
f 1775//1538 1551//1538 1550//1538
f 1775//1538 1550//1538 1549//1538
f 1553//1536 1776//1536 1554//1536
f 1554//1539 1776//1539 1777//1539
f 1554//1540 1777//1540 1545//1540
f 1545//1540 1777//1540 1546//1540
f 1546//1541 1777//1541 1778//1541
f 1546//1542 1778//1542 1547//1542
f 1540//1543 1539//1543 1779//1543
f 1779//1543 1539//1543 1542//1543
f 1779//1544 1542//1544 1778//1544
f 1778//1545 1542//1545 1544//1545
f 1778//1542 1544//1542 1547//1542
f 1780//1546 1534//1546 1533//1546
f 1780//1547 1533//1547 1779//1547
f 1779//1548 1533//1548 1541//1548
f 1779//1548 1541//1548 1540//1548
f 1534//1546 1780//1546 1535//1546
f 1535//1549 1780//1549 1781//1549
f 1535//1550 1781//1550 1536//1550
f 1782//1551 1527//1551 1783//1551
f 1783//1552 1527//1552 1538//1552
f 1783//1553 1538//1553 1781//1553
f 1781//1550 1538//1550 1537//1550
f 1781//1550 1537//1550 1536//1550
f 1532//1554 1531//1554 1766//1554
f 1766//1554 1531//1554 1530//1554
f 1766//1555 1530//1555 1782//1555
f 1782//1556 1530//1556 1528//1556
f 1782//1556 1528//1556 1527//1556
f 1765//1557 1593//1557 1766//1557
f 1766//1558 1593//1558 1592//1558
f 1766//1558 1592//1558 1532//1558
f 1762//1559 1763//1559 1784//1559
f 1784//1560 1763//1560 1764//1560
f 1761//1561 1762//1561 1785//1561
f 1785//1562 1762//1562 1784//1562
f 1785//1563 1784//1563 1786//1563
f 1786//1564 1784//1564 1787//1564
f 1788//1565 1789//1565 1787//1565
f 1787//1566 1789//1566 1790//1566
f 1787//1567 1790//1567 1786//1567
f 1791//1568 1792//1568 1788//1568
f 1788//1569 1792//1569 1793//1569
f 1788//1570 1793//1570 1789//1570
f 1794//1571 1795//1571 1791//1571
f 1791//1572 1795//1572 1796//1572
f 1791//1573 1796//1573 1792//1573
f 1797//1574 1798//1574 1794//1574
f 1794//1575 1798//1575 1799//1575
f 1794//1576 1799//1576 1795//1576
f 1800//1577 1801//1577 1797//1577
f 1797//1578 1801//1578 1802//1578
f 1797//1579 1802//1579 1798//1579
f 1803//1580 1804//1580 1800//1580
f 1800//1581 1804//1581 1805//1581
f 1800//1582 1805//1582 1801//1582
f 1806//1583 1807//1583 1803//1583
f 1803//1584 1807//1584 1808//1584
f 1803//1585 1808//1585 1804//1585
f 1809//1586 1810//1586 1806//1586
f 1806//1587 1810//1587 1811//1587
f 1806//1588 1811//1588 1807//1588
f 1812//1589 1813//1589 1809//1589
f 1809//1590 1813//1590 1814//1590
f 1809//1591 1814//1591 1810//1591
f 1770//1592 1815//1592 1769//1592
f 1769//1593 1815//1593 1816//1593
f 1769//1594 1816//1594 1812//1594
f 1812//1595 1816//1595 1817//1595
f 1812//1596 1817//1596 1813//1596
f 1764//1597 1766//1597 1784//1597
f 1784//1598 1766//1598 1782//1598
f 1784//1599 1782//1599 1787//1599
f 1787//1600 1782//1600 1783//1600
f 1787//1601 1783//1601 1788//1601
f 1788//1602 1783//1602 1781//1602
f 1788//1603 1781//1603 1791//1603
f 1791//1604 1781//1604 1780//1604
f 1791//1605 1780//1605 1794//1605
f 1794//1606 1780//1606 1779//1606
f 1794//1607 1779//1607 1797//1607
f 1797//1608 1779//1608 1778//1608
f 1797//1609 1778//1609 1800//1609
f 1800//1610 1778//1610 1777//1610
f 1800//1611 1777//1611 1803//1611
f 1803//1612 1777//1612 1776//1612
f 1803//1613 1776//1613 1806//1613
f 1806//1614 1776//1614 1775//1614
f 1806//1615 1775//1615 1809//1615
f 1809//1616 1775//1616 1774//1616
f 1809//1617 1774//1617 1812//1617
f 1812//1618 1774//1618 1772//1618
f 1812//1619 1772//1619 1769//1619
f 1769//1620 1772//1620 1771//1620
f 1769//1621 1771//1621 1767//1621
f 1727//1622 1770//1622 1724//1622
f 1724//1623 1770//1623 1768//1623
f 1724//1624 1768//1624 1725//1624
f 1725//1625 1768//1625 1767//1625
f 1725//1626 1767//1626 1704//1626
f 1704//1627 1767//1627 1771//1627
f 1612//1628 1611//1628 1773//1628
f 1773//1629 1611//1629 1771//1629
f 1611//1630 1610//1630 1771//1630
f 1771//1630 1610//1630 1609//1630
f 1771//1631 1609//1631 1704//1631
f 1704//1632 1609//1632 1608//1632
f 1704//1633 1608//1633 1705//1633
f 1705//1634 1608//1634 1607//1634
f 1705//1634 1607//1634 1606//1634
f 1818//1635 1819//1635 1820//1635
f 1820//1636 1819//1636 1821//1636
f 1820//1637 1821//1637 1822//1637
f 1822//1638 1821//1638 1823//1638
f 1822//1639 1823//1639 1824//1639
f 1824//1640 1823//1640 1825//1640
f 1824//1641 1825//1641 1826//1641
f 1826//1642 1825//1642 1827//1642
f 1826//1643 1827//1643 1613//1643
f 1613//1644 1827//1644 1615//1644
f 1828//1645 1829//1645 1830//1645
f 1831//1646 1821//1646 1819//1646
f 1827//1647 1825//1647 1832//1647
f 1832//1648 1825//1648 1823//1648
f 1615//1649 1827//1649 1624//1649
f 1624//1650 1827//1650 1832//1650
f 1624//1651 1832//1651 1664//1651
f 1664//1652 1832//1652 1833//1652
f 1834//1653 1661//1653 1833//1653
f 1833//1654 1661//1654 1663//1654
f 1833//1654 1663//1654 1664//1654
f 1668//1655 1666//1655 1835//1655
f 1835//1655 1666//1655 1665//1655
f 1835//1656 1665//1656 1834//1656
f 1834//1657 1665//1657 1662//1657
f 1834//1657 1662//1657 1661//1657
f 1668//1655 1835//1655 1669//1655
f 1669//1658 1835//1658 1836//1658
f 1669//1659 1836//1659 1625//1659
f 1625//1659 1836//1659 1621//1659
f 1621//1660 1836//1660 1837//1660
f 1621//1661 1837//1661 1667//1661
f 1667//1661 1837//1661 1654//1661
f 1654//1662 1837//1662 1838//1662
f 1654//1663 1838//1663 1655//1663
f 1839//1664 1658//1664 1838//1664
f 1838//1663 1658//1663 1657//1663
f 1838//1663 1657//1663 1655//1663
f 1659//1665 1623//1665 1840//1665
f 1840//1665 1623//1665 1622//1665
f 1840//1666 1622//1666 1839//1666
f 1839//1667 1622//1667 1656//1667
f 1839//1667 1656//1667 1658//1667
f 1659//1665 1840//1665 1660//1665
f 1660//1668 1840//1668 1841//1668
f 1660//1669 1841//1669 1619//1669
f 1619//1670 1841//1670 1842//1670
f 1619//1671 1842//1671 1620//1671
f 1620//1671 1842//1671 1637//1671
f 1637//1672 1842//1672 1830//1672
f 1637//1673 1830//1673 1638//1673
f 1829//1674 1616//1674 1830//1674
f 1830//1673 1616//1673 1639//1673
f 1830//1673 1639//1673 1638//1673
f 1843//1675 1844//1675 1845//1675
f 1845//1676 1844//1676 1828//1676
f 1846//1677 1843//1677 1847//1677
f 1847//1678 1843//1678 1845//1678
f 1847//1679 1845//1679 1848//1679
f 1848//1680 1845//1680 1849//1680
f 1850//1681 1851//1681 1849//1681
f 1849//1682 1851//1682 1852//1682
f 1849//1683 1852//1683 1848//1683
f 1853//1684 1854//1684 1850//1684
f 1850//1685 1854//1685 1855//1685
f 1850//1686 1855//1686 1851//1686
f 1856//1687 1857//1687 1853//1687
f 1853//1688 1857//1688 1858//1688
f 1853//1689 1858//1689 1854//1689
f 1859//1690 1860//1690 1856//1690
f 1856//1691 1860//1691 1861//1691
f 1856//1692 1861//1692 1857//1692
f 1862//1693 1863//1693 1859//1693
f 1859//1694 1863//1694 1864//1694
f 1859//1695 1864//1695 1860//1695
f 1865//1696 1866//1696 1862//1696
f 1862//1697 1866//1697 1867//1697
f 1862//1698 1867//1698 1863//1698
f 1868//1699 1869//1699 1865//1699
f 1865//1700 1869//1700 1870//1700
f 1865//1701 1870//1701 1866//1701
f 1871//1702 1872//1702 1868//1702
f 1868//1703 1872//1703 1873//1703
f 1868//1704 1873//1704 1869//1704
f 1874//1705 1875//1705 1871//1705
f 1871//1706 1875//1706 1876//1706
f 1871//1707 1876//1707 1872//1707
f 1819//1708 1877//1708 1831//1708
f 1831//1709 1877//1709 1878//1709
f 1831//1710 1878//1710 1874//1710
f 1874//1711 1878//1711 1879//1711
f 1874//1712 1879//1712 1875//1712
f 1828//1713 1830//1713 1845//1713
f 1845//1714 1830//1714 1842//1714
f 1845//1715 1842//1715 1849//1715
f 1849//1716 1842//1716 1841//1716
f 1849//1717 1841//1717 1850//1717
f 1850//1718 1841//1718 1840//1718
f 1850//1719 1840//1719 1853//1719
f 1853//1720 1840//1720 1839//1720
f 1853//1721 1839//1721 1856//1721
f 1856//1722 1839//1722 1838//1722
f 1856//1723 1838//1723 1859//1723
f 1859//1724 1838//1724 1837//1724
f 1859//1725 1837//1725 1862//1725
f 1862//1726 1837//1726 1836//1726
f 1862//1727 1836//1727 1865//1727
f 1865//1728 1836//1728 1835//1728
f 1865//1729 1835//1729 1868//1729
f 1868//1730 1835//1730 1834//1730
f 1868//1731 1834//1731 1871//1731
f 1871//1732 1834//1732 1833//1732
f 1871//1733 1833//1733 1874//1733
f 1874//1734 1833//1734 1832//1734
f 1874//1735 1832//1735 1831//1735
f 1831//1736 1832//1736 1823//1736
f 1831//1737 1823//1737 1821//1737
f 1846//1738 1880//1738 1843//1738
f 1843//1739 1880//1739 1881//1739
f 1843//1740 1881//1740 1844//1740
f 1844//1741 1881//1741 1882//1741
f 1844//1742 1882//1742 1828//1742
f 1828//1743 1882//1743 1883//1743
f 1828//1744 1883//1744 1829//1744
f 1829//1745 1883//1745 1884//1745
f 1829//1746 1884//1746 1616//1746
f 1616//1747 1884//1747 1617//1747
f 1824//1748 1826//1748 1885//1748
f 1882//1749 1881//1749 1886//1749
f 1886//1750 1881//1750 1880//1750
f 1887//1751 1884//1751 1883//1751
f 1617//1752 1884//1752 1634//1752
f 1634//1753 1884//1753 1887//1753
f 1634//1754 1887//1754 1635//1754
f 1635//1755 1887//1755 1888//1755
f 1889//1756 1644//1756 1888//1756
f 1888//1757 1644//1757 1636//1757
f 1888//1757 1636//1757 1635//1757
f 1651//1758 1649//1758 1890//1758
f 1890//1758 1649//1758 1652//1758
f 1890//1759 1652//1759 1889//1759
f 1889//1760 1652//1760 1641//1760
f 1889//1760 1641//1760 1644//1760
f 1651//1758 1890//1758 1650//1758
f 1650//1761 1890//1761 1891//1761
f 1650//1762 1891//1762 1648//1762
f 1648//1762 1891//1762 1653//1762
f 1653//1763 1891//1763 1892//1763
f 1653//1764 1892//1764 1643//1764
f 1643//1764 1892//1764 1642//1764
f 1642//1765 1892//1765 1893//1765
f 1642//1766 1893//1766 1640//1766
f 1894//1767 1618//1767 1893//1767
f 1893//1766 1618//1766 1645//1766
f 1893//1766 1645//1766 1640//1766
f 1646//1768 1628//1768 1895//1768
f 1895//1768 1628//1768 1627//1768
f 1895//1769 1627//1769 1894//1769
f 1894//1770 1627//1770 1626//1770
f 1894//1770 1626//1770 1618//1770
f 1646//1768 1895//1768 1647//1768
f 1647//1771 1895//1771 1896//1771
f 1647//1772 1896//1772 1629//1772
f 1629//1773 1896//1773 1897//1773
f 1629//1774 1897//1774 1630//1774
f 1630//1774 1897//1774 1631//1774
f 1631//1775 1897//1775 1885//1775
f 1631//1776 1885//1776 1632//1776
f 1826//1777 1613//1777 1885//1777
f 1885//1776 1613//1776 1633//1776
f 1885//1776 1633//1776 1632//1776
f 1820//1778 1822//1778 1898//1778
f 1898//1779 1822//1779 1824//1779
f 1818//1780 1820//1780 1899//1780
f 1899//1781 1820//1781 1898//1781
f 1899//1782 1898//1782 1900//1782
f 1900//1783 1898//1783 1901//1783
f 1902//1784 1903//1784 1901//1784
f 1901//1785 1903//1785 1904//1785
f 1901//1786 1904//1786 1900//1786
f 1905//1787 1906//1787 1902//1787
f 1902//1788 1906//1788 1907//1788
f 1902//1789 1907//1789 1903//1789
f 1908//1790 1909//1790 1905//1790
f 1905//1791 1909//1791 1910//1791
f 1905//1792 1910//1792 1906//1792
f 1911//1793 1912//1793 1908//1793
f 1908//1794 1912//1794 1913//1794
f 1908//1795 1913//1795 1909//1795
f 1914//1796 1915//1796 1911//1796
f 1911//1797 1915//1797 1916//1797
f 1911//1798 1916//1798 1912//1798
f 1917//1799 1918//1799 1914//1799
f 1914//1800 1918//1800 1919//1800
f 1914//1801 1919//1801 1915//1801
f 1920//1802 1921//1802 1917//1802
f 1917//1803 1921//1803 1922//1803
f 1917//1804 1922//1804 1918//1804
f 1923//1805 1924//1805 1920//1805
f 1920//1806 1924//1806 1925//1806
f 1920//1807 1925//1807 1921//1807
f 1926//1808 1927//1808 1923//1808
f 1923//1809 1927//1809 1928//1809
f 1923//1810 1928//1810 1924//1810
f 1880//1811 1929//1811 1886//1811
f 1886//1812 1929//1812 1930//1812
f 1886//1813 1930//1813 1926//1813
f 1926//1814 1930//1814 1931//1814
f 1926//1815 1931//1815 1927//1815
f 1824//1816 1885//1816 1898//1816
f 1898//1817 1885//1817 1897//1817
f 1898//1818 1897//1818 1901//1818
f 1901//1819 1897//1819 1896//1819
f 1901//1820 1896//1820 1902//1820
f 1902//1821 1896//1821 1895//1821
f 1902//1822 1895//1822 1905//1822
f 1905//1823 1895//1823 1894//1823
f 1905//1824 1894//1824 1908//1824
f 1908//1825 1894//1825 1893//1825
f 1908//1826 1893//1826 1911//1826
f 1911//1827 1893//1827 1892//1827
f 1911//1828 1892//1828 1914//1828
f 1914//1829 1892//1829 1891//1829
f 1914//1830 1891//1830 1917//1830
f 1917//1831 1891//1831 1890//1831
f 1917//1832 1890//1832 1920//1832
f 1920//1833 1890//1833 1889//1833
f 1920//1834 1889//1834 1923//1834
f 1923//1835 1889//1835 1888//1835
f 1923//1836 1888//1836 1926//1836
f 1926//1837 1888//1837 1887//1837
f 1926//1838 1887//1838 1886//1838
f 1886//1839 1887//1839 1883//1839
f 1886//1840 1883//1840 1882//1840
f 1673//1841 1932//1841 1674//1841
f 1674//1842 1932//1842 1933//1842
f 1674//1843 1933//1843 1681//1843
f 1681//1844 1933//1844 1934//1844
f 1681//1845 1934//1845 1682//1845
f 1682//1846 1934//1846 1935//1846
f 1682//1847 1935//1847 1678//1847
f 1678//1848 1935//1848 1936//1848
f 1678//1849 1936//1849 1679//1849
f 1679//1850 1936//1850 1937//1850
f 1679//1851 1937//1851 1680//1851
f 1680//1852 1937//1852 1938//1852
f 1680//1853 1938//1853 1675//1853
f 1675//1854 1938//1854 1939//1854
f 1675//1855 1939//1855 1676//1855
f 1676//1856 1939//1856 1940//1856
f 1676//1857 1940//1857 1677//1857
f 1677//1858 1940//1858 1941//1858
f 1677//1859 1941//1859 1670//1859
f 1670//1860 1941//1860 1942//1860
f 1670//1861 1942//1861 1671//1861
f 1671//1862 1942//1862 1943//1862
f 1671//1863 1943//1863 1673//1863
f 1673//1864 1943//1864 1932//1864
f 1944//1412 1945//1412 1946//1412
f 1946//1412 1945//1412 1947//1412
f 1948//1865 1949//1865 1950//1865
f 1950//1865 1949//1865 1951//1865
f 1950//1865 1951//1865 1952//1865
f 1953//1865 1954//1865 1955//1865
f 1951//1865 1956//1865 1952//1865
f 1952//1865 1956//1865 1953//1865
f 1952//1865 1953//1865 1957//1865
f 1957//1865 1953//1865 1955//1865
f 1958//1866 1959//1866 1960//1866
f 1961//1866 1962//1866 1963//1866
f 1963//1866 1962//1866 1964//1866
f 1963//1866 1964//1866 1965//1866
f 1965//1866 1964//1866 1966//1866
f 1965//1866 1966//1866 1960//1866
f 1960//1866 1966//1866 1967//1866
f 1960//1866 1967//1866 1958//1866
f 1686//1841 1968//1841 1687//1841
f 1687//1842 1968//1842 1969//1842
f 1687//1843 1969//1843 1694//1843
f 1694//1844 1969//1844 1970//1844
f 1694//1845 1970//1845 1695//1845
f 1695//1846 1970//1846 1971//1846
f 1695//1847 1971//1847 1691//1847
f 1691//1848 1971//1848 1972//1848
f 1691//1849 1972//1849 1692//1849
f 1692//1850 1972//1850 1973//1850
f 1692//1851 1973//1851 1693//1851
f 1693//1852 1973//1852 1974//1852
f 1693//1853 1974//1853 1688//1853
f 1688//1854 1974//1854 1975//1854
f 1688//1855 1975//1855 1689//1855
f 1689//1856 1975//1856 1976//1856
f 1689//1857 1976//1857 1690//1857
f 1690//1858 1976//1858 1977//1858
f 1690//1859 1977//1859 1683//1859
f 1683//1860 1977//1860 1978//1860
f 1683//1861 1978//1861 1684//1861
f 1684//1862 1978//1862 1979//1862
f 1684//1863 1979//1863 1686//1863
f 1686//1864 1979//1864 1968//1864
f 1980//1410 1981//1410 1982//1410
f 1982//1410 1981//1410 1983//1410
f 1984//1866 1985//1866 1986//1866
f 1986//1866 1985//1866 1987//1866
f 1986//1866 1987//1866 1988//1866
f 1989//1866 1990//1866 1991//1866
f 1987//1866 1992//1866 1988//1866
f 1988//1866 1992//1866 1989//1866
f 1988//1866 1989//1866 1993//1866
f 1993//1866 1989//1866 1991//1866
f 1994//1865 1995//1865 1996//1865
f 1997//1865 1998//1865 1999//1865
f 1999//1865 1998//1865 2000//1865
f 1999//1865 2000//1865 2001//1865
f 2001//1865 2000//1865 2002//1865
f 2001//1865 2002//1865 1996//1865
f 1996//1865 2002//1865 2003//1865
f 1996//1865 2003//1865 1994//1865
f 1999//1408 2001//1408 1947//1408
f 1981//1408 1988//1408 1993//1408
f 1698//1408 1957//1408 1699//1408
f 1699//1408 1957//1408 1963//1408
f 1963//1408 1965//1408 1983//1408
f 1952//1408 1957//1408 1945//1408
f 1945//1408 1957//1408 1698//1408
f 1945//1408 1698//1408 1947//1408
f 1947//1408 1698//1408 1697//1408
f 1947//1408 1697//1408 1999//1408
f 1999//1408 1697//1408 1696//1408
f 1701//1408 1999//1408 1702//1408
f 1702//1408 1999//1408 1696//1408
f 1702//1408 1696//1408 1703//1408
f 1993//1408 1999//1408 1981//1408
f 1981//1408 1999//1408 1701//1408
f 1981//1408 1701//1408 1983//1408
f 1983//1408 1701//1408 1700//1408
f 1983//1408 1700//1408 1963//1408
f 1963//1408 1700//1408 1703//1408
f 1963//1408 1703//1408 1699//1408
f 1699//1408 1703//1408 1696//1408
f 1757//1867 1756//1867 2004//1867
f 2004//1868 1756//1868 1760//1868
f 2004//1869 1760//1869 2005//1869
f 2005//1870 1760//1870 1759//1870
f 2005//1871 1759//1871 1758//1871
f 1751//1872 1750//1872 2006//1872
f 2006//1873 1750//1873 1754//1873
f 2006//1874 1754//1874 2007//1874
f 2007//1875 1754//1875 1753//1875
f 1745//1876 1744//1876 2008//1876
f 2008//1877 1744//1877 1748//1877
f 2008//1878 1748//1878 2009//1878
f 2009//1879 1748//1879 1747//1879
f 1741//1880 2010//1880 1742//1880
f 1742//1881 2010//1881 2011//1881
f 1742//1882 2011//1882 1738//1882
f 1738//1883 2011//1883 1739//1883
f 1735//1884 2012//1884 1736//1884
f 1736//1885 2012//1885 2013//1885
f 1736//1886 2013//1886 1732//1886
f 1732//1887 2013//1887 1733//1887
f 1729//1888 2014//1888 1728//1888
f 1728//1889 2014//1889 2015//1889
f 1728//1890 2015//1890 1727//1890
f 1711//1891 2016//1891 1758//1891
f 1758//1892 2016//1892 2017//1892
f 1758//1893 2017//1893 2005//1893
f 2005//1894 2017//1894 2018//1894
f 2019//1895 2004//1895 2020//1895
f 2020//1896 2004//1896 2005//1896
f 2020//1897 2005//1897 2021//1897
f 2021//1898 2005//1898 2018//1898
f 2021//1899 2018//1899 2022//1899
f 2019//1900 2023//1900 2004//1900
f 2004//1901 2023//1901 2007//1901
f 2004//1902 2007//1902 1757//1902
f 1757//1903 2007//1903 1753//1903
f 2023//1904 2024//1904 2007//1904
f 2007//1905 2024//1905 2025//1905
f 2007//1906 2025//1906 2006//1906
f 2006//1907 2025//1907 2026//1907
f 2026//1908 2027//1908 2006//1908
f 2006//1909 2027//1909 2009//1909
f 2006//1910 2009//1910 1751//1910
f 1751//1911 2009//1911 1747//1911
f 2027//1912 2028//1912 2009//1912
f 2009//1913 2028//1913 2029//1913
f 2009//1914 2029//1914 2008//1914
f 2008//1915 2029//1915 2030//1915
f 2008//1916 2030//1916 2031//1916
f 2031//1917 2032//1917 2008//1917
f 2008//1918 2032//1918 2010//1918
f 2008//1919 2010//1919 1745//1919
f 1745//1920 2010//1920 1741//1920
f 2033//1921 2011//1921 2034//1921
f 2034//1922 2011//1922 2010//1922
f 2034//1923 2010//1923 2035//1923
f 2035//1924 2010//1924 2032//1924
f 2033//1925 2036//1925 2011//1925
f 2011//1926 2036//1926 2012//1926
f 2011//1927 2012//1927 1739//1927
f 1739//1928 2012//1928 1735//1928
f 2037//1929 2013//1929 2038//1929
f 2038//1930 2013//1930 2012//1930
f 2038//1931 2012//1931 2039//1931
f 2039//1932 2012//1932 2036//1932
f 2037//1933 2040//1933 2013//1933
f 2013//1934 2040//1934 2014//1934
f 2013//1935 2014//1935 1733//1935
f 1733//1936 2014//1936 1729//1936
f 2041//1937 2015//1937 2042//1937
f 2042//1938 2015//1938 2014//1938
f 2042//1939 2014//1939 2043//1939
f 2043//1940 2014//1940 2040//1940
f 2022//1941 2018//1941 2044//1941
f 2044//1942 2018//1942 2045//1942
f 2045//1943 2018//1943 2046//1943
f 2046//1944 2018//1944 2017//1944
f 2046//1945 2017//1945 2047//1945
f 2017//1946 2016//1946 2047//1946
f 2047//1947 2016//1947 1711//1947
f 2047//1948 1711//1948 1761//1948
f 1814//1949 1813//1949 2048//1949
f 2048//1950 1813//1950 1817//1950
f 2048//1951 1817//1951 2049//1951
f 2049//1952 1817//1952 1816//1952
f 2049//1953 1816//1953 1815//1953
f 1808//1954 1807//1954 2050//1954
f 2050//1955 1807//1955 1811//1955
f 2050//1956 1811//1956 2051//1956
f 2051//1957 1811//1957 1810//1957
f 1804//1958 2052//1958 1805//1958
f 1805//1959 2052//1959 2053//1959
f 1799//1960 1798//1960 2054//1960
f 2054//1961 1798//1961 1802//1961
f 2054//1962 1802//1962 2053//1962
f 2053//1963 1802//1963 1801//1963
f 2053//1964 1801//1964 1805//1964
f 1795//1965 2055//1965 1796//1965
f 1796//1966 2055//1966 2056//1966
f 1796//1967 2056//1967 1792//1967
f 1792//1968 2056//1968 1793//1968
f 1789//1969 2057//1969 1790//1969
f 1790//1970 2057//1970 2058//1970
f 1790//1971 2058//1971 1786//1971
f 1761//1972 1785//1972 2047//1972
f 2047//1973 1785//1973 2046//1973
f 2059//1974 2049//1974 2060//1974
f 2060//1975 2049//1975 1815//1975
f 2060//1976 1815//1976 1770//1976
f 2059//1977 2061//1977 2049//1977
f 2049//1978 2061//1978 2062//1978
f 2049//1979 2062//1979 2048//1979
f 2048//1980 2062//1980 2063//1980
f 2063//1981 2064//1981 2048//1981
f 2048//1982 2064//1982 2051//1982
f 2048//1983 2051//1983 1814//1983
f 1814//1984 2051//1984 1810//1984
f 2064//1985 2065//1985 2051//1985
f 2051//1986 2065//1986 2066//1986
f 2051//1987 2066//1987 2050//1987
f 2050//1988 2066//1988 2067//1988
f 2067//1989 2068//1989 2050//1989
f 2050//1990 2068//1990 2052//1990
f 2050//1991 2052//1991 1808//1991
f 1808//1992 2052//1992 1804//1992
f 2068//1993 2069//1993 2052//1993
f 2052//1994 2069//1994 2070//1994
f 2052//1995 2070//1995 2053//1995
f 2053//1996 2070//1996 2071//1996
f 2072//1997 2054//1997 2073//1997
f 2073//1998 2054//1998 2053//1998
f 2073//1999 2053//1999 2074//1999
f 2074//2000 2053//2000 2071//2000
f 2072//2001 2075//2001 2054//2001
f 2054//2002 2075//2002 2055//2002
f 2054//2003 2055//2003 1799//2003
f 1799//2004 2055//2004 1795//2004
f 2076//2005 2056//2005 2077//2005
f 2077//2006 2056//2006 2055//2006
f 2077//2007 2055//2007 2078//2007
f 2078//2008 2055//2008 2075//2008
f 2076//2009 2079//2009 2056//2009
f 2056//2010 2079//2010 2057//2010
f 2056//2011 2057//2011 1793//2011
f 1793//2012 2057//2012 1789//2012
f 2079//2013 2080//2013 2057//2013
f 2057//2014 2080//2014 2081//2014
f 2057//2015 2081//2015 2058//2015
f 2058//2016 2081//2016 2082//2016
f 2058//2017 2082//2017 2083//2017
f 2044//2018 2045//2018 2083//2018
f 2083//2019 2045//2019 2046//2019
f 2083//2020 2046//2020 2058//2020
f 2058//2021 2046//2021 1785//2021
f 2058//2022 1785//2022 1786//2022
f 2041//2023 2059//2023 2060//2023
f 2041//2024 2060//2024 2015//2024
f 2015//2025 2060//2025 1770//2025
f 2015//2026 1770//2026 1727//2026
f 1819//2027 1818//2027 2084//2027
f 1819//2028 2084//2028 2085//2028
f 2085//2029 2084//2029 2086//2029
f 2085//2030 2086//2030 2087//2030
f 2087//2031 2086//2031 2088//2031
f 2087//2032 2088//2032 2089//2032
f 1873//2033 1872//2033 2090//2033
f 1870//2034 1869//2034 2091//2034
f 1867//2035 1866//2035 2092//2035
f 2093//2036 2094//2036 2095//2036
f 2096//2037 2097//2037 2098//2037
f 2099//2038 2100//2038 2101//2038
f 2102//2039 2103//2039 2104//2039
f 2105//2040 2106//2040 2107//2040
f 2107//2041 2106//2041 2108//2041
f 2109//2042 2110//2042 2111//2042
f 2111//2043 2110//2043 2105//2043
f 2112//2044 2113//2044 2096//2044
f 2096//2045 2113//2045 2114//2045
f 2096//2046 2114//2046 2097//2046
f 2097//2047 2114//2047 2115//2047
f 2097//2048 2115//2048 2109//2048
f 2116//2049 2117//2049 2093//2049
f 2093//2050 2117//2050 2118//2050
f 2093//2051 2118//2051 2094//2051
f 2094//2052 2118//2052 2119//2052
f 2094//2053 2119//2053 2102//2053
f 2099//2054 2101//2054 2120//2054
f 2121//2055 2122//2055 2123//2055
f 2124//2056 2125//2056 2126//2056
f 2089//2057 2127//2057 2128//2057
f 2105//2058 2107//2058 2111//2058
f 2111//2059 2107//2059 2129//2059
f 2111//2060 2129//2060 2130//2060
f 2131//2061 2132//2061 2104//2061
f 2133//2062 2134//2062 2128//2062
f 1846//2063 1847//2063 2135//2063
f 2135//2064 1847//2064 2129//2064
f 2135//2065 2129//2065 2136//2065
f 2136//2066 2129//2066 2107//2066
f 2136//2067 2107//2067 2137//2067
f 2137//2068 2107//2068 2108//2068
f 2137//2069 2108//2069 2138//2069
f 1847//2070 1848//2070 2129//2070
f 2129//2071 1848//2071 1852//2071
f 2129//2072 1852//2072 2130//2072
f 2130//2073 1852//2073 1851//2073
f 2130//2074 1851//2074 1855//2074
f 2109//2075 2111//2075 2097//2075
f 2097//2076 2111//2076 2130//2076
f 2097//2077 2130//2077 2098//2077
f 2098//2078 2130//2078 1855//2078
f 2098//2079 1855//2079 1854//2079
f 1854//2080 1858//2080 2098//2080
f 2098//2081 1858//2081 2131//2081
f 2098//2082 2131//2082 2096//2082
f 2096//2083 2131//2083 2104//2083
f 2096//2084 2104//2084 2112//2084
f 2112//2085 2104//2085 2103//2085
f 1858//2086 1857//2086 2131//2086
f 2131//2087 1857//2087 1861//2087
f 2131//2088 1861//2088 2132//2088
f 2132//2089 1861//2089 1860//2089
f 2132//2090 1860//2090 1864//2090
f 2102//2091 2104//2091 2094//2091
f 2094//2092 2104//2092 2132//2092
f 2094//2093 2132//2093 2095//2093
f 2095//2094 2132//2094 1864//2094
f 2095//2095 1864//2095 1863//2095
f 2100//2096 2116//2096 2101//2096
f 2101//2097 2116//2097 2093//2097
f 2101//2098 2093//2098 2092//2098
f 2092//2099 2093//2099 2095//2099
f 2092//2100 2095//2100 1867//2100
f 1867//2101 2095//2101 1863//2101
f 2122//2102 2120//2102 2123//2102
f 2123//2103 2120//2103 2101//2103
f 2123//2104 2101//2104 2091//2104
f 2091//2105 2101//2105 2092//2105
f 2091//2106 2092//2106 1870//2106
f 1870//2107 2092//2107 1866//2107
f 2125//2108 2121//2108 2126//2108
f 2126//2109 2121//2109 2123//2109
f 2126//2110 2123//2110 2090//2110
f 2090//2111 2123//2111 2091//2111
f 2090//2112 2091//2112 1873//2112
f 1873//2113 2091//2113 1869//2113
f 2127//2114 2124//2114 2128//2114
f 2128//2115 2124//2115 2126//2115
f 2128//2116 2126//2116 2133//2116
f 2133//2117 2126//2117 2090//2117
f 2133//2118 2090//2118 1876//2118
f 1876//2119 2090//2119 1872//2119
f 2089//2120 2128//2120 2087//2120
f 2087//2121 2128//2121 2134//2121
f 2087//2122 2134//2122 2085//2122
f 2085//2123 2134//2123 1877//2123
f 2085//2124 1877//2124 1819//2124
f 1876//2125 1875//2125 2133//2125
f 2133//2126 1875//2126 1879//2126
f 2133//2127 1879//2127 2134//2127
f 2134//2128 1879//2128 1878//2128
f 2134//2129 1878//2129 1877//2129
f 1880//2130 1846//2130 2139//2130
f 2139//2131 1846//2131 2135//2131
f 2139//2132 2135//2132 2140//2132
f 2140//2133 2135//2133 2136//2133
f 2140//2134 2136//2134 2141//2134
f 2141//2135 2136//2135 2137//2135
f 2141//2136 2137//2136 2142//2136
f 2142//2137 2137//2137 2138//2137
f 1925//2138 1924//2138 2143//2138
f 1922//2139 1921//2139 2144//2139
f 1919//2140 1918//2140 2145//2140
f 2146//2141 2147//2141 2148//2141
f 2149//2142 2150//2142 2151//2142
f 2152//2143 2153//2143 2154//2143
f 2155//2144 2156//2144 2157//2144
f 2158//2145 2159//2145 2160//2145
f 2161//2146 2162//2146 2163//2146
f 2163//2147 2162//2147 2164//2147
f 2165//2148 2166//2148 2149//2148
f 2149//2149 2166//2149 2167//2149
f 2149//2150 2167//2150 2150//2150
f 2150//2151 2167//2151 2168//2151
f 2150//2152 2168//2152 2158//2152
f 2169//2153 2170//2153 2146//2153
f 2146//2154 2170//2154 2171//2154
f 2146//2155 2171//2155 2147//2155
f 2147//2156 2171//2156 2172//2156
f 2147//2157 2172//2157 2155//2157
f 2152//2158 2154//2158 2173//2158
f 2174//2159 2175//2159 2176//2159
f 2177//2160 2178//2160 2179//2160
f 2141//2161 2142//2161 2180//2161
f 2180//2162 2142//2162 2181//2162
f 2084//2163 2163//2163 2086//2163
f 2086//2164 2163//2164 2164//2164
f 2086//2165 2164//2165 2088//2165
f 2182//2166 2183//2166 2160//2166
f 2184//2167 2185//2167 2157//2167
f 2186//2168 2187//2168 2180//2168
f 1818//2169 1899//2169 2084//2169
f 2084//2170 1899//2170 2182//2170
f 2084//2171 2182//2171 2163//2171
f 2163//2172 2182//2172 2160//2172
f 2163//2173 2160//2173 2161//2173
f 2161//2174 2160//2174 2159//2174
f 1899//2175 1900//2175 2182//2175
f 2182//2176 1900//2176 1904//2176
f 2182//2177 1904//2177 2183//2177
f 2183//2178 1904//2178 1903//2178
f 2183//2179 1903//2179 1907//2179
f 2158//2180 2160//2180 2150//2180
f 2150//2181 2160//2181 2183//2181
f 2150//2182 2183//2182 2151//2182
f 2151//2183 2183//2183 1907//2183
f 2151//2184 1907//2184 1906//2184
f 1906//2185 1910//2185 2151//2185
f 2151//2186 1910//2186 2184//2186
f 2151//2187 2184//2187 2149//2187
f 2149//2188 2184//2188 2157//2188
f 2149//2189 2157//2189 2165//2189
f 2165//2190 2157//2190 2156//2190
f 1910//2191 1909//2191 2184//2191
f 2184//2192 1909//2192 1913//2192
f 2184//2193 1913//2193 2185//2193
f 2185//2194 1913//2194 1912//2194
f 2185//2195 1912//2195 1916//2195
f 2155//2196 2157//2196 2147//2196
f 2147//2197 2157//2197 2185//2197
f 2147//2198 2185//2198 2148//2198
f 2148//2199 2185//2199 1916//2199
f 2148//2200 1916//2200 1915//2200
f 2153//2201 2169//2201 2154//2201
f 2154//2202 2169//2202 2146//2202
f 2154//2203 2146//2203 2145//2203
f 2145//2204 2146//2204 2148//2204
f 2145//2205 2148//2205 1919//2205
f 1919//2206 2148//2206 1915//2206
f 2175//2207 2173//2207 2176//2207
f 2176//2208 2173//2208 2154//2208
f 2176//2209 2154//2209 2144//2209
f 2144//2210 2154//2210 2145//2210
f 2144//2211 2145//2211 1922//2211
f 1922//2212 2145//2212 1918//2212
f 2178//2213 2174//2213 2179//2213
f 2179//2214 2174//2214 2176//2214
f 2179//2215 2176//2215 2143//2215
f 2143//2216 2176//2216 2144//2216
f 2143//2217 2144//2217 1925//2217
f 1925//2218 2144//2218 1921//2218
f 2181//2219 2177//2219 2180//2219
f 2180//2220 2177//2220 2179//2220
f 2180//2221 2179//2221 2186//2221
f 2186//2222 2179//2222 2143//2222
f 2186//2223 2143//2223 1928//2223
f 1928//2224 2143//2224 1924//2224
f 2141//2225 2180//2225 2140//2225
f 2140//2226 2180//2226 2187//2226
f 2140//2227 2187//2227 2139//2227
f 2139//2228 2187//2228 1929//2228
f 2139//2229 1929//2229 1880//2229
f 1928//2230 1927//2230 2186//2230
f 2186//2231 1927//2231 1931//2231
f 2186//2232 1931//2232 2187//2232
f 2187//2233 1931//2233 1930//2233
f 2187//2234 1930//2234 1929//2234
f 1996//2235 2188//2235 2189//2235
f 1946//2235 1947//2235 2189//2235
f 2189//2235 1947//2235 2001//2235
f 2189//2235 2001//2235 1996//2235
f 2190//1408 1933//1408 2189//1408
f 2189//1408 1933//1408 1932//1408
f 2189//1408 1932//1408 1943//1408
f 1943//1408 1942//1408 2189//1408
f 2189//1408 1942//1408 1941//1408
f 2189//1408 1941//1408 1946//1408
f 1941//1408 1940//1408 1946//1408
f 1946//1408 1940//1408 1939//1408
f 1946//1408 1939//1408 1944//1408
f 1944//1408 1939//1408 1938//1408
f 1944//1408 1938//1408 1937//1408
f 1937//1408 1936//1408 1944//1408
f 1944//1408 1936//1408 1935//1408
f 1944//1408 1935//1408 2190//1408
f 2190//1408 1935//1408 1934//1408
f 2190//1408 1934//1408 1933//1408
f 2191//2236 1950//2236 2190//2236
f 2190//2236 1950//2236 1952//2236
f 2190//2236 1952//2236 1944//2236
f 1944//2236 1952//2236 1945//2236
f 1949//2237 1958//2237 1967//2237
f 1949//2238 1967//2238 1951//2238
f 1951//2239 1967//2239 1966//2239
f 1951//2240 1966//2240 1956//2240
f 1956//2241 1966//2241 1964//2241
f 1956//2242 1964//2242 1953//2242
f 1953//2243 1964//2243 1962//2243
f 1953//2244 1962//2244 1954//2244
f 1954//2245 1962//2245 1961//2245
f 1954//2246 1961//2246 1955//2246
f 1955//2247 1961//2247 1963//2247
f 1955//2248 1963//2248 1957//2248
f 1960//1353 2192//1353 2193//1353
f 1982//1353 1983//1353 2193//1353
f 2193//1353 1983//1353 1965//1353
f 2193//1353 1965//1353 1960//1353
f 1982//1408 1969//1408 1980//1408
f 1980//1408 1969//1408 1968//1408
f 1980//1408 1968//1408 1979//1408
f 1979//1408 1978//1408 1980//1408
f 1980//1408 1978//1408 1977//1408
f 1980//1408 1977//1408 2194//1408
f 1977//1408 1976//1408 2194//1408
f 2194//1408 1976//1408 1975//1408
f 2194//1408 1975//1408 2193//1408
f 2193//1408 1975//1408 1974//1408
f 2193//1408 1974//1408 1973//1408
f 1973//1408 1972//1408 2193//1408
f 2193//1408 1972//1408 1971//1408
f 2193//1408 1971//1408 1982//1408
f 1982//1408 1971//1408 1970//1408
f 1982//1408 1970//1408 1969//1408
f 2195//2249 1986//2249 2194//2249
f 2194//2249 1986//2249 1988//2249
f 2194//2249 1988//2249 1980//2249
f 1980//2249 1988//2249 1981//2249
f 1985//2250 1994//2250 2003//2250
f 1985//2251 2003//2251 1987//2251
f 1987//2252 2003//2252 2002//2252
f 1987//2253 2002//2253 1992//2253
f 1992//2254 2002//2254 2000//2254
f 1992//2255 2000//2255 1989//2255
f 1989//2256 2000//2256 1998//2256
f 1989//2257 1998//2257 1990//2257
f 1990//2258 1998//2258 1997//2258
f 1990//2259 1997//2259 1991//2259
f 1991//2260 1997//2260 1999//2260
f 1991//2261 1999//2261 1993//2261
f 2025//2262 2024//2262 2196//2262
f 2027//2263 2026//2263 2197//2263
f 2043//2264 2040//2264 2198//2264
f 2199//2265 2200//2265 2201//2265
f 2202//2266 2203//2266 2204//2266
f 2205//2267 2206//2267 2207//2267
f 2208//2268 2209//2268 2210//2268
f 2208//2269 2210//2269 2206//2269
f 2205//2270 2207//2270 2211//2270
f 2212//2271 2213//2271 2214//2271
f 2215//2272 2216//2272 2217//2272
f 2218//2273 2219//2273 2203//2273
f 2203//2274 2219//2274 2220//2274
f 2203//2275 2220//2275 2204//2275
f 2204//2276 2220//2276 2221//2276
f 2204//2277 2221//2277 2215//2277
f 2222//2278 2223//2278 2224//2278
f 2224//2279 2223//2279 2225//2279
f 2224//2280 2225//2280 2226//2280
f 2227//2281 2228//2281 2229//2281
f 2229//2282 2228//2282 2222//2282
f 2230//2283 2231//2283 2232//2283
f 2232//2284 2231//2284 2227//2284
f 2233//2285 2234//2285 2235//2285
f 2235//2286 2234//2286 2236//2286
f 2235//2287 2236//2287 2230//2287
f 2237//2288 2238//2288 2239//2288
f 2239//2289 2238//2289 2240//2289
f 2239//2290 2240//2290 2233//2290
f 2233//2291 2240//2291 2241//2291
f 2233//2292 2241//2292 2234//2292
f 2217//2293 2242//2293 2243//2293
f 2244//2294 2224//2294 2245//2294
f 2245//2295 2224//2295 2226//2295
f 2245//2296 2226//2296 2246//2296
f 2235//2297 2247//2297 2233//2297
f 2233//2298 2247//2298 2199//2298
f 2233//2299 2199//2299 2239//2299
f 2239//2300 2199//2300 2201//2300
f 2239//2301 2201//2301 2237//2301
f 2237//2302 2201//2302 2248//2302
f 2206//2303 2210//2303 2207//2303
f 2207//2304 2210//2304 2249//2304
f 2207//2305 2249//2305 2250//2305
f 2250//2306 2249//2306 2041//2306
f 2250//2307 2041//2307 2042//2307
f 2042//2308 2043//2308 2250//2308
f 2250//2309 2043//2309 2198//2309
f 2250//2310 2198//2310 2207//2310
f 2207//2311 2198//2311 2214//2311
f 2207//2312 2214//2312 2211//2312
f 2211//2313 2214//2313 2213//2313
f 2040//2314 2037//2314 2198//2314
f 2198//2315 2037//2315 2242//2315
f 2198//2316 2242//2316 2214//2316
f 2214//2317 2242//2317 2217//2317
f 2214//2318 2217//2318 2212//2318
f 2212//2319 2217//2319 2216//2319
f 2037//2320 2038//2320 2242//2320
f 2242//2321 2038//2321 2039//2321
f 2242//2322 2039//2322 2243//2322
f 2243//2323 2039//2323 2036//2323
f 2243//2324 2036//2324 2033//2324
f 2215//2325 2217//2325 2204//2325
f 2204//2326 2217//2326 2243//2326
f 2204//2327 2243//2327 2202//2327
f 2202//2328 2243//2328 2033//2328
f 2202//2329 2033//2329 2034//2329
f 2034//2330 2035//2330 2202//2330
f 2202//2331 2035//2331 2246//2331
f 2202//2332 2246//2332 2203//2332
f 2203//2333 2246//2333 2226//2333
f 2203//2334 2226//2334 2218//2334
f 2218//2335 2226//2335 2225//2335
f 2035//2336 2032//2336 2246//2336
f 2246//2337 2032//2337 2031//2337
f 2246//2338 2031//2338 2245//2338
f 2245//2339 2031//2339 2030//2339
f 2245//2340 2030//2340 2244//2340
f 2244//2341 2030//2341 2029//2341
f 2244//2342 2029//2342 2028//2342
f 2222//2343 2224//2343 2229//2343
f 2229//2344 2224//2344 2244//2344
f 2229//2345 2244//2345 2197//2345
f 2197//2346 2244//2346 2028//2346
f 2197//2347 2028//2347 2027//2347
f 2227//2348 2229//2348 2232//2348
f 2232//2349 2229//2349 2197//2349
f 2232//2350 2197//2350 2196//2350
f 2196//2351 2197//2351 2026//2351
f 2196//2352 2026//2352 2025//2352
f 2230//2353 2232//2353 2235//2353
f 2235//2354 2232//2354 2196//2354
f 2235//2355 2196//2355 2247//2355
f 2247//2356 2196//2356 2024//2356
f 2247//2357 2024//2357 2023//2357
f 2022//2358 2200//2358 2021//2358
f 2021//2359 2200//2359 2199//2359
f 2021//2360 2199//2360 2020//2360
f 2020//2361 2199//2361 2247//2361
f 2020//2362 2247//2362 2019//2362
f 2019//2363 2247//2363 2023//2363
f 2251//2364 2248//2364 2252//2364
f 2252//2365 2248//2365 2201//2365
f 2252//2366 2201//2366 2253//2366
f 2253//2367 2201//2367 2200//2367
f 2253//2368 2200//2368 2044//2368
f 2044//2369 2200//2369 2022//2369
f 2066//2370 2065//2370 2254//2370
f 2068//2371 2067//2371 2255//2371
f 2082//2372 2081//2372 2256//2372
f 2257//2373 2258//2373 2259//2373
f 2260//2374 2261//2374 2262//2374
f 2263//2375 2264//2375 2265//2375
f 2266//2376 2251//2376 2252//2376
f 2266//2377 2252//2377 2264//2377
f 2263//2378 2265//2378 2267//2378
f 2268//2379 2269//2379 2270//2379
f 2271//2380 2272//2380 2273//2380
f 2274//2381 2275//2381 2261//2381
f 2261//2382 2275//2382 2276//2382
f 2261//2383 2276//2383 2262//2383
f 2262//2384 2276//2384 2277//2384
f 2262//2385 2277//2385 2271//2385
f 2278//2386 2279//2386 2280//2386
f 2280//2387 2279//2387 2281//2387
f 2280//2388 2281//2388 2282//2388
f 2283//2389 2284//2389 2285//2389
f 2285//2390 2284//2390 2278//2390
f 2286//2391 2287//2391 2288//2391
f 2288//2392 2287//2392 2283//2392
f 2289//2393 2290//2393 2291//2393
f 2291//2394 2290//2394 2292//2394
f 2291//2395 2292//2395 2286//2395
f 2293//2396 2294//2396 2295//2396
f 2295//2397 2294//2397 2296//2397
f 2295//2398 2296//2398 2289//2398
f 2289//2399 2296//2399 2297//2399
f 2289//2400 2297//2400 2290//2400
f 2273//2401 2298//2401 2299//2401
f 2300//2402 2280//2402 2301//2402
f 2301//2403 2280//2403 2282//2403
f 2301//2404 2282//2404 2302//2404
f 2291//2405 2303//2405 2289//2405
f 2289//2406 2303//2406 2257//2406
f 2289//2407 2257//2407 2295//2407
f 2295//2408 2257//2408 2259//2408
f 2295//2409 2259//2409 2293//2409
f 2293//2410 2259//2410 2304//2410
f 2264//2411 2252//2411 2265//2411
f 2265//2412 2252//2412 2253//2412
f 2265//2413 2253//2413 2305//2413
f 2305//2414 2253//2414 2044//2414
f 2305//2415 2044//2415 2083//2415
f 2083//2416 2082//2416 2305//2416
f 2305//2417 2082//2417 2256//2417
f 2305//2418 2256//2418 2265//2418
f 2265//2419 2256//2419 2270//2419
f 2265//2420 2270//2420 2267//2420
f 2267//2421 2270//2421 2269//2421
f 2081//2422 2080//2422 2256//2422
f 2256//2423 2080//2423 2298//2423
f 2256//2424 2298//2424 2270//2424
f 2270//2425 2298//2425 2273//2425
f 2270//2426 2273//2426 2268//2426
f 2268//2427 2273//2427 2272//2427
f 2080//2428 2079//2428 2298//2428
f 2298//2429 2079//2429 2076//2429
f 2298//2430 2076//2430 2299//2430
f 2299//2431 2076//2431 2077//2431
f 2299//2432 2077//2432 2078//2432
f 2271//2433 2273//2433 2262//2433
f 2262//2434 2273//2434 2299//2434
f 2262//2435 2299//2435 2260//2435
f 2260//2436 2299//2436 2078//2436
f 2260//2437 2078//2437 2075//2437
f 2075//2438 2072//2438 2260//2438
f 2260//2439 2072//2439 2302//2439
f 2260//2440 2302//2440 2261//2440
f 2261//2441 2302//2441 2282//2441
f 2261//2442 2282//2442 2274//2442
f 2274//2443 2282//2443 2281//2443
f 2072//2444 2073//2444 2302//2444
f 2302//2445 2073//2445 2074//2445
f 2302//2446 2074//2446 2301//2446
f 2301//2447 2074//2447 2071//2447
f 2301//2448 2071//2448 2300//2448
f 2300//2449 2071//2449 2070//2449
f 2300//2450 2070//2450 2069//2450
f 2278//2451 2280//2451 2285//2451
f 2285//2452 2280//2452 2300//2452
f 2285//2453 2300//2453 2255//2453
f 2255//2454 2300//2454 2069//2454
f 2255//2455 2069//2455 2068//2455
f 2283//2456 2285//2456 2288//2456
f 2288//2457 2285//2457 2255//2457
f 2288//2458 2255//2458 2254//2458
f 2254//2459 2255//2459 2067//2459
f 2254//2460 2067//2460 2066//2460
f 2286//2461 2288//2461 2291//2461
f 2291//2462 2288//2462 2254//2462
f 2291//2463 2254//2463 2303//2463
f 2303//2464 2254//2464 2065//2464
f 2303//2465 2065//2465 2064//2465
f 2059//2466 2258//2466 2061//2466
f 2061//2467 2258//2467 2257//2467
f 2061//2468 2257//2468 2062//2468
f 2062//2469 2257//2469 2303//2469
f 2062//2470 2303//2470 2063//2470
f 2063//2471 2303//2471 2064//2471
f 2209//2472 2304//2472 2210//2472
f 2210//2473 2304//2473 2259//2473
f 2210//2474 2259//2474 2249//2474
f 2249//2475 2259//2475 2258//2475
f 2249//2476 2258//2476 2041//2476
f 2041//2477 2258//2477 2059//2477
f 2306//2478 2307//2478 2308//2478
f 2308//2479 2307//2479 2309//2479
f 2308//2480 2309//2480 2310//2480
f 2310//2481 2309//2481 2311//2481
f 2310//2482 2311//2482 2088//2482
f 2088//2483 2311//2483 2089//2483
f 2120//2484 2122//2484 2312//2484
f 2100//2485 2099//2485 2313//2485
f 2117//2486 2116//2486 2314//2486
f 2315//2487 2311//2487 2309//2487
f 2316//2488 2317//2488 2318//2488
f 2319//2489 2320//2489 2321//2489
f 2322//2490 2323//2490 2324//2490
f 2325//2491 2326//2491 2327//2491
f 2328//2492 2329//2492 2330//2492
f 2328//2493 2330//2493 2326//2493
f 2325//2494 2327//2494 2331//2494
f 2332//2495 2333//2495 2334//2495
f 2335//2496 2336//2496 2317//2496
f 2317//2497 2336//2497 2337//2497
f 2317//2498 2337//2498 2318//2498
f 2318//2499 2337//2499 2338//2499
f 2318//2500 2338//2500 2332//2500
f 2323//2501 2339//2501 2340//2501
f 2322//2502 2324//2502 2320//2502
f 2341//2503 2342//2503 2343//2503
f 2343//2504 2342//2504 2319//2504
f 2344//2505 2345//2505 2346//2505
f 2346//2506 2345//2506 2341//2506
f 2347//2507 2348//2507 2349//2507
f 2349//2508 2348//2508 2350//2508
f 2349//2509 2350//2509 2344//2509
f 2351//2510 2352//2510 2353//2510
f 2353//2511 2352//2511 2354//2511
f 2353//2512 2354//2512 2347//2512
f 2347//2513 2354//2513 2355//2513
f 2347//2514 2355//2514 2348//2514
f 2334//2515 2356//2515 2357//2515
f 2340//2516 2358//2516 2359//2516
f 2323//2517 2340//2517 2324//2517
f 2324//2518 2340//2518 2359//2518
f 2324//2519 2359//2519 2360//2519
f 2349//2520 2361//2520 2347//2520
f 2347//2521 2361//2521 2315//2521
f 2347//2522 2315//2522 2353//2522
f 2353//2523 2315//2523 2309//2523
f 2353//2524 2309//2524 2351//2524
f 2351//2525 2309//2525 2307//2525
f 2326//2526 2330//2526 2327//2526
f 2327//2527 2330//2527 2362//2527
f 2327//2528 2362//2528 2363//2528
f 2363//2529 2362//2529 2138//2529
f 2363//2530 2138//2530 2108//2530
f 2108//2531 2106//2531 2363//2531
f 2363//2532 2106//2532 2356//2532
f 2363//2533 2356//2533 2327//2533
f 2327//2534 2356//2534 2334//2534
f 2327//2535 2334//2535 2331//2535
f 2331//2536 2334//2536 2333//2536
f 2106//2537 2105//2537 2356//2537
f 2356//2538 2105//2538 2110//2538
f 2356//2539 2110//2539 2357//2539
f 2357//2540 2110//2540 2109//2540
f 2357//2541 2109//2541 2115//2541
f 2332//2542 2334//2542 2318//2542
f 2318//2543 2334//2543 2357//2543
f 2318//2544 2357//2544 2316//2544
f 2316//2545 2357//2545 2115//2545
f 2316//2546 2115//2546 2114//2546
f 2114//2547 2113//2547 2316//2547
f 2316//2548 2113//2548 2358//2548
f 2316//2549 2358//2549 2317//2549
f 2317//2550 2358//2550 2340//2550
f 2317//2551 2340//2551 2335//2551
f 2335//2552 2340//2552 2339//2552
f 2113//2553 2112//2553 2358//2553
f 2358//2554 2112//2554 2103//2554
f 2358//2555 2103//2555 2359//2555
f 2359//2556 2103//2556 2102//2556
f 2359//2557 2102//2557 2360//2557
f 2360//2558 2102//2558 2119//2558
f 2360//2559 2119//2559 2118//2559
f 2320//2560 2324//2560 2321//2560
f 2321//2561 2324//2561 2360//2561
f 2321//2562 2360//2562 2314//2562
f 2314//2563 2360//2563 2118//2563
f 2314//2564 2118//2564 2117//2564
f 2319//2565 2321//2565 2343//2565
f 2343//2566 2321//2566 2314//2566
f 2343//2567 2314//2567 2313//2567
f 2313//2568 2314//2568 2116//2568
f 2313//2569 2116//2569 2100//2569
f 2341//2570 2343//2570 2346//2570
f 2346//2571 2343//2571 2313//2571
f 2346//2572 2313//2572 2312//2572
f 2312//2573 2313//2573 2099//2573
f 2312//2574 2099//2574 2120//2574
f 2344//2575 2346//2575 2349//2575
f 2349//2576 2346//2576 2312//2576
f 2349//2577 2312//2577 2361//2577
f 2361//2578 2312//2578 2122//2578
f 2361//2579 2122//2579 2121//2579
f 2089//2580 2311//2580 2127//2580
f 2127//2581 2311//2581 2315//2581
f 2127//2582 2315//2582 2124//2582
f 2124//2583 2315//2583 2361//2583
f 2124//2584 2361//2584 2125//2584
f 2125//2585 2361//2585 2121//2585
f 2329//2586 2364//2586 2330//2586
f 2330//2587 2364//2587 2365//2587
f 2330//2588 2365//2588 2362//2588
f 2362//2589 2365//2589 2366//2589
f 2362//2590 2366//2590 2138//2590
f 2138//2591 2366//2591 2142//2591
f 2173//2592 2175//2592 2367//2592
f 2153//2593 2152//2593 2368//2593
f 2170//2594 2169//2594 2369//2594
f 2370//2595 2366//2595 2365//2595
f 2371//2596 2372//2596 2373//2596
f 2374//2597 2375//2597 2376//2597
f 2377//2598 2378//2598 2379//2598
f 2380//2599 2381//2599 2382//2599
f 2383//2600 2306//2600 2308//2600
f 2383//2601 2308//2601 2381//2601
f 2380//2602 2382//2602 2384//2602
f 2385//2603 2386//2603 2387//2603
f 2388//2604 2389//2604 2372//2604
f 2372//2605 2389//2605 2390//2605
f 2372//2606 2390//2606 2373//2606
f 2373//2607 2390//2607 2391//2607
f 2373//2608 2391//2608 2385//2608
f 2378//2609 2392//2609 2393//2609
f 2377//2610 2379//2610 2375//2610
f 2394//2611 2395//2611 2396//2611
f 2396//2612 2395//2612 2374//2612
f 2397//2613 2398//2613 2399//2613
f 2399//2614 2398//2614 2394//2614
f 2400//2615 2401//2615 2402//2615
f 2402//2616 2401//2616 2403//2616
f 2402//2617 2403//2617 2397//2617
f 2404//2618 2405//2618 2406//2618
f 2406//2619 2405//2619 2407//2619
f 2406//2620 2407//2620 2400//2620
f 2400//2621 2407//2621 2408//2621
f 2400//2622 2408//2622 2401//2622
f 2387//2623 2409//2623 2410//2623
f 2393//2624 2411//2624 2412//2624
f 2378//2625 2393//2625 2379//2625
f 2379//2626 2393//2626 2412//2626
f 2379//2627 2412//2627 2413//2627
f 2402//2628 2414//2628 2400//2628
f 2400//2629 2414//2629 2370//2629
f 2400//2630 2370//2630 2406//2630
f 2406//2631 2370//2631 2365//2631
f 2406//2632 2365//2632 2404//2632
f 2404//2633 2365//2633 2364//2633
f 2381//2634 2308//2634 2382//2634
f 2382//2635 2308//2635 2310//2635
f 2382//2636 2310//2636 2415//2636
f 2415//2637 2310//2637 2088//2637
f 2415//2638 2088//2638 2164//2638
f 2164//2639 2162//2639 2415//2639
f 2415//2640 2162//2640 2409//2640
f 2415//2641 2409//2641 2382//2641
f 2382//2642 2409//2642 2387//2642
f 2382//2643 2387//2643 2384//2643
f 2384//2644 2387//2644 2386//2644
f 2162//2645 2161//2645 2409//2645
f 2409//2646 2161//2646 2159//2646
f 2409//2647 2159//2647 2410//2647
f 2410//2648 2159//2648 2158//2648
f 2410//2649 2158//2649 2168//2649
f 2385//2650 2387//2650 2373//2650
f 2373//2651 2387//2651 2410//2651
f 2373//2652 2410//2652 2371//2652
f 2371//2653 2410//2653 2168//2653
f 2371//2654 2168//2654 2167//2654
f 2167//2655 2166//2655 2371//2655
f 2371//2656 2166//2656 2411//2656
f 2371//2657 2411//2657 2372//2657
f 2372//2658 2411//2658 2393//2658
f 2372//2659 2393//2659 2388//2659
f 2388//2660 2393//2660 2392//2660
f 2166//2661 2165//2661 2411//2661
f 2411//2662 2165//2662 2156//2662
f 2411//2663 2156//2663 2412//2663
f 2412//2664 2156//2664 2155//2664
f 2412//2665 2155//2665 2413//2665
f 2413//2666 2155//2666 2172//2666
f 2413//2667 2172//2667 2171//2667
f 2375//2668 2379//2668 2376//2668
f 2376//2669 2379//2669 2413//2669
f 2376//2670 2413//2670 2369//2670
f 2369//2671 2413//2671 2171//2671
f 2369//2672 2171//2672 2170//2672
f 2374//2673 2376//2673 2396//2673
f 2396//2674 2376//2674 2369//2674
f 2396//2675 2369//2675 2368//2675
f 2368//2676 2369//2676 2169//2676
f 2368//2677 2169//2677 2153//2677
f 2394//2678 2396//2678 2399//2678
f 2399//2679 2396//2679 2368//2679
f 2399//2680 2368//2680 2367//2680
f 2367//2681 2368//2681 2152//2681
f 2367//2682 2152//2682 2173//2682
f 2397//2683 2399//2683 2402//2683
f 2402//2684 2399//2684 2367//2684
f 2402//2685 2367//2685 2414//2685
f 2414//2686 2367//2686 2175//2686
f 2414//2687 2175//2687 2174//2687
f 2142//2688 2366//2688 2181//2688
f 2181//2689 2366//2689 2370//2689
f 2181//2690 2370//2690 2177//2690
f 2177//2691 2370//2691 2414//2691
f 2177//2692 2414//2692 2178//2692
f 2178//2693 2414//2693 2174//2693
f 2188//2694 2191//2694 2189//2694
f 2189//2694 2191//2694 2190//2694
f 1948//1306 1959//1306 1949//1306
f 1949//1306 1959//1306 1958//1306
f 2192//2695 2195//2695 2193//2695
f 2193//2695 2195//2695 2194//2695
f 1984//1353 1995//1353 1985//1353
f 1985//1353 1995//1353 1994//1353
f 2416//2696 2417//2696 2418//2696
f 2419//2697 2420//2697 2248//2697
f 2248//2698 2420//2698 2237//2698
f 2237//2699 2420//2699 2238//2699
f 2238//2700 2420//2700 2421//2700
f 2238//2701 2421//2701 2240//2701
f 2240//2702 2421//2702 2241//2702
f 2241//2703 2421//2703 2422//2703
f 2241//2704 2422//2704 2234//2704
f 2234//2705 2422//2705 2236//2705
f 2236//2706 2422//2706 2423//2706
f 2236//2707 2423//2707 2230//2707
f 2230//2708 2423//2708 2231//2708
f 2231//2709 2423//2709 2424//2709
f 2231//2710 2424//2710 2227//2710
f 2227//2711 2424//2711 2228//2711
f 2228//2712 2424//2712 2425//2712
f 2228//2713 2425//2713 2222//2713
f 2222//2714 2425//2714 2223//2714
f 2223//2715 2425//2715 2426//2715
f 2223//2716 2426//2716 2225//2716
f 2225//2717 2426//2717 2218//2717
f 2218//2718 2426//2718 2427//2718
f 2218//2719 2427//2719 2219//2719
f 2219//2720 2427//2720 2220//2720
f 2220//2721 2427//2721 2428//2721
f 2220//2722 2428//2722 2221//2722
f 2221//2723 2428//2723 2215//2723
f 2215//2724 2428//2724 2429//2724
f 2215//2725 2429//2725 2216//2725
f 2216//2726 2429//2726 2212//2726
f 2212//2727 2429//2727 2430//2727
f 2212//2728 2430//2728 2213//2728
f 2213//2729 2430//2729 2211//2729
f 2211//2730 2430//2730 2431//2730
f 2211//2731 2431//2731 2205//2731
f 2205//2732 2431//2732 2206//2732
f 2206//2733 2431//2733 2418//2733
f 2206//2734 2418//2734 2208//2734
f 2208//2735 2418//2735 2417//2735
f 2208//2736 2417//2736 2209//2736
f 2432//2737 2433//2737 2434//2737
f 2435//2738 2433//2738 2436//2738
f 2436//2739 2433//2739 2432//2739
f 2436//2740 2432//2740 2437//2740
f 2437//2741 2432//2741 2438//2741
f 2439//2742 2440//2742 2441//2742
f 2441//2742 2440//2742 2442//2742
f 2441//2743 2442//2743 2438//2743
f 2438//2744 2442//2744 2443//2744
f 2438//2744 2443//2744 2437//2744
f 2439//2742 2441//2742 2444//2742
f 2444//2745 2441//2745 2445//2745
f 2444//2746 2445//2746 2446//2746
f 2446//2747 2445//2747 2447//2747
f 2446//2748 2447//2748 2448//2748
f 2448//2748 2447//2748 2449//2748
f 2449//2749 2447//2749 2450//2749
f 2449//2750 2450//2750 2451//2750
f 2451//2750 2450//2750 2452//2750
f 2452//2751 2450//2751 2453//2751
f 2452//2752 2453//2752 2454//2752
f 2455//2753 2456//2753 2457//2753
f 2455//2754 2457//2754 2458//2754
f 2457//2755 2459//2755 2458//2755
f 2458//2755 2459//2755 2460//2755
f 2458//2756 2460//2756 2453//2756
f 2453//2752 2460//2752 2461//2752
f 2453//2752 2461//2752 2454//2752
f 2456//2753 2455//2753 2462//2753
f 2462//2757 2455//2757 2463//2757
f 2462//2758 2463//2758 2464//2758
f 2465//2759 2466//2759 2467//2759
f 2465//2760 2467//2760 2463//2760
f 2463//2758 2467//2758 2468//2758
f 2463//2758 2468//2758 2464//2758
f 2466//2759 2465//2759 2469//2759
f 2469//2761 2465//2761 2470//2761
f 2469//2762 2470//2762 2471//2762
f 2472//2763 2473//2763 2474//2763
f 2472//2764 2474//2764 2470//2764
f 2470//2762 2474//2762 2475//2762
f 2470//2762 2475//2762 2471//2762
f 2476//2765 2473//2765 2477//2765
f 2477//2766 2473//2766 2472//2766
f 2477//2767 2472//2767 2478//2767
f 2478//2768 2472//2768 2479//2768
f 2434//2769 2416//2769 2432//2769
f 2432//2770 2416//2770 2418//2770
f 2432//2771 2418//2771 2438//2771
f 2438//2772 2418//2772 2431//2772
f 2438//2773 2431//2773 2441//2773
f 2441//2774 2431//2774 2430//2774
f 2441//2775 2430//2775 2445//2775
f 2445//2776 2430//2776 2429//2776
f 2445//2777 2429//2777 2447//2777
f 2447//2778 2429//2778 2428//2778
f 2447//2779 2428//2779 2450//2779
f 2450//2780 2428//2780 2427//2780
f 2450//2781 2427//2781 2453//2781
f 2453//2782 2427//2782 2426//2782
f 2453//2783 2426//2783 2458//2783
f 2458//2784 2426//2784 2425//2784
f 2458//2785 2425//2785 2455//2785
f 2455//2786 2425//2786 2424//2786
f 2455//2787 2424//2787 2463//2787
f 2463//2788 2424//2788 2423//2788
f 2463//2789 2423//2789 2465//2789
f 2465//2790 2423//2790 2422//2790
f 2465//2791 2422//2791 2470//2791
f 2470//2792 2422//2792 2421//2792
f 2470//2793 2421//2793 2472//2793
f 2472//2794 2421//2794 2420//2794
f 2472//2795 2420//2795 2479//2795
f 2479//2796 2420//2796 2419//2796
f 2480//2797 2476//2797 2481//2797
f 2481//2798 2476//2798 2477//2798
f 2481//2799 2477//2799 2482//2799
f 2482//2800 2477//2800 2478//2800
f 2482//2801 2478//2801 2479//2801
f 2248//2802 2251//2802 2419//2802
f 2419//2803 2251//2803 2483//2803
f 2419//2804 2483//2804 2479//2804
f 2479//2805 2483//2805 2484//2805
f 2479//2806 2484//2806 2482//2806
f 2480//2807 2481//2807 2485//2807
f 2486//2808 2487//2808 2485//2808
f 2485//2809 2487//2809 2488//2809
f 2485//2809 2488//2809 2480//2809
f 2489//2810 2490//2810 2491//2810
f 2491//2810 2490//2810 2492//2810
f 2491//2811 2492//2811 2486//2811
f 2486//2812 2492//2812 2493//2812
f 2486//2812 2493//2812 2487//2812
f 2489//2810 2491//2810 2494//2810
f 2494//2813 2491//2813 2495//2813
f 2494//2814 2495//2814 2496//2814
f 2496//2815 2495//2815 2497//2815
f 2496//2816 2497//2816 2498//2816
f 2498//2816 2497//2816 2499//2816
f 2499//2817 2497//2817 2500//2817
f 2499//2818 2500//2818 2501//2818
f 2501//2818 2500//2818 2502//2818
f 2502//2819 2500//2819 2503//2819
f 2502//2820 2503//2820 2504//2820
f 2505//2821 2506//2821 2507//2821
f 2505//2822 2507//2822 2508//2822
f 2507//2823 2509//2823 2508//2823
f 2508//2823 2509//2823 2510//2823
f 2508//2824 2510//2824 2503//2824
f 2503//2820 2510//2820 2511//2820
f 2503//2820 2511//2820 2504//2820
f 2506//2821 2505//2821 2512//2821
f 2512//2825 2505//2825 2513//2825
f 2512//2826 2513//2826 2514//2826
f 2515//2827 2516//2827 2517//2827
f 2515//2828 2517//2828 2513//2828
f 2513//2826 2517//2826 2518//2826
f 2513//2826 2518//2826 2514//2826
f 2516//2827 2515//2827 2519//2827
f 2519//2829 2515//2829 2520//2829
f 2519//2830 2520//2830 2521//2830
f 2522//2831 2523//2831 2524//2831
f 2522//2832 2524//2832 2520//2832
f 2520//2830 2524//2830 2525//2830
f 2520//2830 2525//2830 2521//2830
f 2526//2833 2523//2833 2527//2833
f 2527//2834 2523//2834 2522//2834
f 2527//2835 2522//2835 2528//2835
f 2528//2836 2522//2836 2529//2836
f 2304//2837 2530//2837 2293//2837
f 2293//2838 2530//2838 2531//2838
f 2293//2839 2531//2839 2294//2839
f 2294//2840 2531//2840 2532//2840
f 2294//2841 2532//2841 2296//2841
f 2296//2842 2532//2842 2297//2842
f 2297//2843 2532//2843 2533//2843
f 2297//2844 2533//2844 2290//2844
f 2290//2845 2533//2845 2292//2845
f 2292//2846 2533//2846 2534//2846
f 2292//2847 2534//2847 2286//2847
f 2286//2848 2534//2848 2287//2848
f 2287//2849 2534//2849 2535//2849
f 2287//2850 2535//2850 2283//2850
f 2283//2851 2535//2851 2284//2851
f 2284//2852 2535//2852 2536//2852
f 2284//2853 2536//2853 2278//2853
f 2278//2854 2536//2854 2279//2854
f 2279//2855 2536//2855 2537//2855
f 2279//2856 2537//2856 2281//2856
f 2281//2857 2537//2857 2274//2857
f 2274//2858 2537//2858 2538//2858
f 2274//2859 2538//2859 2275//2859
f 2275//2860 2538//2860 2276//2860
f 2276//2861 2538//2861 2539//2861
f 2276//2862 2539//2862 2277//2862
f 2277//2863 2539//2863 2271//2863
f 2271//2864 2539//2864 2540//2864
f 2271//2865 2540//2865 2272//2865
f 2272//2866 2540//2866 2268//2866
f 2268//2867 2540//2867 2541//2867
f 2268//2868 2541//2868 2269//2868
f 2269//2869 2541//2869 2267//2869
f 2267//2870 2541//2870 2542//2870
f 2267//2871 2542//2871 2263//2871
f 2263//2872 2542//2872 2264//2872
f 2264//2873 2542//2873 2543//2873
f 2264//2874 2543//2874 2266//2874
f 2251//2875 2266//2875 2483//2875
f 2483//2876 2266//2876 2543//2876
f 2483//2877 2543//2877 2484//2877
f 2484//2878 2543//2878 2482//2878
f 2481//2879 2482//2879 2485//2879
f 2485//2880 2482//2880 2543//2880
f 2485//2881 2543//2881 2486//2881
f 2486//2882 2543//2882 2542//2882
f 2486//2883 2542//2883 2491//2883
f 2491//2884 2542//2884 2541//2884
f 2491//2885 2541//2885 2495//2885
f 2495//2886 2541//2886 2540//2886
f 2495//2887 2540//2887 2497//2887
f 2497//2888 2540//2888 2539//2888
f 2497//2889 2539//2889 2500//2889
f 2500//2890 2539//2890 2538//2890
f 2500//2891 2538//2891 2503//2891
f 2503//2892 2538//2892 2537//2892
f 2503//2893 2537//2893 2508//2893
f 2508//2894 2537//2894 2536//2894
f 2508//2895 2536//2895 2505//2895
f 2505//2896 2536//2896 2535//2896
f 2505//2897 2535//2897 2513//2897
f 2513//2898 2535//2898 2534//2898
f 2513//2899 2534//2899 2515//2899
f 2515//2900 2534//2900 2533//2900
f 2515//2901 2533//2901 2520//2901
f 2520//2902 2533//2902 2532//2902
f 2520//2903 2532//2903 2522//2903
f 2522//2904 2532//2904 2531//2904
f 2522//2905 2531//2905 2529//2905
f 2529//2906 2531//2906 2530//2906
f 2435//2907 2526//2907 2433//2907
f 2433//2908 2526//2908 2527//2908
f 2433//2909 2527//2909 2434//2909
f 2434//2910 2527//2910 2528//2910
f 2434//2911 2528//2911 2529//2911
f 2304//2912 2209//2912 2530//2912
f 2530//2913 2209//2913 2417//2913
f 2530//2914 2417//2914 2529//2914
f 2529//2915 2417//2915 2416//2915
f 2529//2916 2416//2916 2434//2916
f 2544//2917 2545//2917 2546//2917
f 2546//2918 2545//2918 2547//2918
f 2546//2919 2547//2919 2548//2919
f 2548//2920 2547//2920 2549//2920
f 2548//2921 2549//2921 2550//2921
f 2307//2922 2306//2922 2551//2922
f 2551//2923 2306//2923 2552//2923
f 2551//2924 2552//2924 2550//2924
f 2550//2925 2552//2925 2553//2925
f 2550//2926 2553//2926 2548//2926
f 2554//2927 2555//2927 2556//2927
f 2554//2928 2556//2928 2557//2928
f 2557//2929 2556//2929 2558//2929
f 2557//2930 2558//2930 2559//2930
f 2559//2931 2558//2931 2560//2931
f 2559//2932 2560//2932 2561//2932
f 2561//2933 2560//2933 2562//2933
f 2561//2934 2562//2934 2563//2934
f 2563//2935 2562//2935 2564//2935
f 2563//2936 2564//2936 2565//2936
f 2565//2937 2564//2937 2566//2937
f 2565//2938 2566//2938 2567//2938
f 2567//2939 2566//2939 2568//2939
f 2567//2940 2568//2940 2569//2940
f 2569//2941 2568//2941 2570//2941
f 2569//2942 2570//2942 2571//2942
f 2571//2943 2570//2943 2572//2943
f 2571//2944 2572//2944 2573//2944
f 2573//2945 2572//2945 2574//2945
f 2573//2946 2574//2946 2575//2946
f 2575//2947 2574//2947 2576//2947
f 2575//2948 2576//2948 2577//2948
f 2577//2949 2576//2949 2578//2949
f 2577//2950 2578//2950 2579//2950
f 2579//2951 2578//2951 2580//2951
f 2579//2952 2580//2952 2581//2952
f 2545//2953 2581//2953 2547//2953
f 2547//2954 2581//2954 2580//2954
f 2547//2955 2580//2955 2549//2955
f 2549//2956 2580//2956 2550//2956
f 2307//2957 2551//2957 2351//2957
f 2351//2958 2551//2958 2582//2958
f 2351//2959 2582//2959 2352//2959
f 2352//2960 2582//2960 2583//2960
f 2352//2961 2583//2961 2354//2961
f 2354//2962 2583//2962 2355//2962
f 2355//2963 2583//2963 2584//2963
f 2355//2964 2584//2964 2348//2964
f 2348//2965 2584//2965 2350//2965
f 2350//2966 2584//2966 2585//2966
f 2350//2967 2585//2967 2344//2967
f 2344//2968 2585//2968 2345//2968
f 2345//2969 2585//2969 2586//2969
f 2345//2970 2586//2970 2341//2970
f 2341//2971 2586//2971 2342//2971
f 2342//2972 2586//2972 2587//2972
f 2342//2973 2587//2973 2319//2973
f 2319//2974 2587//2974 2320//2974
f 2320//2975 2587//2975 2588//2975
f 2320//2976 2588//2976 2322//2976
f 2322//2977 2588//2977 2323//2977
f 2323//2978 2588//2978 2589//2978
f 2323//2979 2589//2979 2339//2979
f 2339//2980 2589//2980 2335//2980
f 2335//2981 2589//2981 2590//2981
f 2335//2982 2590//2982 2336//2982
f 2336//2983 2590//2983 2337//2983
f 2337//2984 2590//2984 2591//2984
f 2337//2985 2591//2985 2338//2985
f 2338//2986 2591//2986 2332//2986
f 2332//2987 2591//2987 2592//2987
f 2332//2988 2592//2988 2333//2988
f 2333//2989 2592//2989 2331//2989
f 2331//2990 2592//2990 2593//2990
f 2331//2991 2593//2991 2325//2991
f 2325//2992 2593//2992 2326//2992
f 2326//2993 2593//2993 2594//2993
f 2326//2994 2594//2994 2328//2994
f 2329//2995 2328//2995 2595//2995
f 2595//2996 2328//2996 2594//2996
f 2595//2997 2594//2997 2596//2997
f 2596//2998 2594//2998 2597//2998
f 2551//2999 2550//2999 2582//2999
f 2582//3000 2550//3000 2580//3000
f 2582//3001 2580//3001 2583//3001
f 2583//3002 2580//3002 2578//3002
f 2583//3003 2578//3003 2584//3003
f 2584//3004 2578//3004 2576//3004
f 2584//3005 2576//3005 2585//3005
f 2585//3006 2576//3006 2574//3006
f 2585//3007 2574//3007 2586//3007
f 2586//3008 2574//3008 2572//3008
f 2586//3009 2572//3009 2587//3009
f 2587//3010 2572//3010 2570//3010
f 2587//3011 2570//3011 2588//3011
f 2588//3012 2570//3012 2568//3012
f 2588//3013 2568//3013 2589//3013
f 2589//3014 2568//3014 2566//3014
f 2589//3015 2566//3015 2590//3015
f 2590//3016 2566//3016 2564//3016
f 2590//3017 2564//3017 2591//3017
f 2591//3018 2564//3018 2562//3018
f 2591//3019 2562//3019 2592//3019
f 2592//3020 2562//3020 2560//3020
f 2592//3021 2560//3021 2593//3021
f 2593//3022 2560//3022 2558//3022
f 2593//3023 2558//3023 2594//3023
f 2594//3024 2558//3024 2556//3024
f 2594//3025 2556//3025 2597//3025
f 2597//3026 2556//3026 2555//3026
f 2554//3027 2598//3027 2555//3027
f 2555//3028 2598//3028 2599//3028
f 2555//3029 2599//3029 2597//3029
f 2597//3030 2599//3030 2600//3030
f 2597//3031 2600//3031 2601//3031
f 2364//3032 2329//3032 2602//3032
f 2602//3033 2329//3033 2595//3033
f 2602//3034 2595//3034 2601//3034
f 2601//3035 2595//3035 2596//3035
f 2601//3036 2596//3036 2597//3036
f 2553//3037 2552//3037 2603//3037
f 2602//3038 2604//3038 2364//3038
f 2364//3039 2604//3039 2404//3039
f 2404//3040 2604//3040 2405//3040
f 2405//3041 2604//3041 2605//3041
f 2405//3042 2605//3042 2407//3042
f 2407//3043 2605//3043 2408//3043
f 2408//3044 2605//3044 2606//3044
f 2408//3045 2606//3045 2401//3045
f 2401//3046 2606//3046 2403//3046
f 2403//3047 2606//3047 2607//3047
f 2403//3048 2607//3048 2397//3048
f 2397//3049 2607//3049 2398//3049
f 2398//3050 2607//3050 2608//3050
f 2398//3051 2608//3051 2394//3051
f 2394//3052 2608//3052 2395//3052
f 2395//3053 2608//3053 2609//3053
f 2395//3054 2609//3054 2374//3054
f 2374//3055 2609//3055 2375//3055
f 2375//3056 2609//3056 2610//3056
f 2375//3057 2610//3057 2377//3057
f 2377//3058 2610//3058 2378//3058
f 2378//3059 2610//3059 2611//3059
f 2378//3060 2611//3060 2392//3060
f 2392//3061 2611//3061 2388//3061
f 2388//3062 2611//3062 2612//3062
f 2388//3063 2612//3063 2389//3063
f 2389//3064 2612//3064 2390//3064
f 2390//3065 2612//3065 2613//3065
f 2390//3066 2613//3066 2391//3066
f 2391//3067 2613//3067 2385//3067
f 2385//3068 2613//3068 2614//3068
f 2385//3069 2614//3069 2386//3069
f 2386//3070 2614//3070 2384//3070
f 2384//3071 2614//3071 2615//3071
f 2384//3072 2615//3072 2380//3072
f 2380//3073 2615//3073 2381//3073
f 2381//3074 2615//3074 2603//3074
f 2381//3075 2603//3075 2383//3075
f 2383//3076 2603//3076 2552//3076
f 2383//3077 2552//3077 2306//3077
f 2616//3078 2546//3078 2548//3078
f 2617//3079 2544//3079 2546//3079
f 2546//3080 2616//3080 2617//3080
f 2617//3081 2616//3081 2618//3081
f 2617//3082 2618//3082 2619//3082
f 2619//3083 2618//3083 2620//3083
f 2619//3084 2620//3084 2621//3084
f 2621//3085 2620//3085 2622//3085
f 2621//3086 2622//3086 2623//3086
f 2623//3087 2622//3087 2624//3087
f 2623//3088 2624//3088 2625//3088
f 2625//3089 2624//3089 2626//3089
f 2625//3090 2626//3090 2627//3090
f 2627//3091 2626//3091 2628//3091
f 2627//3092 2628//3092 2629//3092
f 2629//3093 2628//3093 2630//3093
f 2629//3094 2630//3094 2631//3094
f 2631//3095 2630//3095 2632//3095
f 2631//3096 2632//3096 2633//3096
f 2633//3097 2632//3097 2634//3097
f 2633//3098 2634//3098 2635//3098
f 2635//3099 2634//3099 2636//3099
f 2635//3100 2636//3100 2637//3100
f 2637//3101 2636//3101 2638//3101
f 2637//3102 2638//3102 2639//3102
f 2639//3103 2638//3103 2640//3103
f 2639//3104 2640//3104 2641//3104
f 2598//3105 2641//3105 2599//3105
f 2599//3106 2641//3106 2640//3106
f 2599//3107 2640//3107 2600//3107
f 2600//3108 2640//3108 2601//3108
f 2602//3109 2601//3109 2604//3109
f 2604//3110 2601//3110 2640//3110
f 2604//3111 2640//3111 2605//3111
f 2605//3112 2640//3112 2638//3112
f 2605//3113 2638//3113 2606//3113
f 2606//3114 2638//3114 2636//3114
f 2606//3115 2636//3115 2607//3115
f 2607//3116 2636//3116 2634//3116
f 2607//3117 2634//3117 2608//3117
f 2608//3118 2634//3118 2632//3118
f 2608//3119 2632//3119 2609//3119
f 2609//3120 2632//3120 2630//3120
f 2609//3121 2630//3121 2610//3121
f 2610//3122 2630//3122 2628//3122
f 2610//3123 2628//3123 2611//3123
f 2611//3124 2628//3124 2626//3124
f 2611//3125 2626//3125 2612//3125
f 2612//3126 2626//3126 2624//3126
f 2612//3127 2624//3127 2613//3127
f 2613//3128 2624//3128 2622//3128
f 2613//3129 2622//3129 2614//3129
f 2614//3130 2622//3130 2620//3130
f 2614//3131 2620//3131 2615//3131
f 2615//3132 2620//3132 2618//3132
f 2615//3133 2618//3133 2603//3133
f 2603//3134 2618//3134 2616//3134
f 2603//3135 2616//3135 2553//3135
f 2553//3136 2616//3136 2548//3136
f 2642//3137 2643//3137 2644//3137
f 2642//3138 2644//3138 2645//3138
f 2645//3139 2644//3139 2646//3139
f 2645//3140 2646//3140 2647//3140
f 2647//3141 2646//3141 2648//3141
f 2647//3142 2648//3142 2649//3142
f 2649//3143 2648//3143 2650//3143
f 2649//3144 2650//3144 2651//3144
f 1986//1408 2195//1408 2192//1408
f 1948//1408 2652//1408 1959//1408
f 1959//1408 2652//1408 2651//1408
f 1959//1408 2651//1408 1960//1408
f 2191//1408 2188//1408 1950//1408
f 1950//1408 2188//1408 1996//1408
f 2192//1408 1960//1408 1986//1408
f 1986//1408 1960//1408 2651//1408
f 1986//1408 2651//1408 1984//1408
f 1984//1408 2651//1408 2650//1408
f 1984//1408 2650//1408 1995//1408
f 1995//1408 2650//1408 2653//1408
f 1995//1408 2653//1408 1996//1408
f 1996//1408 2653//1408 2652//1408
f 1996//1408 2652//1408 1950//1408
f 1950//1408 2652//1408 1948//1408
f 2652//3145 2653//3145 2654//3145
f 2652//3146 2654//3146 2655//3146
f 2655//3147 2654//3147 2656//3147
f 2655//3148 2656//3148 2657//3148
f 2657//3149 2656//3149 2658//3149
f 2657//3150 2658//3150 2659//3150
f 2659//3151 2658//3151 2660//3151
f 2659//3152 2660//3152 2661//3152
f 2662//2694 2663//2694 2660//2694
f 2660//2694 2663//2694 2661//2694
f 2642//2695 2664//2695 2643//2695
f 2643//2695 2664//2695 2665//2695
f 2663//3153 2662//3153 2666//3153
f 2663//3154 2666//3154 2667//3154
f 2667//3155 2666//3155 2668//3155
f 2667//3156 2668//3156 2669//3156
f 2669//3157 2668//3157 2670//3157
f 2669//3158 2670//3158 2671//3158
f 2671//3159 2670//3159 2672//3159
f 2671//3160 2672//3160 2673//3160
f 2510//1306 2509//1306 2661//1306
f 2460//1306 2459//1306 2664//1306
f 2664//1306 2459//1306 2674//1306
f 2674//1306 2459//1306 2457//1306
f 2674//1306 2457//1306 2456//1306
f 2487//1306 2671//1306 2488//1306
f 2488//1306 2671//1306 2673//1306
f 2487//1306 2493//1306 2671//1306
f 2671//1306 2493//1306 2492//1306
f 2671//1306 2492//1306 2669//1306
f 2669//1306 2492//1306 2490//1306
f 2490//1306 2489//1306 2669//1306
f 2669//1306 2489//1306 2494//1306
f 2669//1306 2494//1306 2667//1306
f 2667//1306 2494//1306 2496//1306
f 2661//1306 2509//1306 2659//1306
f 2659//1306 2509//1306 2507//1306
f 2659//1306 2507//1306 2506//1306
f 2468//1306 2675//1306 2464//1306
f 2464//1306 2675//1306 2674//1306
f 2464//1306 2674//1306 2462//1306
f 2462//1306 2674//1306 2456//1306
f 2518//1306 2657//1306 2514//1306
f 2514//1306 2657//1306 2659//1306
f 2514//1306 2659//1306 2512//1306
f 2512//1306 2659//1306 2506//1306
f 2446//1306 2645//1306 2444//1306
f 2444//1306 2645//1306 2647//1306
f 2444//1306 2647//1306 2439//1306
f 2496//1306 2498//1306 2667//1306
f 2667//1306 2498//1306 2499//1306
f 2667//1306 2499//1306 2663//1306
f 2663//1306 2499//1306 2501//1306
f 2501//1306 2502//1306 2663//1306
f 2663//1306 2502//1306 2504//1306
f 2663//1306 2504//1306 2661//1306
f 2661//1306 2504//1306 2511//1306
f 2661//1306 2511//1306 2510//1306
f 2469//1306 2676//1306 2466//1306
f 2466//1306 2676//1306 2675//1306
f 2466//1306 2675//1306 2467//1306
f 2467//1306 2675//1306 2468//1306
f 2519//1306 2655//1306 2516//1306
f 2516//1306 2655//1306 2657//1306
f 2516//1306 2657//1306 2517//1306
f 2517//1306 2657//1306 2518//1306
f 2443//1306 2442//1306 2649//1306
f 2469//1306 2471//1306 2676//1306
f 2676//1306 2471//1306 2475//1306
f 2676//1306 2475//1306 2677//1306
f 2677//1306 2475//1306 2474//1306
f 2474//1306 2473//1306 2677//1306
f 2677//1306 2473//1306 2476//1306
f 2677//1306 2476//1306 2673//1306
f 2673//1306 2476//1306 2480//1306
f 2673//1306 2480//1306 2488//1306
f 2446//1306 2448//1306 2645//1306
f 2645//1306 2448//1306 2449//1306
f 2645//1306 2449//1306 2642//1306
f 2642//1306 2449//1306 2451//1306
f 2451//1306 2452//1306 2642//1306
f 2642//1306 2452//1306 2454//1306
f 2642//1306 2454//1306 2664//1306
f 2664//1306 2454//1306 2461//1306
f 2664//1306 2461//1306 2460//1306
f 2519//1306 2521//1306 2655//1306
f 2655//1306 2521//1306 2525//1306
f 2655//1306 2525//1306 2652//1306
f 2652//1306 2525//1306 2524//1306
f 2649//1306 2442//1306 2647//1306
f 2647//1306 2442//1306 2440//1306
f 2647//1306 2440//1306 2439//1306
f 2524//1306 2523//1306 2652//1306
f 2652//1306 2523//1306 2526//1306
f 2652//1306 2526//1306 2651//1306
f 2526//1306 2435//1306 2651//1306
f 2651//1306 2435//1306 2436//1306
f 2651//1306 2436//1306 2649//1306
f 2649//1306 2436//1306 2437//1306
f 2649//1306 2437//1306 2443//1306
f 2677//3161 2678//3161 2679//3161
f 2677//3162 2679//3162 2676//3162
f 2676//3163 2679//3163 2680//3163
f 2676//3164 2680//3164 2675//3164
f 2675//3165 2680//3165 2681//3165
f 2675//3166 2681//3166 2674//3166
f 2674//3167 2681//3167 2665//3167
f 2674//3168 2665//3168 2664//3168
f 2646//1353 2577//1353 2648//1353
f 2648//1353 2577//1353 2579//1353
f 2648//1353 2579//1353 2650//1353
f 2653//1353 2617//1353 2654//1353
f 2654//1353 2617//1353 2619//1353
f 2654//1353 2619//1353 2656//1353
f 2579//1353 2581//1353 2650//1353
f 2650//1353 2581//1353 2545//1353
f 2650//1353 2545//1353 2653//1353
f 2653//1353 2545//1353 2544//1353
f 2653//1353 2544//1353 2617//1353
f 2680//1353 2563//1353 2681//1353
f 2681//1353 2563//1353 2565//1353
f 2681//1353 2565//1353 2665//1353
f 2619//1353 2621//1353 2656//1353
f 2656//1353 2621//1353 2623//1353
f 2656//1353 2623//1353 2658//1353
f 2658//1353 2623//1353 2625//1353
f 2658//1353 2625//1353 2660//1353
f 2565//1353 2567//1353 2665//1353
f 2665//1353 2567//1353 2569//1353
f 2665//1353 2569//1353 2643//1353
f 2643//1353 2569//1353 2571//1353
f 2643//1353 2571//1353 2644//1353
f 2644//1353 2571//1353 2573//1353
f 2644//1353 2573//1353 2646//1353
f 2646//1353 2573//1353 2575//1353
f 2646//1353 2575//1353 2577//1353
f 2625//1353 2627//1353 2660//1353
f 2660//1353 2627//1353 2629//1353
f 2660//1353 2629//1353 2662//1353
f 2662//1353 2629//1353 2631//1353
f 2662//1353 2631//1353 2666//1353
f 2666//1353 2631//1353 2633//1353
f 2666//1353 2633//1353 2668//1353
f 2633//1353 2635//1353 2668//1353
f 2668//1353 2635//1353 2637//1353
f 2668//1353 2637//1353 2670//1353
f 2670//1353 2637//1353 2639//1353
f 2670//1353 2639//1353 2672//1353
f 2639//1353 2641//1353 2672//1353
f 2672//1353 2641//1353 2598//1353
f 2672//1353 2598//1353 2678//1353
f 2598//1353 2554//1353 2678//1353
f 2678//1353 2554//1353 2557//1353
f 2678//1353 2557//1353 2679//1353
f 2679//1353 2557//1353 2559//1353
f 2679//1353 2559//1353 2680//1353
f 2680//1353 2559//1353 2561//1353
f 2680//1353 2561//1353 2563//1353
f 2673//3169 2672//3169 2677//3169
f 2677//3169 2672//3169 2678//3169
# Vertices: 2681, normals: 3169, texture coordinates: 0, faces: 5352

