# File generated by ImageToStl.com - Free Image and 3D model conversion tools

o obj1
v 2.462E-05 -0.0012655 -0.003
v -0.00029087 -0.00123187 -0.003
v -0 -0 -0.003
v 0.00088424 -0.00090565 -0.003
v 0.00063124 -0.0010971 -0.003
v 0.00033857 -0.00121962 -0.003
v 0.00126455 -5.489E-05 -0.003
v 0.00121117 -0.00036764 -0.003
v 0.00108169 -0.0006573 -0.003
v 0.00095939 0.00082563 -0.003
v 0.00113458 0.0005611 -0.003
v 0.00123847 0.00026132 -0.003
v 0.00013418 0.00125861 -0.003
v 0.00044297 0.0011857 -0.003
v 0.00072392 0.00103828 -0.003
v -0.00076376 0.00100934 -0.003
v -0.00048876 0.00116757 -0.003
v -0.00018304 0.00125244 -0.003
v -0.0012477 0.00021294 -0.003
v -0.00115554 0.00051654 -0.003
v -0.00099078 0.00078769 -0.003
v -0.0010553 -0.00069888 -0.003
v -0.00119595 -0.00041448 -0.003
v -0.00126146 -0.00010404 -0.003
v -0.00058808 -0.00112083 -0.003
v -0.00084835 -0.00093937 -0.003
v -6.411E-05 -0.00148977 -0.00286475
v -0.0003447 -0.00145986 -0.00286475
v -0.00043258 -0.00142702 -0.00286475
v -0.00069692 -0.00132827 -0.00286475
v -0.00077388 -0.00127461 -0.00286475
v -0.00100535 -0.00111322 -0.00286475
v -0.00106655 -0.00104211 -0.00286475
v -0.00125062 -0.00082823 -0.00286475
v -0.0012922 -0.00074413 -0.00286475
v -0.0014173 -0.00049119 -0.00286475
v -0.00143667 -0.0003994 -0.00286475
v -0.00149492 -0.00012329 -0.00286475
v -0.00149972 -2.918E-05 -0.00286475
v -0.00147862 0.00025236 -0.00286475
v -0.00145137 0.00034212 -0.00286475
v -0.00136941 0.00061214 -0.00286475
v -0.00132069 0.00069232 -0.00286475
v -0.00117415 0.00093347 -0.00286475
v -0.00110703 0.00099901 -0.00286475
v -0.00090512 0.00119614 -0.00286475
v -0.0008238 0.00124293 -0.00286475
v -0.00057921 0.00138366 -0.00286475
v -0.00048882 0.00140875 -0.00286475
v -0.00021691 0.00148423 -0.00286475
v -0.00012312 0.00148606 -0.00286475
v 0.00015901 0.00149155 -0.00286475
v 0.00025032 0.00146999 -0.00286475
v 0.00052495 0.00140514 -0.00286475
v 0.00060802 0.00136156 -0.00286475
v 0.0008579 0.00123045 -0.00286475
v 0.00092753 0.00116757 -0.00286475
v 0.00113695 0.00097844 -0.00286475
v 0.00118875 0.00090022 -0.00286475
v 0.00134456 0.00066495 -0.00286475
v 0.00137528 0.00057631 -0.00286475
v 0.00146768 0.00030968 -0.00286475
v 0.0014754 0.00021619 -0.00286475
v 0.00149859 -6.505E-05 -0.00286475
v 0.00148281 -0.00015752 -0.00286475
v 0.00143533 -0.00043569 -0.00286475
v 0.00139705 -0.00052133 -0.00286475
v 0.00128189 -0.00077895 -0.00286475
v 0.00122351 -0.00085239 -0.00286475
v 0.0010479 -0.00107327 -0.00286475
v 0.00097309 -0.00112988 -0.00286475
v 0.00074806 -0.00130015 -0.00286475
v 0.00066153 -0.00133638 -0.00286475
v 0.00040123 -0.00144534 -0.00286475
v 0.0003084 -0.00145891 -0.00286475
v 2.918E-05 -0.00149972 -0.00286475
v -0.00145112 0.00034321 -0.00281065
v -0.00143533 0.00043569 -0.00281065
v -0.00132017 0.0006933 -0.00281065
v -0.00128189 0.00077895 -0.00281065
v -0.00110628 0.00099984 -0.00281065
v -0.0010479 0.00107327 -0.00281065
v -0.00082287 0.00124354 -0.00281065
v -0.00074806 0.00130015 -0.00281065
v -0.00048777 0.00140912 -0.00281065
v -0.00040123 0.00144534 -0.00281065
v -0.00012201 0.00148615 -0.00281065
v -2.918E-05 0.00149972 -0.00281065
v 0.00025142 0.0014698 -0.00281065
v 0.0003447 0.00145986 -0.00281065
v 0.00060904 0.0013611 -0.00281065
v 0.00069692 0.00132827 -0.00281065
v 0.0009284 0.00116688 -0.00281065
v 0.00100535 0.00111322 -0.00281065
v 0.00118942 0.00089933 -0.00281065
v 0.00125062 0.00082823 -0.00281065
v 0.00137571 0.00057528 -0.00281065
v 0.0014173 0.00049119 -0.00281065
v 0.00147556 0.00021508 -0.00281065
v 0.00149492 0.00012329 -0.00281065
v 0.00148269 -0.00015863 -0.00281065
v 0.00147862 -0.00025236 -0.00281065
v 0.00139666 -0.00052238 -0.00281065
v 0.00136941 -0.00061214 -0.00281065
v 0.00122287 -0.0008533 -0.00281065
v 0.00117415 -0.00093347 -0.00281065
v 0.00097224 -0.00113061 -0.00281065
v 0.00090512 -0.00119614 -0.00281065
v 0.00066053 -0.00133687 -0.00281065
v 0.00057921 -0.00138366 -0.00281065
v 0.00030731 -0.00145914 -0.00281065
v 0.00021691 -0.00148423 -0.00281065
v -6.522E-05 -0.00148972 -0.00281065
v -0.00015901 -0.00149155 -0.00281065
v -0.00043365 -0.0014267 -0.00281065
v -0.00052495 -0.00140514 -0.00281065
v -0.00077483 -0.00127404 -0.00281065
v -0.0008579 -0.00123045 -0.00281065
v -0.00106733 -0.00104132 -0.00281065
v -0.00113695 -0.00097844 -0.00281065
v -0.00129276 -0.00074317 -0.00281065
v -0.00134456 -0.00066495 -0.00281065
v -0.00143696 -0.00039832 -0.00281065
v -0.00146768 -0.00030968 -0.00281065
v -0.00149972 -2.918E-05 -0.00281065
v -0.00149859 6.505E-05 -0.00281065
v 0.00043947 0.00117635 -0.0026754
v 0.00058808 0.00112083 -0.0026754
v 0.00071821 0.0010301 -0.0026754
v 0.00084835 0.00093937 -0.0026754
v 0.00095182 0.00081912 -0.0026754
v 0.0010553 0.00069888 -0.0026754
v 0.00112563 0.00055668 -0.0026754
v 0.00119595 0.00041448 -0.0026754
v 0.00125957 -5.451E-05 -0.0026754
v 0.0012477 -0.00021294 -0.0026754
v 0.00120162 -0.00036474 -0.0026754
v 0.00115554 -0.00051654 -0.0026754
v 0.00107316 -0.00065212 -0.0026754
v 0.00099078 -0.00078769 -0.0026754
v 0.00087727 -0.00089851 -0.0026754
v 0.00076376 -0.00100934 -0.0026754
v 0.00062626 -0.00108845 -0.0026754
v 0.00048876 -0.00116757 -0.0026754
v 0.0003359 -0.00121 -0.0026754
v 0.00018304 -0.00125244 -0.0026754
v 2.443E-05 -0.00125552 -0.0026754
v -0.00013418 -0.00125861 -0.0026754
v -0.00028857 -0.00122215 -0.0026754
v -0.00044297 -0.0011857 -0.0026754
v -0.00058345 -0.00111199 -0.0026754
v -0.00072392 -0.00103828 -0.0026754
v -0.00084166 -0.00093196 -0.0026754
v -0.00095939 -0.00082563 -0.0026754
v -0.00104698 -0.00069337 -0.0026754
v -0.00113458 -0.0005611 -0.0026754
v -0.00118652 -0.00041121 -0.0026754
v -0.00123847 -0.00026132 -0.0026754
v -0.00123786 0.00021127 -0.0026754
v -0.00121117 0.00036764 -0.0026754
v -0.00114643 0.00051247 -0.0026754
v -0.00108169 0.0006573 -0.0026754
v -0.00098297 0.00078148 -0.0026754
v -0.00088424 0.00090565 -0.0026754
v -0.00075774 0.00100138 -0.0026754
v -0.00063124 0.0010971 -0.0026754
v -0.0004849 0.00115836 -0.0026754
v -0.00033857 0.00121962 -0.0026754
v -0.00018159 0.00124256 -0.0026754
v -2.462E-05 0.0012655 -0.0026754
v -0.00126455 5.489E-05 -0.0026754
v -0.00125151 -0.00010322 -0.0026754
v 0.0012655 2.462E-05 -0.0026754
v 0.00126146 0.00010404 -0.0026754
v 0.00122871 0.00025926 -0.0026754
v 0.00029087 0.00123187 -0.0026754
v 0.00013312 0.00124868 -0.0026754
v 0.00149859 -6.505E-05 -0.00254015
v 0.0014754 0.00021619 -0.00254015
v 0.00146768 0.00030968 -0.00254015
v 0.00137528 0.00057631 -0.00254015
v 0.00134456 0.00066495 -0.00254015
v 0.00118875 0.00090022 -0.00254015
v 0.00113695 0.00097844 -0.00254015
v 0.00092753 0.00116757 -0.00254015
v 0.0008579 0.00123045 -0.00254015
v 0.00060802 0.00136156 -0.00254015
v 0.00052495 0.00140514 -0.00254015
v 0.00025032 0.00146999 -0.00254015
v 0.00015901 0.00149155 -0.00254015
v -0.00012312 0.00148606 -0.00254015
v -0.00021691 0.00148423 -0.00254015
v -0.00048882 0.00140875 -0.00254015
v -0.00057921 0.00138366 -0.00254015
v -0.0008238 0.00124293 -0.00254015
v -0.00090512 0.00119614 -0.00254015
v -0.00110703 0.00099901 -0.00254015
v -0.00117415 0.00093347 -0.00254015
v -0.00132069 0.00069232 -0.00254015
v -0.00136941 0.00061214 -0.00254015
v -0.00145137 0.00034212 -0.00254015
v -0.00147862 0.00025236 -0.00254015
v -0.00149972 -2.918E-05 -0.00254015
v -0.00149492 -0.00012329 -0.00254015
v -0.00143667 -0.0003994 -0.00254015
v -0.0014173 -0.00049119 -0.00254015
v -0.0012922 -0.00074413 -0.00254015
v -0.00125062 -0.00082823 -0.00254015
v -0.00106655 -0.00104211 -0.00254015
v -0.00100535 -0.00111322 -0.00254015
v -0.00077388 -0.00127461 -0.00254015
v -0.00069692 -0.00132827 -0.00254015
v -0.00043258 -0.00142702 -0.00254015
v -0.0003447 -0.00145986 -0.00254015
v -6.411E-05 -0.00148977 -0.00254015
v 2.918E-05 -0.00149972 -0.00254015
v 0.0003084 -0.00145891 -0.00254015
v 0.00040123 -0.00144534 -0.00254015
v 0.00066153 -0.00133638 -0.00254015
v 0.00074806 -0.00130015 -0.00254015
v 0.00097309 -0.00112988 -0.00254015
v 0.0010479 -0.00107327 -0.00254015
v 0.00122351 -0.00085239 -0.00254015
v 0.00128189 -0.00077895 -0.00254015
v 0.00139705 -0.00052133 -0.00254015
v 0.00143533 -0.00043569 -0.00254015
v 0.00148281 -0.00015752 -0.00254015
v -0.00145112 0.00034321 -0.00248605
v -0.00143533 0.00043569 -0.00248605
v -0.00132017 0.0006933 -0.00248605
v -0.00128189 0.00077895 -0.00248605
v -0.00110628 0.00099984 -0.00248605
v -0.0010479 0.00107327 -0.00248605
v -0.00082287 0.00124354 -0.00248605
v -0.00074806 0.00130015 -0.00248605
v -0.00048777 0.00140912 -0.00248605
v -0.00040123 0.00144534 -0.00248605
v -0.00012201 0.00148615 -0.00248605
v -2.918E-05 0.00149972 -0.00248605
v 0.00025142 0.0014698 -0.00248605
v 0.0003447 0.00145986 -0.00248605
v 0.00060904 0.0013611 -0.00248605
v 0.00069692 0.00132827 -0.00248605
v 0.0009284 0.00116688 -0.00248605
v 0.00100535 0.00111322 -0.00248605
v 0.00118942 0.00089933 -0.00248605
v 0.00125062 0.00082823 -0.00248605
v 0.00137571 0.00057528 -0.00248605
v 0.0014173 0.00049119 -0.00248605
v 0.00147556 0.00021508 -0.00248605
v 0.00149492 0.00012329 -0.00248605
v 0.00148269 -0.00015863 -0.00248605
v 0.00147862 -0.00025236 -0.00248605
v 0.00139666 -0.00052238 -0.00248605
v 0.00136941 -0.00061214 -0.00248605
v 0.00122287 -0.0008533 -0.00248605
v 0.00117415 -0.00093347 -0.00248605
v 0.00097224 -0.00113061 -0.00248605
v 0.00090512 -0.00119614 -0.00248605
v 0.00066053 -0.00133687 -0.00248605
v 0.00057921 -0.00138366 -0.00248605
v 0.00030731 -0.00145914 -0.00248605
v 0.00021691 -0.00148423 -0.00248605
v -6.522E-05 -0.00148972 -0.00248605
v -0.00015901 -0.00149155 -0.00248605
v -0.00043365 -0.0014267 -0.00248605
v -0.00052495 -0.00140514 -0.00248605
v -0.00077483 -0.00127404 -0.00248605
v -0.0008579 -0.00123045 -0.00248605
v -0.00106733 -0.00104132 -0.00248605
v -0.00113695 -0.00097844 -0.00248605
v -0.00129276 -0.00074317 -0.00248605
v -0.00134456 -0.00066495 -0.00248605
v -0.00143696 -0.00039832 -0.00248605
v -0.00146768 -0.00030968 -0.00248605
v -0.00149972 -2.918E-05 -0.00248605
v -0.00149859 6.505E-05 -0.00248605
v 0.00029087 0.00123187 -0.0023508
v 0.00036502 0.00120416 -0.0023508
v 0.00058808 0.00112083 -0.0023508
v 0.00065302 0.00107555 -0.0023508
v 0.00084835 0.00093937 -0.0023508
v 0.00089998 0.00087936 -0.0023508
v 0.0010553 0.00069888 -0.0023508
v 0.0010904 0.00062792 -0.0023508
v 0.00119595 0.00041448 -0.0023508
v 0.0012123 0.00033702 -0.0023508
v 0.00126146 0.00010404 -0.0023508
v 0.0012655 2.462E-05 -0.0023508
v 0.0012477 -0.00021294 -0.0023508
v 0.00122471 -0.00028869 -0.0023508
v 0.00115554 -0.00051654 -0.0023508
v 0.00111443 -0.0005842 -0.0023508
v 0.00099078 -0.00078769 -0.0023508
v 0.00093414 -0.00084299 -0.0023508
v 0.00076376 -0.00100934 -0.0023508
v 0.00069515 -0.00104882 -0.0023508
v 0.00048876 -0.00116757 -0.0023508
v 0.00041248 -0.00118874 -0.0023508
v 0.00018304 -0.00125244 -0.0023508
v 0.00010389 -0.00125398 -0.0023508
v -0.00013418 -0.00125861 -0.0023508
v -0.00021122 -0.00124042 -0.0023508
v -0.00044297 -0.0011857 -0.0023508
v -0.00051307 -0.00114892 -0.0023508
v -0.00072392 -0.00103828 -0.0023508
v -0.00078267 -0.00098523 -0.0023508
v -0.00095939 -0.00082563 -0.0023508
v -0.0010031 -0.00075963 -0.0023508
v -0.00113458 -0.0005611 -0.0023508
v -0.0011605 -0.00048631 -0.0023508
v -0.00123847 -0.00026132 -0.0023508
v -0.00124498 -0.00018242 -0.0023508
v -0.00126455 5.489E-05 -0.0023508
v -0.00125123 0.00013292 -0.0023508
v -0.00121117 0.00036764 -0.0023508
v -0.00117887 0.00043991 -0.0023508
v -0.00108169 0.0006573 -0.0023508
v -0.00103243 0.00071927 -0.0023508
v -0.00088424 0.00090565 -0.0023508
v -0.00082112 0.00095342 -0.0023508
v -0.00063124 0.0010971 -0.0023508
v -0.00055821 0.00112767 -0.0023508
v -0.00033857 0.00121962 -0.0023508
v -0.00026024 0.00123107 -0.0023508
v -2.462E-05 0.0012655 -0.0023508
v 5.409E-05 0.00125711 -0.0023508
v 0.00147979 -0.00015776 -0.00221555
v 0.00145986 -0.0003447 -0.00221555
v 0.00139406 -0.00052081 -0.00221555
v 0.00132827 -0.00069692 -0.00221555
v 0.00122075 -0.00085114 -0.00221555
v 0.00111322 -0.00100535 -0.00221555
v 0.00097072 -0.00112799 -0.00221555
v 0.00082823 -0.00125062 -0.00221555
v 0.00065971 -0.00133396 -0.00221555
v 0.00049119 -0.0014173 -0.00221555
v 0.00030724 -0.00145611 -0.00221555
v 0.00012329 -0.00149492 -0.00221555
v -6.453E-05 -0.00148677 -0.00221555
v -0.00025236 -0.00147862 -0.00221555
v -0.00043225 -0.00142401 -0.00221555
v -0.00061214 -0.00136941 -0.00221555
v -0.00077281 -0.00127178 -0.00221555
v -0.00093347 -0.00117415 -0.00221555
v -0.00106481 -0.00103963 -0.00221555
v -0.00119614 -0.00090512 -0.00221555
v -0.0012899 -0.00074217 -0.00221555
v -0.00138366 -0.00057921 -0.00221555
v -0.00143395 -0.00039806 -0.00221555
v -0.00148423 -0.00021691 -0.00221555
v -0.00149972 -2.918E-05 -0.00221555
v -0.00149155 0.00015901 -0.00221555
v -0.00144835 0.00034198 -0.00221555
v -0.00140514 0.00052495 -0.00221555
v -0.0013178 0.00069143 -0.00221555
v -0.00123045 0.0008579 -0.00221555
v -0.00110444 0.00099743 -0.00221555
v -0.00097844 0.00113695 -0.00221555
v -0.0008217 0.00124076 -0.00221555
v -0.00066495 0.00134456 -0.00221555
v -0.00048732 0.00140612 -0.00221555
v -0.00030968 0.00146768 -0.00221555
v -0.00012232 0.00148314 -0.00221555
v 6.505E-05 0.00149859 -0.00221555
v 0.00025037 0.00146696 -0.00221555
v 0.00043569 0.00143533 -0.00221555
v 0.00060732 0.00135861 -0.00221555
v 0.00077895 0.00128189 -0.00221555
v 0.00092611 0.00116489 -0.00221555
v 0.00107327 0.0010479 -0.00221555
v 0.00118671 0.00089798 -0.00221555
v 0.00130015 0.00074806 -0.00221555
v 0.00137275 0.00057465 -0.00221555
v 0.00144534 0.00040123 -0.00221555
v 0.00147253 0.0002152 -0.00221555
v 0.00149972 2.918E-05 -0.00221555
v -0.00146768 -0.00030968 -0.00216145
v -0.00143696 -0.00039832 -0.00216145
v -0.00129276 -0.00074317 -0.00216145
v -0.00134456 -0.00066495 -0.00216145
v -0.00106733 -0.00104132 -0.00216145
v -0.00113695 -0.00097844 -0.00216145
v -0.00077483 -0.00127404 -0.00216145
v -0.0008579 -0.00123045 -0.00216145
v -0.00043365 -0.0014267 -0.00216145
v -0.00052495 -0.00140514 -0.00216145
v -6.522E-05 -0.00148972 -0.00216145
v -0.00015901 -0.00149155 -0.00216145
v 0.00030731 -0.00145914 -0.00216145
v 0.00021691 -0.00148423 -0.00216145
v 0.00066053 -0.00133687 -0.00216145
v 0.00057921 -0.00138366 -0.00216145
v 0.00097224 -0.00113061 -0.00216145
v 0.00090512 -0.00119614 -0.00216145
v 0.00122287 -0.0008533 -0.00216145
v 0.00117415 -0.00093347 -0.00216145
v 0.00139666 -0.00052238 -0.00216145
v 0.00136941 -0.00061214 -0.00216145
v 0.00148269 -0.00015863 -0.00216145
v 0.00147862 -0.00025236 -0.00216145
v 0.00147556 0.00021508 -0.00216145
v 0.00149492 0.00012329 -0.00216145
v 0.00137571 0.00057528 -0.00216145
v 0.0014173 0.00049119 -0.00216145
v 0.00118942 0.00089933 -0.00216145
v 0.00125062 0.00082823 -0.00216145
v 0.0009284 0.00116688 -0.00216145
v 0.00100535 0.00111322 -0.00216145
v 0.00060904 0.0013611 -0.00216145
v 0.00069692 0.00132827 -0.00216145
v 0.00025142 0.0014698 -0.00216145
v 0.0003447 0.00145986 -0.00216145
v -0.00048777 0.00140912 -0.00216145
v -0.00040123 0.00144534 -0.00216145
v -2.918E-05 0.00149972 -0.00216145
v -0.00012201 0.00148615 -0.00216145
v -0.00082287 0.00124354 -0.00216145
v -0.00074806 0.00130015 -0.00216145
v -0.00110628 0.00099984 -0.00216145
v -0.0010479 0.00107327 -0.00216145
v -0.00132017 0.0006933 -0.00216145
v -0.00128189 0.00077895 -0.00216145
v -0.00145112 0.00034321 -0.00216145
v -0.00143533 0.00043569 -0.00216145
v -0.00149972 -2.918E-05 -0.00216145
v -0.00149859 6.505E-05 -0.00216145
v 0.00043947 0.00117635 -0.0020262
v 0.00058808 0.00112083 -0.0020262
v 0.00071821 0.0010301 -0.0020262
v 0.00084835 0.00093937 -0.0020262
v 0.00095182 0.00081912 -0.0020262
v 0.0010553 0.00069888 -0.0020262
v 0.00112563 0.00055668 -0.0020262
v 0.00119595 0.00041448 -0.0020262
v 0.00125957 -5.451E-05 -0.0020262
v 0.0012477 -0.00021294 -0.0020262
v 0.00120162 -0.00036474 -0.0020262
v 0.00115554 -0.00051654 -0.0020262
v 0.00107316 -0.00065212 -0.0020262
v 0.00099078 -0.00078769 -0.0020262
v 0.00087727 -0.00089851 -0.0020262
v 0.00076376 -0.00100934 -0.0020262
v 0.00062626 -0.00108845 -0.0020262
v 0.00048876 -0.00116757 -0.0020262
v 0.0003359 -0.00121 -0.0020262
v 0.00018304 -0.00125244 -0.0020262
v 2.443E-05 -0.00125552 -0.0020262
v -0.00013418 -0.00125861 -0.0020262
v -0.00028857 -0.00122215 -0.0020262
v -0.00044297 -0.0011857 -0.0020262
v -0.00058345 -0.00111199 -0.0020262
v -0.00072392 -0.00103828 -0.0020262
v -0.00084166 -0.00093196 -0.0020262
v -0.00095939 -0.00082563 -0.0020262
v -0.00104698 -0.00069337 -0.0020262
v -0.00113458 -0.0005611 -0.0020262
v -0.00118652 -0.00041121 -0.0020262
v -0.00123847 -0.00026132 -0.0020262
v -0.00123786 0.00021127 -0.0020262
v -0.00121117 0.00036764 -0.0020262
v -0.00114643 0.00051247 -0.0020262
v -0.00108169 0.0006573 -0.0020262
v -0.00098297 0.00078148 -0.0020262
v -0.00088424 0.00090565 -0.0020262
v -0.00075774 0.00100138 -0.0020262
v -0.00063124 0.0010971 -0.0020262
v -0.0004849 0.00115836 -0.0020262
v -0.00033857 0.00121962 -0.0020262
v -0.00018159 0.00124256 -0.0020262
v -2.462E-05 0.0012655 -0.0020262
v -0.00126455 5.489E-05 -0.0020262
v -0.00125151 -0.00010322 -0.0020262
v 0.0012655 2.462E-05 -0.0020262
v 0.00126146 0.00010404 -0.0020262
v 0.00122871 0.00025926 -0.0020262
v 0.00029087 0.00123187 -0.0020262
v 0.00013312 0.00124868 -0.0020262
v 0.00149859 -6.505E-05 -0.00189095
v 0.0014754 0.00021619 -0.00189095
v 0.00146768 0.00030968 -0.00189095
v 0.00137528 0.00057631 -0.00189095
v 0.00134456 0.00066495 -0.00189095
v 0.00118875 0.00090022 -0.00189095
v 0.00113695 0.00097844 -0.00189095
v 0.00092753 0.00116757 -0.00189095
v 0.0008579 0.00123045 -0.00189095
v 0.00060802 0.00136156 -0.00189095
v 0.00052495 0.00140514 -0.00189095
v 0.00025032 0.00146999 -0.00189095
v 0.00015901 0.00149155 -0.00189095
v -0.00012312 0.00148606 -0.00189095
v -0.00021691 0.00148423 -0.00189095
v -0.00048882 0.00140875 -0.00189095
v -0.00057921 0.00138366 -0.00189095
v -0.0008238 0.00124293 -0.00189095
v -0.00090512 0.00119614 -0.00189095
v -0.00110703 0.00099901 -0.00189095
v -0.00117415 0.00093347 -0.00189095
v -0.00132069 0.00069232 -0.00189095
v -0.00136941 0.00061214 -0.00189095
v -0.00145137 0.00034212 -0.00189095
v -0.00147862 0.00025236 -0.00189095
v -0.00149972 -2.918E-05 -0.00189095
v -0.00149492 -0.00012329 -0.00189095
v -0.00143667 -0.0003994 -0.00189095
v -0.0014173 -0.00049119 -0.00189095
v -0.0012922 -0.00074413 -0.00189095
v -0.00125062 -0.00082823 -0.00189095
v -0.00106655 -0.00104211 -0.00189095
v -0.00100535 -0.00111322 -0.00189095
v -0.00077388 -0.00127461 -0.00189095
v -0.00069692 -0.00132827 -0.00189095
v -0.00043258 -0.00142702 -0.00189095
v -0.0003447 -0.00145986 -0.00189095
v -6.411E-05 -0.00148977 -0.00189095
v 2.918E-05 -0.00149972 -0.00189095
v 0.0003084 -0.00145891 -0.00189095
v 0.00040123 -0.00144534 -0.00189095
v 0.00066153 -0.00133638 -0.00189095
v 0.00074806 -0.00130015 -0.00189095
v 0.00097309 -0.00112988 -0.00189095
v 0.0010479 -0.00107327 -0.00189095
v 0.00122351 -0.00085239 -0.00189095
v 0.00128189 -0.00077895 -0.00189095
v 0.00139705 -0.00052133 -0.00189095
v 0.00143533 -0.00043569 -0.00189095
v 0.00148281 -0.00015752 -0.00189095
v -0.00144534 -0.00040123 -0.00183685
v -0.00149972 -2.918E-05 -0.00183685
v -0.00130015 -0.00074806 -0.00183685
v -0.00107327 -0.0010479 -0.00183685
v -0.00077895 -0.00128189 -0.00183685
v -0.00043569 -0.00143533 -0.00183685
v -6.505E-05 -0.00149859 -0.00183685
v 0.00030968 -0.00146768 -0.00183685
v 0.00066495 -0.00134456 -0.00183685
v 0.00097844 -0.00113695 -0.00183685
v 0.00123045 -0.0008579 -0.00183685
v 0.00140514 -0.00052495 -0.00183685
v 0.00149155 -0.00015901 -0.00183685
v 0.00148423 0.00021691 -0.00183685
v 0.00138366 0.00057921 -0.00183685
v 0.00119614 0.00090512 -0.00183685
v 0.00093347 0.00117415 -0.00183685
v 0.00061214 0.00136941 -0.00183685
v 0.00025236 0.00147862 -0.00183685
v -0.00012329 0.00149492 -0.00183685
v -0.00049119 0.0014173 -0.00183685
v -0.00082823 0.00125062 -0.00183685
v -0.00111322 0.00100535 -0.00183685
v -0.00132827 0.00069692 -0.00183685
v -0.00145986 0.0003447 -0.00183685
v -0.00124256 -0.00018159 -0.0017016
v -0.00115836 -0.0004849 -0.0017016
v -0.00121962 -0.00033857 -0.0017016
v -0.00100138 -0.00075774 -0.0017016
v -0.0010971 -0.00063124 -0.0017016
v -0.00078148 -0.00098297 -0.0017016
v -0.00090565 -0.00088424 -0.0017016
v -0.00051247 -0.00114643 -0.0017016
v -0.0006573 -0.00108169 -0.0017016
v -0.00021127 -0.00123786 -0.0017016
v -0.00036764 -0.00121117 -0.0017016
v 0.00010322 -0.00125151 -0.0017016
v -5.489E-05 -0.00126455 -0.0017016
v 0.00041121 -0.00118652 -0.0017016
v 0.00026132 -0.00123847 -0.0017016
v 0.00069337 -0.00104698 -0.0017016
v 0.0005611 -0.00113458 -0.0017016
v 0.00093196 -0.00084166 -0.0017016
v 0.00082563 -0.00095939 -0.0017016
v 0.00111199 -0.00058345 -0.0017016
v 0.00103828 -0.00072392 -0.0017016
v 0.00122215 -0.00028857 -0.0017016
v 0.0011857 -0.00044297 -0.0017016
v 0.0012655 2.462E-05 -0.0017016
v 0.00125861 -0.00013418 -0.0017016
v 0.00108845 0.00062626 -0.0017016
v 0.00116757 0.00048876 -0.0017016
v 0.00121 0.0003359 -0.0017016
v 0.00125244 0.00018304 -0.0017016
v 0.00100934 0.00076376 -0.0017016
v 0.00089851 0.00087727 -0.0017016
v 0.00078769 0.00099078 -0.0017016
v 0.00065212 0.00107316 -0.0017016
v 0.00051654 0.00115554 -0.0017016
v 0.00036474 0.00120162 -0.0017016
v 0.00021294 0.0012477 -0.0017016
v 5.445E-05 0.00125458 -0.0017016
v -0.00010404 0.00126146 -0.0017016
v -0.00025926 0.00122871 -0.0017016
v -0.00041448 0.00119595 -0.0017016
v -0.00055668 0.00112563 -0.0017016
v -0.00069888 0.0010553 -0.0017016
v -0.00081912 0.00095182 -0.0017016
v -0.00093937 0.00084835 -0.0017016
v -0.0010301 0.00071821 -0.0017016
v -0.00112083 0.00058808 -0.0017016
v -0.0012655 -2.462E-05 -0.0017016
v -0.00124868 0.00013312 -0.0017016
v -0.00123187 0.00029087 -0.0017016
v -0.00117635 0.00043947 -0.0017016
v 0.00147253 0.0002152 -0.00156635
v 0.00149972 2.918E-05 -0.00156635
v 0.00147979 -0.00015776 -0.00156635
v 0.00145986 -0.0003447 -0.00156635
v 0.00139406 -0.00052081 -0.00156635
v 0.00132827 -0.00069692 -0.00156635
v 0.00122075 -0.00085114 -0.00156635
v 0.00111322 -0.00100535 -0.00156635
v 0.00097072 -0.00112799 -0.00156635
v 0.00082823 -0.00125062 -0.00156635
v 0.00065971 -0.00133396 -0.00156635
v 0.00049119 -0.0014173 -0.00156635
v 0.00030724 -0.00145611 -0.00156635
v 0.00012329 -0.00149492 -0.00156635
v -6.453E-05 -0.00148677 -0.00156635
v -0.00025236 -0.00147862 -0.00156635
v -0.00043225 -0.00142401 -0.00156635
v -0.00061214 -0.00136941 -0.00156635
v -0.00077281 -0.00127178 -0.00156635
v -0.00093347 -0.00117415 -0.00156635
v -0.00106481 -0.00103963 -0.00156635
v -0.00119614 -0.00090512 -0.00156635
v -0.0012899 -0.00074217 -0.00156635
v -0.00138366 -0.00057921 -0.00156635
v -0.00143395 -0.00039806 -0.00156635
v -0.00148423 -0.00021691 -0.00156635
v -0.00149972 -2.918E-05 -0.00156635
v -0.00149155 0.00015901 -0.00156635
v -0.00144835 0.00034198 -0.00156635
v -0.00140514 0.00052495 -0.00156635
v -0.0013178 0.00069143 -0.00156635
v -0.00123045 0.0008579 -0.00156635
v -0.00110444 0.00099743 -0.00156635
v -0.00097844 0.00113695 -0.00156635
v -0.0008217 0.00124076 -0.00156635
v -0.00066495 0.00134456 -0.00156635
v -0.00048732 0.00140612 -0.00156635
v -0.00030968 0.00146768 -0.00156635
v -0.00012232 0.00148314 -0.00156635
v 6.505E-05 0.00149859 -0.00156635
v 0.00025037 0.00146696 -0.00156635
v 0.00043569 0.00143533 -0.00156635
v 0.00060732 0.00135861 -0.00156635
v 0.00077895 0.00128189 -0.00156635
v 0.00092611 0.00116489 -0.00156635
v 0.00107327 0.0010479 -0.00156635
v 0.00118671 0.00089798 -0.00156635
v 0.00130015 0.00074806 -0.00156635
v 0.00137275 0.00057465 -0.00156635
v 0.00144534 0.00040123 -0.00156635
v -0.00144534 -0.00040123 -0.00151225
v -0.00149972 -2.918E-05 -0.00151225
v -0.00130015 -0.00074806 -0.00151225
v -0.00107327 -0.0010479 -0.00151225
v -0.00043569 -0.00143533 -0.00151225
v -0.00077895 -0.00128189 -0.00151225
v -6.505E-05 -0.00149859 -0.00151225
v 0.00066495 -0.00134456 -0.00151225
v 0.00030968 -0.00146768 -0.00151225
v 0.00123045 -0.0008579 -0.00151225
v 0.00097844 -0.00113695 -0.00151225
v 0.00149155 -0.00015901 -0.00151225
v 0.00140514 -0.00052495 -0.00151225
v 0.00138366 0.00057921 -0.00151225
v 0.00148423 0.00021691 -0.00151225
v 0.00119614 0.00090512 -0.00151225
v 0.00061214 0.00136941 -0.00151225
v 0.00093347 0.00117415 -0.00151225
v 0.00025236 0.00147862 -0.00151225
v -0.00012329 0.00149492 -0.00151225
v -0.00049119 0.0014173 -0.00151225
v -0.00082823 0.00125062 -0.00151225
v -0.00111322 0.00100535 -0.00151225
v -0.00132827 0.00069692 -0.00151225
v -0.00145986 0.0003447 -0.00151225
v -0.00124256 -0.00018159 -0.001377
v -0.00115836 -0.0004849 -0.001377
v -0.00121962 -0.00033857 -0.001377
v -0.00100138 -0.00075774 -0.001377
v -0.0010971 -0.00063124 -0.001377
v -0.00078148 -0.00098297 -0.001377
v -0.00090565 -0.00088424 -0.001377
v -0.00051247 -0.00114643 -0.001377
v -0.0006573 -0.00108169 -0.001377
v -0.00021127 -0.00123786 -0.001377
v -0.00036764 -0.00121117 -0.001377
v 0.00010322 -0.00125151 -0.001377
v -5.489E-05 -0.00126455 -0.001377
v 0.00041121 -0.00118652 -0.001377
v 0.00026132 -0.00123847 -0.001377
v 0.00069337 -0.00104698 -0.001377
v 0.0005611 -0.00113458 -0.001377
v 0.00093196 -0.00084166 -0.001377
v 0.00082563 -0.00095939 -0.001377
v 0.00111199 -0.00058345 -0.001377
v 0.00103828 -0.00072392 -0.001377
v 0.00122215 -0.00028857 -0.001377
v 0.0011857 -0.00044297 -0.001377
v 0.0012655 2.462E-05 -0.001377
v 0.00125861 -0.00013418 -0.001377
v 0.00108845 0.00062626 -0.001377
v 0.00116757 0.00048876 -0.001377
v 0.00121 0.0003359 -0.001377
v 0.00125244 0.00018304 -0.001377
v 0.00100934 0.00076376 -0.001377
v 0.00089851 0.00087727 -0.001377
v 0.00078769 0.00099078 -0.001377
v 0.00065212 0.00107316 -0.001377
v 0.00051654 0.00115554 -0.001377
v 0.00036474 0.00120162 -0.001377
v 0.00021294 0.0012477 -0.001377
v 5.445E-05 0.00125458 -0.001377
v -0.00010404 0.00126146 -0.001377
v -0.00025926 0.00122871 -0.001377
v -0.00041448 0.00119595 -0.001377
v -0.00055668 0.00112563 -0.001377
v -0.00069888 0.0010553 -0.001377
v -0.00081912 0.00095182 -0.001377
v -0.00093937 0.00084835 -0.001377
v -0.0010301 0.00071821 -0.001377
v -0.00112083 0.00058808 -0.001377
v -0.0012655 -2.462E-05 -0.001377
v -0.00124868 0.00013312 -0.001377
v -0.00123187 0.00029087 -0.001377
v -0.00117635 0.00043947 -0.001377
v 0.00147253 0.0002152 -0.00124175
v 0.00149972 2.918E-05 -0.00124175
v 0.00147979 -0.00015776 -0.00124175
v 0.00145986 -0.0003447 -0.00124175
v 0.00139406 -0.00052081 -0.00124175
v 0.00132827 -0.00069692 -0.00124175
v 0.00122075 -0.00085114 -0.00124175
v 0.00111322 -0.00100535 -0.00124175
v 0.00097072 -0.00112799 -0.00124175
v 0.00082823 -0.00125062 -0.00124175
v 0.00065971 -0.00133396 -0.00124175
v 0.00049119 -0.0014173 -0.00124175
v 0.00030724 -0.00145611 -0.00124175
v 0.00012329 -0.00149492 -0.00124175
v -6.453E-05 -0.00148677 -0.00124175
v -0.00025236 -0.00147862 -0.00124175
v -0.00043225 -0.00142401 -0.00124175
v -0.00061214 -0.00136941 -0.00124175
v -0.00077281 -0.00127178 -0.00124175
v -0.00093347 -0.00117415 -0.00124175
v -0.00106481 -0.00103963 -0.00124175
v -0.00119614 -0.00090512 -0.00124175
v -0.0012899 -0.00074217 -0.00124175
v -0.00138366 -0.00057921 -0.00124175
v -0.00143395 -0.00039806 -0.00124175
v -0.00148423 -0.00021691 -0.00124175
v -0.00149972 -2.918E-05 -0.00124175
v -0.00149155 0.00015901 -0.00124175
v -0.00144835 0.00034198 -0.00124175
v -0.00140514 0.00052495 -0.00124175
v -0.0013178 0.00069143 -0.00124175
v -0.00123045 0.0008579 -0.00124175
v -0.00110444 0.00099743 -0.00124175
v -0.00097844 0.00113695 -0.00124175
v -0.0008217 0.00124076 -0.00124175
v -0.00066495 0.00134456 -0.00124175
v -0.00048732 0.00140612 -0.00124175
v -0.00030968 0.00146768 -0.00124175
v -0.00012232 0.00148314 -0.00124175
v 6.505E-05 0.00149859 -0.00124175
v 0.00025037 0.00146696 -0.00124175
v 0.00043569 0.00143533 -0.00124175
v 0.00060732 0.00135861 -0.00124175
v 0.00077895 0.00128189 -0.00124175
v 0.00092611 0.00116489 -0.00124175
v 0.00107327 0.0010479 -0.00124175
v 0.00118671 0.00089798 -0.00124175
v 0.00130015 0.00074806 -0.00124175
v 0.00137275 0.00057465 -0.00124175
v 0.00144534 0.00040123 -0.00124175
v -0.00144534 -0.00040123 -0.00118765
v -0.00149972 -2.918E-05 -0.00118765
v -0.00130015 -0.00074806 -0.00118765
v -0.00107327 -0.0010479 -0.00118765
v -0.00043569 -0.00143533 -0.00118765
v -0.00077895 -0.00128189 -0.00118765
v -6.505E-05 -0.00149859 -0.00118765
v 0.00066495 -0.00134456 -0.00118765
v 0.00030968 -0.00146768 -0.00118765
v 0.00123045 -0.0008579 -0.00118765
v 0.00097844 -0.00113695 -0.00118765
v 0.00149155 -0.00015901 -0.00118765
v 0.00140514 -0.00052495 -0.00118765
v 0.00138366 0.00057921 -0.00118765
v 0.00148423 0.00021691 -0.00118765
v 0.00119614 0.00090512 -0.00118765
v 0.00093347 0.00117415 -0.00118765
v 0.00025236 0.00147862 -0.00118765
v 0.00061214 0.00136941 -0.00118765
v -0.00012329 0.00149492 -0.00118765
v -0.00049119 0.0014173 -0.00118765
v -0.00082823 0.00125062 -0.00118765
v -0.00111322 0.00100535 -0.00118765
v -0.00132827 0.00069692 -0.00118765
v -0.00145986 0.0003447 -0.00118765
v -0.00124256 -0.00018159 -0.0010524
v -0.00115836 -0.0004849 -0.0010524
v -0.00121962 -0.00033857 -0.0010524
v -0.00100138 -0.00075774 -0.0010524
v -0.0010971 -0.00063124 -0.0010524
v -0.00078148 -0.00098297 -0.0010524
v -0.00090565 -0.00088424 -0.0010524
v -0.00051247 -0.00114643 -0.0010524
v -0.0006573 -0.00108169 -0.0010524
v -0.00021127 -0.00123786 -0.0010524
v -0.00036764 -0.00121117 -0.0010524
v 0.00010322 -0.00125151 -0.0010524
v -5.489E-05 -0.00126455 -0.0010524
v 0.00041121 -0.00118652 -0.0010524
v 0.00026132 -0.00123847 -0.0010524
v 0.00069337 -0.00104698 -0.0010524
v 0.0005611 -0.00113458 -0.0010524
v 0.00093196 -0.00084166 -0.0010524
v 0.00082563 -0.00095939 -0.0010524
v 0.00111199 -0.00058345 -0.0010524
v 0.00103828 -0.00072392 -0.0010524
v 0.00122215 -0.00028857 -0.0010524
v 0.0011857 -0.00044297 -0.0010524
v 0.0012655 2.462E-05 -0.0010524
v 0.00125861 -0.00013418 -0.0010524
v 0.00108845 0.00062626 -0.0010524
v 0.00116757 0.00048876 -0.0010524
v 0.00121 0.0003359 -0.0010524
v 0.00125244 0.00018304 -0.0010524
v 0.00100934 0.00076376 -0.0010524
v 0.00089851 0.00087727 -0.0010524
v 0.00078769 0.00099078 -0.0010524
v 0.00065212 0.00107316 -0.0010524
v 0.00051654 0.00115554 -0.0010524
v 0.00036474 0.00120162 -0.0010524
v 0.00021294 0.0012477 -0.0010524
v 5.445E-05 0.00125458 -0.0010524
v -0.00010404 0.00126146 -0.0010524
v -0.00025926 0.00122871 -0.0010524
v -0.00041448 0.00119595 -0.0010524
v -0.00055668 0.00112563 -0.0010524
v -0.00069888 0.0010553 -0.0010524
v -0.00081912 0.00095182 -0.0010524
v -0.00093937 0.00084835 -0.0010524
v -0.0010301 0.00071821 -0.0010524
v -0.00112083 0.00058808 -0.0010524
v -0.0012655 -2.462E-05 -0.0010524
v -0.00124868 0.00013312 -0.0010524
v -0.00123187 0.00029087 -0.0010524
v -0.00117635 0.00043947 -0.0010524
v 0.00147253 0.0002152 -0.00091715
v 0.00149972 2.918E-05 -0.00091715
v 0.00147979 -0.00015776 -0.00091715
v 0.00145986 -0.0003447 -0.00091715
v 0.00139406 -0.00052081 -0.00091715
v 0.00132827 -0.00069692 -0.00091715
v 0.00122075 -0.00085114 -0.00091715
v 0.00111322 -0.00100535 -0.00091715
v 0.00097072 -0.00112799 -0.00091715
v 0.00082823 -0.00125062 -0.00091715
v 0.00065971 -0.00133396 -0.00091715
v 0.00049119 -0.0014173 -0.00091715
v 0.00030724 -0.00145611 -0.00091715
v 0.00012329 -0.00149492 -0.00091715
v -6.453E-05 -0.00148677 -0.00091715
v -0.00025236 -0.00147862 -0.00091715
v -0.00043225 -0.00142401 -0.00091715
v -0.00061214 -0.00136941 -0.00091715
v -0.00077281 -0.00127178 -0.00091715
v -0.00093347 -0.00117415 -0.00091715
v -0.00106481 -0.00103963 -0.00091715
v -0.00119614 -0.00090512 -0.00091715
v -0.0012899 -0.00074217 -0.00091715
v -0.00138366 -0.00057921 -0.00091715
v -0.00143395 -0.00039806 -0.00091715
v -0.00148423 -0.00021691 -0.00091715
v -0.00149972 -2.918E-05 -0.00091715
v -0.00149155 0.00015901 -0.00091715
v -0.00144835 0.00034198 -0.00091715
v -0.00140514 0.00052495 -0.00091715
v -0.0013178 0.00069143 -0.00091715
v -0.00123045 0.0008579 -0.00091715
v -0.00110444 0.00099743 -0.00091715
v -0.00097844 0.00113695 -0.00091715
v -0.0008217 0.00124076 -0.00091715
v -0.00066495 0.00134456 -0.00091715
v -0.00048732 0.00140612 -0.00091715
v -0.00030968 0.00146768 -0.00091715
v -0.00012232 0.00148314 -0.00091715
v 6.505E-05 0.00149859 -0.00091715
v 0.00025037 0.00146696 -0.00091715
v 0.00043569 0.00143533 -0.00091715
v 0.00060732 0.00135861 -0.00091715
v 0.00077895 0.00128189 -0.00091715
v 0.00092611 0.00116489 -0.00091715
v 0.00107327 0.0010479 -0.00091715
v 0.00118671 0.00089798 -0.00091715
v 0.00130015 0.00074806 -0.00091715
v 0.00137275 0.00057465 -0.00091715
v 0.00144534 0.00040123 -0.00091715
v -0.00144534 -0.00040123 -0.00086305
v -0.00149972 -2.918E-05 -0.00086305
v -0.00130015 -0.00074806 -0.00086305
v -0.00107327 -0.0010479 -0.00086305
v -0.00043569 -0.00143533 -0.00086305
v -0.00077895 -0.00128189 -0.00086305
v -6.505E-05 -0.00149859 -0.00086305
v 0.00066495 -0.00134456 -0.00086305
v 0.00030968 -0.00146768 -0.00086305
v 0.00123045 -0.0008579 -0.00086305
v 0.00097844 -0.00113695 -0.00086305
v 0.00149155 -0.00015901 -0.00086305
v 0.00140514 -0.00052495 -0.00086305
v 0.00138366 0.00057921 -0.00086305
v 0.00148423 0.00021691 -0.00086305
v 0.00119614 0.00090512 -0.00086305
v 0.00061214 0.00136941 -0.00086305
v 0.00093347 0.00117415 -0.00086305
v 0.00025236 0.00147862 -0.00086305
v -0.00012329 0.00149492 -0.00086305
v -0.00049119 0.0014173 -0.00086305
v -0.00082823 0.00125062 -0.00086305
v -0.00111322 0.00100535 -0.00086305
v -0.00132827 0.00069692 -0.00086305
v -0.00145986 0.0003447 -0.00086305
v -0.00124256 -0.00018159 -0.0007278
v -0.00115836 -0.0004849 -0.0007278
v -0.00121962 -0.00033857 -0.0007278
v -0.00100138 -0.00075774 -0.0007278
v -0.0010971 -0.00063124 -0.0007278
v -0.00078148 -0.00098297 -0.0007278
v -0.00090565 -0.00088424 -0.0007278
v -0.00051247 -0.00114643 -0.0007278
v -0.0006573 -0.00108169 -0.0007278
v -0.00021127 -0.00123786 -0.0007278
v -0.00036764 -0.00121117 -0.0007278
v 0.00010322 -0.00125151 -0.0007278
v -5.489E-05 -0.00126455 -0.0007278
v 0.00041121 -0.00118652 -0.0007278
v 0.00026132 -0.00123847 -0.0007278
v 0.00069337 -0.00104698 -0.0007278
v 0.0005611 -0.00113458 -0.0007278
v 0.00093196 -0.00084166 -0.0007278
v 0.00082563 -0.00095939 -0.0007278
v 0.00111199 -0.00058345 -0.0007278
v 0.00103828 -0.00072392 -0.0007278
v 0.00122215 -0.00028857 -0.0007278
v 0.0011857 -0.00044297 -0.0007278
v 0.0012655 2.462E-05 -0.0007278
v 0.00125861 -0.00013418 -0.0007278
v 0.00108845 0.00062626 -0.0007278
v 0.00116757 0.00048876 -0.0007278
v 0.00121 0.0003359 -0.0007278
v 0.00125244 0.00018304 -0.0007278
v 0.00100934 0.00076376 -0.0007278
v 0.00089851 0.00087727 -0.0007278
v 0.00078769 0.00099078 -0.0007278
v 0.00065212 0.00107316 -0.0007278
v 0.00051654 0.00115554 -0.0007278
v 0.00036474 0.00120162 -0.0007278
v 0.00021294 0.0012477 -0.0007278
v 5.445E-05 0.00125458 -0.0007278
v -0.00010404 0.00126146 -0.0007278
v -0.00025926 0.00122871 -0.0007278
v -0.00041448 0.00119595 -0.0007278
v -0.00055668 0.00112563 -0.0007278
v -0.00069888 0.0010553 -0.0007278
v -0.00081912 0.00095182 -0.0007278
v -0.00093937 0.00084835 -0.0007278
v -0.0010301 0.00071821 -0.0007278
v -0.00112083 0.00058808 -0.0007278
v -0.0012655 -2.462E-05 -0.0007278
v -0.00124868 0.00013312 -0.0007278
v -0.00123187 0.00029087 -0.0007278
v -0.00117635 0.00043947 -0.0007278
v 0.00147253 0.0002152 -0.00059255
v 0.00149972 2.918E-05 -0.00059255
v 0.00147979 -0.00015776 -0.00059255
v 0.00145986 -0.0003447 -0.00059255
v 0.00139406 -0.00052081 -0.00059255
v 0.00132827 -0.00069692 -0.00059255
v 0.00122075 -0.00085114 -0.00059255
v 0.00111322 -0.00100535 -0.00059255
v 0.00097072 -0.00112799 -0.00059255
v 0.00082823 -0.00125062 -0.00059255
v 0.00065971 -0.00133396 -0.00059255
v 0.00049119 -0.0014173 -0.00059255
v 0.00030724 -0.00145611 -0.00059255
v 0.00012329 -0.00149492 -0.00059255
v -6.453E-05 -0.00148677 -0.00059255
v -0.00025236 -0.00147862 -0.00059255
v -0.00043225 -0.00142401 -0.00059255
v -0.00061214 -0.00136941 -0.00059255
v -0.00077281 -0.00127178 -0.00059255
v -0.00093347 -0.00117415 -0.00059255
v -0.00106481 -0.00103963 -0.00059255
v -0.00119614 -0.00090512 -0.00059255
v -0.0012899 -0.00074217 -0.00059255
v -0.00138366 -0.00057921 -0.00059255
v -0.00143395 -0.00039806 -0.00059255
v -0.00148423 -0.00021691 -0.00059255
v -0.00149972 -2.918E-05 -0.00059255
v -0.00149155 0.00015901 -0.00059255
v -0.00144835 0.00034198 -0.00059255
v -0.00140514 0.00052495 -0.00059255
v -0.0013178 0.00069143 -0.00059255
v -0.00123045 0.0008579 -0.00059255
v -0.00110444 0.00099743 -0.00059255
v -0.00097844 0.00113695 -0.00059255
v -0.0008217 0.00124076 -0.00059255
v -0.00066495 0.00134456 -0.00059255
v -0.00048732 0.00140612 -0.00059255
v -0.00030968 0.00146768 -0.00059255
v -0.00012232 0.00148314 -0.00059255
v 6.505E-05 0.00149859 -0.00059255
v 0.00025037 0.00146696 -0.00059255
v 0.00043569 0.00143533 -0.00059255
v 0.00060732 0.00135861 -0.00059255
v 0.00077895 0.00128189 -0.00059255
v 0.00092611 0.00116489 -0.00059255
v 0.00107327 0.0010479 -0.00059255
v 0.00118671 0.00089798 -0.00059255
v 0.00130015 0.00074806 -0.00059255
v 0.00137275 0.00057465 -0.00059255
v 0.00144534 0.00040123 -0.00059255
v -0.00144534 -0.00040123 -0.00053845
v -0.00149972 -2.918E-05 -0.00053845
v -0.00130015 -0.00074806 -0.00053845
v -0.00107327 -0.0010479 -0.00053845
v -0.00043569 -0.00143533 -0.00053845
v -0.00077895 -0.00128189 -0.00053845
v -6.505E-05 -0.00149859 -0.00053845
v 0.00066495 -0.00134456 -0.00053845
v 0.00030968 -0.00146768 -0.00053845
v 0.00123045 -0.0008579 -0.00053845
v 0.00097844 -0.00113695 -0.00053845
v 0.00149155 -0.00015901 -0.00053845
v 0.00140514 -0.00052495 -0.00053845
v 0.00138366 0.00057921 -0.00053845
v 0.00148423 0.00021691 -0.00053845
v 0.00119614 0.00090512 -0.00053845
v 0.00093347 0.00117415 -0.00053845
v 0.00025236 0.00147862 -0.00053845
v 0.00061214 0.00136941 -0.00053845
v -0.00012329 0.00149492 -0.00053845
v -0.00049119 0.0014173 -0.00053845
v -0.00082823 0.00125062 -0.00053845
v -0.00111322 0.00100535 -0.00053845
v -0.00132827 0.00069692 -0.00053845
v -0.00145986 0.0003447 -0.00053845
v -0.00124256 -0.00018159 -0.0004032
v -0.00115836 -0.0004849 -0.0004032
v -0.00121962 -0.00033857 -0.0004032
v -0.00100138 -0.00075774 -0.0004032
v -0.0010971 -0.00063124 -0.0004032
v -0.00078148 -0.00098297 -0.0004032
v -0.00090565 -0.00088424 -0.0004032
v -0.00051247 -0.00114643 -0.0004032
v -0.0006573 -0.00108169 -0.0004032
v -0.00021127 -0.00123786 -0.0004032
v -0.00036764 -0.00121117 -0.0004032
v 0.00010322 -0.00125151 -0.0004032
v -5.489E-05 -0.00126455 -0.0004032
v 0.00041121 -0.00118652 -0.0004032
v 0.00026132 -0.00123847 -0.0004032
v 0.00069337 -0.00104698 -0.0004032
v 0.0005611 -0.00113458 -0.0004032
v 0.00093196 -0.00084166 -0.0004032
v 0.00082563 -0.00095939 -0.0004032
v 0.00111199 -0.00058345 -0.0004032
v 0.00103828 -0.00072392 -0.0004032
v 0.00122215 -0.00028857 -0.0004032
v 0.0011857 -0.00044297 -0.0004032
v 0.0012655 2.462E-05 -0.0004032
v 0.00125861 -0.00013418 -0.0004032
v 0.00108845 0.00062626 -0.0004032
v 0.00116757 0.00048876 -0.0004032
v 0.00121 0.0003359 -0.0004032
v 0.00125244 0.00018304 -0.0004032
v 0.00100934 0.00076376 -0.0004032
v 0.00089851 0.00087727 -0.0004032
v 0.00078769 0.00099078 -0.0004032
v 0.00065212 0.00107316 -0.0004032
v 0.00051654 0.00115554 -0.0004032
v 0.00036474 0.00120162 -0.0004032
v 0.00021294 0.0012477 -0.0004032
v 5.445E-05 0.00125458 -0.0004032
v -0.00010404 0.00126146 -0.0004032
v -0.00025926 0.00122871 -0.0004032
v -0.00041448 0.00119595 -0.0004032
v -0.00055668 0.00112563 -0.0004032
v -0.00069888 0.0010553 -0.0004032
v -0.00081912 0.00095182 -0.0004032
v -0.00093937 0.00084835 -0.0004032
v -0.0010301 0.00071821 -0.0004032
v -0.00112083 0.00058808 -0.0004032
v -0.0012655 -2.462E-05 -0.0004032
v -0.00124868 0.00013312 -0.0004032
v -0.00123187 0.00029087 -0.0004032
v -0.00117635 0.00043947 -0.0004032
v 0.00147253 0.0002152 -0.00026795
v 0.00149972 2.918E-05 -0.00026795
v 0.00147979 -0.00015776 -0.00026795
v 0.00145986 -0.0003447 -0.00026795
v 0.00139406 -0.00052081 -0.00026795
v 0.00132827 -0.00069692 -0.00026795
v 0.00122075 -0.00085114 -0.00026795
v 0.00111322 -0.00100535 -0.00026795
v 0.00097072 -0.00112799 -0.00026795
v 0.00082823 -0.00125062 -0.00026795
v 0.00065971 -0.00133396 -0.00026795
v 0.00049119 -0.0014173 -0.00026795
v 0.00030724 -0.00145611 -0.00026795
v 0.00012329 -0.00149492 -0.00026795
v -6.453E-05 -0.00148677 -0.00026795
v -0.00025236 -0.00147862 -0.00026795
v -0.00043225 -0.00142401 -0.00026795
v -0.00061214 -0.00136941 -0.00026795
v -0.00077281 -0.00127178 -0.00026795
v -0.00093347 -0.00117415 -0.00026795
v -0.00106481 -0.00103963 -0.00026795
v -0.00119614 -0.00090512 -0.00026795
v -0.0012899 -0.00074217 -0.00026795
v -0.00138366 -0.00057921 -0.00026795
v -0.00143395 -0.00039806 -0.00026795
v -0.00148423 -0.00021691 -0.00026795
v -0.00149972 -2.918E-05 -0.00026795
v -0.00149155 0.00015901 -0.00026795
v -0.00144835 0.00034198 -0.00026795
v -0.00140514 0.00052495 -0.00026795
v -0.0013178 0.00069143 -0.00026795
v -0.00123045 0.0008579 -0.00026795
v -0.00110444 0.00099743 -0.00026795
v -0.00097844 0.00113695 -0.00026795
v -0.0008217 0.00124076 -0.00026795
v -0.00066495 0.00134456 -0.00026795
v -0.00048732 0.00140612 -0.00026795
v -0.00030968 0.00146768 -0.00026795
v -0.00012232 0.00148314 -0.00026795
v 6.505E-05 0.00149859 -0.00026795
v 0.00025037 0.00146696 -0.00026795
v 0.00043569 0.00143533 -0.00026795
v 0.00060732 0.00135861 -0.00026795
v 0.00077895 0.00128189 -0.00026795
v 0.00092611 0.00116489 -0.00026795
v 0.00107327 0.0010479 -0.00026795
v 0.00118671 0.00089798 -0.00026795
v 0.00130015 0.00074806 -0.00026795
v 0.00137275 0.00057465 -0.00026795
v 0.00144534 0.00040123 -0.00026795
v -0.00144534 -0.00040123 -0.00021385
v -0.00149972 -2.918E-05 -0.00021385
v -0.00130015 -0.00074806 -0.00021385
v -0.00107327 -0.0010479 -0.00021385
v -0.00043569 -0.00143533 -0.00021385
v -0.00077895 -0.00128189 -0.00021385
v -6.505E-05 -0.00149859 -0.00021385
v 0.00066495 -0.00134456 -0.00021385
v 0.00030968 -0.00146768 -0.00021385
v 0.00123045 -0.0008579 -0.00021385
v 0.00097844 -0.00113695 -0.00021385
v 0.00149155 -0.00015901 -0.00021385
v 0.00140514 -0.00052495 -0.00021385
v 0.00138366 0.00057921 -0.00021385
v 0.00148423 0.00021691 -0.00021385
v 0.00119614 0.00090512 -0.00021385
v 0.00093347 0.00117415 -0.00021385
v 0.00025236 0.00147862 -0.00021385
v 0.00061214 0.00136941 -0.00021385
v -0.00012329 0.00149492 -0.00021385
v -0.00049119 0.0014173 -0.00021385
v -0.00082823 0.00125062 -0.00021385
v -0.00111322 0.00100535 -0.00021385
v -0.00132827 0.00069692 -0.00021385
v -0.00145986 0.0003447 -0.00021385
v -0.00124256 -0.00018159 -7.86E-05
v -0.00115836 -0.0004849 -7.86E-05
v -0.00121962 -0.00033857 -7.86E-05
v -0.00100138 -0.00075774 -7.86E-05
v -0.0010971 -0.00063124 -7.86E-05
v -0.00078148 -0.00098297 -7.86E-05
v -0.00090565 -0.00088424 -7.86E-05
v -0.00051247 -0.00114643 -7.86E-05
v -0.0006573 -0.00108169 -7.86E-05
v -0.00021127 -0.00123786 -7.86E-05
v -0.00036764 -0.00121117 -7.86E-05
v 0.00010322 -0.00125151 -7.86E-05
v -5.489E-05 -0.00126455 -7.86E-05
v 0.00041121 -0.00118652 -7.86E-05
v 0.00026132 -0.00123847 -7.86E-05
v 0.00069337 -0.00104698 -7.86E-05
v 0.0005611 -0.00113458 -7.86E-05
v 0.00093196 -0.00084166 -7.86E-05
v 0.00082563 -0.00095939 -7.86E-05
v 0.00111199 -0.00058345 -7.86E-05
v 0.00103828 -0.00072392 -7.86E-05
v 0.00122215 -0.00028857 -7.86E-05
v 0.0011857 -0.00044297 -7.86E-05
v 0.0012655 2.462E-05 -7.86E-05
v 0.00125861 -0.00013418 -7.86E-05
v 0.00108845 0.00062626 -7.86E-05
v 0.00116757 0.00048876 -7.86E-05
v 0.00121 0.0003359 -7.86E-05
v 0.00125244 0.00018304 -7.86E-05
v 0.00100934 0.00076376 -7.86E-05
v 0.00089851 0.00087727 -7.86E-05
v 0.00078769 0.00099078 -7.86E-05
v 0.00065212 0.00107316 -7.86E-05
v 0.00051654 0.00115554 -7.86E-05
v 0.00036474 0.00120162 -7.86E-05
v 0.00021294 0.0012477 -7.86E-05
v 5.445E-05 0.00125458 -7.86E-05
v -0.00010404 0.00126146 -7.86E-05
v -0.00025926 0.00122871 -7.86E-05
v -0.00041448 0.00119595 -7.86E-05
v -0.00055668 0.00112563 -7.86E-05
v -0.00069888 0.0010553 -7.86E-05
v -0.00081912 0.00095182 -7.86E-05
v -0.00093937 0.00084835 -7.86E-05
v -0.0010301 0.00071821 -7.86E-05
v -0.00112083 0.00058808 -7.86E-05
v -0.0012655 -2.462E-05 -7.86E-05
v -0.00124868 0.00013312 -7.86E-05
v -0.00123187 0.00029087 -7.86E-05
v -0.00117635 0.00043947 -7.86E-05
v 0.00147253 0.0002152 5.665E-05
v 0.00149972 2.918E-05 5.665E-05
v 0.00147979 -0.00015776 5.665E-05
v 0.00145986 -0.0003447 5.665E-05
v 0.00139406 -0.00052081 5.665E-05
v 0.00132827 -0.00069692 5.665E-05
v 0.00122075 -0.00085114 5.665E-05
v 0.00111322 -0.00100535 5.665E-05
v 0.00097072 -0.00112799 5.665E-05
v 0.00082823 -0.00125062 5.665E-05
v 0.00065971 -0.00133396 5.665E-05
v 0.00049119 -0.0014173 5.665E-05
v 0.00030724 -0.00145611 5.665E-05
v 0.00012329 -0.00149492 5.665E-05
v -6.453E-05 -0.00148677 5.665E-05
v -0.00025236 -0.00147862 5.665E-05
v -0.00043225 -0.00142401 5.665E-05
v -0.00061214 -0.00136941 5.665E-05
v -0.00077281 -0.00127178 5.665E-05
v -0.00093347 -0.00117415 5.665E-05
v -0.00106481 -0.00103963 5.665E-05
v -0.00119614 -0.00090512 5.665E-05
v -0.0012899 -0.00074217 5.665E-05
v -0.00138366 -0.00057921 5.665E-05
v -0.00143395 -0.00039806 5.665E-05
v -0.00148423 -0.00021691 5.665E-05
v -0.00149972 -2.918E-05 5.665E-05
v -0.00149155 0.00015901 5.665E-05
v -0.00144835 0.00034198 5.665E-05
v -0.00140514 0.00052495 5.665E-05
v -0.0013178 0.00069143 5.665E-05
v -0.00123045 0.0008579 5.665E-05
v -0.00110444 0.00099743 5.665E-05
v -0.00097844 0.00113695 5.665E-05
v -0.0008217 0.00124076 5.665E-05
v -0.00066495 0.00134456 5.665E-05
v -0.00048732 0.00140612 5.665E-05
v -0.00030968 0.00146768 5.665E-05
v -0.00012232 0.00148314 5.665E-05
v 6.505E-05 0.00149859 5.665E-05
v 0.00025037 0.00146696 5.665E-05
v 0.00043569 0.00143533 5.665E-05
v 0.00060732 0.00135861 5.665E-05
v 0.00077895 0.00128189 5.665E-05
v 0.00092611 0.00116489 5.665E-05
v 0.00107327 0.0010479 5.665E-05
v 0.00118671 0.00089798 5.665E-05
v 0.00130015 0.00074806 5.665E-05
v 0.00137275 0.00057465 5.665E-05
v 0.00144534 0.00040123 5.665E-05
v -0.00144534 -0.00040123 0.00011075
v -0.00149972 -2.918E-05 0.00011075
v -0.00130015 -0.00074806 0.00011075
v -0.00107327 -0.0010479 0.00011075
v -0.00043569 -0.00143533 0.00011075
v -0.00077895 -0.00128189 0.00011075
v -6.505E-05 -0.00149859 0.00011075
v 0.00066495 -0.00134456 0.00011075
v 0.00030968 -0.00146768 0.00011075
v 0.00123045 -0.0008579 0.00011075
v 0.00097844 -0.00113695 0.00011075
v 0.00149155 -0.00015901 0.00011075
v 0.00140514 -0.00052495 0.00011075
v 0.00138366 0.00057921 0.00011075
v 0.00148423 0.00021691 0.00011075
v 0.00119614 0.00090512 0.00011075
v 0.00093347 0.00117415 0.00011075
v 0.00025236 0.00147862 0.00011075
v 0.00061214 0.00136941 0.00011075
v -0.00012329 0.00149492 0.00011075
v -0.00049119 0.0014173 0.00011075
v -0.00082823 0.00125062 0.00011075
v -0.00111322 0.00100535 0.00011075
v -0.00132827 0.00069692 0.00011075
v -0.00145986 0.0003447 0.00011075
v -0.00121962 -0.00033857 0.000246
v -0.00090565 -0.00088424 0.000246
v -0.00104934 -0.00069436 0.000246
v -0.0010971 -0.00063124 0.000246
v -0.00118905 -0.00041159 0.000246
v -0.00036764 -0.00121117 0.000246
v -0.00058503 -0.001114 0.000246
v -0.0006573 -0.00108169 0.000246
v -0.00084369 -0.00093351 0.000246
v 0.00026132 -0.00123847 0.000246
v 2.401E-05 -0.00125804 0.000246
v -5.489E-05 -0.00126455 0.000246
v -0.00028961 -0.00122449 0.000246
v 0.00082563 -0.00095939 0.000246
v 0.00062711 -0.00109087 0.000246
v 0.0005611 -0.00113458 0.000246
v 0.00033612 -0.00121255 0.000246
v 0.0011857 -0.00044297 0.000246
v 0.00107506 -0.00065382 0.000246
v 0.00103828 -0.00072392 0.000246
v 0.00087869 -0.00090064 0.000246
v 0.00125244 0.00018304 0.000246
v 0.0012655 2.462E-05 0.000246
v 0.00126205 -5.478E-05 0.000246
v 0.00125861 -0.00013418 0.000246
v 0.00120389 -0.00036592 0.000246
v 0.00116757 0.00048876 0.000246
v 0.00123126 0.00025932 0.000246
v 0.00078769 0.00099078 0.000246
v 0.00095404 0.00082041 0.000246
v 0.00100934 0.00076376 0.000246
v 0.00112809 0.00055737 0.000246
v 0.00021294 0.0012477 0.000246
v 0.00044079 0.00117854 0.000246
v 0.00051654 0.00115554 0.000246
v 0.00072004 0.00103189 0.000246
v -0.00041448 0.00119595 0.000246
v -0.00018149 0.00124511 0.000246
v -0.00010404 0.00126146 0.000246
v 0.00013386 0.00125113 0.000246
v -0.00093937 0.00084835 0.000246
v -0.00075888 0.00100367 0.000246
v -0.00069888 0.0010553 0.000246
v -0.00048544 0.00116086 0.000246
v -0.00123187 0.00029087 0.000246
v -0.00114853 0.00051393 0.000246
v -0.00112083 0.00058808 0.000246
v -0.00098464 0.00078341 0.000246
v -0.00125405 -0.00010295 0.000246
v -0.0012655 -2.462E-05 0.000246
v -0.00124026 0.00021215 0.000246
v 0.00149859 -6.505E-05 0.00038125
v 0.0014754 0.00021619 0.00038125
v 0.00146768 0.00030968 0.00038125
v 0.00137528 0.00057631 0.00038125
v 0.00134456 0.00066495 0.00038125
v 0.00118875 0.00090022 0.00038125
v 0.00113695 0.00097844 0.00038125
v 0.00092753 0.00116757 0.00038125
v 0.0008579 0.00123045 0.00038125
v 0.00060802 0.00136156 0.00038125
v 0.00052495 0.00140514 0.00038125
v 0.00025032 0.00146999 0.00038125
v 0.00015901 0.00149155 0.00038125
v -0.00012312 0.00148606 0.00038125
v -0.00021691 0.00148423 0.00038125
v -0.00048882 0.00140875 0.00038125
v -0.00057921 0.00138366 0.00038125
v -0.0008238 0.00124293 0.00038125
v -0.00090512 0.00119614 0.00038125
v -0.00110703 0.00099901 0.00038125
v -0.00117415 0.00093347 0.00038125
v -0.00132069 0.00069232 0.00038125
v -0.00136941 0.00061214 0.00038125
v -0.00145137 0.00034212 0.00038125
v -0.00147862 0.00025236 0.00038125
v -0.00149972 -2.918E-05 0.00038125
v -0.00149492 -0.00012329 0.00038125
v -0.00143667 -0.0003994 0.00038125
v -0.0014173 -0.00049119 0.00038125
v -0.0012922 -0.00074413 0.00038125
v -0.00125062 -0.00082823 0.00038125
v -0.00106655 -0.00104211 0.00038125
v -0.00100535 -0.00111322 0.00038125
v -0.00077388 -0.00127461 0.00038125
v -0.00069692 -0.00132827 0.00038125
v -0.00043258 -0.00142702 0.00038125
v -0.0003447 -0.00145986 0.00038125
v -6.411E-05 -0.00148977 0.00038125
v 2.918E-05 -0.00149972 0.00038125
v 0.0003084 -0.00145891 0.00038125
v 0.00040123 -0.00144534 0.00038125
v 0.00066153 -0.00133638 0.00038125
v 0.00074806 -0.00130015 0.00038125
v 0.00097309 -0.00112988 0.00038125
v 0.0010479 -0.00107327 0.00038125
v 0.00122351 -0.00085239 0.00038125
v 0.00128189 -0.00077895 0.00038125
v 0.00139705 -0.00052133 0.00038125
v 0.00143533 -0.00043569 0.00038125
v 0.00148281 -0.00015752 0.00038125
v -0.00036258 0.00064307 0.00356768
v -0.00036258 0.00064307 0.002
v -0.00036982 0.00101506 0.002
v -0.00036596 0.00081665 0.004
v -0.00038147 0.00161423 0.004
v -0.00038274 0.00167937 0.00399605
v -0.00038392 0.00174009 0.00399238
v -0.00144534 -0.00040123 0.00043535
v -0.00149972 -2.918E-05 0.00043535
v -0.00130015 -0.00074806 0.00043535
v -0.00107327 -0.0010479 0.00043535
v -0.00077895 -0.00128189 0.00043535
v -0.00043569 -0.00143533 0.00043535
v -6.505E-05 -0.00149859 0.00043535
v 0.00030968 -0.00146768 0.00043535
v 0.00066495 -0.00134456 0.00043535
v 0.00097844 -0.00113695 0.00043535
v 0.00123045 -0.0008579 0.00043535
v 0.00140514 -0.00052495 0.00043535
v 0.00149155 -0.00015901 0.00043535
v 0.00148423 0.00021691 0.00043535
v 0.00138366 0.00057921 0.00043535
v 0.00119614 0.00090512 0.00043535
v 0.00093347 0.00117415 0.00043535
v 0.00061214 0.00136941 0.00043535
v 0.00025236 0.00147862 0.00043535
v -0.00012329 0.00149492 0.00043535
v -0.00049119 0.0014173 0.00043535
v -0.00082823 0.00125062 0.00043535
v -0.00111322 0.00100535 0.00043535
v -0.00132827 0.00069692 0.00043535
v -0.00145986 0.0003447 0.00043535
v -0.00021735 0.00174431 0.00399508
v -0.00015415 0.00174542 0.00399476
v 8.684E-05 0.00174967 0.00399354
v 0.00033005 0.00102867 0.002
v 0.00031594 0.0017537 0.00399238
v -0.00121962 -0.00033857 0.0005706
v -0.00090565 -0.00088424 0.0005706
v -0.00104934 -0.00069436 0.0005706
v -0.0010971 -0.00063124 0.0005706
v -0.00118905 -0.00041159 0.0005706
v -0.00036764 -0.00121117 0.0005706
v -0.00058503 -0.001114 0.0005706
v -0.0006573 -0.00108169 0.0005706
v -0.00084369 -0.00093351 0.0005706
v 0.00026132 -0.00123847 0.0005706
v 2.401E-05 -0.00125804 0.0005706
v -5.489E-05 -0.00126455 0.0005706
v -0.00028961 -0.00122449 0.0005706
v 0.00082563 -0.00095939 0.0005706
v 0.00062711 -0.00109087 0.0005706
v 0.0005611 -0.00113458 0.0005706
v 0.00033612 -0.00121255 0.0005706
v 0.0011857 -0.00044297 0.0005706
v 0.00107506 -0.00065382 0.0005706
v 0.00103828 -0.00072392 0.0005706
v 0.00087869 -0.00090064 0.0005706
v 0.00125244 0.00018304 0.0005706
v 0.0012655 2.462E-05 0.0005706
v 0.00126205 -5.478E-05 0.0005706
v 0.00125861 -0.00013418 0.0005706
v 0.00120389 -0.00036592 0.0005706
v 0.00116757 0.00048876 0.0005706
v 0.00123126 0.00025932 0.0005706
v 0.00078769 0.00099078 0.0005706
v 0.00095404 0.00082041 0.0005706
v 0.00100934 0.00076376 0.0005706
v 0.00112809 0.00055737 0.0005706
v 0.00021294 0.0012477 0.0005706
v 0.00044079 0.00117854 0.0005706
v 0.00051654 0.00115554 0.0005706
v 0.00072004 0.00103189 0.0005706
v -0.00041448 0.00119595 0.0005706
v -0.00018149 0.00124511 0.0005706
v -0.00010404 0.00126146 0.0005706
v 0.00013386 0.00125113 0.0005706
v -0.00093937 0.00084835 0.0005706
v -0.00075888 0.00100367 0.0005706
v -0.00069888 0.0010553 0.0005706
v -0.00048544 0.00116086 0.0005706
v -0.00123187 0.00029087 0.0005706
v -0.00114853 0.00051393 0.0005706
v -0.00112083 0.00058808 0.0005706
v -0.00098464 0.00078341 0.0005706
v -0.00125405 -0.00010295 0.0005706
v -0.0012655 -2.462E-05 0.0005706
v -0.00124026 0.00021215 0.0005706
v 0.00031713 0.00169299 0.00399605
v 0.00033729 0.00065669 0.002
v 0.00033729 0.00065669 0.00356768
v 0.00031839 0.00162785 0.004
v 0.00033391 0.00083027 0.004
v 0.00149859 -6.505E-05 0.00070585
v 0.0014754 0.00021619 0.00070585
v 0.00146768 0.00030968 0.00070585
v 0.00137528 0.00057631 0.00070585
v 0.00134456 0.00066495 0.00070585
v 0.00118875 0.00090022 0.00070585
v 0.00113695 0.00097844 0.00070585
v 0.00092753 0.00116757 0.00070585
v 0.0008579 0.00123045 0.00070585
v 0.00060802 0.00136156 0.00070585
v 0.00052495 0.00140514 0.00070585
v 0.00025032 0.00146999 0.00070585
v 0.00015901 0.00149155 0.00070585
v -0.00012312 0.00148606 0.00070585
v -0.00021691 0.00148423 0.00070585
v -0.00048882 0.00140875 0.00070585
v -0.00057921 0.00138366 0.00070585
v -0.0008238 0.00124293 0.00070585
v -0.00090512 0.00119614 0.00070585
v -0.00110703 0.00099901 0.00070585
v -0.00117415 0.00093347 0.00070585
v -0.00132069 0.00069232 0.00070585
v -0.00136941 0.00061214 0.00070585
v -0.00145137 0.00034212 0.00070585
v -0.00147862 0.00025236 0.00070585
v -0.00149972 -2.918E-05 0.00070585
v -0.00149492 -0.00012329 0.00070585
v -0.00143667 -0.0003994 0.00070585
v -0.0014173 -0.00049119 0.00070585
v -0.0012922 -0.00074413 0.00070585
v -0.00125062 -0.00082823 0.00070585
v -0.00106655 -0.00104211 0.00070585
v -0.00100535 -0.00111322 0.00070585
v -0.00077388 -0.00127461 0.00070585
v -0.00069692 -0.00132827 0.00070585
v -0.00043258 -0.00142702 0.00070585
v -0.0003447 -0.00145986 0.00070585
v -6.411E-05 -0.00148977 0.00070585
v 2.918E-05 -0.00149972 0.00070585
v 0.0003084 -0.00145891 0.00070585
v 0.00040123 -0.00144534 0.00070585
v 0.00066153 -0.00133638 0.00070585
v 0.00074806 -0.00130015 0.00070585
v 0.00097309 -0.00112988 0.00070585
v 0.0010479 -0.00107327 0.00070585
v 0.00122351 -0.00085239 0.00070585
v 0.00128189 -0.00077895 0.00070585
v 0.00139705 -0.00052133 0.00070585
v 0.00143533 -0.00043569 0.00070585
v 0.00148281 -0.00015752 0.00070585
v 0.00034902 0.00057925 0.00336247
v 0.00038039 0.0005075 0.0031475
v 0.00038039 0.0005075 0.002
v 0.00042927 0.0004463 0.00293743
v 0.00049231 0.00039985 0.002
v 0.00049231 0.00039985 0.0031475
v 0.00056524 0.00037129 0.00336247
v 0.00064307 0.00036258 0.002
v 0.00064307 0.00036258 0.00356768
v -0.00144534 -0.00040123 0.00075995
v -0.00149972 -2.918E-05 0.00075995
v -0.00130015 -0.00074806 0.00075995
v -0.00107327 -0.0010479 0.00075995
v -0.00077895 -0.00128189 0.00075995
v -0.00043569 -0.00143533 0.00075995
v -6.505E-05 -0.00149859 0.00075995
v 0.00030968 -0.00146768 0.00075995
v 0.00066495 -0.00134456 0.00075995
v 0.00097844 -0.00113695 0.00075995
v 0.00123045 -0.0008579 0.00075995
v 0.00140514 -0.00052495 0.00075995
v 0.00149155 -0.00015901 0.00075995
v 0.00148423 0.00021691 0.00075995
v 0.00138366 0.00057921 0.00075995
v 0.00119614 0.00090512 0.00075995
v 0.00093347 0.00117415 0.00075995
v 0.00061214 0.00136941 0.00075995
v 0.00025236 0.00147862 0.00075995
v -0.00012329 0.00149492 0.00075995
v -0.00049119 0.0014173 0.00075995
v -0.00082823 0.00125062 0.00075995
v -0.00111322 0.00100535 0.00075995
v -0.00132827 0.00069692 0.00075995
v -0.00145986 0.0003447 0.00075995
v 0.00101506 0.00036982 0.002
v 0.00174009 0.00038392 0.00399238
v 0.00161423 0.00038147 0.004
v 0.00081665 0.00036596 0.004
v -0.00121962 -0.00033857 0.0008952
v -0.00090565 -0.00088424 0.0008952
v -0.00104934 -0.00069436 0.0008952
v -0.0010971 -0.00063124 0.0008952
v -0.00118905 -0.00041159 0.0008952
v -0.00036764 -0.00121117 0.0008952
v -0.00058503 -0.001114 0.0008952
v -0.0006573 -0.00108169 0.0008952
v -0.00084369 -0.00093351 0.0008952
v 0.00026132 -0.00123847 0.0008952
v 2.401E-05 -0.00125804 0.0008952
v -5.489E-05 -0.00126455 0.0008952
v -0.00028961 -0.00122449 0.0008952
v 0.00082563 -0.00095939 0.0008952
v 0.00062711 -0.00109087 0.0008952
v 0.0005611 -0.00113458 0.0008952
v 0.00033612 -0.00121255 0.0008952
v 0.0011857 -0.00044297 0.0008952
v 0.00107506 -0.00065382 0.0008952
v 0.00103828 -0.00072392 0.0008952
v 0.00087869 -0.00090064 0.0008952
v 0.00125244 0.00018304 0.0008952
v 0.0012655 2.462E-05 0.0008952
v 0.00126205 -5.478E-05 0.0008952
v 0.00125861 -0.00013418 0.0008952
v 0.00120389 -0.00036592 0.0008952
v 0.00116757 0.00048876 0.0008952
v 0.00123126 0.00025932 0.0008952
v 0.00078769 0.00099078 0.0008952
v 0.00095404 0.00082041 0.0008952
v 0.00100934 0.00076376 0.0008952
v 0.00112809 0.00055737 0.0008952
v 0.00021294 0.0012477 0.0008952
v 0.00044079 0.00117854 0.0008952
v 0.00051654 0.00115554 0.0008952
v 0.00072004 0.00103189 0.0008952
v -0.00041448 0.00119595 0.0008952
v -0.00018149 0.00124511 0.0008952
v -0.00010404 0.00126146 0.0008952
v 0.00013386 0.00125113 0.0008952
v -0.00093937 0.00084835 0.0008952
v -0.00075888 0.00100367 0.0008952
v -0.00069888 0.0010553 0.0008952
v -0.00048544 0.00116086 0.0008952
v -0.00123187 0.00029087 0.0008952
v -0.00114853 0.00051393 0.0008952
v -0.00112083 0.00058808 0.0008952
v -0.00098464 0.00078341 0.0008952
v -0.00125405 -0.00010295 0.0008952
v -0.0012655 -2.462E-05 0.0008952
v -0.00124026 0.00021215 0.0008952
v 0.0017537 -0.00031594 0.00399238
v 0.00175199 -0.00020716 0.00399349
v 0.00102867 -0.00033005 0.002
v 0.0017482 3.402E-05 0.00399596
v 0.00174261 0.00027516 0.00399349
v 0.00149859 -6.505E-05 0.00103045
v 0.0014754 0.00021619 0.00103045
v 0.00146768 0.00030968 0.00103045
v 0.00137528 0.00057631 0.00103045
v 0.00134456 0.00066495 0.00103045
v 0.00118875 0.00090022 0.00103045
v 0.00113695 0.00097844 0.00103045
v 0.00092753 0.00116757 0.00103045
v 0.0008579 0.00123045 0.00103045
v 0.00060802 0.00136156 0.00103045
v 0.00052495 0.00140514 0.00103045
v 0.00025032 0.00146999 0.00103045
v 0.00015901 0.00149155 0.00103045
v -0.00012312 0.00148606 0.00103045
v -0.00021691 0.00148423 0.00103045
v -0.00048882 0.00140875 0.00103045
v -0.00057921 0.00138366 0.00103045
v -0.0008238 0.00124293 0.00103045
v -0.00090512 0.00119614 0.00103045
v -0.00110703 0.00099901 0.00103045
v -0.00117415 0.00093347 0.00103045
v -0.00132069 0.00069232 0.00103045
v -0.00136941 0.00061214 0.00103045
v -0.00145137 0.00034212 0.00103045
v -0.00147862 0.00025236 0.00103045
v -0.00149972 -2.918E-05 0.00103045
v -0.00149492 -0.00012329 0.00103045
v -0.00143667 -0.0003994 0.00103045
v -0.0014173 -0.00049119 0.00103045
v -0.0012922 -0.00074413 0.00103045
v -0.00125062 -0.00082823 0.00103045
v -0.00106655 -0.00104211 0.00103045
v -0.00100535 -0.00111322 0.00103045
v -0.00077388 -0.00127461 0.00103045
v -0.00069692 -0.00132827 0.00103045
v -0.00043258 -0.00142702 0.00103045
v -0.0003447 -0.00145986 0.00103045
v -6.411E-05 -0.00148977 0.00103045
v 2.918E-05 -0.00149972 0.00103045
v 0.0003084 -0.00145891 0.00103045
v 0.00040123 -0.00144534 0.00103045
v 0.00066153 -0.00133638 0.00103045
v 0.00074806 -0.00130015 0.00103045
v 0.00097309 -0.00112988 0.00103045
v 0.0010479 -0.00107327 0.00103045
v 0.00122351 -0.00085239 0.00103045
v 0.00128189 -0.00077895 0.00103045
v 0.00139705 -0.00052133 0.00103045
v 0.00143533 -0.00043569 0.00103045
v 0.00148281 -0.00015752 0.00103045
v 0.00065669 -0.00033729 0.00356768
v 0.00083027 -0.00033391 0.004
v 0.00162785 -0.00031839 0.004
v 0.00065669 -0.00033729 0.002
v -0.00144534 -0.00040123 0.00108455
v -0.00149972 -2.918E-05 0.00108455
v -0.00130015 -0.00074806 0.00108455
v -0.00107327 -0.0010479 0.00108455
v -0.00077895 -0.00128189 0.00108455
v -0.00043569 -0.00143533 0.00108455
v -6.505E-05 -0.00149859 0.00108455
v 0.00030968 -0.00146768 0.00108455
v 0.00066495 -0.00134456 0.00108455
v 0.00097844 -0.00113695 0.00108455
v 0.00123045 -0.0008579 0.00108455
v 0.00140514 -0.00052495 0.00108455
v 0.00149155 -0.00015901 0.00108455
v 0.00148423 0.00021691 0.00108455
v 0.00138366 0.00057921 0.00108455
v 0.00119614 0.00090512 0.00108455
v 0.00093347 0.00117415 0.00108455
v 0.00061214 0.00136941 0.00108455
v 0.00025236 0.00147862 0.00108455
v -0.00012329 0.00149492 0.00108455
v -0.00049119 0.0014173 0.00108455
v -0.00082823 0.00125062 0.00108455
v -0.00111322 0.00100535 0.00108455
v -0.00132827 0.00069692 0.00108455
v -0.00145986 0.0003447 0.00108455
v 0.00057925 -0.00034902 0.00336247
v 0.0005075 -0.00038039 0.0031475
v 0.0005075 -0.00038039 0.002
v 0.0004463 -0.00042927 0.00293743
v 0.00039985 -0.00049231 0.002
v 0.00039985 -0.00049231 0.0031475
v 0.00037129 -0.00056524 0.00336247
v 0.00036258 -0.00064307 0.002
v 0.00036258 -0.00064307 0.00356768
v -0.00121962 -0.00033857 0.0012198
v -0.00124256 -0.00018159 0.0012198
v -0.00115836 -0.0004849 0.0012198
v -0.0010971 -0.00063124 0.0012198
v -0.00100138 -0.00075774 0.0012198
v -0.00090565 -0.00088424 0.0012198
v -0.00078148 -0.00098297 0.0012198
v -0.0006573 -0.00108169 0.0012198
v -0.00051247 -0.00114643 0.0012198
v -0.00036764 -0.00121117 0.0012198
v -0.00021127 -0.00123786 0.0012198
v -5.489E-05 -0.00126455 0.0012198
v 0.00010322 -0.00125151 0.0012198
v 0.00026132 -0.00123847 0.0012198
v 0.00041121 -0.00118652 0.0012198
v 0.0005611 -0.00113458 0.0012198
v 0.00069337 -0.00104698 0.0012198
v 0.00082563 -0.00095939 0.0012198
v 0.00093196 -0.00084166 0.0012198
v 0.00103828 -0.00072392 0.0012198
v 0.00111199 -0.00058345 0.0012198
v 0.0011857 -0.00044297 0.0012198
v 0.00122215 -0.00028857 0.0012198
v 0.00125861 -0.00013418 0.0012198
v 0.0012655 2.462E-05 0.0012198
v 0.00125244 0.00018304 0.0012198
v 0.00108845 0.00062626 0.0012198
v 0.00116757 0.00048876 0.0012198
v 0.00121 0.0003359 0.0012198
v 0.00089851 0.00087727 0.0012198
v 0.00100934 0.00076376 0.0012198
v 0.00065212 0.00107316 0.0012198
v 0.00078769 0.00099078 0.0012198
v 0.00036474 0.00120162 0.0012198
v 0.00051654 0.00115554 0.0012198
v 5.445E-05 0.00125458 0.0012198
v 0.00021294 0.0012477 0.0012198
v -0.00025926 0.00122871 0.0012198
v -0.00010404 0.00126146 0.0012198
v -0.00055668 0.00112563 0.0012198
v -0.00041448 0.00119595 0.0012198
v -0.00081912 0.00095182 0.0012198
v -0.00069888 0.0010553 0.0012198
v -0.0010301 0.00071821 0.0012198
v -0.00093937 0.00084835 0.0012198
v -0.00117635 0.00043947 0.0012198
v -0.00112083 0.00058808 0.0012198
v -0.0012655 -2.462E-05 0.0012198
v -0.00124868 0.00013312 0.0012198
v -0.00123187 0.00029087 0.0012198
v 0.00036982 -0.00101506 0.002
v 0.00036596 -0.00081665 0.004
v 0.00038147 -0.00161423 0.004
v 0.00038274 -0.00167937 0.00399605
v 0.00038392 -0.00174009 0.00399238
v 0.00147253 0.0002152 0.00135505
v 0.00149972 2.918E-05 0.00135505
v 0.00147979 -0.00015776 0.00135505
v 0.00145986 -0.0003447 0.00135505
v 0.00139406 -0.00052081 0.00135505
v 0.00132827 -0.00069692 0.00135505
v 0.00122075 -0.00085114 0.00135505
v 0.00111322 -0.00100535 0.00135505
v 0.00097072 -0.00112799 0.00135505
v 0.00082823 -0.00125062 0.00135505
v 0.00065971 -0.00133396 0.00135505
v 0.00049119 -0.0014173 0.00135505
v 0.00030724 -0.00145611 0.00135505
v 0.00012329 -0.00149492 0.00135505
v -6.453E-05 -0.00148677 0.00135505
v -0.00025236 -0.00147862 0.00135505
v -0.00043225 -0.00142401 0.00135505
v -0.00061214 -0.00136941 0.00135505
v -0.00077281 -0.00127178 0.00135505
v -0.00093347 -0.00117415 0.00135505
v -0.00106481 -0.00103963 0.00135505
v -0.00119614 -0.00090512 0.00135505
v -0.0012899 -0.00074217 0.00135505
v -0.00138366 -0.00057921 0.00135505
v -0.00143395 -0.00039806 0.00135505
v -0.00148423 -0.00021691 0.00135505
v -0.00149972 -2.918E-05 0.00135505
v -0.00149155 0.00015901 0.00135505
v -0.00144835 0.00034198 0.00135505
v -0.00140514 0.00052495 0.00135505
v -0.0013178 0.00069143 0.00135505
v -0.00123045 0.0008579 0.00135505
v -0.00110444 0.00099743 0.00135505
v -0.00097844 0.00113695 0.00135505
v -0.0008217 0.00124076 0.00135505
v -0.00066495 0.00134456 0.00135505
v -0.00048732 0.00140612 0.00135505
v -0.00030968 0.00146768 0.00135505
v -0.00012232 0.00148314 0.00135505
v 6.505E-05 0.00149859 0.00135505
v 0.00025037 0.00146696 0.00135505
v 0.00043569 0.00143533 0.00135505
v 0.00060732 0.00135861 0.00135505
v 0.00077895 0.00128189 0.00135505
v 0.00092611 0.00116489 0.00135505
v 0.00107327 0.0010479 0.00135505
v 0.00118671 0.00089798 0.00135505
v 0.00130015 0.00074806 0.00135505
v 0.00137275 0.00057465 0.00135505
v 0.00144534 0.00040123 0.00135505
v 0.00021735 -0.00174431 0.00399508
v 0.00015415 -0.00174542 0.00399476
v -8.684E-05 -0.00174967 0.00399354
v -0.00033005 -0.00102867 0.002
v -0.00031594 -0.0017537 0.00399238
v -0.00057925 0.00034902 0.00336247
v -0.00065669 0.00033729 0.00356768
v -0.00065669 0.00033729 0.002
v -0.0005075 0.00038039 0.0031475
v -0.0005075 0.00038039 0.002
v -0.0004463 0.00042927 0.00293743
v -0.00039985 0.00049231 0.002
v -0.00039985 0.00049231 0.0031475
v -0.00037129 0.00056524 0.00336247
v -0.00034902 -0.00057925 0.00336247
v -0.00033729 -0.00065669 0.00356768
v -0.00033729 -0.00065669 0.002
v -0.00038039 -0.0005075 0.0031475
v -0.00038039 -0.0005075 0.002
v -0.00042927 -0.0004463 0.00293743
v -0.00049231 -0.00039985 0.002
v -0.00049231 -0.00039985 0.0031475
v -0.00056524 -0.00037129 0.00336247
v -0.00064307 -0.00036258 0.002
v -0.00064307 -0.00036258 0.00356768
v -0.00144534 -0.00040123 0.00140915
v -0.00149972 -2.918E-05 0.00140915
v -0.00130015 -0.00074806 0.00140915
v -0.00107327 -0.0010479 0.00140915
v -0.00043569 -0.00143533 0.00140915
v -0.00077895 -0.00128189 0.00140915
v -6.505E-05 -0.00149859 0.00140915
v 0.00066495 -0.00134456 0.00140915
v 0.00030968 -0.00146768 0.00140915
v 0.00123045 -0.0008579 0.00140915
v 0.00097844 -0.00113695 0.00140915
v 0.00149155 -0.00015901 0.00140915
v 0.00140514 -0.00052495 0.00140915
v 0.00138366 0.00057921 0.00140915
v 0.00148423 0.00021691 0.00140915
v 0.00119614 0.00090512 0.00140915
v 0.00061214 0.00136941 0.00140915
v 0.00093347 0.00117415 0.00140915
v 0.00025236 0.00147862 0.00140915
v -0.00012329 0.00149492 0.00140915
v -0.00049119 0.0014173 0.00140915
v -0.00082823 0.00125062 0.00140915
v -0.00111322 0.00100535 0.00140915
v -0.00132827 0.00069692 0.00140915
v -0.00145986 0.0003447 0.00140915
v -0.00125835 0.00121032 0.00399619
v -0.00121835 0.00112556 0.004
v -0.00083027 0.00033391 0.004
v -0.0011721 0.00117364 0.004
v 0.00121032 0.00125835 0.00399619
v 0.00112556 0.00121835 0.004
v 0.00117364 0.0011721 0.004
v 0.00125835 -0.00121032 0.00399619
v 0.00121835 -0.00112556 0.004
v 0.0011721 -0.00117364 0.004
v -0.00031713 -0.00169299 0.00399605
v -0.00031839 -0.00162785 0.004
v -0.00033391 -0.00083027 0.004
v -0.00121032 -0.00125835 0.00399619
v -0.00112556 -0.00121835 0.004
v -0.00117364 -0.0011721 0.004
v -0.00081665 -0.00036596 0.004
v -0.00162785 0.00031839 0.004
v -0.00102867 0.00033005 0.002
v -0.0017537 0.00031594 0.00399238
v -0.00101506 -0.00036982 0.002
v -0.00174009 -0.00038392 0.00399238
v -0.00161423 -0.00038147 0.004
v -0.00121962 -0.00033857 0.0015444
v -0.00124256 -0.00018159 0.0015444
v -0.00115836 -0.0004849 0.0015444
v -0.0010971 -0.00063124 0.0015444
v -0.00100138 -0.00075774 0.0015444
v -0.00090565 -0.00088424 0.0015444
v -0.00078148 -0.00098297 0.0015444
v -0.0006573 -0.00108169 0.0015444
v -0.00051247 -0.00114643 0.0015444
v -0.00036764 -0.00121117 0.0015444
v -0.00021127 -0.00123786 0.0015444
v -5.489E-05 -0.00126455 0.0015444
v 0.00010322 -0.00125151 0.0015444
v 0.00026132 -0.00123847 0.0015444
v 0.00041121 -0.00118652 0.0015444
v 0.0005611 -0.00113458 0.0015444
v 0.00069337 -0.00104698 0.0015444
v 0.00082563 -0.00095939 0.0015444
v 0.00093196 -0.00084166 0.0015444
v 0.00103828 -0.00072392 0.0015444
v 0.00111199 -0.00058345 0.0015444
v 0.0011857 -0.00044297 0.0015444
v 0.00122215 -0.00028857 0.0015444
v 0.00125861 -0.00013418 0.0015444
v 0.0012655 2.462E-05 0.0015444
v 0.00125244 0.00018304 0.0015444
v 0.00108845 0.00062626 0.0015444
v 0.00116757 0.00048876 0.0015444
v 0.00121 0.0003359 0.0015444
v 0.00089851 0.00087727 0.0015444
v 0.00100934 0.00076376 0.0015444
v 0.00065212 0.00107316 0.0015444
v 0.00078769 0.00099078 0.0015444
v 0.00036474 0.00120162 0.0015444
v 0.00051654 0.00115554 0.0015444
v 5.445E-05 0.00125458 0.0015444
v 0.00021294 0.0012477 0.0015444
v -0.00025926 0.00122871 0.0015444
v -0.00010404 0.00126146 0.0015444
v -0.00055668 0.00112563 0.0015444
v -0.00041448 0.00119595 0.0015444
v -0.00081912 0.00095182 0.0015444
v -0.00069888 0.0010553 0.0015444
v -0.0010301 0.00071821 0.0015444
v -0.00093937 0.00084835 0.0015444
v -0.00117635 0.00043947 0.0015444
v -0.00112083 0.00058808 0.0015444
v -0.0012655 -2.462E-05 0.0015444
v -0.00124868 0.00013312 0.0015444
v -0.00123187 0.00029087 0.0015444
v -0.00130679 0.00102155 0.004
v -0.00143372 0.0008341 0.004
v -0.00153394 0.0006311 0.004
v -0.00160559 0.00041635 0.004
v -0.00115551 0.00118998 0.004
v -0.00058576 0.00155182 0.004
v -0.00079161 0.0014576 0.004
v -0.00098272 0.00133624 0.004
v 0.00110835 0.00123403 0.004
v 0.00092999 0.00137345 0.004
v 0.00073431 0.00148729 0.004
v 0.00052495 0.00157343 0.004
v 0.00126606 0.00107161 0.004
v 0.00158817 0.0004785 0.004
v 0.00150823 0.0006903 0.004
v 0.00140018 0.00088924 0.004
v 0.00130679 -0.00102155 0.004
v 0.00143372 -0.0008341 0.004
v 0.00153394 -0.0006311 0.004
v 0.00160559 -0.00041635 0.004
v 0.00058576 -0.00155182 0.004
v 0.00079161 -0.0014576 0.004
v 0.00098272 -0.00133624 0.004
v 0.00115551 -0.00118998 0.004
v -0.00110835 -0.00123403 0.004
v -0.00092999 -0.00137345 0.004
v -0.00073431 -0.00148729 0.004
v -0.00052495 -0.00157343 0.004
v -0.00158817 -0.0004785 0.004
v -0.00150823 -0.0006903 0.004
v -0.00140018 -0.00088924 0.004
v -0.00126606 -0.00107161 0.004
v -0.00175199 0.00020716 0.00399349
v -0.0017482 -3.402E-05 0.00399596
v -0.00174261 -0.00027516 0.00399349
v 0.00147253 0.0002152 0.00167965
v 0.00149972 2.918E-05 0.00167965
v 0.00147979 -0.00015776 0.00167965
v 0.00145986 -0.0003447 0.00167965
v 0.00139406 -0.00052081 0.00167965
v 0.00132827 -0.00069692 0.00167965
v 0.00122075 -0.00085114 0.00167965
v 0.00111322 -0.00100535 0.00167965
v 0.00097072 -0.00112799 0.00167965
v 0.00082823 -0.00125062 0.00167965
v 0.00065971 -0.00133396 0.00167965
v 0.00049119 -0.0014173 0.00167965
v 0.00030724 -0.00145611 0.00167965
v 0.00012329 -0.00149492 0.00167965
v -6.453E-05 -0.00148677 0.00167965
v -0.00025236 -0.00147862 0.00167965
v -0.00043225 -0.00142401 0.00167965
v -0.00061214 -0.00136941 0.00167965
v -0.00077281 -0.00127178 0.00167965
v -0.00093347 -0.00117415 0.00167965
v -0.00106481 -0.00103963 0.00167965
v -0.00119614 -0.00090512 0.00167965
v -0.0012899 -0.00074217 0.00167965
v -0.00138366 -0.00057921 0.00167965
v -0.00143395 -0.00039806 0.00167965
v -0.00148423 -0.00021691 0.00167965
v -0.00149972 -2.918E-05 0.00167965
v -0.00149155 0.00015901 0.00167965
v -0.00144835 0.00034198 0.00167965
v -0.00140514 0.00052495 0.00167965
v -0.0013178 0.00069143 0.00167965
v -0.00123045 0.0008579 0.00167965
v -0.00110444 0.00099743 0.00167965
v -0.00097844 0.00113695 0.00167965
v -0.0008217 0.00124076 0.00167965
v -0.00066495 0.00134456 0.00167965
v -0.00048732 0.00140612 0.00167965
v -0.00030968 0.00146768 0.00167965
v -0.00012232 0.00148314 0.00167965
v 6.505E-05 0.00149859 0.00167965
v 0.00025037 0.00146696 0.00167965
v 0.00043569 0.00143533 0.00167965
v 0.00060732 0.00135861 0.00167965
v 0.00077895 0.00128189 0.00167965
v 0.00092611 0.00116489 0.00167965
v 0.00107327 0.0010479 0.00167965
v 0.00118671 0.00089798 0.00167965
v 0.00130015 0.00074806 0.00167965
v 0.00137275 0.00057465 0.00167965
v 0.00144534 0.00040123 0.00167965
v -0.00188109 -0.0018649 0.00308716
v -0.00177401 -0.00197517 0.00308716
v -0.00176087 -0.00196054 0.00321537
v -0.00171212 -0.00051584 0.00399159
v -0.00176641 -0.0002779 0.00399159
v -0.00136486 -0.00115524 0.00399159
v -0.00119484 -0.00133033 0.00399159
v -0.00162593 -0.00074417 0.00399159
v -0.00150946 -0.00095863 0.00399159
v -0.00056592 -0.00169622 0.00399159
v -0.00079162 -0.00160336 0.00399159
v -0.00100257 -0.00148064 0.00399159
v 0.00015671 -0.00178126 0.00399159
v -8.73E-05 -0.001786 0.00399159
v -0.00032968 -0.00175748 0.00399159
v 0.00124569 -0.00128284 0.00399159
v 0.00140877 -0.00110127 0.00399159
v 0.0003978 -0.00174333 0.00399159
v 0.00063147 -0.00167292 0.00399159
v 0.00085339 -0.00157136 0.00399159
v 0.00105941 -0.00144052 0.00399159
v 0.0015456 -0.00089919 0.00399159
v 0.00165365 -0.00068035 0.00399159
v 0.00173089 -0.00044885 0.00399159
v 0.00177588 -0.00020898 0.00399159
v 0.0017878 3.479E-05 0.00399159
v 0.00176641 0.0002779 0.00399159
v 0.00171212 0.00051584 0.00399159
v 0.00136486 0.00115524 0.00399159
v 0.00119484 0.00133033 0.00399159
v 0.00162593 0.00074417 0.00399159
v 0.00150946 0.00095863 0.00399159
v 0.00056592 0.00169622 0.00399159
v 0.00079162 0.00160336 0.00399159
v 0.00100257 0.00148064 0.00399159
v -0.00015671 0.00178126 0.00399159
v 8.73E-05 0.001786 0.00399159
v 0.00032968 0.00175748 0.00399159
v -0.00124569 0.00128284 0.00399159
v -0.00140877 0.00110127 0.00399159
v -0.0003978 0.00174333 0.00399159
v -0.00063147 0.00167292 0.00399159
v -0.00085339 0.00157136 0.00399159
v -0.00105941 0.00144052 0.00399159
v -0.00173089 0.00044885 0.00399159
v -0.00165365 0.00068035 0.00399159
v -0.0015456 0.00089919 0.00399159
v -0.0017878 -3.479E-05 0.00399159
v -0.00177588 0.00020898 0.00399159
v -0.00261038 0.00045054 0.00308716
v -0.00261716 0.00030797 0.00321537
v -0.00256989 0.00066641 0.00308716
v -0.00255085 0.00066148 0.00321537
v -0.00247952 0.00093728 0.00308716
v -0.00243702 0.00100266 0.00321537
v -0.00245521 0.00101014 0.00308716
v -0.0022778 0.00132516 0.00321537
v -0.00229479 0.00133505 0.00308716
v -0.00183581 0.00189056 0.00321537
v -0.00195221 0.00179032 0.00308716
v -0.00207614 0.00162298 0.00321537
v -0.00209163 0.00163509 0.00308716
v -0.00225788 0.00138956 0.00308716
v -0.00114727 0.00238785 0.00308716
v -0.00126705 0.00233303 0.00308716
v -0.00125766 0.00231575 0.00321537
v -0.00157292 0.00213877 0.00308716
v -0.00156128 0.00212293 0.00321537
v -0.00158129 0.00213168 0.00308716
v -0.0018495 0.00190467 0.00308716
v -0.00093756 0.00248383 0.00308716
v -0.00093062 0.00246543 0.00321537
v -0.00067467 0.00256303 0.00308716
v -0.00058624 0.00256919 0.00321537
v -0.00059062 0.00258836 0.00308716
v -0.00023094 0.00262508 0.00321537
v -0.00023267 0.00264467 0.00308716
v 0.00048586 0.00259005 0.00321537
v 0.00032592 0.00262862 0.00308716
v 0.00012866 0.00263208 0.00321537
v 0.00012962 0.00265172 0.00308716
v -0.00017783 0.00264574 0.00308716
v 0.0012797 0.00231983 0.00308716
v 0.00117533 0.00238055 0.00308716
v 0.00116663 0.00236292 0.00321537
v 0.00084023 0.00251842 0.00308716
v 0.00083401 0.00249977 0.00321537
v 0.000819 0.00252392 0.00308716
v 0.00048948 0.00260937 0.00308716
v 0.00148854 0.00219834 0.00308716
v 0.00147751 0.00218205 0.00321537
v 0.0016962 0.002036 0.00308716
v 0.00176087 0.00196054 0.00321537
v 0.00177401 0.00197517 0.00308716
v 0.00201143 0.00170251 0.00321537
v 0.00202644 0.00171521 0.00308716
v 0.00239618 0.0010967 0.00321537
v 0.00233021 0.00125926 0.00308716
v 0.00222452 0.00141276 0.00321537
v 0.00224112 0.0014233 0.00308716
v 0.00205244 0.00167987 0.00308716
v 0.00263225 0.00030327 0.00308716
v 0.00262263 0.0004126 0.00308716
v 0.0026032 0.00040955 0.00321537
v 0.00254202 0.00076588 0.00308716
v 0.00252319 0.0007602 0.00321537
v 0.0025304 0.00079666 0.00308716
v 0.00241405 0.00110488 0.00308716
v 0.00265438 5.165E-05 0.00308716
v 0.00263472 5.126E-05 0.00321537
v 0.00264205 -0.00020065 0.00308716
v 0.00261716 -0.00030797 0.00321537
v 0.00263669 -0.00031027 0.00308716
v 0.00255085 -0.00066148 0.00321537
v 0.00256989 -0.00066641 0.00308716
v 0.00243702 -0.00100266 0.00321537
v 0.00245521 -0.00101014 0.00308716
v 0.00255947 -0.00069762 0.00308716
v 0.00177411 -0.00196848 0.00308716
v 0.0018495 -0.00190467 0.00308716
v 0.00183581 -0.00189056 0.00321537
v 0.00209163 -0.00163509 0.00308716
v 0.00207614 -0.00162298 0.00321537
v 0.00211623 -0.00159876 0.00308716
v 0.0022778 -0.00132516 0.00321537
v 0.00229479 -0.00133505 0.00308716
v 0.00237743 -0.00116767 0.00308716
v 0.00157292 -0.00213877 0.00308716
v 0.00156128 -0.00212293 0.00321537
v 0.00136897 -0.0022683 0.00308716
v 0.00125766 -0.00231575 0.00321537
v 0.00126705 -0.00233303 0.00308716
v 0.00093062 -0.00246543 0.00321537
v 0.00093756 -0.00248383 0.00308716
v 0.00058624 -0.00256919 0.00321537
v 0.00059062 -0.00258836 0.00308716
v 0.00091656 -0.00249015 0.00308716
v -0.00057446 -0.00258734 0.00308716
v -0.00048948 -0.00260937 0.00308716
v -0.00048586 -0.00259005 0.00321537
v -0.00012962 -0.00265172 0.00308716
v -0.00012866 -0.00263208 0.00321537
v -7.477E-05 -0.00265065 0.00308716
v 0.00023094 -0.00262508 0.00321537
v 0.00023267 -0.00264467 0.00308716
v 0.00042793 -0.00261395 0.00308716
v -0.00084023 -0.00251842 0.00308716
v -0.00083401 -0.00249977 0.00321537
v -0.00105351 -0.00243067 0.00308716
v -0.00116663 -0.00236292 0.00321537
v -0.00117533 -0.00238055 0.00308716
v -0.00147751 -0.00218205 0.00321537
v -0.00148854 -0.00219834 0.00308716
v -0.00149718 -0.00219158 0.00308716
v -0.00202644 -0.00171521 0.00308716
v -0.00201143 -0.00170251 0.00321537
v -0.00220212 -0.00147633 0.00308716
v -0.00222452 -0.00141276 0.00321537
v -0.00224112 -0.0014233 0.00308716
v -0.00239618 -0.0010967 0.00321537
v -0.00241405 -0.00110488 0.00308716
v -0.00263669 0.00031027 0.00308716
v -0.00265438 -5.165E-05 0.00308716
v -0.00263472 -5.126E-05 0.00321537
v -0.00262263 -0.0004126 0.00308716
v -0.0026032 -0.00040955 0.00321537
v -0.00259088 -0.00055174 0.00308716
v -0.00252319 -0.0007602 0.00321537
v -0.00254202 -0.00076588 0.00308716
v -0.00244118 -0.00103302 0.00308716
v 0.00257086 5.002E-05 0.00340873
v 0.00255373 -0.00030051 0.00340873
v 0.00248902 -0.00064544 0.00340873
v 0.00237795 -0.00097835 0.00340873
v 0.00222258 -0.00129304 0.00340873
v 0.00202581 -0.00158364 0.00340873
v 0.00179131 -0.00184474 0.00340873
v 0.00152343 -0.00207147 0.00340873
v 0.00122718 -0.00225962 0.00340873
v 0.00090806 -0.00240567 0.00340873
v 0.00057203 -0.00250691 0.00340873
v 0.00022535 -0.00256145 0.00340873
v -0.00012554 -0.00256828 0.00340873
v -0.00047408 -0.00252727 0.00340873
v -0.0008138 -0.00243917 0.00340873
v -0.00113835 -0.00230564 0.00340873
v -0.0014417 -0.00212916 0.00340873
v -0.00171819 -0.00191302 0.00340873
v -0.00196268 -0.00166124 0.00340873
v -0.0021706 -0.00137852 0.00340873
v -0.00233809 -0.00107011 0.00340873
v -0.00246203 -0.00074178 0.00340873
v -0.0025401 -0.00039962 0.00340873
v -0.00257086 -5.002E-05 0.00340873
v -0.00255373 0.00030051 0.00340873
v -0.00248902 0.00064544 0.00340873
v -0.00237795 0.00097835 0.00340873
v -0.00222258 0.00129304 0.00340873
v -0.00202581 0.00158364 0.00340873
v -0.00179131 0.00184474 0.00340873
v -0.00152343 0.00207147 0.00340873
v -0.00122718 0.00225962 0.00340873
v -0.00090806 0.00240567 0.00340873
v -0.00057203 0.00250691 0.00340873
v -0.00022535 0.00256145 0.00340873
v 0.00012554 0.00256828 0.00340873
v 0.00047408 0.00252727 0.00340873
v 0.0008138 0.00243917 0.00340873
v 0.00113835 0.00230564 0.00340873
v 0.0014417 0.00212916 0.00340873
v 0.00171819 0.00191302 0.00340873
v 0.00196268 0.00166124 0.00340873
v 0.0021706 0.00137852 0.00340873
v 0.00233809 0.00107011 0.00340873
v 0.00246203 0.00074178 0.00340873
v 0.0025401 0.00039962 0.00340873
v 0.00246916 4.804E-05 0.00358513
v 0.0024527 -0.00028862 0.00358513
v 0.00239056 -0.00061991 0.00358513
v 0.00228388 -0.00093965 0.00358513
v 0.00213466 -0.00124189 0.00358513
v 0.00194567 -0.00152099 0.00358513
v 0.00172044 -0.00177176 0.00358513
v 0.00146317 -0.00198952 0.00358513
v 0.00117863 -0.00217023 0.00358513
v 0.00087214 -0.0023105 0.00358513
v 0.0005494 -0.00240774 0.00358513
v 0.00021643 -0.00246013 0.00358513
v -0.00012057 -0.00246668 0.00358513
v -0.00045533 -0.00242729 0.00358513
v -0.0007816 -0.00234268 0.00358513
v -0.00109332 -0.00221443 0.00358513
v -0.00138467 -0.00204494 0.00358513
v -0.00165022 -0.00183734 0.00358513
v -0.00188504 -0.00159552 0.00358513
v -0.00208474 -0.00132398 0.00358513
v -0.0022456 -0.00102778 0.00358513
v -0.00236464 -0.00071243 0.00358513
v -0.00243962 -0.00038381 0.00358513
v -0.00246916 -4.804E-05 0.00358513
v -0.0024527 0.00028862 0.00358513
v -0.00239056 0.00061991 0.00358513
v -0.00228388 0.00093965 0.00358513
v -0.00213466 0.00124189 0.00358513
v -0.00194567 0.00152099 0.00358513
v -0.00172044 0.00177176 0.00358513
v -0.00146317 0.00198952 0.00358513
v -0.00117863 0.00217023 0.00358513
v -0.00087214 0.0023105 0.00358513
v -0.0005494 0.00240774 0.00358513
v -0.00021643 0.00246013 0.00358513
v 0.00012057 0.00246668 0.00358513
v 0.00045533 0.00242729 0.00358513
v 0.0007816 0.00234268 0.00358513
v 0.00109332 0.00221443 0.00358513
v 0.00138467 0.00204494 0.00358513
v 0.00165022 0.00183734 0.00358513
v 0.00188504 0.00159552 0.00358513
v 0.00208474 0.00132398 0.00358513
v 0.0022456 0.00102778 0.00358513
v 0.00236464 0.00071243 0.00358513
v 0.00243962 0.00038381 0.00358513
v 0.00233384 4.541E-05 0.00373728
v 0.00231829 -0.0002728 0.00373728
v 0.00225955 -0.00058594 0.00373728
v 0.00215872 -0.00088815 0.00373728
v 0.00201767 -0.00117383 0.00373728
v 0.00183904 -0.00143763 0.00373728
v 0.00162616 -0.00167466 0.00373728
v 0.00138298 -0.00188049 0.00373728
v 0.00111404 -0.00205129 0.00373728
v 0.00082434 -0.00218388 0.00373728
v 0.00051929 -0.00227579 0.00373728
v 0.00020457 -0.0023253 0.00373728
v -0.00011396 -0.0023315 0.00373728
v -0.00043037 -0.00229426 0.00373728
v -0.00073877 -0.00221429 0.00373728
v -0.0010334 -0.00209307 0.00373728
v -0.00130878 -0.00193286 0.00373728
v -0.00155978 -0.00173665 0.00373728
v -0.00178173 -0.00150808 0.00373728
v -0.00197048 -0.00125143 0.00373728
v -0.00212253 -0.00097145 0.00373728
v -0.00223504 -0.00067339 0.00373728
v -0.00230592 -0.00036278 0.00373728
v -0.00233384 -4.541E-05 0.00373728
v -0.00231829 0.0002728 0.00373728
v -0.00225955 0.00058594 0.00373728
v -0.00215872 0.00088815 0.00373728
v -0.00201767 0.00117383 0.00373728
v -0.00183904 0.00143763 0.00373728
v -0.00162616 0.00167466 0.00373728
v -0.00138298 0.00188049 0.00373728
v -0.00111404 0.00205129 0.00373728
v -0.00082434 0.00218388 0.00373728
v -0.00051929 0.00227579 0.00373728
v -0.00020457 0.0023253 0.00373728
v 0.00011396 0.0023315 0.00373728
v 0.00043037 0.00229426 0.00373728
v 0.00073877 0.00221429 0.00373728
v 0.0010334 0.00209307 0.00373728
v 0.00130878 0.00193286 0.00373728
v 0.00155978 0.00173665 0.00373728
v 0.00178173 0.00150808 0.00373728
v 0.00197048 0.00125143 0.00373728
v 0.00212253 0.00097145 0.00373728
v 0.00223504 0.00067339 0.00373728
v 0.00230592 0.00036278 0.00373728
v 0.00217051 4.223E-05 0.00385885
v 0.00215605 -0.00025371 0.00385885
v 0.00210142 -0.00054493 0.00385885
v 0.00200764 -0.000826 0.00385885
v 0.00187647 -0.00109168 0.00385885
v 0.00171034 -0.00133702 0.00385885
v 0.00151235 -0.00155746 0.00385885
v 0.00128619 -0.00174889 0.00385885
v 0.00103607 -0.00190774 0.00385885
v 0.00076665 -0.00203105 0.00385885
v 0.00048295 -0.00211652 0.00385885
v 0.00019025 -0.00216257 0.00385885
v -0.00010599 -0.00216833 0.00385885
v -0.00040025 -0.0021337 0.00385885
v -0.00068707 -0.00205933 0.00385885
v -0.00096108 -0.00194659 0.00385885
v -0.00121719 -0.0017976 0.00385885
v -0.00145062 -0.00161511 0.00385885
v -0.00165704 -0.00140254 0.00385885
v -0.00183258 -0.00116385 0.00385885
v -0.00197399 -0.00090347 0.00385885
v -0.00207863 -0.00062626 0.00385885
v -0.00214454 -0.00033739 0.00385885
v -0.00217051 -4.223E-05 0.00385885
v -0.00215605 0.00025371 0.00385885
v -0.00210142 0.00054493 0.00385885
v -0.00200764 0.000826 0.00385885
v -0.00187647 0.00109168 0.00385885
v -0.00171034 0.00133702 0.00385885
v -0.00151235 0.00155746 0.00385885
v -0.00128619 0.00174889 0.00385885
v -0.00103607 0.00190774 0.00385885
v -0.00076665 0.00203105 0.00385885
v -0.00048295 0.00211652 0.00385885
v -0.00019025 0.00216257 0.00385885
v 0.00010599 0.00216833 0.00385885
v 0.00040025 0.0021337 0.00385885
v 0.00068707 0.00205933 0.00385885
v 0.00096108 0.00194659 0.00385885
v 0.00121719 0.0017976 0.00385885
v 0.00145062 0.00161511 0.00385885
v 0.00165704 0.00140254 0.00385885
v 0.00183258 0.00116385 0.00385885
v 0.00197399 0.00090347 0.00385885
v 0.00207863 0.00062626 0.00385885
v 0.00214454 0.00033739 0.00385885
v 0.00198595 3.864E-05 0.00394481
v 0.00197271 -0.00023214 0.00394481
v 0.00192273 -0.00049859 0.00394481
v 0.00183693 -0.00075576 0.00394481
v 0.00171691 -0.00099885 0.00394481
v 0.00156491 -0.00122333 0.00394481
v 0.00138375 -0.00142503 0.00394481
v 0.00117682 -0.00160017 0.00394481
v 0.00094797 -0.00174551 0.00394481
v 0.00070146 -0.00185834 0.00394481
v 0.00044189 -0.00193655 0.00394481
v 0.00017408 -0.00197868 0.00394481
v -9.697E-05 -0.00198395 0.00394481
v -0.00036622 -0.00195227 0.00394481
v -0.00062864 -0.00188422 0.00394481
v -0.00087936 -0.00178107 0.00394481
v -0.00111369 -0.00164474 0.00394481
v -0.00132727 -0.00147778 0.00394481
v -0.00151613 -0.00128328 0.00394481
v -0.00167675 -0.00106488 0.00394481
v -0.00180614 -0.00082664 0.00394481
v -0.00190188 -0.00057301 0.00394481
v -0.00196219 -0.0003087 0.00394481
v -0.00198595 -3.864E-05 0.00394481
v -0.00197271 0.00023214 0.00394481
v -0.00192273 0.00049859 0.00394481
v -0.00183693 0.00075576 0.00394481
v -0.00171691 0.00099885 0.00394481
v -0.00156491 0.00122333 0.00394481
v -0.00138375 0.00142503 0.00394481
v -0.00117682 0.00160017 0.00394481
v -0.00094797 0.00174551 0.00394481
v -0.00070146 0.00185834 0.00394481
v -0.00044189 0.00193655 0.00394481
v -0.00017408 0.00197868 0.00394481
v 9.697E-05 0.00198395 0.00394481
v 0.00036622 0.00195227 0.00394481
v 0.00062864 0.00188422 0.00394481
v 0.00087936 0.00178107 0.00394481
v 0.00111369 0.00164474 0.00394481
v 0.00132727 0.00147778 0.00394481
v 0.00151613 0.00128328 0.00394481
v 0.00167675 0.00106488 0.00394481
v 0.00180614 0.00082664 0.00394481
v 0.00190188 0.00057301 0.00394481
v 0.00196219 0.0003087 0.00394481
v -0.00079584 -0.00127147 0.0017
v -0.00099426 -0.00112314 0.0017
v -0.00106962 -0.00104441 0.0017
v -0.00116556 -0.00094417 0.0017
v -9.476E-05 -0.001497 0.0017
v -0.00033987 -0.00146099 0.0017
v -0.00043418 -0.00143065 0.0017
v -0.00057571 -0.00138512 0.0017
v -0.00077826 -0.00128055 0.0017
v 0.00062915 -0.00136168 0.0017
v 0.00039645 -0.00144666 0.0017
v 0.00030881 -0.00146304 0.0017
v 0.00015293 -0.00149218 0.0017
v -6.509E-05 -0.00149643 0.0017
v 0.00120141 -0.00089812 0.0017
v 0.0010372 -0.00108361 0.0017
v 0.00097563 -0.00113349 0.0017
v 0.0008447 -0.00123955 0.0017
v 0.00066359 -0.00134216 0.0017
v 0.00148406 -0.00021806 0.0017
v 0.00142793 -0.00045936 0.0017
v 0.00140133 -0.00052337 0.0017
v 0.00133285 -0.00068812 0.0017
v 0.00122767 -0.00085616 0.0017
v 0.00140898 0.00051456 0.0017
v 0.00147446 0.00027563 0.0017
v 0.00148052 0.00021653 0.0017
v 0.00149972 2.918E-05 0.0017
v 0.00148782 -0.00015878 0.0017
v 0.00099426 0.00112314 0.0017
v 0.00116556 0.00094417 0.0017
v 0.00119344 0.00090327 0.0017
v 0.00130507 0.00073945 0.0017
v 0.00137991 0.00057748 0.0017
v 0.00033987 0.00146099 0.0017
v 0.00057571 0.00138512 0.0017
v 0.00061088 0.00136696 0.0017
v 0.00079584 0.00127147 0.0017
v 0.0009308 0.00117058 0.0017
v -0.00039645 0.00144666 0.0017
v -0.00015293 0.00149218 0.0017
v -0.00012325 0.00149276 0.0017
v 9.476E-05 0.001497 0.0017
v 0.00025167 0.00147395 0.0017
v -0.0010372 0.00108361 0.0017
v -0.0008447 0.00123955 0.0017
v -0.00082748 0.0012493 0.0017
v -0.00062915 0.00136168 0.0017
v -0.0004895 0.00141268 0.0017
v -0.00142793 0.00045936 0.0017
v -0.00133285 0.00068812 0.0017
v -0.0013276 0.00069651 0.0017
v -0.00120141 0.00089812 0.0017
v -0.00110944 0.00100201 0.0017
v -0.0012995 -0.00074762 0.0017
v -0.00130507 -0.00073945 0.0017
v -0.00140898 -0.00051456 0.0017
v -0.00144041 -0.00039988 0.0017
v -0.00147446 -0.00027563 0.0017
v -0.00149972 -2.918E-05 0.0017
v -0.00148406 0.00021806 0.0017
v -0.00145487 0.00034354 0.0017
v -0.00234193 0.00144148 0.002
v -0.00018426 0.00274382 0.002
v 0.00212817 0.00174167 0.002
v 0.00265318 -0.00072329 0.002
v 0.00094982 -0.00258076 0.002
v -0.00155128 -0.00227069 0.002
v -0.00253265 -0.00107154 0.002
v -0.00268967 -0.00057287 0.002
v -0.00228409 -0.00153149 0.002
v -0.00195297 -0.00193608 0.002
v -0.00109351 -0.00252324 0.002
v -7.739E-05 -0.00274891 0.002
v -0.00059623 -0.00268459 0.002
v 0.00044424 -0.00271388 0.002
v 0.00142107 -0.00235437 0.002
v 0.00219431 -0.00165756 0.002
v 0.00184096 -0.00204288 0.002
v 0.00246835 -0.00121233 0.002
v 0.00274211 -0.0002081 0.002
v 0.00262303 0.00082595 0.002
v 0.00273194 0.00031461 0.002
v 0.00241932 0.00130743 0.002
v 0.0017601 0.00211295 0.002
v 0.00132841 0.00240787 0.002
v 0.00084871 0.00261576 0.002
v 0.00033834 0.00272911 0.002
v -0.0007002 0.00265936 0.002
v -0.00119084 0.00247879 0.002
v -0.00163843 0.00220863 0.002
v -0.00202681 0.00185864 0.002
v -0.00257241 0.00097221 0.002
v -0.00270992 0.00046781 0.002
v -0.00274948 -5.35E-05 0.002
v -0.00038371 -0.0017589 0.002
v -0.0004076 -0.00175231 0.002
v -0.00038991 -0.00167608 0.00198937
v -0.00168779 -0.00062567 0.002
v -0.00169037 -0.00061734 0.002
v -0.00161642 -0.00059031 0.00198937
v 0.00038371 0.0017589 0.002
v 0.0004076 0.00175231 0.002
v 0.00038991 0.00167608 0.00198937
v 0.00168779 0.00062567 0.002
v 0.00169037 0.00061734 0.002
v 0.00161642 0.00059031 0.00198937
v -0.00149458 0.00021961 0.00177916
v -0.00143805 0.00046261 0.00177916
v -0.0013423 0.000693 0.00177916
v -0.00120993 0.00090448 0.00177916
v -0.00104455 0.0010913 0.00177916
v -0.00085068 0.00124834 0.00177916
v -0.00063361 0.00137133 0.00177916
v -0.00039926 0.00145692 0.00177916
v -0.00015401 0.00150276 0.00177916
v 9.544E-05 0.00150762 0.00177916
v 0.00034228 0.00147134 0.00177916
v 0.00057979 0.00139494 0.00177916
v 0.00080148 0.00128048 0.00177916
v 0.00100131 0.0011311 0.00177916
v 0.00117383 0.00095086 0.00177916
v 0.00148491 0.00027758 0.00177916
v 0.00141897 0.0005182 0.00177916
v 0.00131432 0.00074469 0.00177916
v 0.00151035 2.939E-05 0.00177916
v 0.00149458 -0.00021961 0.00177916
v 0.00143805 -0.00046261 0.00177916
v 0.00104455 -0.0010913 0.00177916
v 0.00120993 -0.00090448 0.00177916
v 0.0013423 -0.000693 0.00177916
v 0.00085068 -0.00124834 0.00177916
v 0.00063361 -0.00137133 0.00177916
v 0.00039926 -0.00145692 0.00177916
v -0.00034228 -0.00147134 0.00177916
v -9.544E-05 -0.00150762 0.00177916
v 0.00015401 -0.00150276 0.00177916
v -0.00057979 -0.00139494 0.00177916
v -0.00080148 -0.00128048 0.00177916
v -0.00100131 -0.0011311 0.00177916
v -0.00141897 -0.0005182 0.00177916
v -0.00131432 -0.00074469 0.00177916
v -0.00117383 -0.00095086 0.00177916
v -0.00151035 -2.939E-05 0.00177916
v -0.00148491 -0.00027758 0.00177916
v 0.00169154 0.00031621 0.00198937
v 0.00176682 0.00033027 0.002
v 0.00178453 0.00023694 0.002
v 0.00172051 3.348E-05 0.00198937
v 0.00174714 0.00043399 0.002
v 0.00160201 0.00082107 0.002
v 0.00149721 0.00084832 0.00198937
v 0.00156393 0.00088607 0.002
v 0.00114064 0.0012885 0.00198937
v 0.00119145 0.00134584 0.002
v 0.00124779 0.00129731 0.002
v 0.00133716 0.00108318 0.00198937
v 0.00137725 0.00115928 0.002
v 0.00139762 0.00113221 0.002
v 0.00149738 0.00099964 0.002
v 0.00066047 0.00158905 0.00198937
v 0.00069 0.00165999 0.002
v 0.00075168 0.00163566 0.002
v 0.00091301 0.00145867 0.00198937
v 0.00092866 0.00154239 0.002
v 0.00095439 0.00152486 0.002
v 0.00109427 0.00142953 0.002
v 0.00056825 0.001708 0.002
v 0.00018616 0.00179055 0.002
v 0.00010872 0.0017174 0.00198937
v 0.0001136 0.00179394 0.002
v -0.00017544 0.00171187 0.00198937
v -0.00018342 0.00178921 0.002
v -1.498E-05 0.00179994 0.002
v -0.00060658 0.00169477 0.002
v -0.0004751 0.00173387 0.002
v -0.00045481 0.00165965 0.00198937
v -0.00041444 0.00175192 0.002
v -0.00021694 0.00178708 0.002
v -0.00075413 0.00163201 0.002
v -0.00072178 0.00156215 0.00198937
v -0.00080139 0.00161191 0.002
v -0.00096906 0.00142205 0.00198937
v -0.00098281 0.00150847 0.002
v -0.00129199 0.0012533 0.002
v -0.00124299 0.00129856 0.002
v -0.0011899 0.00124315 0.00198937
v -0.0011438 0.00139018 0.002
v -0.00101285 0.0014864 0.002
v -0.00141842 0.00110859 0.002
v -0.00137829 0.00103034 0.00198937
v -0.00144049 0.0010769 0.002
v -0.00153306 0.00094401 0.002
v -0.00152908 0.00078943 0.00198937
v -0.00159748 0.0008247 0.002
v -0.00163816 0.00052699 0.00198937
v -0.00171215 0.00055084 0.002
v -0.00170261 0.00058414 0.002
v -0.00162806 0.00076809 0.002
v -0.001755 0.00040118 0.002
v -0.00170256 0.00025017 0.00198937
v -0.00177887 0.00026133 0.002
v -0.00172051 -3.348E-05 0.00198937
v -0.00179966 -3.502E-05 0.002
v -0.00179997 1.316E-05 0.002
v -0.00178867 0.00020394 0.002
v -0.00178453 -0.00023694 0.002
v -0.00169154 -0.00031621 0.00198937
v -0.00176682 -0.00033027 0.002
v -0.00174714 -0.00043399 0.002
v -0.00160201 -0.00082107 0.002
v -0.00149721 -0.00084832 0.00198937
v -0.00156393 -0.00088607 0.002
v -0.00114064 -0.0012885 0.00198937
v -0.00119145 -0.00134584 0.002
v -0.00124779 -0.00129731 0.002
v -0.00133716 -0.00108318 0.00198937
v -0.00137725 -0.00115928 0.002
v -0.00139762 -0.00113221 0.002
v -0.00149738 -0.00099964 0.002
v -0.00066047 -0.00158905 0.00198937
v -0.00069 -0.00165999 0.002
v -0.00075168 -0.00163566 0.002
v -0.00091301 -0.00145867 0.00198937
v -0.00092866 -0.00154239 0.002
v -0.00095439 -0.00152486 0.002
v -0.00109427 -0.00142953 0.002
v -0.00056825 -0.001708 0.002
v -0.00018616 -0.00179055 0.002
v -0.00010872 -0.0017174 0.00198937
v -0.0001136 -0.00179394 0.002
v 0.00017544 -0.00171187 0.00198937
v 0.00018342 -0.00178921 0.002
v 1.498E-05 -0.00179994 0.002
v 0.00060658 -0.00169477 0.002
v 0.0004751 -0.00173387 0.002
v 0.00045481 -0.00165965 0.00198937
v 0.00041444 -0.00175192 0.002
v 0.00021694 -0.00178708 0.002
v 0.00075413 -0.00163201 0.002
v 0.00072178 -0.00156215 0.00198937
v 0.00080139 -0.00161191 0.002
v 0.00096906 -0.00142205 0.00198937
v 0.00098281 -0.00150847 0.002
v 0.00129199 -0.0012533 0.002
v 0.00124299 -0.00129856 0.002
v 0.0011899 -0.00124315 0.00198937
v 0.0011438 -0.00139018 0.002
v 0.00101285 -0.0014864 0.002
v 0.00141842 -0.00110859 0.002
v 0.00137829 -0.00103034 0.00198937
v 0.00144049 -0.0010769 0.002
v 0.00153306 -0.00094401 0.002
v 0.00152908 -0.00078943 0.00198937
v 0.00159748 -0.0008247 0.002
v 0.00163816 -0.00052699 0.00198937
v 0.00171215 -0.00055084 0.002
v 0.00170261 -0.00058414 0.002
v 0.00162806 -0.00076809 0.002
v 0.001755 -0.00040118 0.002
v 0.00170256 -0.00025017 0.00198937
v 0.00177887 -0.00026133 0.002
v 0.00179966 3.502E-05 0.002
v 0.00179997 -1.316E-05 0.002
v 0.00178867 -0.00020394 0.002
v -0.00162719 -3.166E-05 0.00194544
v -0.00159979 -0.00029906 0.00194544
v -0.00152874 -0.00055829 0.00194544
v -0.001416 -0.0008023 0.00194544
v -0.00126464 -0.00102443 0.00194544
v -0.00107877 -0.00121861 0.00194544
v -0.00086348 -0.00137955 0.00194544
v -0.00062464 -0.00150286 0.00194544
v -0.00036876 -0.00158517 0.00194544
v -0.00010282 -0.00162425 0.00194544
v 0.00016592 -0.00161902 0.00194544
v 0.00043014 -0.00156963 0.00194544
v 0.00068263 -0.00147742 0.00194544
v 0.00091649 -0.00134491 0.00194544
v 0.00112536 -0.00117572 0.00194544
v 0.00130353 -0.00097446 0.00194544
v 0.00144614 -0.00074661 0.00194544
v 0.0015493 -0.0004984 0.00194544
v 0.00161021 -0.0002366 0.00194544
v 0.00162719 3.166E-05 0.00194544
v 0.00159979 0.00029906 0.00194544
v 0.00152874 0.00055829 0.00194544
v 0.001416 0.0008023 0.00194544
v 0.00126464 0.00102443 0.00194544
v 0.00107877 0.00121861 0.00194544
v 0.00086348 0.00137955 0.00194544
v 0.00062464 0.00150286 0.00194544
v 0.00036876 0.00158517 0.00194544
v 0.00010282 0.00162425 0.00194544
v -0.00016592 0.00161902 0.00194544
v -0.00043014 0.00156963 0.00194544
v -0.00068263 0.00147742 0.00194544
v -0.00091649 0.00134491 0.00194544
v -0.00112536 0.00117572 0.00194544
v -0.00130353 0.00097446 0.00194544
v -0.00144614 0.00074661 0.00194544
v -0.0015493 0.0004984 0.00194544
v -0.00161021 0.0002366 0.00194544
v -0.00155426 -3.024E-05 0.0018725
v -0.00152809 -0.00028565 0.0018725
v -0.00146023 -0.00053327 0.0018725
v -0.00135254 -0.00076634 0.0018725
v -0.00120796 -0.00097851 0.0018725
v -0.00103042 -0.00116399 0.0018725
v -0.00082478 -0.00131772 0.0018725
v -0.00059665 -0.0014355 0.0018725
v -0.00035223 -0.00151412 0.0018725
v -9.821E-05 -0.00155145 0.0018725
v 0.00015849 -0.00154645 0.0018725
v 0.00041086 -0.00149928 0.0018725
v 0.00065203 -0.0014112 0.0018725
v 0.00087542 -0.00128463 0.0018725
v 0.00107492 -0.00112302 0.0018725
v 0.00124511 -0.00093078 0.0018725
v 0.00138133 -0.00071315 0.0018725
v 0.00147987 -0.00047606 0.0018725
v 0.00153804 -0.00022599 0.0018725
v 0.00155426 3.024E-05 0.0018725
v 0.00152809 0.00028565 0.0018725
v 0.00146023 0.00053327 0.0018725
v 0.00135254 0.00076634 0.0018725
v 0.00120796 0.00097851 0.0018725
v 0.00103042 0.00116399 0.0018725
v 0.00082478 0.00131772 0.0018725
v 0.00059665 0.0014355 0.0018725
v 0.00035223 0.00151412 0.0018725
v 9.821E-05 0.00155145 0.0018725
v -0.00015849 0.00154645 0.0018725
v -0.00041086 0.00149928 0.0018725
v -0.00065203 0.0014112 0.0018725
v -0.00087542 0.00128463 0.0018725
v -0.00107492 0.00112302 0.0018725
v -0.00124511 0.00093078 0.0018725
v -0.00138133 0.00071315 0.0018725
v -0.00147987 0.00047606 0.0018725
v -0.00153804 0.00022599 0.0018725
v 0.04016023 0.01269219 -0.006
v 0.04016023 0.01269219 -0.003
v 0.04051039 0.01319208 -0.006
v 0.04051039 0.01319208 -0.003
v 0.03981039 0.0131923 -0.003
v 0.03981039 0.0131923 -0.006
v 0.04071039 0.01319201 -0.003
v 0.04071039 0.01319201 -0.006
v 0.03961039 0.01319237 -0.003
v 0.03961039 0.01319237 -0.006
v 0.04106023 0.0126919 -0.003
v 0.04106023 0.0126919 -0.006
v 0.03926023 0.01269248 -0.006
v 0.03926023 0.01269248 -0.003
v 0.04141039 0.01319179 -0.006
v 0.04141039 0.01319179 -0.003
v 0.03891039 0.01319259 -0.003
v 0.03891039 0.01319259 -0.006
v 0.04161039 0.01319172 -0.003
v 0.04161039 0.01319172 -0.006
v 0.03871039 0.01319266 -0.003
v 0.03871039 0.01319266 -0.006
v 0.04196023 0.01269161 -0.003
v 0.04196023 0.01269161 -0.006
v 0.03836023 0.01269277 -0.006
v 0.03836023 0.01269277 -0.003
v 0.04231039 0.0131915 -0.006
v 0.04231039 0.0131915 -0.003
v 0.03801039 0.01319288 -0.003
v 0.03801039 0.01319288 -0.006
v 0.04251039 0.01319143 -0.003
v 0.04251039 0.01319143 -0.006
v 0.03781039 0.01319295 -0.003
v 0.03781039 0.01319295 -0.006
v 0.04286023 0.01269132 -0.006
v 0.04286023 0.01269132 -0.003
v 0.03746023 0.01269306 -0.006
v 0.03746023 0.01269306 -0.003
v 0.04321039 0.01319121 -0.003
v 0.04321039 0.01319121 -0.006
v 0.03711039 0.01319317 -0.003
v 0.03711039 0.01319317 -0.006
v 0.04341039 0.01319115 -0.003
v 0.04341039 0.01319115 -0.006
v 0.03691039 0.01319323 -0.003
v 0.03691039 0.01319323 -0.006
v 0.04376023 0.01269103 -0.006
v 0.04376023 0.01269103 -0.003
v 0.03656023 0.01269335 -0.006
v 0.03656023 0.01269335 -0.003
v 0.04411039 0.01319092 -0.003
v 0.04411039 0.01319092 -0.006
v 0.03621039 0.01319346 -0.003
v 0.03621039 0.01319346 -0.006
v 0.04431039 0.01319086 -0.003
v 0.04431039 0.01319086 -0.006
v 0.03601039 0.01319352 -0.003
v 0.03601039 0.01319352 -0.006
v 0.04466023 0.01269074 -0.006
v 0.04466023 0.01269074 -0.003
v 0.03566023 0.01269364 -0.006
v 0.03566023 0.01269364 -0.003
v 0.04501039 0.01319063 -0.003
v 0.04501039 0.01319063 -0.006
v 0.03531039 0.01319375 -0.003
v 0.03531039 0.01319375 -0.006
v 0.04521039 0.01319057 -0.003
v 0.04521039 0.01319057 -0.006
v 0.03511039 0.01319381 -0.003
v 0.03511039 0.01319381 -0.006
v 0.04556023 0.01269045 -0.006
v 0.04556023 0.01269045 -0.003
v 0.03476023 0.01269392 -0.006
v 0.03476023 0.01269392 -0.003
v 0.04591039 0.01319034 -0.003
v 0.04591039 0.01319034 -0.006
v 0.03441039 0.01319404 -0.003
v 0.03441039 0.01319404 -0.006
v 0.04611039 0.01319028 -0.003
v 0.04611039 0.01319028 -0.006
v 0.03421039 0.0131941 -0.003
v 0.03421039 0.0131941 -0.006
v 0.04646023 0.01269017 -0.006
v 0.04646023 0.01269017 -0.003
v 0.03386023 0.01269421 -0.006
v 0.03386023 0.01269421 -0.003
v 0.04681039 0.01319005 -0.003
v 0.04681039 0.01319005 -0.006
v 0.03351039 0.01319433 -0.003
v 0.03351039 0.01319433 -0.006
v 0.04701039 0.01318999 -0.003
v 0.04701039 0.01318999 -0.006
v 0.03331039 0.01319439 -0.003
v 0.03331039 0.01319439 -0.006
v 0.04736023 0.01268988 -0.006
v 0.04736023 0.01268988 -0.003
v 0.03296023 0.0126945 -0.006
v 0.03296023 0.0126945 -0.003
v 0.04771039 0.01318976 -0.003
v 0.04771039 0.01318976 -0.006
v 0.03261039 0.01319462 -0.003
v 0.03261039 0.01319462 -0.006
v 0.04791039 0.0131897 -0.003
v 0.04791039 0.0131897 -0.006
v 0.03241039 0.01319468 -0.003
v 0.03241039 0.01319468 -0.006
v 0.04826023 0.01268959 -0.006
v 0.04826023 0.01268959 -0.003
v 0.03206023 0.01269479 -0.006
v 0.03206023 0.01269479 -0.003
v 0.04861039 0.01318948 -0.003
v 0.04861039 0.01318948 -0.006
v 0.03171039 0.0131949 -0.003
v 0.03171039 0.0131949 -0.006
v 0.04881039 0.01318941 -0.003
v 0.04881039 0.01318941 -0.006
v 0.03151039 0.01319497 -0.003
v 0.03151039 0.01319497 -0.006
v 0.04916023 0.0126893 -0.006
v 0.04916023 0.0126893 -0.003
v 0.03116023 0.01269508 -0.006
v 0.03116023 0.01269508 -0.003
v 0.04951039 0.01318919 -0.003
v 0.04951039 0.01318919 -0.006
v 0.03081039 0.01319519 -0.003
v 0.03081039 0.01319519 -0.006
v 0.03051039 0.01319529 -0.003
v 0.03051039 0.01319529 -0.006
v 0.0476371 0.00568979 -0.003
v 0.0476371 0.00568979 -0.006
v 0.04798485 0.00575208 -0.006
v 0.04798485 0.00575208 -0.003
v 0.04828924 0.00593142 -0.006
v 0.04828924 0.00593142 -0.003
v 0.05016064 0.00753991 -0.003
v 0.05016064 0.00753991 -0.006
v 0.05041755 0.00788089 -0.006
v 0.05041755 0.00788089 -0.003
v 0.05050882 0.00829795 -0.006
v 0.05050882 0.00829795 -0.003
v 0.05051007 0.01218886 -0.003
v 0.05051007 0.01218886 -0.006
v 0.05037626 0.01268891 -0.006
v 0.05037626 0.01268891 -0.003
v 0.05001035 0.01305505 -0.006
v 0.05001035 0.01305505 -0.003
v 0.0464439 0.00965059 -0.006
v 0.02874767 0.01169586 -0.006
v 0.01944366 0.00890926 -0.006
v 0.01893019 0.00470208 -0.006
v 0.00173986 -0.00360179 -0.006
v 0.00089919 -0.00113753 -0.006
v 0.00020995 -0.00143472 -0.006
v 0.00040305 -0.00397964 -0.006
v -0.00053553 -0.00134748 -0.006
v 0.04479923 0.01087535 -0.006
v 0.04411 0.01057816 -0.006
v 0.00134748 -0.00053553 -0.006
v 0.00143472 0.00020995 -0.006
v 0.02105035 0.00544591 -0.006
v 0.01747341 0.00735183 -0.006
v 0.04614671 0.01033982 -0.006
v 0.04554472 0.01078811 -0.006
v 0.015083 0.01144783 -0.006
v 0.00113753 0.00089919 -0.006
v 0.01296285 0.010704 -0.006
v 0.00053553 0.00134748 -0.006
v -0.00173986 0.00360179 -0.006
v -0.00020995 0.00143472 -0.006
v -0.00286682 0.00278951 -0.006
v -0.00089919 0.00113753 -0.006
v -0.003648 0.00164077 -0.006
v -0.00134748 0.00053553 -0.006
v -0.00398917 0.00029413 -0.006
v -0.00143472 -0.00020995 -0.006
v -0.00098237 -0.00387749 -0.006
v -0.00224931 -0.00330766 -0.006
v -0.00113753 -0.00089919 -0.006
v -0.00324495 -0.00233887 -0.006
v -0.00384919 -0.00108798 -0.006
v 0.0182189 0.00726459 -0.006
v 0.01890813 0.00756178 -0.006
v 0.02328306 0.00569761 -0.006
v 0.01935643 0.00816377 -0.006
v 0.04635666 0.0089051 -0.006
v 0.04447365 0.00809315 -0.006
v 0.04521914 0.00800591 -0.006
v 0.04590837 0.00830311 -0.006
v 0.01914647 0.00959849 -0.006
v 0.01854448 0.01004679 -0.006
v 0.01731571 0.01169953 -0.006
v 0.01779899 0.01013403 -0.006
v 0.0436617 0.00997617 -0.006
v 0.04357446 0.00923068 -0.006
v 0.04387166 0.00854145 -0.006
v 0.01710976 0.00983683 -0.006
v 0.01666147 0.00923484 -0.006
v 0.01657422 0.00848935 -0.006
v 0.01687142 0.00780012 -0.006
v 0.0464439 0.00965059 -0.003
v 0.04635666 0.0089051 -0.003
v 0.04590837 0.00830311 -0.003
v 0.04521914 0.00800591 -0.003
v 0.04447365 0.00809315 -0.003
v 0.04387166 0.00854145 -0.003
v 0.04357446 0.00923068 -0.003
v 0.0436617 0.00997617 -0.003
v 0.04411 0.01057816 -0.003
v 0.04479923 0.01087535 -0.003
v 0.04554472 0.01078811 -0.003
v 0.04614671 0.01033982 -0.003
v 0.00143472 0.00020995 -0.003
v 0.00134748 -0.00053553 -0.003
v 0.00089919 -0.00113753 -0.003
v 0.00020995 -0.00143472 -0.003
v -0.00053553 -0.00134748 -0.003
v -0.00113753 -0.00089919 -0.003
v -0.00143472 -0.00020995 -0.003
v -0.00134748 0.00053553 -0.003
v -0.00089919 0.00113753 -0.003
v -0.00020995 0.00143472 -0.003
v 0.00053553 0.00134748 -0.003
v 0.00113753 0.00089919 -0.003
v 0.01944366 0.00890926 -0.003
v 0.01935643 0.00816377 -0.003
v 0.01890813 0.00756178 -0.003
v 0.0182189 0.00726459 -0.003
v 0.01747341 0.00735183 -0.003
v 0.01687142 0.00780012 -0.003
v 0.01657422 0.00848935 -0.003
v 0.01666147 0.00923484 -0.003
v 0.01710976 0.00983683 -0.003
v 0.01779899 0.01013403 -0.003
v 0.01854448 0.01004679 -0.003
v 0.01914647 0.00959849 -0.003
v 0.02874767 0.01169586 -0.003
v 0.01731571 0.01169953 -0.003
v 0.015083 0.01144783 -0.003
v 0.01296285 0.010704 -0.003
v -0.00173986 0.00360179 -0.003
v -0.00286682 0.00278951 -0.003
v -0.003648 0.00164077 -0.003
v -0.00398917 0.00029413 -0.003
v -0.00384919 -0.00108798 -0.003
v -0.00324495 -0.00233887 -0.003
v -0.00224931 -0.00330766 -0.003
v -0.00098237 -0.00387749 -0.003
v 0.00040305 -0.00397964 -0.003
v 0.00173986 -0.00360179 -0.003
v 0.01893019 0.00470208 -0.003
v 0.02328306 0.00569761 -0.003
v 0.02105035 0.00544591 -0.003
v 0.04016023 0.01269219 0
v 0.04051039 0.01319208 0
v 0.03981039 0.0131923 0
v 0.04071039 0.01319201 0
v 0.03961039 0.01319237 0
v 0.04106023 0.0126919 0
v 0.03926023 0.01269248 0
v 0.04141039 0.01319179 0
v 0.03891039 0.01319259 0
v 0.04161039 0.01319172 0
v 0.03871039 0.01319266 0
v 0.04196023 0.01269161 0
v 0.03836023 0.01269277 0
v 0.04231039 0.0131915 0
v 0.03801039 0.01319288 0
v 0.04251039 0.01319143 0
v 0.03781039 0.01319295 0
v 0.04286023 0.01269132 0
v 0.03746023 0.01269306 0
v 0.04321039 0.01319121 0
v 0.03711039 0.01319317 0
v 0.04341039 0.01319115 0
v 0.03691039 0.01319323 0
v 0.04376023 0.01269103 0
v 0.03656023 0.01269335 0
v 0.04411039 0.01319092 0
v 0.03621039 0.01319346 0
v 0.04431039 0.01319086 0
v 0.03601039 0.01319352 0
v 0.04466023 0.01269074 0
v 0.03566023 0.01269364 0
v 0.04501039 0.01319063 0
v 0.03531039 0.01319375 0
v 0.04521039 0.01319057 0
v 0.03511039 0.01319381 0
v 0.04556023 0.01269045 0
v 0.03476023 0.01269392 0
v 0.04591039 0.01319034 0
v 0.03441039 0.01319404 0
v 0.04611039 0.01319028 0
v 0.03421039 0.0131941 0
v 0.04646023 0.01269017 0
v 0.03386023 0.01269421 0
v 0.04681039 0.01319005 0
v 0.03351039 0.01319433 0
v 0.04701039 0.01318999 0
v 0.03331039 0.01319439 0
v 0.04736023 0.01268988 0
v 0.03296023 0.0126945 0
v 0.04771039 0.01318976 0
v 0.03261039 0.01319462 0
v 0.04791039 0.0131897 0
v 0.03241039 0.01319468 0
v 0.04826023 0.01268959 0
v 0.03206023 0.01269479 0
v 0.04861039 0.01318948 0
v 0.03171039 0.0131949 0
v 0.04881039 0.01318941 0
v 0.03151039 0.01319497 0
v 0.04916023 0.0126893 0
v 0.03116023 0.01269508 0
v 0.04951039 0.01318919 0
v 0.03081039 0.01319519 0
v 0.03051039 0.01319529 0
v 0.0476371 0.00568979 0
v 0.04798485 0.00575208 0
v 0.04828924 0.00593142 0
v 0.05016064 0.00753991 0
v 0.05041755 0.00788089 0
v 0.05050882 0.00829795 0
v 0.05051007 0.01218886 0
v 0.05037626 0.01268891 0
v 0.05001035 0.01305505 0
v 0.0464439 0.00965059 0
v 0.04635666 0.0089051 0
v 0.04590837 0.00830311 0
v 0.04521914 0.00800591 0
v 0.04447365 0.00809315 0
v 0.04387166 0.00854145 0
v 0.04357446 0.00923068 0
v 0.0436617 0.00997617 0
v 0.04411 0.01057816 0
v 0.04479923 0.01087535 0
v 0.04554472 0.01078811 0
v 0.04614671 0.01033982 0
v 0.00143472 0.00020995 0
v 0.00134748 -0.00053553 0
v 0.00089919 -0.00113753 0
v 0.00020995 -0.00143472 0
v -0.00053553 -0.00134748 0
v -0.00113753 -0.00089919 0
v -0.00143472 -0.00020995 0
v -0.00134748 0.00053553 0
v -0.00089919 0.00113753 0
v -0.00020995 0.00143472 0
v 0.00053553 0.00134748 0
v 0.00113753 0.00089919 0
v 0.01944366 0.00890926 0
v 0.01935643 0.00816377 0
v 0.01890813 0.00756178 0
v 0.0182189 0.00726459 0
v 0.01747341 0.00735183 0
v 0.01687142 0.00780012 0
v 0.01657422 0.00848935 0
v 0.01666147 0.00923484 0
v 0.01710976 0.00983683 0
v 0.01779899 0.01013403 0
v 0.01854448 0.01004679 0
v 0.01914647 0.00959849 0
v 0.02874767 0.01169586 0
v 0.01731571 0.01169953 0
v 0.015083 0.01144783 0
v 0.01296285 0.010704 0
v -0.00173986 0.00360179 0
v -0.00286682 0.00278951 0
v -0.003648 0.00164077 0
v -0.00398917 0.00029413 0
v -0.00384919 -0.00108798 0
v -0.00324495 -0.00233887 0
v -0.00224931 -0.00330766 0
v -0.00098237 -0.00387749 0
v 0.00040305 -0.00397964 0
v 0.00173986 -0.00360179 0
v 0.01893019 0.00470208 0
v 0.02328306 0.00569761 0
v 0.02105035 0.00544591 0
v -6.854E-05 0.00295715 -0.00855232
v -0.00011523 0.00294352 -0.00857449
v -0.00014901 0.00297286 -0.00850137
v -0.00020633 0.00290453 -0.00860877
v -0.00023128 0.0029262 -0.00854622
v -0.0002923 0.00295899 -0.00829802
v -0.0001612 0.00301878 -0.00829803
v -0.00026327 0.00295365 -0.00846454
v -0.00016307 0.00299218 -0.00843403
v -0.0002628 0.00295356 -0.00846725
v -0.00023495 0.00292938 -0.00853703
v -0.00026081 0.00295184 -0.00847223
v -2.138E-05 0.00303711 -0.00829804
v -2.118E-05 0.00300866 -0.00842175
v -2.104E-05 0.00298937 -0.00847712
v -2.092E-05 0.00297106 -0.00852971
v 2.689E-05 0.00295782 -0.00855232
v 0.00016541 0.00290713 -0.00860879
v 7.378E-05 0.00294485 -0.0085745
v 0.00019006 0.00292915 -0.00854625
v 0.00010714 0.00297466 -0.00850139
v 0.00025062 0.00296279 -0.00829807
v 0.00022166 0.00295705 -0.00846458
v 0.00011869 0.00302073 -0.00829805
v 0.00012093 0.00299417 -0.00843405
v 0.00022119 0.00295695 -0.00846728
v 0.00021922 0.0029552 -0.00847227
v 0.00019368 0.00293238 -0.00853707
v -0.00011956 0.0028066 -0.00871352
v -0.00012432 0.00281259 -0.00871118
v -7.027E-05 0.00284637 -0.00869646
v -1.974E-05 0.00280318 -0.00872385
v -2.026E-05 0.00287686 -0.00867267
v 7.956E-05 0.00280754 -0.0087145
v 0.00016054 0.00290191 -0.00861705
v 0.00014507 0.00288533 -0.00864327
v 2.723E-05 0.00290927 -0.00863541
v -2.065E-05 0.00293275 -0.00860394
v -6.819E-05 0.0029086 -0.0086354
v -0.00020092 0.00289853 -0.00861589
v 7.184E-05 0.00279837 -0.0087229
v 3.591E-05 0.00275023 -0.00873364
v 3.296E-05 0.00274627 -0.00873452
v -1.884E-05 0.00267688 -0.00875
v -5.151E-05 0.0027208 -0.00874705
v -7.126E-05 0.0027457 -0.00873732
v -7.423E-05 0.00274944 -0.00873586
v -0.00013107 0.00282111 -0.00870785
v -0.00016074 0.002854 -0.00866878
v -0.00016581 0.00285961 -0.00866212
v 0.00012654 0.00286333 -0.00866341
v 0.00012125 0.00285704 -0.00866917
v 8.379E-05 0.00281256 -0.00870991
v 0.0023708 0.00150684 -0.00871352
v 0.00237362 0.00151396 -0.00871118
v 0.00242989 0.00148404 -0.00869646
v 0.00234222 0.00143456 -0.00873732
v 0.00234397 0.001439 -0.00873586
v 0.00241776 0.00141868 -0.00872385
v 0.0024813 0.00145597 -0.00867267
v 0.00247118 0.00133487 -0.0087145
v 0.00260035 0.00131031 -0.00860879
v 0.00259339 0.00131192 -0.00861705
v 0.0025872 0.00140853 -0.0085745
v 0.0025713 0.00131703 -0.00864327
v 0.00253311 0.00143105 -0.00863541
v 0.00256255 0.00150364 -0.00852971
v 0.002575 0.00145562 -0.00855232
v 0.00252951 0.00148426 -0.00860394
v 0.0025267 0.00153793 -0.00855232
v 0.00248483 0.00151335 -0.0086354
v 0.00249155 0.00157156 -0.00857449
v 0.00240975 0.00162327 -0.00861589
v 0.00241223 0.00163095 -0.00860877
v 0.00245938 0.00133697 -0.0087229
v 0.00239972 0.00134402 -0.00873364
v 0.00239482 0.0013446 -0.00873452
v 0.00233053 0.00140501 -0.00874705
v 0.00230882 0.00135476 -0.00875
v 0.00237761 0.00152406 -0.00870785
v 0.00239126 0.00156621 -0.00866878
v 0.00239359 0.0015734 -0.00866212
v 0.00254299 0.00132208 -0.00866341
v 0.00253489 0.00132352 -0.00866917
v 0.00247764 0.00133372 -0.00870991
v 0.00250007 0.00161548 -0.00850137
v 0.00241852 0.0016634 -0.00854622
v 0.00241641 0.00173263 -0.00829802
v 0.00253374 0.00164899 -0.00829803
v 0.0024263 0.00170482 -0.00846454
v 0.00250977 0.00163732 -0.00843403
v 0.00242646 0.00170437 -0.00846725
v 0.00241945 0.00166816 -0.00853703
v 0.00242596 0.00170178 -0.00847223
v 0.00261952 0.00153707 -0.00829804
v 0.00259498 0.00152267 -0.00842175
v 0.00257835 0.00151291 -0.00847712
v 0.00263175 0.00129998 -0.00854625
v 0.0026297 0.00139454 -0.00850139
v 0.00269116 0.00126435 -0.00829807
v 0.00267171 0.00128656 -0.00846458
v 0.00267537 0.00140758 -0.00829805
v 0.00265349 0.00139235 -0.00843405
v 0.00267139 0.00128692 -0.00846728
v 0.00266889 0.00128775 -0.00847227
v 0.00263636 0.00129846 -0.00853707
v 0.00249037 -0.00129975 -0.00871352
v 0.00249794 -0.00129863 -0.00871118
v 0.00250016 -0.00136233 -0.00869646
v 0.00243749 -0.0013845 -0.00872385
v 0.00250156 -0.00142089 -0.00867267
v 0.00239162 -0.00147267 -0.0087145
v 0.00243494 -0.00159681 -0.00860879
v 0.00243286 -0.00158998 -0.00861705
v 0.00251342 -0.00153632 -0.0085745
v 0.00242623 -0.0015683 -0.00864327
v 0.00250588 -0.00147821 -0.00863541
v 0.00258347 -0.00146741 -0.00852971
v 0.0025481 -0.0015022 -0.00855232
v 0.00255016 -0.00144849 -0.00860394
v 0.00259524 -0.00141922 -0.00855232
v 0.00255302 -0.00139524 -0.0086354
v 0.00260678 -0.00137197 -0.00857449
v 0.00261066 -0.00127527 -0.00861589
v 0.00261856 -0.00127358 -0.00860877
v 0.00238754 -0.0014614 -0.0087229
v 0.00236381 -0.00140621 -0.00873364
v 0.00236187 -0.00140168 -0.00873452
v 0.00232767 -0.00132212 -0.00875
v 0.00238204 -0.00131579 -0.00874705
v 0.00241348 -0.00131114 -0.00873732
v 0.0024182 -0.00131044 -0.00873586
v 0.00250869 -0.00129704 -0.00870785
v 0.00255201 -0.00128779 -0.00866878
v 0.0025594 -0.00128621 -0.00866212
v 0.00241645 -0.00154126 -0.00866341
v 0.00241365 -0.00153352 -0.00866917
v 0.00239385 -0.00147884 -0.00870991
v 0.00264908 -0.00135739 -0.00850137
v 0.00264981 -0.0012628 -0.00854622
v 0.00270871 -0.00122635 -0.00829802
v 0.00269494 -0.00136979 -0.00829803
v 0.00268957 -0.00124883 -0.00846454
v 0.00267285 -0.00135487 -0.00843403
v 0.00268926 -0.00124919 -0.00846725
v 0.0026544 -0.00126122 -0.00853703
v 0.00268677 -0.00125005 -0.00847223
v 0.0026409 -0.00150004 -0.00829804
v 0.00261616 -0.00148599 -0.00842175
v 0.00259939 -0.00147646 -0.00847712
v 0.00244169 -0.00162917 -0.00854625
v 0.00252256 -0.00158011 -0.00850139
v 0.00244054 -0.00169843 -0.00829807
v 0.00245005 -0.00167048 -0.00846458
v 0.00255669 -0.00161315 -0.00829805
v 0.00253256 -0.00160182 -0.00843405
v 0.0024502 -0.00167003 -0.00846728
v 0.00244966 -0.00166745 -0.00847227
v 0.00244268 -0.00163392 -0.00853707
v 6.854E-05 -0.00295715 -0.00855232
v 0.00011523 -0.00294352 -0.00857449
v 0.00014901 -0.00297286 -0.00850137
v 0.00020633 -0.00290453 -0.00860877
v 0.00023128 -0.0029262 -0.00854622
v 0.0002923 -0.00295899 -0.00829802
v 0.0001612 -0.00301878 -0.00829803
v 0.00026327 -0.00295365 -0.00846454
v 0.00016307 -0.00299218 -0.00843403
v 0.0002628 -0.00295356 -0.00846725
v 0.00023495 -0.00292938 -0.00853703
v 0.00026081 -0.00295184 -0.00847223
v 2.138E-05 -0.00303711 -0.00829804
v 2.118E-05 -0.00300866 -0.00842175
v 2.104E-05 -0.00298937 -0.00847712
v 2.092E-05 -0.00297106 -0.00852971
v 0.00011956 -0.0028066 -0.00871352
v 0.00012432 -0.00281259 -0.00871118
v 7.027E-05 -0.00284637 -0.00869646
v 1.974E-05 -0.00280318 -0.00872385
v 2.026E-05 -0.00287686 -0.00867267
v -7.956E-05 -0.00280754 -0.0087145
v -0.00016541 -0.00290713 -0.00860879
v -0.00016054 -0.00290191 -0.00861705
v -7.378E-05 -0.00294485 -0.0085745
v -0.00014507 -0.00288533 -0.00864327
v -2.723E-05 -0.00290927 -0.00863541
v -2.689E-05 -0.00295782 -0.00855232
v 2.065E-05 -0.00293275 -0.00860394
v 6.819E-05 -0.0029086 -0.0086354
v 0.00020092 -0.00289853 -0.00861589
v -7.184E-05 -0.00279837 -0.0087229
v -3.591E-05 -0.00275023 -0.00873364
v -3.296E-05 -0.00274627 -0.00873452
v 1.884E-05 -0.00267688 -0.00875
v 5.151E-05 -0.0027208 -0.00874705
v 7.126E-05 -0.0027457 -0.00873732
v 7.423E-05 -0.00274944 -0.00873586
v 0.00013107 -0.00282111 -0.00870785
v 0.00016074 -0.002854 -0.00866878
v 0.00016581 -0.00285961 -0.00866212
v -0.00012654 -0.00286333 -0.00866341
v -0.00012125 -0.00285704 -0.00866917
v -8.379E-05 -0.00281256 -0.00870991
v -0.00019006 -0.00292915 -0.00854625
v -0.00010714 -0.00297466 -0.00850139
v -0.00025062 -0.00296279 -0.00829807
v -0.00022166 -0.00295705 -0.00846458
v -0.00011869 -0.00302073 -0.00829805
v -0.00012093 -0.00299417 -0.00843405
v -0.00022119 -0.00295695 -0.00846728
v -0.00021922 -0.0029552 -0.00847227
v -0.00019368 -0.00293238 -0.00853707
v -0.0025267 -0.00153793 -0.00855232
v -0.00249155 -0.00157156 -0.00857449
v -0.00250007 -0.00161548 -0.00850137
v -0.00241223 -0.00163095 -0.00860877
v -0.00241852 -0.0016634 -0.00854622
v -0.00241641 -0.00173263 -0.00829802
v -0.00253374 -0.00164899 -0.00829803
v -0.0024263 -0.00170482 -0.00846454
v -0.00250977 -0.00163732 -0.00843403
v -0.00242646 -0.00170437 -0.00846725
v -0.00241945 -0.00166816 -0.00853703
v -0.00242596 -0.00170178 -0.00847223
v -0.00261952 -0.00153707 -0.00829804
v -0.00259498 -0.00152267 -0.00842175
v -0.00257835 -0.00151291 -0.00847712
v -0.00256255 -0.00150364 -0.00852971
v -0.0023708 -0.00150684 -0.00871352
v -0.00237362 -0.00151396 -0.00871118
v -0.00242989 -0.00148404 -0.00869646
v -0.00234222 -0.00143456 -0.00873732
v -0.00234397 -0.001439 -0.00873586
v -0.00241776 -0.00141868 -0.00872385
v -0.0024813 -0.00145597 -0.00867267
v -0.00247118 -0.00133487 -0.0087145
v -0.00260035 -0.00131031 -0.00860879
v -0.00259339 -0.00131192 -0.00861705
v -0.0025872 -0.00140853 -0.0085745
v -0.0025713 -0.00131703 -0.00864327
v -0.00253311 -0.00143105 -0.00863541
v -0.002575 -0.00145562 -0.00855232
v -0.00252951 -0.00148426 -0.00860394
v -0.00248483 -0.00151335 -0.0086354
v -0.00240975 -0.00162327 -0.00861589
v -0.00245938 -0.00133697 -0.0087229
v -0.00239972 -0.00134402 -0.00873364
v -0.00239482 -0.0013446 -0.00873452
v -0.00233053 -0.00140501 -0.00874705
v -0.00230882 -0.00135476 -0.00875
v -0.00237761 -0.00152406 -0.00870785
v -0.00239126 -0.00156621 -0.00866878
v -0.00239359 -0.0015734 -0.00866212
v -0.00254299 -0.00132208 -0.00866341
v -0.00253489 -0.00132352 -0.00866917
v -0.00247764 -0.00133372 -0.00870991
v -0.00263175 -0.00129998 -0.00854625
v -0.0026297 -0.00139454 -0.00850139
v -0.00269116 -0.00126435 -0.00829807
v -0.00267171 -0.00128656 -0.00846458
v -0.00267537 -0.00140758 -0.00829805
v -0.00265349 -0.00139235 -0.00843405
v -0.00267139 -0.00128692 -0.00846728
v -0.00266889 -0.00128775 -0.00847227
v -0.00263636 -0.00129846 -0.00853707
v -0.00249037 0.00129975 -0.00871352
v -0.00249794 0.00129863 -0.00871118
v -0.00250016 0.00136233 -0.00869646
v -0.00241348 0.00131114 -0.00873732
v -0.0024182 0.00131044 -0.00873586
v -0.00243749 0.0013845 -0.00872385
v -0.00250156 0.00142089 -0.00867267
v -0.00239162 0.00147267 -0.0087145
v -0.00243494 0.00159681 -0.00860879
v -0.00243286 0.00158998 -0.00861705
v -0.00251342 0.00153632 -0.0085745
v -0.00242623 0.0015683 -0.00864327
v -0.00250588 0.00147821 -0.00863541
v -0.00258347 0.00146741 -0.00852971
v -0.0025481 0.0015022 -0.00855232
v -0.00255016 0.00144849 -0.00860394
v -0.00259524 0.00141922 -0.00855232
v -0.00255302 0.00139524 -0.0086354
v -0.00260678 0.00137197 -0.00857449
v -0.00261066 0.00127527 -0.00861589
v -0.00261856 0.00127358 -0.00860877
v -0.00238754 0.0014614 -0.0087229
v -0.00236381 0.00140621 -0.00873364
v -0.00236187 0.00140168 -0.00873452
v -0.00238204 0.00131579 -0.00874705
v -0.00232767 0.00132212 -0.00875
v -0.00250869 0.00129704 -0.00870785
v -0.00255201 0.00128779 -0.00866878
v -0.0025594 0.00128621 -0.00866212
v -0.00241645 0.00154126 -0.00866341
v -0.00241365 0.00153352 -0.00866917
v -0.00239385 0.00147884 -0.00870991
v -0.00264908 0.00135739 -0.00850137
v -0.00264981 0.0012628 -0.00854622
v -0.00270871 0.00122635 -0.00829802
v -0.00269494 0.00136979 -0.00829803
v -0.00268957 0.00124883 -0.00846454
v -0.00267285 0.00135487 -0.00843403
v -0.00268926 0.00124919 -0.00846725
v -0.0026544 0.00126122 -0.00853703
v -0.00268677 0.00125005 -0.00847223
v -0.0026409 0.00150004 -0.00829804
v -0.00261616 0.00148599 -0.00842175
v -0.00259939 0.00147646 -0.00847712
v -0.00244169 0.00162917 -0.00854625
v -0.00252256 0.00158011 -0.00850139
v -0.00244054 0.00169843 -0.00829807
v -0.00245005 0.00167048 -0.00846458
v -0.00255669 0.00161315 -0.00829805
v -0.00253256 0.00160182 -0.00843405
v -0.0024502 0.00167003 -0.00846728
v -0.00244966 0.00166745 -0.00847227
v -0.00244268 0.00163392 -0.00853707
v -0.00201424 0.00179637 -0.00873313
v -0.00215526 0.00169129 -0.00872899
v -0.00219219 0.00176654 -0.0086651
v -0.00236391 0.0017434 -0.00838208
v -0.00233685 0.00175928 -0.00840332
v -0.00233968 0.00173688 -0.00852817
v -0.00192134 0.00200309 -0.00855
v -0.00191508 0.00199243 -0.00861922
v -0.00198314 0.00196683 -0.00854768
v -0.00191297 0.00198883 -0.00862574
v -0.00207568 0.00191253 -0.00853236
v -0.00227722 0.00179426 -0.0084501
v -0.00221504 0.00183074 -0.00848422
v -0.00221268 0.00181473 -0.00857406
v -0.00219255 0.00184394 -0.00849656
v -0.00207026 0.00189973 -0.00860773
v -0.00210043 0.001898 -0.00852826
v -0.00188111 0.00179291 -0.00875
v -0.00197423 0.00172452 -0.00875
v -0.00201569 0.00169408 -0.00875
v -0.00204915 0.00185969 -0.00868235
v -0.0018917 0.00195257 -0.00869142
v -0.00185845 0.00189592 -0.00873347
v -0.00220492 0.00179494 -0.00862107
v -0.00230285 0.00163257 -0.00868884
v -0.00228149 0.00158322 -0.00872323
v -0.00225705 0.00152888 -0.00874344
v -0.00223869 0.00145899 -0.00875
v -0.00211142 0.00160467 -0.00875
v -0.00213459 0.00158304 -0.00875
v -0.00222945 0.00147 -0.00875
v -0.00232032 0.00167582 -0.00864249
v -0.00185516 0.0018903 -0.00873764
v -0.00182012 0.0018306 -0.00875
v -0.00126522 0.0021562 -0.00875
v -0.00081154 0.0026543 -0.00855
v -0.00081075 0.00265296 -0.00857452
v -0.00071032 0.00248181 -0.00875
v -0.0007448 0.00254056 -0.00873318
v -0.00074861 0.00254706 -0.00873132
v -0.00075706 0.00256146 -0.0087272
v -0.0007801 0.00260071 -0.00868736
v -0.00080246 0.00263883 -0.00861707
v -0.00080103 0.0026364 -0.0086244
v -0.00079318 0.00262301 -0.00866472
v -0.00064866 0.0027339 -0.00860772
v -0.00050498 0.00281678 -0.00857405
v -0.0004729 0.00277539 -0.00866509
v -0.00037507 0.00288968 -0.00852815
v -0.00033694 0.0029328 -0.0083505
v -0.00039584 0.00289823 -0.00840425
v -0.00041559 0.00288664 -0.00842227
v -0.00059034 0.00278409 -0.00851575
v -0.00051769 0.00282672 -0.0084842
v -0.00049663 0.00283908 -0.00847506
v -0.00065735 0.00274478 -0.00853196
v -0.00069685 0.0027216 -0.00854151
v -0.00045032 0.00274318 -0.00870205
v -0.00026931 0.00276393 -0.00872322
v -0.00023379 0.00271609 -0.00874344
v -8.066E-05 0.00267506 -0.00875
v -0.00033121 0.002843 -0.00864247
v -0.00035603 0.00287119 -0.00858777
v -0.0005567 0.00256069 -0.00875
v -0.00058576 0.00263458 -0.00873312
v -0.00024154 0.0026569 -0.00875
v -0.00037108 0.00262595 -0.00875
v -0.00042523 0.00270644 -0.00872899
v -0.00039989 0.00261907 -0.00875
v -0.00054311 0.00256575 -0.00875
v -0.00062401 0.00269595 -0.00868235
v -0.00019576 0.00266207 -0.00875
v -0.00012156 0.00305918 -0.00775
v -0.00012156 0.00305918 -0.007
v -7.182E-05 0.00307394 -0.00775
v -7.226E-05 0.00307594 -0.007
v -5.845E-05 0.0030779 -0.00775
v 7.844E-05 0.00306059 -0.007
v 7.844E-05 0.00306059 -0.00775
v 2.849E-05 0.00307465 -0.007
v 2.89E-05 0.00307665 -0.00775
v 1.507E-05 0.00307842 -0.007
v 1.568E-05 0.00308094 -0.00775
v 1.83E-06 0.00308543 -0.00775
v -1.388E-05 0.00308657 -0.007
v -2.176E-05 0.0030862 -0.00775
v -2.173E-05 0.0030862 -0.007
v -2.962E-05 0.00308646 -0.00775
v -4.531E-05 0.0030851 -0.007
v -5.909E-05 0.00308041 -0.007
v 0.0001111 0.00304203 -0.00801412
v 0.00012302 0.00303526 -0.0080539
v 5.892E-05 0.00306149 -0.00805406
v 0.00023068 0.00297411 -0.00827144
v -0.00022844 0.00299646 -0.00820096
v -0.00022057 0.00300108 -0.00818382
v -0.00012821 0.00304166 -0.00818448
v -0.00017822 0.00302592 -0.00809152
v -0.00016702 0.00303249 -0.00805335
v -0.00010204 0.00306037 -0.00805405
v -0.00014371 0.00304617 -0.00797387
v -8.351E-05 0.00307345 -0.0079086
v -0.00013394 0.00305191 -0.00790821
v -0.00012505 0.00305713 -0.00784849
v 0.00017742 0.00300436 -0.00818415
v 0.00012895 0.00303189 -0.00807368
v 0.00017307 0.00300683 -0.00817702
v 8.537E-05 0.00304315 -0.0081845
v 4.02E-05 0.00307432 -0.00790861
v 8.68E-05 0.00305583 -0.00788674
v 9.092E-05 0.0030535 -0.00790832
v -2.163E-05 0.0030713 -0.00805425
v -2.151E-05 0.00305543 -0.00818471
v -2.171E-05 0.00308246 -0.00790868
v 0.00054858 0.00264257 -0.00873313
v 0.00038707 0.00271215 -0.00872899
v 0.00043377 0.00278176 -0.0086651
v 0.00032787 0.00291891 -0.00838208
v 0.00035516 0.00290341 -0.00840332
v 0.00033435 0.00289466 -0.00852817
v 0.00077406 0.00266548 -0.00855
v 0.00076795 0.00265473 -0.00861922
v 0.00071175 0.00270086 -0.00854768
v 0.00076589 0.0026511 -0.00862574
v 0.00061846 0.00275385 -0.00853236
v 0.00041527 0.00286926 -0.0084501
v 0.00047795 0.00283365 -0.00848422
v 0.00046526 0.0028236 -0.00857406
v 0.00050062 0.00282078 -0.00849656
v 0.00061009 0.00274276 -0.00860773
v 0.0005935 0.00276802 -0.00852826
v 0.00061215 0.00252554 -0.00875
v 0.00050637 0.00257199 -0.00875
v 0.00045927 0.00259267 -0.00875
v 0.00058597 0.00270446 -0.00868235
v 0.00074513 0.00261454 -0.00869142
v 0.00071269 0.00255743 -0.00873347
v 0.000452 0.00280698 -0.00862107
v 0.00026242 0.00281062 -0.00868884
v 0.00023036 0.00276744 -0.00872323
v 0.00019552 0.0027191 -0.00874344
v 0.00014418 0.00266826 -0.00875
v 0.00033397 0.00263088 -0.00875
v 0.00030366 0.00264012 -0.00875
v 0.00015833 0.00266576 -0.00875
v 0.00029114 0.00284736 -0.00864249
v 0.00070947 0.00255176 -0.00873764
v 0.00067528 0.00249157 -0.00875
v 0.00123471 0.00217382 -0.00875
v 0.00189292 0.00202997 -0.00855
v 0.00189215 0.00202861 -0.00857452
v 0.00179415 0.00185606 -0.00875
v 0.00182779 0.0019153 -0.00873318
v 0.00183151 0.00192185 -0.00873132
v 0.00188406 0.00201437 -0.00861707
v 0.00188267 0.00201191 -0.0086244
v 0.001875 0.00199841 -0.00866472
v 0.00186223 0.00197594 -0.00868736
v 0.00183976 0.00193637 -0.0087272
v 0.0020433 0.00192871 -0.00860772
v 0.00218691 0.00184572 -0.00857405
v 0.00216711 0.00179724 -0.00866509
v 0.002315 0.00176966 -0.00852815
v 0.00237141 0.00175819 -0.0083505
v 0.00231202 0.00179192 -0.00840425
v 0.00229211 0.00180323 -0.00842227
v 0.00211593 0.00190329 -0.00851575
v 0.00218917 0.00186169 -0.0084842
v 0.00221039 0.00184964 -0.00847506
v 0.00204837 0.00194167 -0.00853196
v 0.00200855 0.00196429 -0.00854151
v 0.0021505 0.00176158 -0.00870205
v 0.00225898 0.00161519 -0.00872322
v 0.0022353 0.00156051 -0.00874344
v 0.00227634 0.00140738 -0.00875
v 0.0022965 0.00170833 -0.00864247
v 0.00230851 0.00174393 -0.00858777
v 0.00193927 0.00176246 -0.00875
v 0.00198874 0.00182457 -0.00873312
v 0.00218017 0.00153763 -0.00875
v 0.0020886 0.00163434 -0.00875
v 0.00213123 0.00172148 -0.00872899
v 0.00206824 0.00165585 -0.00875
v 0.00195045 0.00175322 -0.00875
v 0.00202275 0.00188838 -0.00868235
v 0.00220754 0.00150056 -0.00875
v -0.00027257 0.00297056 -0.00647856
v -0.00029234 0.00295896 -0.00645193
v -0.00016124 0.00301876 -0.00645195
v -0.00021974 0.00300157 -0.00656585
v -0.00010206 0.00306036 -0.00669594
v -0.00017166 0.00302977 -0.00667632
v -0.00012824 0.00304164 -0.0065655
v -0.00021542 0.0030041 -0.00657298
v -0.00013394 0.00305191 -0.00684168
v -0.00015396 0.00304016 -0.00673588
v -0.00016578 0.00303322 -0.0066961
v 8.196E-05 0.00305858 -0.00690151
v 4.019E-05 0.00307432 -0.0068414
v 9.092E-05 0.00305349 -0.00684179
v 0.00010077 0.00304789 -0.00677613
v 8.534E-05 0.00304316 -0.00656552
v 0.00017826 0.00300389 -0.00656618
v 0.00013556 0.00302813 -0.00665848
v 0.00011864 0.00302075 -0.00645197
v 0.00025058 0.00296281 -0.00645198
v 0.00018619 0.00299938 -0.00654904
v -0.00012985 0.00305431 -0.00686326
v -8.352E-05 0.00307345 -0.00684139
v -2.165E-05 0.0030713 -0.00669575
v -2.172E-05 0.00308246 -0.00684132
v -2.142E-05 0.00303711 -0.00645196
v -2.154E-05 0.00305543 -0.00656529
v 5.89E-05 0.0030615 -0.00669596
v 0.00012428 0.00303455 -0.00669665
v 0.00256282 0.0008462 -0.00873313
v 0.00254233 0.00102087 -0.00872899
v 0.00262596 0.00101523 -0.0086651
v 0.00269178 0.00117551 -0.00838208
v 0.002692 0.00114413 -0.00840332
v 0.00267402 0.00115778 -0.00852817
v 0.0026954 0.00066238 -0.00855
v 0.00268304 0.0006623 -0.00861922
v 0.00269489 0.00073403 -0.00854768
v 0.00267887 0.00066227 -0.00862574
v 0.00269413 0.00084133 -0.00853236
v 0.00269249 0.001075 -0.0084501
v 0.00269299 0.00100291 -0.00848422
v 0.00267794 0.00100887 -0.00857406
v 0.00269317 0.00097684 -0.00849656
v 0.00268034 0.00084303 -0.00860773
v 0.00269393 0.00087002 -0.00852826
v 0.00249326 0.00073263 -0.00875
v 0.00248059 0.00084747 -0.00875
v 0.00247496 0.0008986 -0.00875
v 0.00263512 0.00084477 -0.00868235
v 0.00263682 0.00066197 -0.00869142
v 0.00257114 0.00066151 -0.00873347
v 0.00265692 0.00101205 -0.00862107
v 0.00256528 0.00117804 -0.00868884
v 0.00251185 0.00118422 -0.00872323
v 0.00245257 0.00119022 -0.00874344
v 0.00238287 0.00120927 -0.00875
v 0.00244539 0.00102621 -0.00875
v 0.00243824 0.00105709 -0.00875
v 0.00238778 0.00119576 -0.00875
v 0.00261146 0.00117155 -0.00864249
v 0.00256463 0.00066146 -0.00873764
v 0.0024954 0.00066097 -0.00875
v 0.00249994 1.761E-05 -0.00875
v 0.00250447 -0.00062574 -0.00875
v 0.00257259 -0.00062526 -0.00873318
v 0.00258012 -0.00062521 -0.00873132
v 0.00259682 -0.00062509 -0.0087272
v 0.00264233 -0.00062477 -0.00868736
v 0.00266818 -0.00062459 -0.00866472
v 0.0026837 -0.00062448 -0.0086244
v 0.00268652 -0.00062446 -0.00861707
v 0.0027029 -0.00062435 -0.00857452
v 0.00270447 -0.00062434 -0.00855
v 0.00269196 -0.00080519 -0.00860772
v 0.00269189 -0.00097106 -0.00857405
v 0.00264001 -0.00097815 -0.00866509
v 0.00269007 -0.00112002 -0.00852815
v 0.00270834 -0.0011746 -0.0083505
v 0.00270786 -0.00110631 -0.00840425
v 0.0027077 -0.00108341 -0.00842227
v 0.00270626 -0.0008808 -0.00851575
v 0.00270686 -0.00096503 -0.0084842
v 0.00270703 -0.00098944 -0.00847506
v 0.00270572 -0.00080311 -0.00853196
v 0.0027054 -0.00075731 -0.00854151
v 0.00260082 -0.0009816 -0.00870205
v 0.00252829 -0.00114873 -0.00872322
v 0.0024691 -0.00115557 -0.00874344
v 0.00235699 -0.00126768 -0.00875
v 0.00262771 -0.00113466 -0.00864247
v 0.00266454 -0.00112726 -0.00858777
v 0.00249597 -0.00079823 -0.00875
v 0.00257449 -0.00081001 -0.00873312
v 0.00242172 -0.00111927 -0.00875
v 0.00245968 -0.00099162 -0.00875
v 0.00255646 -0.00098496 -0.00872899
v 0.00246812 -0.00096322 -0.00875
v 0.00249356 -0.00081252 -0.00875
v 0.00264676 -0.00080757 -0.00868235
v 0.0024033 -0.0011615 -0.00875
v 0.0024363 0.00172134 -0.00647856
v 0.00241637 0.00173266 -0.00645193
v 0.0025337 0.00164902 -0.00645195
v 0.00248956 0.00169108 -0.00656585
v 0.00259932 0.00161856 -0.00669594
v 0.00253803 0.00166355 -0.00667632
v 0.00257002 0.00163188 -0.0065655
v 0.00249391 0.00168861 -0.00657298
v 0.00257606 0.00164195 -0.00684168
v 0.00255588 0.00165341 -0.00673588
v 0.00254396 0.00166018 -0.0066961
v 0.00262904 0.00160196 -0.007
v 0.00258855 0.00163486 -0.007
v 0.00261993 0.00160905 -0.00684139
v 0.00258018 0.00163961 -0.00686326
v 0.00268994 0.00143668 -0.00677613
v 0.00268986 0.00144801 -0.00684179
v 0.00268254 0.00150235 -0.0068414
v 0.00268979 0.00145832 -0.00690151
v 0.00267812 0.00144767 -0.00656552
v 0.00269057 0.00134756 -0.00656618
v 0.00269022 0.00139667 -0.00665848
v 0.00267537 0.00140763 -0.00645197
v 0.00269116 0.0012644 -0.00645198
v 0.00269064 0.00133845 -0.00654904
v 0.002649 0.0015544 -0.00669575
v 0.00265862 0.00156004 -0.00684132
v 0.00265909 0.00156031 -0.007
v 0.00263978 0.00159323 -0.007
v 0.00267841 0.0015274 -0.007
v 0.00268079 0.00151376 -0.007
v 0.00268976 0.00146236 -0.007
v 0.0026195 0.00153711 -0.00645196
v 0.00263531 0.00154637 -0.00656529
v 0.00268079 0.00147974 -0.00669596
v 0.00269013 0.00140965 -0.00669665
v 0.00268976 0.00146236 -0.00775
v 0.00267891 0.00151329 -0.00775
v 0.00267601 0.00152689 -0.00775
v 0.00267297 0.00154113 -0.00775
v 0.00258855 0.00163486 -0.00775
v 0.0026262 0.00159916 -0.00775
v 0.00263632 0.00158957 -0.00775
v 0.00265814 0.00156888 -0.00775
v 0.00266185 0.00156195 -0.00775
v 0.00269003 0.0014248 -0.00801412
v 0.00269012 0.00141109 -0.0080539
v 0.00268079 0.00147972 -0.00805406
v 0.002691 0.00128728 -0.00827144
v 0.00248079 0.00169606 -0.00820096
v 0.00248872 0.00169156 -0.00818382
v 0.00257004 0.00163186 -0.00818448
v 0.00253142 0.00166731 -0.00809152
v 0.0025427 0.00166089 -0.00805335
v 0.00259933 0.00161855 -0.00805405
v 0.00256621 0.00164754 -0.00797387
v 0.00261993 0.00160905 -0.0079086
v 0.00257606 0.00164195 -0.00790821
v 0.00258502 0.00163686 -0.00784849
v 0.00269056 0.00134853 -0.00818415
v 0.00269017 0.00140427 -0.00807368
v 0.00269053 0.00135353 -0.00817702
v 0.00267813 0.00144764 -0.0081845
v 0.00268254 0.00150235 -0.00790861
v 0.00268983 0.00145274 -0.00788674
v 0.00268986 0.00144801 -0.00790832
v 0.00264901 0.00155438 -0.00805425
v 0.00263533 0.00154635 -0.00818471
v 0.00265863 0.00156003 -0.00790868
v 0.00201424 -0.00179637 -0.00873313
v 0.00215526 -0.00169129 -0.00872899
v 0.00219219 -0.00176654 -0.0086651
v 0.00236391 -0.0017434 -0.00838208
v 0.00233685 -0.00175928 -0.00840332
v 0.00233968 -0.00173688 -0.00852817
v 0.00192134 -0.00200309 -0.00855
v 0.00191508 -0.00199243 -0.00861922
v 0.00198314 -0.00196683 -0.00854768
v 0.00191297 -0.00198883 -0.00862574
v 0.00207568 -0.00191253 -0.00853236
v 0.00227722 -0.00179426 -0.0084501
v 0.00221504 -0.00183074 -0.00848422
v 0.00221268 -0.00181473 -0.00857406
v 0.00219255 -0.00184394 -0.00849656
v 0.00207026 -0.00189973 -0.00860773
v 0.00210043 -0.001898 -0.00852826
v 0.00188111 -0.00179291 -0.00875
v 0.00197423 -0.00172452 -0.00875
v 0.00201569 -0.00169408 -0.00875
v 0.00204915 -0.00185969 -0.00868235
v 0.0018917 -0.00195257 -0.00869142
v 0.00185845 -0.00189592 -0.00873347
v 0.00220492 -0.00179494 -0.00862107
v 0.00230285 -0.00163257 -0.00868884
v 0.00228149 -0.00158322 -0.00872323
v 0.00225705 -0.00152888 -0.00874344
v 0.00223869 -0.00145899 -0.00875
v 0.00211142 -0.00160467 -0.00875
v 0.00213459 -0.00158304 -0.00875
v 0.00222945 -0.00147 -0.00875
v 0.00232032 -0.00167582 -0.00864249
v 0.00185516 -0.0018903 -0.00873764
v 0.00182012 -0.0018306 -0.00875
v 0.00126522 -0.0021562 -0.00875
v 0.00081154 -0.0026543 -0.00855
v 0.00081075 -0.00265296 -0.00857452
v 0.00071032 -0.00248181 -0.00875
v 0.0007448 -0.00254056 -0.00873318
v 0.00074861 -0.00254706 -0.00873132
v 0.00075706 -0.00256146 -0.0087272
v 0.00080246 -0.00263883 -0.00861707
v 0.00080103 -0.0026364 -0.0086244
v 0.00079318 -0.00262301 -0.00866472
v 0.0007801 -0.00260071 -0.00868736
v 0.00064866 -0.0027339 -0.00860772
v 0.00050498 -0.00281678 -0.00857405
v 0.0004729 -0.00277539 -0.00866509
v 0.00037507 -0.00288968 -0.00852815
v 0.00033694 -0.0029328 -0.0083505
v 0.00039584 -0.00289823 -0.00840425
v 0.00041559 -0.00288664 -0.00842227
v 0.00059034 -0.00278409 -0.00851575
v 0.00051769 -0.00282672 -0.0084842
v 0.00049663 -0.00283908 -0.00847506
v 0.00065735 -0.00274478 -0.00853196
v 0.00069685 -0.0027216 -0.00854151
v 0.00045032 -0.00274318 -0.00870205
v 0.00026931 -0.00276393 -0.00872322
v 0.00023379 -0.00271609 -0.00874344
v 8.066E-05 -0.00267506 -0.00875
v 0.00033121 -0.002843 -0.00864247
v 0.00035603 -0.00287119 -0.00858777
v 0.0005567 -0.00256069 -0.00875
v 0.00058576 -0.00263458 -0.00873312
v 0.00024154 -0.0026569 -0.00875
v 0.00037108 -0.00262595 -0.00875
v 0.00042523 -0.00270644 -0.00872899
v 0.00039989 -0.00261907 -0.00875
v 0.00054311 -0.00256575 -0.00875
v 0.00062401 -0.00269595 -0.00868235
v 0.00019576 -0.00266207 -0.00875
v 0.00270887 -0.00124923 -0.00647856
v 0.00270871 -0.00122631 -0.00645193
v 0.00269494 -0.00136974 -0.00645195
v 0.0027093 -0.00131049 -0.00656585
v 0.00270138 -0.0014418 -0.00669594
v 0.00270969 -0.00136622 -0.00667632
v 0.00269826 -0.00140976 -0.0065655
v 0.00270934 -0.00131549 -0.00657298
v 0.00271 -0.00140996 -0.00684168
v 0.00270984 -0.00138675 -0.00673588
v 0.00270974 -0.00137304 -0.0066961
v 0.00270362 -0.00147612 -0.007
v 0.0027101 -0.00142432 -0.007
v 0.00270344 -0.0014644 -0.00684139
v 0.00271003 -0.0014147 -0.00686326
v 0.00258917 -0.00161122 -0.00677613
v 0.00259894 -0.00160548 -0.00684179
v 0.00264235 -0.00157197 -0.0068414
v 0.00260783 -0.00160027 -0.00690151
v 0.00259279 -0.00159549 -0.00656552
v 0.00251231 -0.00165632 -0.00656618
v 0.00255466 -0.00163147 -0.00665848
v 0.00255672 -0.00161312 -0.00645197
v 0.00244058 -0.00169841 -0.00645198
v 0.00250445 -0.00166094 -0.00654904
v 0.00267065 -0.0015169 -0.00669575
v 0.00268035 -0.00152241 -0.00684132
v 0.00268401 -0.0015245 -0.007
v 0.0026984 -0.00148899 -0.007
v 0.00266197 -0.00155587 -0.007
v 0.00265135 -0.00156475 -0.007
v 0.00261133 -0.00159822 -0.007
v 0.00264092 -0.0015 -0.00645196
v 0.00265686 -0.00150906 -0.00656529
v 0.00262188 -0.00158176 -0.00669596
v 0.00256586 -0.0016249 -0.00669665
v 0.00261133 -0.00159822 -0.00775
v 0.00265249 -0.00156612 -0.00775
v 0.00266088 -0.00155505 -0.00775
v 0.00268401 -0.0015245 -0.00775
v 0.0026984 -0.00148899 -0.00775
v 0.00270362 -0.00147612 -0.00775
v 0.0027101 -0.00142432 -0.00775
v 0.00260303 -0.00160309 -0.00788674
v 0.00259894 -0.00160549 -0.00790832
v 0.00264234 -0.00157197 -0.00790861
v 0.00257892 -0.00161723 -0.00801412
v 0.0025671 -0.00162417 -0.0080539
v 0.00262187 -0.00158177 -0.00805406
v 0.00246031 -0.00168683 -0.00827144
v 0.00270923 -0.0013004 -0.00820096
v 0.00270929 -0.00130952 -0.00818382
v 0.00269826 -0.00140979 -0.00818448
v 0.00271007 -0.00142027 -0.00784849
v 0.00270344 -0.0014644 -0.0079086
v 0.00270964 -0.00135862 -0.00809152
v 0.00270973 -0.0013716 -0.00805335
v 0.00270137 -0.00144181 -0.00805405
v 0.00270992 -0.00139863 -0.00797387
v 0.00271 -0.00140996 -0.00790821
v 0.00251315 -0.00165583 -0.00818415
v 0.00256122 -0.00162762 -0.00807368
v 0.00251746 -0.0016533 -0.00817702
v 0.00259276 -0.0015955 -0.0081845
v 0.00267064 -0.00151692 -0.00805425
v 0.00265684 -0.00150909 -0.00818471
v 0.00268034 -0.00152242 -0.00790868
v 0.00012156 -0.00305918 -0.00775
v 0.00012156 -0.00305918 -0.007
v 7.182E-05 -0.00307394 -0.00775
v 7.226E-05 -0.00307594 -0.007
v 5.845E-05 -0.0030779 -0.00775
v -7.844E-05 -0.00306059 -0.007
v -7.844E-05 -0.00306059 -0.00775
v -2.849E-05 -0.00307465 -0.007
v -2.89E-05 -0.00307665 -0.00775
v -1.507E-05 -0.00307842 -0.007
v -1.568E-05 -0.00308094 -0.00775
v -1.83E-06 -0.00308543 -0.00775
v 1.388E-05 -0.00308657 -0.007
v 2.176E-05 -0.0030862 -0.00775
v 2.173E-05 -0.0030862 -0.007
v 2.962E-05 -0.00308646 -0.00775
v 4.531E-05 -0.0030851 -0.007
v 5.909E-05 -0.00308041 -0.007
v -0.0001111 -0.00304203 -0.00801412
v -0.00012302 -0.00303526 -0.0080539
v -5.892E-05 -0.00306149 -0.00805406
v -0.00023068 -0.00297411 -0.00827144
v 0.00022844 -0.00299646 -0.00820096
v 0.00022057 -0.00300108 -0.00818382
v 0.00012821 -0.00304166 -0.00818448
v 0.00017822 -0.00302592 -0.00809152
v 0.00016702 -0.00303249 -0.00805335
v 0.00010204 -0.00306037 -0.00805405
v 0.00014371 -0.00304617 -0.00797387
v 8.351E-05 -0.00307345 -0.0079086
v 0.00013394 -0.00305191 -0.00790821
v 0.00012505 -0.00305713 -0.00784849
v -0.00017742 -0.00300436 -0.00818415
v -0.00012895 -0.00303189 -0.00807368
v -0.00017307 -0.00300683 -0.00817702
v -8.537E-05 -0.00304315 -0.0081845
v -4.02E-05 -0.00307432 -0.00790861
v -8.68E-05 -0.00305583 -0.00788674
v -9.092E-05 -0.0030535 -0.00790832
v 2.163E-05 -0.0030713 -0.00805425
v 2.151E-05 -0.00305543 -0.00818471
v 2.171E-05 -0.00308246 -0.00790868
v -0.00054858 -0.00264257 -0.00873313
v -0.00038707 -0.00271215 -0.00872899
v -0.00043377 -0.00278176 -0.0086651
v -0.00032787 -0.00291891 -0.00838208
v -0.00035516 -0.00290341 -0.00840332
v -0.00033435 -0.00289466 -0.00852817
v -0.00077406 -0.00266548 -0.00855
v -0.00076795 -0.00265473 -0.00861922
v -0.00071175 -0.00270086 -0.00854768
v -0.00076589 -0.0026511 -0.00862574
v -0.00061846 -0.00275385 -0.00853236
v -0.00041527 -0.00286926 -0.0084501
v -0.00047795 -0.00283365 -0.00848422
v -0.00046526 -0.0028236 -0.00857406
v -0.00050062 -0.00282078 -0.00849656
v -0.00061009 -0.00274276 -0.00860773
v -0.0005935 -0.00276802 -0.00852826
v -0.00061215 -0.00252554 -0.00875
v -0.00050637 -0.00257199 -0.00875
v -0.00045927 -0.00259267 -0.00875
v -0.00058597 -0.00270446 -0.00868235
v -0.00074513 -0.00261454 -0.00869142
v -0.00071269 -0.00255743 -0.00873347
v -0.000452 -0.00280698 -0.00862107
v -0.00026242 -0.00281062 -0.00868884
v -0.00023036 -0.00276744 -0.00872323
v -0.00019552 -0.0027191 -0.00874344
v -0.00014418 -0.00266826 -0.00875
v -0.00033397 -0.00263088 -0.00875
v -0.00030366 -0.00264012 -0.00875
v -0.00015833 -0.00266576 -0.00875
v -0.00029114 -0.00284736 -0.00864249
v -0.00070947 -0.00255176 -0.00873764
v -0.00067528 -0.00249157 -0.00875
v -0.00123471 -0.00217382 -0.00875
v -0.00189292 -0.00202997 -0.00855
v -0.00189215 -0.00202861 -0.00857452
v -0.00179415 -0.00185606 -0.00875
v -0.00182779 -0.0019153 -0.00873318
v -0.00183151 -0.00192185 -0.00873132
v -0.00183976 -0.00193637 -0.0087272
v -0.00188406 -0.00201437 -0.00861707
v -0.00188267 -0.00201191 -0.0086244
v -0.001875 -0.00199841 -0.00866472
v -0.00186223 -0.00197594 -0.00868736
v -0.0020433 -0.00192871 -0.00860772
v -0.00218691 -0.00184572 -0.00857405
v -0.00216711 -0.00179724 -0.00866509
v -0.002315 -0.00176966 -0.00852815
v -0.00237141 -0.00175819 -0.0083505
v -0.00231202 -0.00179192 -0.00840425
v -0.00229211 -0.00180323 -0.00842227
v -0.00211593 -0.00190329 -0.00851575
v -0.00218917 -0.00186169 -0.0084842
v -0.00221039 -0.00184964 -0.00847506
v -0.00204837 -0.00194167 -0.00853196
v -0.00200855 -0.00196429 -0.00854151
v -0.0021505 -0.00176158 -0.00870205
v -0.00225898 -0.00161519 -0.00872322
v -0.0022353 -0.00156051 -0.00874344
v -0.00227634 -0.00140738 -0.00875
v -0.0022965 -0.00170833 -0.00864247
v -0.00230851 -0.00174393 -0.00858777
v -0.00193927 -0.00176246 -0.00875
v -0.00198874 -0.00182457 -0.00873312
v -0.00218017 -0.00153763 -0.00875
v -0.0020886 -0.00163434 -0.00875
v -0.00213123 -0.00172148 -0.00872899
v -0.00206824 -0.00165585 -0.00875
v -0.00195045 -0.00175322 -0.00875
v -0.00202275 -0.00188838 -0.00868235
v -0.00220754 -0.00150056 -0.00875
v 0.00027257 -0.00297056 -0.00647856
v 0.00029234 -0.00295896 -0.00645193
v 0.00016124 -0.00301876 -0.00645195
v 0.00021974 -0.00300157 -0.00656585
v 0.00010206 -0.00306036 -0.00669594
v 0.00017166 -0.00302977 -0.00667632
v 0.00012824 -0.00304164 -0.0065655
v 0.00021542 -0.0030041 -0.00657298
v 0.00013394 -0.00305191 -0.00684168
v 0.00015396 -0.00304016 -0.00673588
v 0.00016578 -0.00303322 -0.0066961
v -8.196E-05 -0.00305858 -0.00690151
v -4.019E-05 -0.00307432 -0.0068414
v -9.092E-05 -0.00305349 -0.00684179
v -0.00010077 -0.00304789 -0.00677613
v -8.534E-05 -0.00304316 -0.00656552
v -0.00017826 -0.00300389 -0.00656618
v -0.00013556 -0.00302813 -0.00665848
v -0.00011864 -0.00302075 -0.00645197
v -0.00025058 -0.00296281 -0.00645198
v -0.00018619 -0.00299938 -0.00654904
v 0.00012985 -0.00305431 -0.00686326
v 8.352E-05 -0.00307345 -0.00684139
v 2.165E-05 -0.0030713 -0.00669575
v 2.172E-05 -0.00308246 -0.00684132
v 2.142E-05 -0.00303711 -0.00645196
v 2.154E-05 -0.00305543 -0.00656529
v -5.89E-05 -0.0030615 -0.00669596
v -0.00012428 -0.00303455 -0.00669665
v -0.00258855 -0.00163486 -0.00775
v -0.00258855 -0.00163486 -0.007
v -0.0026262 -0.00159916 -0.00775
v -0.00262771 -0.00160054 -0.007
v -0.00263632 -0.00158957 -0.00775
v -0.00268976 -0.00146236 -0.007
v -0.00268976 -0.00146236 -0.00775
v -0.00267697 -0.00151265 -0.007
v -0.00267891 -0.00151329 -0.00775
v -0.00267353 -0.00152616 -0.007
v -0.00263817 -0.00159138 -0.007
v -0.00264912 -0.00158178 -0.007
v -0.00265814 -0.00156888 -0.00775
v -0.00266187 -0.00156192 -0.007
v -0.00266185 -0.00156195 -0.00775
v -0.00266611 -0.0015553 -0.007
v -0.00267297 -0.00154113 -0.00775
v -0.00267601 -0.00152689 -0.00775
v -0.00269003 -0.0014248 -0.00801412
v -0.00269012 -0.00141109 -0.0080539
v -0.00268079 -0.00147972 -0.00805406
v -0.002691 -0.00128728 -0.00827144
v -0.00248079 -0.00169606 -0.00820096
v -0.00248872 -0.00169156 -0.00818382
v -0.00257004 -0.00163186 -0.00818448
v -0.00253142 -0.00166731 -0.00809152
v -0.0025427 -0.00166089 -0.00805335
v -0.00259933 -0.00161855 -0.00805405
v -0.00256621 -0.00164754 -0.00797387
v -0.00261993 -0.00160905 -0.0079086
v -0.00257606 -0.00164195 -0.00790821
v -0.00258502 -0.00163686 -0.00784849
v -0.00269056 -0.00134853 -0.00818415
v -0.00269017 -0.00140427 -0.00807368
v -0.00269053 -0.00135353 -0.00817702
v -0.00267813 -0.00144764 -0.0081845
v -0.00268254 -0.00150235 -0.00790861
v -0.00268983 -0.00145274 -0.00788674
v -0.00268986 -0.00144801 -0.00790832
v -0.00264901 -0.00155438 -0.00805425
v -0.00263533 -0.00154635 -0.00818471
v -0.00265863 -0.00156003 -0.00790868
v -0.00256282 -0.0008462 -0.00873313
v -0.00254233 -0.00102087 -0.00872899
v -0.00262596 -0.00101523 -0.0086651
v -0.00269178 -0.00117551 -0.00838208
v -0.002692 -0.00114413 -0.00840332
v -0.00267402 -0.00115778 -0.00852817
v -0.0026954 -0.00066238 -0.00855
v -0.00268304 -0.0006623 -0.00861922
v -0.00269489 -0.00073403 -0.00854768
v -0.00267887 -0.00066227 -0.00862574
v -0.00269413 -0.00084133 -0.00853236
v -0.00269249 -0.001075 -0.0084501
v -0.00269299 -0.00100291 -0.00848422
v -0.00267794 -0.00100887 -0.00857406
v -0.00269317 -0.00097684 -0.00849656
v -0.00268034 -0.00084303 -0.00860773
v -0.00269393 -0.00087002 -0.00852826
v -0.00249326 -0.00073263 -0.00875
v -0.00248059 -0.00084747 -0.00875
v -0.00247496 -0.0008986 -0.00875
v -0.00263512 -0.00084477 -0.00868235
v -0.00263682 -0.00066197 -0.00869142
v -0.00257114 -0.00066151 -0.00873347
v -0.00265692 -0.00101205 -0.00862107
v -0.00256528 -0.00117804 -0.00868884
v -0.00251185 -0.00118422 -0.00872323
v -0.00245257 -0.00119022 -0.00874344
v -0.00238287 -0.00120927 -0.00875
v -0.00244539 -0.00102621 -0.00875
v -0.00243824 -0.00105709 -0.00875
v -0.00238778 -0.00119576 -0.00875
v -0.00261146 -0.00117155 -0.00864249
v -0.00256463 -0.00066146 -0.00873764
v -0.0024954 -0.00066097 -0.00875
v -0.00249994 -1.761E-05 -0.00875
v -0.00250447 0.00062574 -0.00875
v -0.00257259 0.00062526 -0.00873318
v -0.00258012 0.00062521 -0.00873132
v -0.00259682 0.00062509 -0.0087272
v -0.00264233 0.00062477 -0.00868736
v -0.00266818 0.00062459 -0.00866472
v -0.0026837 0.00062448 -0.0086244
v -0.00268652 0.00062446 -0.00861707
v -0.0027029 0.00062435 -0.00857452
v -0.00270447 0.00062434 -0.00855
v -0.00269196 0.00080519 -0.00860772
v -0.00269189 0.00097106 -0.00857405
v -0.00264001 0.00097815 -0.00866509
v -0.00269007 0.00112002 -0.00852815
v -0.00270834 0.0011746 -0.0083505
v -0.00270786 0.00110631 -0.00840425
v -0.0027077 0.00108341 -0.00842227
v -0.00270626 0.0008808 -0.00851575
v -0.00270686 0.00096503 -0.0084842
v -0.00270703 0.00098944 -0.00847506
v -0.00270572 0.00080311 -0.00853196
v -0.0027054 0.00075731 -0.00854151
v -0.00260082 0.0009816 -0.00870205
v -0.00252829 0.00114873 -0.00872322
v -0.0024691 0.00115557 -0.00874344
v -0.00235699 0.00126768 -0.00875
v -0.00262771 0.00113466 -0.00864247
v -0.00266454 0.00112726 -0.00858777
v -0.00249597 0.00079823 -0.00875
v -0.00257449 0.00081001 -0.00873312
v -0.00242172 0.00111927 -0.00875
v -0.00245968 0.00099162 -0.00875
v -0.00255646 0.00098496 -0.00872899
v -0.00246812 0.00096322 -0.00875
v -0.00249356 0.00081252 -0.00875
v -0.00264676 0.00080757 -0.00868235
v -0.0024033 0.0011615 -0.00875
v -0.00260303 0.00160309 -0.00788674
v -0.00259894 0.00160549 -0.00790832
v -0.00264234 0.00157197 -0.00790861
v -0.00257892 0.00161723 -0.00801412
v -0.0025671 0.00162417 -0.0080539
v -0.00262187 0.00158177 -0.00805406
v -0.00246031 0.00168683 -0.00827144
v -0.00270923 0.0013004 -0.00820096
v -0.00270929 0.00130952 -0.00818382
v -0.00269826 0.00140979 -0.00818448
v -0.0027101 0.00142432 -0.00775
v -0.00270185 0.00147583 -0.00775
v -0.00271007 0.00142027 -0.00784849
v -0.00270344 0.0014644 -0.0079086
v -0.00270964 0.00135862 -0.00809152
v -0.00270973 0.0013716 -0.00805335
v -0.00270137 0.00144181 -0.00805405
v -0.00270992 0.00139863 -0.00797387
v -0.00271 0.00140996 -0.00790821
v -0.00251315 0.00165583 -0.00818415
v -0.00256122 0.00162762 -0.00807368
v -0.00251746 0.0016533 -0.00817702
v -0.00259276 0.0015955 -0.0081845
v -0.00261133 0.00159822 -0.00775
v -0.00267064 0.00151692 -0.00805425
v -0.00265684 0.00150909 -0.00818471
v -0.00269967 0.0014895 -0.00775
v -0.00268082 0.00152269 -0.00775
v -0.00268034 0.00152242 -0.00790868
v -0.00266197 0.00155587 -0.00775
v -0.00265135 0.00156475 -0.00775
v -0.0027101 0.00142432 -0.007
v -0.00269997 0.00147539 -0.007
v -0.00269726 0.00148903 -0.007
v -0.00269442 0.00150331 -0.007
v -0.00261133 0.00159822 -0.007
v -0.00264848 0.001562 -0.007
v -0.00265846 0.00155227 -0.007
v -0.00267999 0.00153127 -0.007
v -0.00268359 0.00152429 -0.007
v -0.00270887 0.00124923 -0.00647856
v -0.00270871 0.00122631 -0.00645193
v -0.00269494 0.00136974 -0.00645195
v -0.0027093 0.00131049 -0.00656585
v -0.00270138 0.0014418 -0.00669594
v -0.00270969 0.00136622 -0.00667632
v -0.00269826 0.00140976 -0.0065655
v -0.00270934 0.00131549 -0.00657298
v -0.00271 0.00140996 -0.00684168
v -0.00270984 0.00138675 -0.00673588
v -0.00270974 0.00137304 -0.0066961
v -0.00260783 0.00160027 -0.00690151
v -0.00264235 0.00157197 -0.0068414
v -0.00259894 0.00160548 -0.00684179
v -0.00258917 0.00161122 -0.00677613
v -0.00259279 0.00159549 -0.00656552
v -0.00251231 0.00165632 -0.00656618
v -0.00255466 0.00163147 -0.00665848
v -0.00255672 0.00161312 -0.00645197
v -0.00244058 0.00169841 -0.00645198
v -0.00250445 0.00166094 -0.00654904
v -0.00271003 0.0014147 -0.00686326
v -0.00270344 0.0014644 -0.00684139
v -0.00267065 0.0015169 -0.00669575
v -0.00268035 0.00152241 -0.00684132
v -0.00264092 0.0015 -0.00645196
v -0.00265686 0.00150906 -0.00656529
v -0.00262188 0.00158176 -0.00669596
v -0.00256586 0.0016249 -0.00669665
v -0.0024363 -0.00172134 -0.00647856
v -0.00241637 -0.00173266 -0.00645193
v -0.0025337 -0.00164902 -0.00645195
v -0.00248956 -0.00169108 -0.00656585
v -0.00259932 -0.00161856 -0.00669594
v -0.00253803 -0.00166355 -0.00667632
v -0.00257002 -0.00163188 -0.0065655
v -0.00249391 -0.00168861 -0.00657298
v -0.00257606 -0.00164195 -0.00684168
v -0.00255588 -0.00165341 -0.00673588
v -0.00254396 -0.00166018 -0.0066961
v -0.00268979 -0.00145832 -0.00690151
v -0.00268254 -0.00150235 -0.0068414
v -0.00268986 -0.00144801 -0.00684179
v -0.00268994 -0.00143668 -0.00677613
v -0.00267812 -0.00144767 -0.00656552
v -0.00269057 -0.00134756 -0.00656618
v -0.00269022 -0.00139667 -0.00665848
v -0.00267537 -0.00140763 -0.00645197
v -0.00269116 -0.0012644 -0.00645198
v -0.00269064 -0.00133845 -0.00654904
v -0.00258018 -0.00163961 -0.00686326
v -0.00261993 -0.00160905 -0.00684139
v -0.002649 -0.0015544 -0.00669575
v -0.00265862 -0.00156004 -0.00684132
v -0.0026195 -0.00153711 -0.00645196
v -0.00263531 -0.00154637 -0.00656529
v -0.00268079 -0.00147974 -0.00669596
v -0.00269013 -0.00140965 -0.00669665
v 0.00013632 0.00249628 -0.00875
v 0.00059269 0.00242873 -0.00875
v 0.00102887 0.00227847 -0.00875
v -0.00119822 0.00219414 -0.00875
v -0.00077465 0.00237696 -0.00875
v -0.00032469 0.00247883 -0.00875
v 0.00207422 0.00139556 -0.00875
v 0.00143002 0.00205062 -0.00875
v 0.00178247 0.00175294 -0.00875
v 0.00229534 0.00099066 -0.00875
v 0.00249821 9.459E-05 -0.00875
v 0.00243829 0.00055203 -0.00875
v 0.00236368 -0.00081425 -0.00875
v 0.00190993 -0.00161313 -0.00875
v 0.00217382 -0.00123471 -0.00875
v 0.00247305 -0.00036606 -0.00875
v 0.00158099 -0.00193661 -0.00875
v -0.00013632 -0.00249628 -0.00875
v -0.00059269 -0.00242873 -0.00875
v -0.00102887 -0.00227847 -0.00875
v 0.00119822 -0.00219414 -0.00875
v 0.00077465 -0.00237696 -0.00875
v 0.00032469 -0.00247883 -0.00875
v -0.00143002 -0.00205062 -0.00875
v -0.00178247 -0.00175294 -0.00875
v -0.00229534 -0.00099066 -0.00875
v -0.00249821 -9.459E-05 -0.00875
v -0.00243829 -0.00055203 -0.00875
v -0.00207422 -0.00139556 -0.00875
v -0.00236368 0.00081425 -0.00875
v -0.00190993 0.00161313 -0.00875
v -0.00247305 0.00036606 -0.00875
v -0.00158099 0.00193661 -0.00875
v -0.00217382 0.00123471 -0.00875
v -0.00254812 0.00150217 -0.00619768
v -0.00251345 0.00153629 -0.00617551
v -0.00252259 0.00158009 -0.00624863
v -0.00243498 0.0015968 -0.00614123
v -0.00244172 0.00162915 -0.00620378
v -0.00245009 0.00167046 -0.00628546
v -0.00253259 0.00160179 -0.00631597
v -0.00245024 0.00167001 -0.00628275
v -0.00244271 0.00163391 -0.00621297
v -0.0024497 0.00166743 -0.00627777
v -0.00261618 0.00148595 -0.00632825
v -0.00259941 0.00147643 -0.00627288
v -0.00258349 0.00146738 -0.00622029
v -6.857E-05 0.00295715 -0.00619767
v -2.095E-05 0.00297106 -0.00622029
v -2.108E-05 0.00298937 -0.00627288
v -0.00020636 0.00290451 -0.00614121
v -0.00011527 0.00294351 -0.0061755
v -0.00023132 0.00292618 -0.00620375
v -0.00014905 0.00297285 -0.00624861
v -0.00026331 0.00295363 -0.00628542
v -0.00016312 0.00299217 -0.00631595
v -0.00026283 0.00295354 -0.00628272
v -0.00026085 0.00295181 -0.00627773
v -0.00023498 0.00292936 -0.00621293
v -2.122E-05 0.00300866 -0.00632825
v -0.00045566 0.00286313 -0.0062999
v -0.00039604 0.00289811 -0.00634668
v -0.00214254 0.00187329 -0.00623425
v -0.00207553 0.00191261 -0.00621804
v -0.00221519 0.00183066 -0.0062658
v -0.00223624 0.0018183 -0.00627494
v -0.00233704 0.00175916 -0.00634575
v -0.00231729 0.00177075 -0.00632773
v -0.00081154 0.0026543 -0.0062
v -0.00074974 0.00269057 -0.00620232
v -0.0006572 0.00274486 -0.00621764
v -0.00063245 0.00275939 -0.00622174
v -0.00054032 0.00281344 -0.00625343
v -0.00051783 0.00282664 -0.00626578
v -0.00036897 0.002914 -0.00636792
v -0.00239595 0.0017246 -0.0063995
v -0.00203603 0.00193579 -0.00620849
v -0.00192134 0.00200309 -0.0062
v 8E-05 0.002808 -0.00603648
v 8.467E-05 0.00281407 -0.00603882
v 3.015E-05 0.00284708 -0.00605354
v -1.977E-05 0.00280318 -0.00602615
v -2.029E-05 0.00287686 -0.00607733
v -0.00011912 0.00280614 -0.0060355
v -0.00020141 0.00289936 -0.00613295
v -0.00018571 0.002883 -0.00610673
v -6.822E-05 0.00290859 -0.00611459
v -2.068E-05 0.00293275 -0.00614606
v 2.686E-05 0.00295783 -0.00619768
v 2.72E-05 0.00290927 -0.0061146
v 7.374E-05 0.00294486 -0.00617551
v 0.00016005 0.00290108 -0.00613411
v 0.00016538 0.00290715 -0.00614123
v -0.00011127 0.00279708 -0.0060271
v -7.466E-05 0.00274945 -0.00601636
v -7.165E-05 0.00274554 -0.00601548
v -1.888E-05 0.00267688 -0.006
v 1.317E-05 0.00272126 -0.00600295
v 3.256E-05 0.00274643 -0.00601268
v 3.548E-05 0.00275021 -0.00601414
v 9.131E-05 0.00282267 -0.00604215
v 0.00012051 0.00285598 -0.00608121
v 0.0001255 0.00286167 -0.00608788
v -0.00016688 0.00286126 -0.00608659
v -0.00016149 0.00285505 -0.00608083
v -0.00012341 0.0028111 -0.00604009
v 0.0001071 0.00297467 -0.00624863
v 0.00019003 0.00292917 -0.00620378
v 0.00022162 0.00295707 -0.00628546
v 0.00012089 0.00299419 -0.00631597
v 0.00022115 0.00295697 -0.00628275
v 0.00019365 0.0029324 -0.00621297
v 0.00021919 0.00295522 -0.00627777
v 0.00252668 0.00153796 -0.00619767
v 0.00256253 0.00150367 -0.00622029
v 0.00257833 0.00151294 -0.00627288
v 0.0024122 0.00163097 -0.00614121
v 0.00249152 0.00157158 -0.0061755
v 0.00241849 0.00166342 -0.00620375
v 0.00250004 0.0016155 -0.00624861
v 0.00242626 0.00170484 -0.00628542
v 0.00250974 0.00163735 -0.00631595
v 0.00242643 0.00170439 -0.00628272
v 0.00242592 0.00170181 -0.00627773
v 0.00241941 0.00166818 -0.00621293
v 0.00259496 0.00152271 -0.00632825
v 0.00189292 0.00202997 -0.0062
v 0.00195523 0.00199458 -0.00620232
v 0.00204852 0.00194159 -0.00621764
v 0.0006186 0.00275377 -0.00621804
v 0.00055105 0.00279214 -0.00623425
v 0.0004778 0.00283374 -0.0062658
v 0.00065843 0.00273115 -0.00620849
v 0.00077406 0.00266548 -0.0062
v 0.00207347 0.00192741 -0.00622174
v 0.00216635 0.00187465 -0.00625343
v 0.00218902 0.00186177 -0.00626578
v 0.00029557 0.00293725 -0.0063995
v 0.00035496 0.00290352 -0.00634575
v 0.00037487 0.00289221 -0.00632773
v 0.00045658 0.00284579 -0.00627494
v 0.00231182 0.00179204 -0.00634668
v 0.00233911 0.00177654 -0.00636792
v 0.00225171 0.00182617 -0.0062999
v 0.0024718 0.00133472 -0.00603648
v 0.00247939 0.0013337 -0.00603882
v 0.00248072 0.00139743 -0.00605354
v 0.00241774 0.00141871 -0.00602615
v 0.00248129 0.001456 -0.00607733
v 0.00237063 0.00150623 -0.0060355
v 0.00241021 0.00162411 -0.00613295
v 0.00240389 0.00160233 -0.00610673
v 0.0024848 0.00151338 -0.00611459
v 0.00252949 0.00148428 -0.00614606
v 0.00257498 0.00145565 -0.00619768
v 0.0025331 0.00143108 -0.0061146
v 0.00258719 0.00140856 -0.00617551
v 0.00259243 0.00131193 -0.00613411
v 0.00260035 0.00131035 -0.00614123
v 0.00236671 0.0014949 -0.0060271
v 0.00234376 0.00143938 -0.00601636
v 0.00234188 0.00143482 -0.00601548
v 0.0023088 0.00135479 -0.006
v 0.00236326 0.00134923 -0.00600295
v 0.00239476 0.00134502 -0.00601268
v 0.00239949 0.00134438 -0.00601414
v 0.00249016 0.00133226 -0.00604215
v 0.00253361 0.00132362 -0.00608121
v 0.00254102 0.00132215 -0.00608788
v 0.00239449 0.00157515 -0.00608659
v 0.0023918 0.00156738 -0.00608083
v 0.00237277 0.00151242 -0.00604009
v 0.00262969 0.00139458 -0.00624863
v 0.00263175 0.00130002 -0.00620378
v 0.00267171 0.0012866 -0.00628546
v 0.00265349 0.0013924 -0.00631597
v 0.00267139 0.00128696 -0.00628275
v 0.00263636 0.0012985 -0.00621297
v 0.00266889 0.00128779 -0.00627777
v 0.00259525 -0.00141919 -0.00619767
v 0.00258349 -0.00146738 -0.00622029
v 0.00259941 -0.00147643 -0.00627288
v 0.00261856 -0.00127354 -0.00614121
v 0.00260679 -0.00137193 -0.0061755
v 0.00264981 -0.00126276 -0.00620375
v 0.00264909 -0.00135735 -0.00624861
v 0.00268957 -0.00124879 -0.00628542
v 0.00267285 -0.00135482 -0.00631595
v 0.00268926 -0.00124915 -0.00628272
v 0.00268677 -0.00125001 -0.00627773
v 0.00265439 -0.00126118 -0.00621293
v 0.00261618 -0.00148595 -0.00632825
v 0.00269358 0.00091885 -0.00623425
v 0.00269414 0.00084116 -0.00621804
v 0.00270808 -0.00113746 -0.00636792
v 0.00269299 0.00100308 -0.0062658
v 0.00269152 0.00121265 -0.0063995
v 0.002692 0.00114435 -0.00634575
v 0.00270737 -0.00103695 -0.0062999
v 0.00270786 -0.00110608 -0.00634668
v 0.00269216 0.00112145 -0.00632773
v 0.00269282 0.00102749 -0.00627494
v 0.00269446 0.00079536 -0.00620849
v 0.0026954 0.00066238 -0.0062
v 0.00270447 -0.00062434 -0.0062
v 0.00270497 -0.00069599 -0.00620232
v 0.00270572 -0.00080328 -0.00621764
v 0.00270592 -0.00083198 -0.00622174
v 0.00270667 -0.00093879 -0.00625343
v 0.00270686 -0.00096486 -0.00626578
v 0.0023918 -0.00147329 -0.00603648
v 0.00239472 -0.00148036 -0.00603882
v 0.00245056 -0.00144965 -0.00605354
v 0.00243751 -0.00138447 -0.00602615
v 0.00250157 -0.00142086 -0.00607733
v 0.00248975 -0.00129991 -0.0060355
v 0.00261162 -0.00127525 -0.00613295
v 0.00258961 -0.00128067 -0.00610673
v 0.00255303 -0.00139521 -0.00611459
v 0.00255017 -0.00144846 -0.00614606
v 0.00254812 -0.00150217 -0.00619768
v 0.0025059 -0.00147819 -0.0061146
v 0.00251345 -0.00153629 -0.00617551
v 0.00243238 -0.00158915 -0.00613411
v 0.00243498 -0.0015968 -0.00614123
v 0.00247797 -0.00130218 -0.0060271
v 0.00241842 -0.00131007 -0.00601636
v 0.00241353 -0.00131072 -0.00601548
v 0.00232768 -0.00132209 -0.006
v 0.0023501 -0.00137203 -0.00600295
v 0.0023622 -0.00140141 -0.00601268
v 0.00236402 -0.00140583 -0.00601414
v 0.00239885 -0.00149041 -0.00604215
v 0.0024131 -0.00153235 -0.00608121
v 0.00241553 -0.00153952 -0.00608788
v 0.00256137 -0.00128611 -0.00608659
v 0.00255329 -0.00128767 -0.00608083
v 0.00249619 -0.00129867 -0.00604009
v 0.00252259 -0.00158009 -0.00624863
v 0.00244172 -0.00162915 -0.00620378
v 0.00245009 -0.00167046 -0.00628546
v 0.00253259 -0.00160179 -0.00631597
v 0.00245024 -0.00167001 -0.00628275
v 0.00244271 -0.00163391 -0.00621297
v 0.0024497 -0.00166743 -0.00627777
v 6.857E-05 -0.00295715 -0.00619767
v 2.095E-05 -0.00297106 -0.00622029
v 2.108E-05 -0.00298937 -0.00627288
v 0.00020636 -0.00290451 -0.00614121
v 0.00011527 -0.00294351 -0.0061755
v 0.00023132 -0.00292618 -0.00620375
v 0.00014905 -0.00297285 -0.00624861
v 0.00026331 -0.00295363 -0.00628542
v 0.00016312 -0.00299217 -0.00631595
v 0.00026283 -0.00295354 -0.00628272
v 0.00026085 -0.00295181 -0.00627773
v 0.00023498 -0.00292936 -0.00621293
v 2.122E-05 -0.00300866 -0.00632825
v 0.00239595 -0.0017246 -0.0063995
v 0.00233704 -0.00175916 -0.00634575
v 0.00036897 -0.002914 -0.00636792
v 0.00039604 -0.00289811 -0.00634668
v 0.00045566 -0.00286313 -0.0062999
v 0.00063245 -0.00275939 -0.00622174
v 0.00054032 -0.00281344 -0.00625343
v 0.00051783 -0.00282664 -0.00626578
v 0.00207553 -0.00191261 -0.00621804
v 0.00214254 -0.00187329 -0.00623425
v 0.00221519 -0.00183066 -0.0062658
v 0.00081154 -0.0026543 -0.0062
v 0.00074974 -0.00269057 -0.00620232
v 0.0006572 -0.00274486 -0.00621764
v 0.00231729 -0.00177075 -0.00632773
v 0.00223624 -0.0018183 -0.00627494
v 0.00203603 -0.00193579 -0.00620849
v 0.00192134 -0.00200309 -0.0062
v -8E-05 -0.002808 -0.00603648
v -8.467E-05 -0.00281407 -0.00603882
v -3.015E-05 -0.00284708 -0.00605354
v -3.256E-05 -0.00274643 -0.00601268
v -3.548E-05 -0.00275021 -0.00601414
v 1.977E-05 -0.00280318 -0.00602615
v 2.029E-05 -0.00287686 -0.00607733
v 0.00011912 -0.00280614 -0.0060355
v 0.00020141 -0.00289936 -0.00613295
v 0.00018571 -0.002883 -0.00610673
v 6.822E-05 -0.00290859 -0.00611459
v 2.068E-05 -0.00293275 -0.00614606
v -2.686E-05 -0.00295783 -0.00619768
v -2.72E-05 -0.00290927 -0.0061146
v -7.374E-05 -0.00294486 -0.00617551
v -0.00016005 -0.00290108 -0.00613411
v -0.00016538 -0.00290715 -0.00614123
v 0.00011127 -0.00279708 -0.0060271
v 7.466E-05 -0.00274945 -0.00601636
v 7.165E-05 -0.00274554 -0.00601548
v -1.317E-05 -0.00272126 -0.00600295
v 1.888E-05 -0.00267688 -0.006
v -9.131E-05 -0.00282267 -0.00604215
v -0.00012051 -0.00285598 -0.00608121
v -0.0001255 -0.00286167 -0.00608788
v 0.00016688 -0.00286126 -0.00608659
v 0.00016149 -0.00285505 -0.00608083
v 0.00012341 -0.0028111 -0.00604009
v -0.0001071 -0.00297467 -0.00624863
v -0.00019003 -0.00292917 -0.00620378
v -0.00022162 -0.00295707 -0.00628546
v -0.00012089 -0.00299419 -0.00631597
v -0.00022115 -0.00295697 -0.00628275
v -0.00019365 -0.0029324 -0.00621297
v -0.00021919 -0.00295522 -0.00627777
v -0.00252668 -0.00153796 -0.00619767
v -0.00256253 -0.00150367 -0.00622029
v -0.00257833 -0.00151294 -0.00627288
v -0.0024122 -0.00163097 -0.00614121
v -0.00249152 -0.00157158 -0.0061755
v -0.00241849 -0.00166342 -0.00620375
v -0.00250004 -0.0016155 -0.00624861
v -0.00242626 -0.00170484 -0.00628542
v -0.00250974 -0.00163735 -0.00631595
v -0.00242643 -0.00170439 -0.00628272
v -0.00242592 -0.00170181 -0.00627773
v -0.00241941 -0.00166818 -0.00621293
v -0.00259496 -0.00152271 -0.00632825
v -0.00189292 -0.00202997 -0.0062
v -0.00195523 -0.00199458 -0.00620232
v -0.00204852 -0.00194159 -0.00621764
v -0.00207347 -0.00192741 -0.00622174
v -0.00216635 -0.00187465 -0.00625343
v -0.00218902 -0.00186177 -0.00626578
v -0.00225171 -0.00182617 -0.0062999
v -0.00231182 -0.00179204 -0.00634668
v -0.0004778 -0.00283374 -0.0062658
v -0.00055105 -0.00279214 -0.00623425
v -0.0006186 -0.00275377 -0.00621804
v -0.00065843 -0.00273115 -0.00620849
v -0.00077406 -0.00266548 -0.0062
v -0.00233911 -0.00177654 -0.00636792
v -0.00029557 -0.00293725 -0.0063995
v -0.00035496 -0.00290352 -0.00634575
v -0.00037487 -0.00289221 -0.00632773
v -0.00045658 -0.00284579 -0.00627494
v -0.00257498 -0.00145565 -0.00619768
v -0.00258719 -0.00140856 -0.00617551
v -0.00262969 -0.00139458 -0.00624863
v -0.00260035 -0.00131035 -0.00614123
v -0.00263175 -0.00130002 -0.00620378
v -0.00267171 -0.0012866 -0.00628546
v -0.00265349 -0.0013924 -0.00631597
v -0.00267139 -0.00128696 -0.00628275
v -0.00263636 -0.0012985 -0.00621297
v -0.00266889 -0.00128779 -0.00627777
v -0.0024718 -0.00133472 -0.00603648
v -0.00247939 -0.0013337 -0.00603882
v -0.00248072 -0.00139743 -0.00605354
v -0.00241774 -0.00141871 -0.00602615
v -0.00248129 -0.001456 -0.00607733
v -0.00237063 -0.00150623 -0.0060355
v -0.00241021 -0.00162411 -0.00613295
v -0.00240389 -0.00160233 -0.00610673
v -0.0024848 -0.00151338 -0.00611459
v -0.00252949 -0.00148428 -0.00614606
v -0.0025331 -0.00143108 -0.0061146
v -0.00259243 -0.00131193 -0.00613411
v -0.00236671 -0.0014949 -0.0060271
v -0.00234376 -0.00143938 -0.00601636
v -0.00234188 -0.00143482 -0.00601548
v -0.0023088 -0.00135479 -0.006
v -0.00236326 -0.00134923 -0.00600295
v -0.00239476 -0.00134502 -0.00601268
v -0.00239949 -0.00134438 -0.00601414
v -0.00249016 -0.00133226 -0.00604215
v -0.00253361 -0.00132362 -0.00608121
v -0.00254102 -0.00132215 -0.00608788
v -0.00239449 -0.00157515 -0.00608659
v -0.0023918 -0.00156738 -0.00608083
v -0.00237277 -0.00151242 -0.00604009
v -0.00259525 0.00141919 -0.00619767
v -0.00261856 0.00127354 -0.00614121
v -0.00260679 0.00137193 -0.0061755
v -0.00264981 0.00126276 -0.00620375
v -0.00264909 0.00135735 -0.00624861
v -0.00268957 0.00124879 -0.00628542
v -0.00267285 0.00135482 -0.00631595
v -0.00268926 0.00124915 -0.00628272
v -0.00268677 0.00125001 -0.00627773
v -0.00265439 0.00126118 -0.00621293
v -0.00269446 -0.00079536 -0.00620849
v -0.0026954 -0.00066238 -0.0062
v -0.002692 -0.00114435 -0.00634575
v -0.00270737 0.00103695 -0.0062999
v -0.00270786 0.00110608 -0.00634668
v -0.00270497 0.00069599 -0.00620232
v -0.00270572 0.00080328 -0.00621764
v -0.00270686 0.00096486 -0.00626578
v -0.00270592 0.00083198 -0.00622174
v -0.00270667 0.00093879 -0.00625343
v -0.00270447 0.00062434 -0.0062
v -0.00269152 -0.00121265 -0.0063995
v -0.00270808 0.00113746 -0.00636792
v -0.00269299 -0.00100308 -0.0062658
v -0.00269282 -0.00102749 -0.00627494
v -0.00269216 -0.00112145 -0.00632773
v -0.00269358 -0.00091885 -0.00623425
v -0.00269414 -0.00084116 -0.00621804
v -0.0023918 0.00147329 -0.00603648
v -0.00239472 0.00148036 -0.00603882
v -0.00245056 0.00144965 -0.00605354
v -0.00243751 0.00138447 -0.00602615
v -0.00250157 0.00142086 -0.00607733
v -0.00248975 0.00129991 -0.0060355
v -0.00261162 0.00127525 -0.00613295
v -0.00258961 0.00128067 -0.00610673
v -0.00255303 0.00139521 -0.00611459
v -0.00255017 0.00144846 -0.00614606
v -0.0025059 0.00147819 -0.0061146
v -0.00243238 0.00158915 -0.00613411
v -0.00247797 0.00130218 -0.0060271
v -0.00241842 0.00131007 -0.00601636
v -0.00241353 0.00131072 -0.00601548
v -0.00232768 0.00132209 -0.006
v -0.0023501 0.00137203 -0.00600295
v -0.0023622 0.00140141 -0.00601268
v -0.00236402 0.00140583 -0.00601414
v -0.00239885 0.00149041 -0.00604215
v -0.0024131 0.00153235 -0.00608121
v -0.00241553 0.00153952 -0.00608788
v -0.00256137 0.00128611 -0.00608659
v -0.00255329 0.00128767 -0.00608083
v -0.00249619 0.00129867 -0.00604009
v 0.00199406 -0.00150789 -0.0094
v 0.00178018 -0.00175527 -0.0094
v 0.001906 -0.00160974 -0.0094
v 0.00153584 -0.00197261 -0.0094
v 0.00157893 -0.00193429 -0.0094
v 0.00097296 -0.0023029 -0.0094
v 0.0011965 -0.0021907 -0.0094
v 0.00126522 -0.0021562 -0.0094
v 0.00032461 -0.00247764 -0.0094
v 0.00034377 -0.00247625 -0.0094
v 0.00066405 -0.0024102 -0.0094
v 0.00077304 -0.00237234 -0.0094
v 1.761E-05 -0.00249994 -0.0094
v -0.00013601 -0.00249096 -0.0094
v -0.00030884 -0.00248085 -0.0094
v -0.00059227 -0.00242655 -0.0094
v -0.00063002 -0.00241931 -0.0094
v -0.00094041 -0.00231638 -0.0094
v -0.00178081 -0.00175146 -0.0094
v -0.00175527 -0.00178018 -0.0094
v -0.00150789 -0.00199406 -0.0094
v -0.00142758 -0.00204691 -0.0094
v -0.00123471 -0.00217382 -0.0094
v -0.00102693 -0.00227447 -0.0094
v -0.00197261 -0.00153584 -0.0094
v -0.00206981 -0.00139257 -0.0094
v -0.0021562 -0.00126522 -0.0094
v -0.00229428 -0.00099013 -0.0094
v -0.0023029 -0.00097296 -0.0094
v -0.0024102 -0.00066405 -0.0094
v -0.00247625 -0.00034377 -0.0094
v -0.0024335 -0.00055104 -0.0094
v -0.00248085 0.00030884 -0.0094
v -0.00249994 -1.761E-05 -0.0094
v -0.00249437 -9.431E-05 -0.0094
v -0.00241931 0.00063002 -0.0094
v -0.00247 0.00036548 -0.0094
v -0.00231638 0.00094041 -0.0094
v -0.00235876 0.00081262 -0.0094
v -0.00199406 0.00150789 -0.0094
v -0.00217382 0.00123471 -0.0094
v -0.00178018 0.00175527 -0.0094
v -0.001906 0.00160974 -0.0094
v -0.00153584 0.00197261 -0.0094
v -0.00157893 0.00193429 -0.0094
v -0.00097296 0.0023029 -0.0094
v -0.0011965 0.0021907 -0.0094
v -0.00126522 0.0021562 -0.0094
v -0.00032461 0.00247764 -0.0094
v -0.00034377 0.00247625 -0.0094
v -0.00066405 0.0024102 -0.0094
v -0.00077304 0.00237234 -0.0094
v -1.761E-05 0.00249994 -0.0094
v 0.00013601 0.00249096 -0.0094
v 0.00030884 0.00248085 -0.0094
v 0.00059227 0.00242655 -0.0094
v 0.00063002 0.00241931 -0.0094
v 0.00094041 0.00231638 -0.0094
v 0.00178081 0.00175146 -0.0094
v 0.00175527 0.00178018 -0.0094
v 0.00150789 0.00199406 -0.0094
v 0.00142758 0.00204691 -0.0094
v 0.00123471 0.00217382 -0.0094
v 0.00102693 0.00227447 -0.0094
v 0.00197261 0.00153584 -0.0094
v 0.00206981 0.00139257 -0.0094
v 0.0021562 0.00126522 -0.0094
v 0.00229428 0.00099013 -0.0094
v 0.0023029 0.00097296 -0.0094
v 0.0024102 0.00066405 -0.0094
v 0.00247625 0.00034377 -0.0094
v 0.0024335 0.00055104 -0.0094
v 0.00248085 -0.00030884 -0.0094
v 0.00249994 1.761E-05 -0.0094
v 0.00249437 9.431E-05 -0.0094
v 0.00241931 -0.00063002 -0.0094
v 0.00247 -0.00036548 -0.0094
v 0.00217382 -0.00123471 -0.0094
v 0.00231638 -0.00094041 -0.0094
v 0.00235876 -0.00081262 -0.0094
v -0.00185516 0.0018903 -0.00601236
v -0.00185845 0.00189592 -0.00601653
v -0.00201425 0.00179637 -0.00601688
v -0.00232035 0.0016758 -0.00610753
v -0.00217511 0.0017311 -0.00604795
v -0.00215528 0.00169128 -0.00602101
v -0.00233971 0.00173686 -0.00622185
v -0.00221271 0.00181472 -0.00617595
v -0.00207027 0.00189972 -0.00614228
v -0.00191297 0.00198883 -0.00612426
v -0.00191508 0.00199243 -0.00613078
v -0.00219222 0.00176652 -0.00608491
v -0.00204916 0.00185969 -0.00606765
v -0.0018917 0.00195257 -0.00605858
v -0.0022243 0.00146632 -0.006
v -0.00225707 0.00152886 -0.00600656
v -0.00228151 0.0015832 -0.00602678
v -0.00182012 0.0018306 -0.006
v -0.00195385 0.00174216 -0.006
v -0.0019736 0.0017241 -0.006
v -0.00210819 0.00160109 -0.006
v -0.00216475 0.0015494 -0.006
v -0.00233285 0.00171122 -0.00616223
v -0.00076839 0.00258076 -0.00603629
v -0.00074798 0.00254598 -0.00602076
v -0.00074427 0.00253966 -0.00601794
v -0.00072273 0.00250295 -0.00600156
v -0.00071032 0.00248181 -0.006
v -0.00077984 0.00260028 -0.00606214
v -0.0008 0.00263464 -0.00610765
v -0.00080209 0.0026382 -0.00612435
v -0.00080303 0.0026398 -0.00613188
v -0.00058577 0.00263458 -0.00601687
v -0.00042525 0.00270643 -0.00602101
v -0.00047292 0.00277537 -0.0060849
v -0.00054046 0.00256005 -0.006
v -0.0003751 0.00288966 -0.00622183
v -0.00050501 0.00281677 -0.00617594
v -0.00064868 0.00273389 -0.00614227
v -0.00023382 0.00271608 -0.00600656
v -0.000302 0.00280664 -0.00606116
v -0.00026934 0.00276391 -0.00602677
v -0.00037 0.00262116 -0.006
v -0.00062402 0.00269594 -0.00606765
v -0.00017158 0.00266697 -0.006
v -0.00019545 0.00266146 -0.006
v -0.00033124 0.00284298 -0.00610751
v -0.00049151 0.00280033 -0.00612893
v -0.00044576 0.00260367 -0.006
v 0.00070947 0.00255176 -0.00601236
v 0.00071269 0.00255743 -0.00601653
v 0.00054857 0.00264258 -0.00601688
v 0.00029111 0.00284738 -0.00610753
v 0.00041162 0.00274925 -0.00604795
v 0.00038705 0.00271216 -0.00602101
v 0.00033431 0.00289468 -0.00622185
v 0.00046524 0.00282362 -0.00617595
v 0.00061007 0.00274277 -0.00614228
v 0.00076589 0.0026511 -0.00612426
v 0.00076795 0.00265473 -0.00613078
v 0.00043375 0.00278178 -0.00608491
v 0.00058595 0.00270447 -0.00606765
v 0.00074513 0.00261454 -0.00605858
v 0.00015772 0.00265946 -0.006
v 0.0001955 0.00271911 -0.00600656
v 0.00023034 0.00276745 -0.00602678
v 0.00067528 0.00249157 -0.006
v 0.00053183 0.00256316 -0.006
v 0.00050632 0.00257124 -0.006
v 0.00033249 0.00262629 -0.006
v 0.00025945 0.00264942 -0.006
v 0.00031554 0.00287592 -0.00616223
v 0.00185081 0.00195582 -0.00603629
v 0.00183089 0.00192075 -0.00602076
v 0.00182727 0.00191439 -0.00601794
v 0.00180625 0.00187738 -0.00600156
v 0.00179415 0.00185606 -0.006
v 0.00186198 0.0019755 -0.00606214
v 0.00188166 0.00201014 -0.00610765
v 0.0018837 0.00201373 -0.00612435
v 0.00188462 0.00201535 -0.00613188
v 0.00198873 0.00182458 -0.00601687
v 0.00213121 0.00172149 -0.00602101
v 0.00216708 0.00179725 -0.0060849
v 0.00194684 0.00174808 -0.006
v 0.00231497 0.00176968 -0.00622183
v 0.00218689 0.00184573 -0.00617594
v 0.00204328 0.00192872 -0.00614227
v 0.00223528 0.00156053 -0.00600656
v 0.00227962 0.00166486 -0.00606116
v 0.00225895 0.00161521 -0.00602677
v 0.002085 0.00163101 -0.006
v 0.00202274 0.00188838 -0.00606765
v 0.00222387 0.00148208 -0.006
v 0.00220717 0.00149999 -0.006
v 0.00229647 0.00170835 -0.00610751
v 0.00217941 0.00182583 -0.00612893
v 0.00203197 0.00168788 -0.006
v 0.00256463 0.00066146 -0.00601236
v 0.00257114 0.00066151 -0.00601653
v 0.00256282 0.00084621 -0.00601688
v 0.00261146 0.00117158 -0.00610753
v 0.00258673 0.00101815 -0.00604795
v 0.00254233 0.00102089 -0.00602101
v 0.00267402 0.00115782 -0.00622185
v 0.00267794 0.0010089 -0.00617595
v 0.00268034 0.00084305 -0.00614228
v 0.00267887 0.00066227 -0.00612426
v 0.00268304 0.0006623 -0.00613078
v 0.00262596 0.00101525 -0.00608491
v 0.00263512 0.00084478 -0.00606765
v 0.00263682 0.00066197 -0.00605858
v 0.00238202 0.00119314 -0.006
v 0.00245257 0.00119025 -0.00600656
v 0.00251185 0.00118425 -0.00602678
v 0.0024954 0.00066097 -0.006
v 0.00248568 0.000821 -0.006
v 0.00247992 0.00084714 -0.006
v 0.00244068 0.0010252 -0.006
v 0.00242419 0.00110002 -0.006
v 0.00264839 0.0011647 -0.00616223
v 0.00250447 -0.00062574 -0.006
v 0.00252899 -0.00062557 -0.00600156
v 0.00257154 -0.00062527 -0.00601794
v 0.00257887 -0.00062522 -0.00602076
v 0.00261919 -0.00062494 -0.00603629
v 0.00264182 -0.00062478 -0.00606214
v 0.00268167 -0.0006245 -0.00610765
v 0.00268579 -0.00062447 -0.00612435
v 0.00268765 -0.00062445 -0.00613188
v 0.00257449 -0.00081 -0.00601687
v 0.00255646 -0.00098494 -0.00602101
v 0.00264001 -0.00097812 -0.0060849
v 0.0024873 -0.00081198 -0.006
v 0.00269007 -0.00111998 -0.00622183
v 0.00269189 -0.00097103 -0.00617594
v 0.00269196 -0.00080518 -0.00614227
v 0.0024691 -0.00115555 -0.00600656
v 0.00258162 -0.00114178 -0.00606116
v 0.00252829 -0.00114871 -0.00602677
v 0.00245499 -0.00099016 -0.006
v 0.00264676 -0.00080755 -0.00606765
v 0.00239545 -0.00118489 -0.006
v 0.00240262 -0.00116147 -0.006
v 0.00262771 -0.00113463 -0.00610751
v 0.00267092 -0.00097451 -0.00612893
v 0.00247773 -0.0009158 -0.006
v 0.00185516 -0.0018903 -0.00601236
v 0.00185845 -0.00189592 -0.00601653
v 0.00201425 -0.00179637 -0.00601688
v 0.00232035 -0.0016758 -0.00610753
v 0.00217511 -0.0017311 -0.00604795
v 0.00215528 -0.00169128 -0.00602101
v 0.00233971 -0.00173686 -0.00622185
v 0.00221271 -0.00181472 -0.00617595
v 0.00207027 -0.00189972 -0.00614228
v 0.00191297 -0.00198883 -0.00612426
v 0.00191508 -0.00199243 -0.00613078
v 0.00219222 -0.00176652 -0.00608491
v 0.00204916 -0.00185969 -0.00606765
v 0.0018917 -0.00195257 -0.00605858
v 0.0022243 -0.00146632 -0.006
v 0.00225707 -0.00152886 -0.00600656
v 0.00228151 -0.0015832 -0.00602678
v 0.00182012 -0.0018306 -0.006
v 0.00195385 -0.00174216 -0.006
v 0.0019736 -0.0017241 -0.006
v 0.00210819 -0.00160109 -0.006
v 0.00216475 -0.0015494 -0.006
v 0.00233285 -0.00171122 -0.00616223
v 0.00071032 -0.00248181 -0.006
v 0.00072273 -0.00250295 -0.00600156
v 0.00076839 -0.00258076 -0.00603629
v 0.00074427 -0.00253966 -0.00601794
v 0.00074798 -0.00254598 -0.00602076
v 0.00077984 -0.00260028 -0.00606214
v 0.0008 -0.00263464 -0.00610765
v 0.00080209 -0.0026382 -0.00612435
v 0.00080303 -0.0026398 -0.00613188
v 0.00058577 -0.00263458 -0.00601687
v 0.00042525 -0.00270643 -0.00602101
v 0.00047292 -0.00277537 -0.0060849
v 0.00054046 -0.00256005 -0.006
v 0.0003751 -0.00288966 -0.00622183
v 0.00050501 -0.00281677 -0.00617594
v 0.00064868 -0.00273389 -0.00614227
v 0.00023382 -0.00271608 -0.00600656
v 0.000302 -0.00280664 -0.00606116
v 0.00026934 -0.00276391 -0.00602677
v 0.00037 -0.00262116 -0.006
v 0.00062402 -0.00269594 -0.00606765
v 0.00017158 -0.00266697 -0.006
v 0.00019545 -0.00266146 -0.006
v 0.00033124 -0.00284298 -0.00610751
v 0.00049151 -0.00280033 -0.00612893
v 0.00044576 -0.00260367 -0.006
v -0.00070947 -0.00255176 -0.00601236
v -0.00071269 -0.00255743 -0.00601653
v -0.00054857 -0.00264258 -0.00601688
v -0.00029111 -0.00284738 -0.00610753
v -0.00041162 -0.00274925 -0.00604795
v -0.00038705 -0.00271216 -0.00602101
v -0.00033431 -0.00289468 -0.00622185
v -0.00046524 -0.00282362 -0.00617595
v -0.00061007 -0.00274277 -0.00614228
v -0.00076589 -0.0026511 -0.00612426
v -0.00076795 -0.00265473 -0.00613078
v -0.00043375 -0.00278178 -0.00608491
v -0.00058595 -0.00270447 -0.00606765
v -0.00074513 -0.00261454 -0.00605858
v -0.00015772 -0.00265946 -0.006
v -0.0001955 -0.00271911 -0.00600656
v -0.00023034 -0.00276745 -0.00602678
v -0.00067528 -0.00249157 -0.006
v -0.00053183 -0.00256316 -0.006
v -0.00050632 -0.00257124 -0.006
v -0.00033249 -0.00262629 -0.006
v -0.00025945 -0.00264942 -0.006
v -0.00031554 -0.00287592 -0.00616223
v -0.00179415 -0.00185606 -0.006
v -0.00180625 -0.00187738 -0.00600156
v -0.00185081 -0.00195582 -0.00603629
v -0.00182727 -0.00191439 -0.00601794
v -0.00183089 -0.00192075 -0.00602076
v -0.00186198 -0.0019755 -0.00606214
v -0.00188166 -0.00201014 -0.00610765
v -0.0018837 -0.00201373 -0.00612435
v -0.00188462 -0.00201535 -0.00613188
v -0.00198873 -0.00182458 -0.00601687
v -0.00213121 -0.00172149 -0.00602101
v -0.00216708 -0.00179725 -0.0060849
v -0.00194684 -0.00174808 -0.006
v -0.00231497 -0.00176968 -0.00622183
v -0.00218689 -0.00184573 -0.00617594
v -0.00204328 -0.00192872 -0.00614227
v -0.00223528 -0.00156053 -0.00600656
v -0.00227962 -0.00166486 -0.00606116
v -0.00225895 -0.00161521 -0.00602677
v -0.002085 -0.00163101 -0.006
v -0.00202274 -0.00188838 -0.00606765
v -0.00222387 -0.00148208 -0.006
v -0.00220717 -0.00149999 -0.006
v -0.00229647 -0.00170835 -0.00610751
v -0.00217941 -0.00182583 -0.00612893
v -0.00203197 -0.00168788 -0.006
v -0.00256463 -0.00066146 -0.00601236
v -0.00257114 -0.00066151 -0.00601653
v -0.00256282 -0.00084621 -0.00601688
v -0.00261146 -0.00117158 -0.00610753
v -0.00258673 -0.00101815 -0.00604795
v -0.00254233 -0.00102089 -0.00602101
v -0.00267402 -0.00115782 -0.00622185
v -0.00267794 -0.0010089 -0.00617595
v -0.00268034 -0.00084305 -0.00614228
v -0.00267887 -0.00066227 -0.00612426
v -0.00268304 -0.0006623 -0.00613078
v -0.00262596 -0.00101525 -0.00608491
v -0.00263512 -0.00084478 -0.00606765
v -0.00263682 -0.00066197 -0.00605858
v -0.00238202 -0.00119314 -0.006
v -0.00245257 -0.00119025 -0.00600656
v -0.00251185 -0.00118425 -0.00602678
v -0.0024954 -0.00066097 -0.006
v -0.00248568 -0.000821 -0.006
v -0.00247992 -0.00084714 -0.006
v -0.00244068 -0.0010252 -0.006
v -0.00242419 -0.00110002 -0.006
v -0.00264839 -0.0011647 -0.00616223
v -0.00261919 0.00062494 -0.00603629
v -0.00257887 0.00062522 -0.00602076
v -0.00257154 0.00062527 -0.00601794
v -0.00252899 0.00062557 -0.00600156
v -0.00250447 0.00062574 -0.006
v -0.00264182 0.00062478 -0.00606214
v -0.00268167 0.0006245 -0.00610765
v -0.00268579 0.00062447 -0.00612435
v -0.00268765 0.00062445 -0.00613188
v -0.00257449 0.00081 -0.00601687
v -0.00255646 0.00098494 -0.00602101
v -0.00264001 0.00097812 -0.0060849
v -0.0024873 0.00081198 -0.006
v -0.00269007 0.00111998 -0.00622183
v -0.00269189 0.00097103 -0.00617594
v -0.00269196 0.00080518 -0.00614227
v -0.0024691 0.00115555 -0.00600656
v -0.00258162 0.00114178 -0.00606116
v -0.00252829 0.00114871 -0.00602677
v -0.00245499 0.00099016 -0.006
v -0.00264676 0.00080755 -0.00606765
v -0.00239545 0.00118489 -0.006
v -0.00240262 0.00116147 -0.006
v -0.00262771 0.00113463 -0.00610751
v -0.00267092 0.00097451 -0.00612893
v -0.00247773 0.0009158 -0.006
v -0.00190029 8.16E-06 -0.01
v -0.00189931 -1.336E-05 -0.01
v -0.00200045 -1.41E-05 -0.00999152
v -0.00166478 -0.00091654 -0.01
v -0.00163731 -0.0009607 -0.01
v -0.0017254 -0.00101243 -0.00999152
v -0.00117068 -0.00149686 -0.01
v -0.00114538 -0.00151461 -0.01
v -0.00120662 -0.00159565 -0.00999152
v 0.00174795 -0.00074535 -0.01
v 0.00175938 -0.00071432 -0.01
v 0.00185357 -0.00075252 -0.00999152
v 0.00190029 -8.16E-06 -0.01
v 0.00189931 1.336E-05 -0.01
v 0.00200045 1.41E-05 -0.00999152
v 0.00166478 0.00091654 -0.01
v 0.00163731 0.0009607 -0.01
v 0.0017254 0.00101243 -0.00999152
v 0.00117068 0.00149686 -0.01
v 0.00114538 0.00151461 -0.01
v 0.00120662 0.00159565 -0.00999152
v -0.00159565 0.00120662 -0.00999152
v -0.0015141 0.0011449 -0.01
v -0.00154769 0.00110242 -0.01
v -0.00173949 0.00098802 -0.00999152
v -0.00142826 0.00125344 -0.01
v -0.0014245 0.00140457 -0.00999152
v -0.00135135 0.00133246 -0.01
v -0.00101243 0.0017254 -0.00999152
v -0.00096107 0.00163779 -0.01
v -0.0009903 0.0016219 -0.01
v -0.00122898 0.00157849 -0.00999152
v -0.00114156 0.00151889 -0.01
v -0.00116636 0.00149814 -0.01
v -0.00129428 0.00139111 -0.01
v -0.00082172 0.00171356 -0.01
v -0.00077856 0.00184278 -0.00999152
v -0.00073862 0.00174823 -0.01
v -0.00053137 0.00192864 -0.00999152
v -0.00027509 0.0019815 -0.00999152
v -0.00026797 0.00188134 -0.01
v -0.00045846 0.00184389 -0.01
v -0.00050416 0.00183004 -0.01
v -0.00064461 0.00178745 -0.01
v -1.41E-05 0.00200045 -0.00999152
v -7.682E-05 0.00189885 -0.01
v -0.00026127 0.00188195 -0.01
v 0.00030485 0.00187541 -0.01
v 0.00023448 0.00188329 -0.01
v 0.00024714 0.00198518 -0.00999152
v 0.00011505 0.00189665 -0.01
v -1.341E-05 0.00189812 -0.01
v 0.0004832 0.00183778 -0.01
v 0.00050414 0.00193594 -0.00999152
v 0.0006663 0.00177964 -0.01
v 0.00075252 0.00185357 -0.00999152
v 0.00071403 0.00175889 -0.01
v 0.00084265 0.00170299 -0.01
v 0.00098802 0.00173949 -0.00999152
v 0.00093721 0.00165002 -0.01
v 0.00101228 0.00160796 -0.01
v 0.00131562 0.00137114 -0.01
v 0.00140457 0.0014245 -0.00999152
v 0.00133332 0.00135229 -0.01
v 0.00144768 0.00123055 -0.01
v 0.00157849 0.00122898 -0.00999152
v 0.00149749 0.00116593 -0.01
v 0.00156037 0.00108435 -0.01
v 0.0017485 0.00074424 -0.01
v 0.00184278 0.00077856 -0.00999152
v 0.00181467 0.00056308 -0.01
v 0.00192864 0.00053137 -0.00999152
v 0.00182973 0.00050416 -0.01
v 0.00186293 0.00037426 -0.01
v 0.0019815 0.00027509 -0.00999152
v 0.00187991 0.00026096 -0.01
v 0.00189156 0.00018319 -0.01
v 0.0018894 -0.00020066 -0.01
v 0.00198518 -0.00024714 -0.00999152
v 0.00188415 -0.00023452 -0.01
v 0.00186107 -0.00038323 -0.01
v 0.00193594 -0.00050414 -0.00999152
v 0.00183664 -0.00047829 -0.01
v 0.00181425 -0.00056542 -0.01
v 0.00166759 -0.00091059 -0.01
v 0.00173949 -0.00098802 -0.00999152
v 0.0016521 -0.00093838 -0.01
v 0.00154769 -0.00110242 -0.01
v 0.00159565 -0.00120662 -0.00999152
v 0.0015141 -0.0011449 -0.01
v 0.00142826 -0.00125344 -0.01
v 0.0014245 -0.00140457 -0.00999152
v 0.00135135 -0.00133246 -0.01
v 0.00101243 -0.0017254 -0.00999152
v 0.00096107 -0.00163779 -0.01
v 0.0009903 -0.0016219 -0.01
v 0.00122898 -0.00157849 -0.00999152
v 0.00114156 -0.00151889 -0.01
v 0.00116636 -0.00149814 -0.01
v 0.00129428 -0.00139111 -0.01
v 0.00082172 -0.00171356 -0.01
v 0.00077856 -0.00184278 -0.00999152
v 0.00073862 -0.00174823 -0.01
v 0.00053137 -0.00192864 -0.00999152
v 0.00027509 -0.0019815 -0.00999152
v 0.00026797 -0.00188134 -0.01
v 0.00045846 -0.00184389 -0.01
v 0.00050416 -0.00183004 -0.01
v 0.00064461 -0.00178745 -0.01
v 1.41E-05 -0.00200045 -0.00999152
v 7.682E-05 -0.00189885 -0.01
v 0.00026127 -0.00188195 -0.01
v -0.00030485 -0.00187541 -0.01
v -0.00023448 -0.00188329 -0.01
v -0.00024714 -0.00198518 -0.00999152
v -0.00011505 -0.00189665 -0.01
v 1.341E-05 -0.00189812 -0.01
v -0.0004832 -0.00183778 -0.01
v -0.00050414 -0.00193594 -0.00999152
v -0.0006663 -0.00177964 -0.01
v -0.00075252 -0.00185357 -0.00999152
v -0.00071403 -0.00175889 -0.01
v -0.00084265 -0.00170299 -0.01
v -0.00098802 -0.00173949 -0.00999152
v -0.00093721 -0.00165002 -0.01
v -0.00101228 -0.00160796 -0.01
v -0.00131562 -0.00137114 -0.01
v -0.00140457 -0.0014245 -0.00999152
v -0.00133332 -0.00135229 -0.01
v -0.00144768 -0.00123055 -0.01
v -0.00157849 -0.00122898 -0.00999152
v -0.00149749 -0.00116593 -0.01
v -0.00156037 -0.00108435 -0.01
v -0.0017485 -0.00074424 -0.01
v -0.00184278 -0.00077856 -0.00999152
v -0.00181467 -0.00056308 -0.01
v -0.00192864 -0.00053137 -0.00999152
v -0.00182973 -0.00050416 -0.01
v -0.00186293 -0.00037426 -0.01
v -0.0019815 -0.00027509 -0.00999152
v -0.00187991 -0.00026096 -0.01
v -0.00189156 -0.00018319 -0.01
v -0.0018894 0.00020066 -0.01
v -0.00198518 0.00024714 -0.00999152
v -0.00188415 0.00023452 -0.01
v -0.00186107 0.00038323 -0.01
v -0.00193594 0.00050414 -0.00999152
v -0.00183664 0.00047829 -0.01
v -0.00185357 0.00075252 -0.00999152
v -0.00175938 0.00071432 -0.01
v -0.00181425 0.00056542 -0.01
v -0.0016521 0.00093838 -0.01
v -0.00166759 0.00091059 -0.01
v -0.00174795 0.00074535 -0.01
v -0.00230853 0.00093722 -0.0095005
v -0.00241111 0.00062788 -0.0095005
v -0.00247244 0.0003078 -0.0095005
v -0.00249146 -1.756E-05 -0.0095005
v -0.00229509 -0.00096966 -0.0095005
v -0.00240202 -0.00066179 -0.0095005
v -0.00246785 -0.00034261 -0.0095005
v -0.00214889 -0.00126093 -0.0095005
v -0.00196592 -0.00153063 -0.0095005
v -0.00174932 -0.00177414 -0.0095005
v -0.00150278 -0.0019873 -0.0095005
v -0.00062788 -0.00241111 -0.0095005
v -0.00093722 -0.00230853 -0.0095005
v -0.00123053 -0.00216645 -0.0095005
v -0.0003078 -0.00247244 -0.0095005
v 1.756E-05 -0.00249146 -0.0095005
v 0.00066179 -0.00240202 -0.0095005
v 0.00034261 -0.00246785 -0.0095005
v 0.00096966 -0.00229509 -0.0095005
v 0.00126093 -0.00214889 -0.0095005
v 0.00153063 -0.00196592 -0.0095005
v 0.00177414 -0.00174932 -0.0095005
v 0.0019873 -0.00150278 -0.0095005
v 0.00216645 -0.00123053 -0.0095005
v 0.00230853 -0.00093722 -0.0095005
v 0.00249146 1.756E-05 -0.0095005
v 0.00247244 -0.0003078 -0.0095005
v 0.00241111 -0.00062788 -0.0095005
v 0.00246785 0.00034261 -0.0095005
v 0.00240202 0.00066179 -0.0095005
v 0.00229509 0.00096966 -0.0095005
v 0.00214889 0.00126093 -0.0095005
v 0.00150278 0.0019873 -0.0095005
v 0.00174932 0.00177414 -0.0095005
v 0.00196592 0.00153063 -0.0095005
v 0.00123053 0.00216645 -0.0095005
v 0.00093722 0.00230853 -0.0095005
v 0.00062788 0.00241111 -0.0095005
v 0.0003078 0.00247244 -0.0095005
v -1.756E-05 0.00249146 -0.0095005
v -0.00034261 0.00246785 -0.0095005
v -0.00066179 0.00240202 -0.0095005
v -0.00153063 0.00196592 -0.0095005
v -0.00126093 0.00214889 -0.0095005
v -0.00096966 0.00229509 -0.0095005
v -0.00177414 0.00174932 -0.0095005
v -0.00216645 0.00123053 -0.0095005
v -0.0019873 0.00150278 -0.0095005
v -0.0021295 0.00120954 -0.00964199
v -0.00226916 0.00092124 -0.00964199
v -0.00236999 0.00061717 -0.00964199
v -0.00243028 0.00030255 -0.00964199
v -0.00244898 -1.726E-05 -0.00964199
v -0.00242577 -0.00033676 -0.00964199
v -0.00236106 -0.00065051 -0.00964199
v -0.00225595 -0.00095312 -0.00964199
v -0.00211225 -0.00123943 -0.00964199
v -0.0019324 -0.00150453 -0.00964199
v -0.00171949 -0.00174389 -0.00964199
v -0.00147715 -0.00195341 -0.00964199
v -0.00120954 -0.0021295 -0.00964199
v -0.00092124 -0.00226916 -0.00964199
v -0.00061717 -0.00236999 -0.00964199
v -0.00030255 -0.00243028 -0.00964199
v 1.726E-05 -0.00244898 -0.00964199
v 0.00033676 -0.00242577 -0.00964199
v 0.00065051 -0.00236106 -0.00964199
v 0.00095312 -0.00225595 -0.00964199
v 0.00123943 -0.00211225 -0.00964199
v 0.00150453 -0.0019324 -0.00964199
v 0.00174389 -0.00171949 -0.00964199
v 0.00195341 -0.00147715 -0.00964199
v 0.0021295 -0.00120954 -0.00964199
v 0.00226916 -0.00092124 -0.00964199
v 0.00236999 -0.00061717 -0.00964199
v 0.00243028 -0.00030255 -0.00964199
v 0.00244898 1.726E-05 -0.00964199
v 0.00242577 0.00033676 -0.00964199
v 0.00236106 0.00065051 -0.00964199
v 0.00225595 0.00095312 -0.00964199
v 0.00211225 0.00123943 -0.00964199
v 0.0019324 0.00150453 -0.00964199
v 0.00171949 0.00174389 -0.00964199
v 0.00147715 0.00195341 -0.00964199
v 0.00120954 0.0021295 -0.00964199
v 0.00092124 0.00226916 -0.00964199
v 0.00061717 0.00236999 -0.00964199
v 0.00030255 0.00243028 -0.00964199
v -1.726E-05 0.00244898 -0.00964199
v -0.00033676 0.00242577 -0.00964199
v -0.00065051 0.00236106 -0.00964199
v -0.00095312 0.00225595 -0.00964199
v -0.00123943 0.00211225 -0.00964199
v -0.00150453 0.0019324 -0.00964199
v -0.00174389 0.00171949 -0.00964199
v -0.00195341 0.00147715 -0.00964199
v -0.00206362 0.00117212 -0.00976881
v -0.00219896 0.00089274 -0.00976881
v -0.00229667 0.00059808 -0.00976881
v -0.00235509 0.00029319 -0.00976881
v -0.00237321 -1.672E-05 -0.00976881
v -0.00235072 -0.00032634 -0.00976881
v -0.00228801 -0.00063038 -0.00976881
v -0.00218616 -0.00092364 -0.00976881
v -0.0020469 -0.00120109 -0.00976881
v -0.00187261 -0.00145798 -0.00976881
v -0.00166629 -0.00168994 -0.00976881
v -0.00143145 -0.00189297 -0.00976881
v -0.00117212 -0.00206362 -0.00976881
v -0.00089274 -0.00219896 -0.00976881
v -0.00059808 -0.00229667 -0.00976881
v -0.00029319 -0.00235509 -0.00976881
v 1.672E-05 -0.00237321 -0.00976881
v 0.00032634 -0.00235072 -0.00976881
v 0.00063038 -0.00228801 -0.00976881
v 0.00092364 -0.00218616 -0.00976881
v 0.00120109 -0.0020469 -0.00976881
v 0.00145798 -0.00187261 -0.00976881
v 0.00168994 -0.00166629 -0.00976881
v 0.00189297 -0.00143145 -0.00976881
v 0.00206362 -0.00117212 -0.00976881
v 0.00219896 -0.00089274 -0.00976881
v 0.00229667 -0.00059808 -0.00976881
v 0.00235509 -0.00029319 -0.00976881
v 0.00237321 1.672E-05 -0.00976881
v 0.00235072 0.00032634 -0.00976881
v 0.00228801 0.00063038 -0.00976881
v 0.00218616 0.00092364 -0.00976881
v 0.0020469 0.00120109 -0.00976881
v 0.00187261 0.00145798 -0.00976881
v 0.00166629 0.00168994 -0.00976881
v 0.00143145 0.00189297 -0.00976881
v 0.00117212 0.00206362 -0.00976881
v 0.00089274 0.00219896 -0.00976881
v 0.00059808 0.00229667 -0.00976881
v 0.00029319 0.00235509 -0.00976881
v -1.672E-05 0.00237321 -0.00976881
v -0.00032634 0.00235072 -0.00976881
v -0.00063038 0.00228801 -0.00976881
v -0.00092364 0.00218616 -0.00976881
v -0.00120109 0.0020469 -0.00976881
v -0.00145798 0.00187261 -0.00976881
v -0.00168994 0.00166629 -0.00976881
v -0.00189297 0.00143145 -0.00976881
v -0.00197279 0.00112053 -0.00987327
v -0.00210217 0.00085344 -0.00987327
v -0.00219558 0.00057175 -0.00987327
v -0.00225143 0.00028028 -0.00987327
v -0.00226875 -1.599E-05 -0.00987327
v -0.00224725 -0.00031198 -0.00987327
v -0.00218731 -0.00060264 -0.00987327
v -0.00208993 -0.00088298 -0.00987327
v -0.0019568 -0.00114822 -0.00987327
v -0.00179019 -0.00139381 -0.00987327
v -0.00159295 -0.00161555 -0.00987327
v -0.00136845 -0.00180965 -0.00987327
v -0.00112053 -0.00197279 -0.00987327
v -0.00085344 -0.00210217 -0.00987327
v -0.00057175 -0.00219558 -0.00987327
v -0.00028028 -0.00225143 -0.00987327
v 1.599E-05 -0.00226875 -0.00987327
v 0.00031198 -0.00224725 -0.00987327
v 0.00060264 -0.00218731 -0.00987327
v 0.00088298 -0.00208993 -0.00987327
v 0.00114822 -0.0019568 -0.00987327
v 0.00139381 -0.00179019 -0.00987327
v 0.00161555 -0.00159295 -0.00987327
v 0.00180965 -0.00136845 -0.00987327
v 0.00197279 -0.00112053 -0.00987327
v 0.00210217 -0.00085344 -0.00987327
v 0.00219558 -0.00057175 -0.00987327
v 0.00225143 -0.00028028 -0.00987327
v 0.00226875 1.599E-05 -0.00987327
v 0.00224725 0.00031198 -0.00987327
v 0.00218731 0.00060264 -0.00987327
v 0.00208993 0.00088298 -0.00987327
v 0.0019568 0.00114822 -0.00987327
v 0.00179019 0.00139381 -0.00987327
v 0.00159295 0.00161555 -0.00987327
v 0.00136845 0.00180965 -0.00987327
v 0.00112053 0.00197279 -0.00987327
v 0.00085344 0.00210217 -0.00987327
v 0.00057175 0.00219558 -0.00987327
v 0.00028028 0.00225143 -0.00987327
v -1.599E-05 0.00226875 -0.00987327
v -0.00031198 0.00224725 -0.00987327
v -0.00060264 0.00218731 -0.00987327
v -0.00088298 0.00208993 -0.00987327
v -0.00114822 0.0019568 -0.00987327
v -0.00139381 0.00179019 -0.00987327
v -0.00161555 0.00159295 -0.00987327
v -0.00180965 0.00136845 -0.00987327
v -0.00186252 0.0010579 -0.00994904
v -0.00198467 0.00080574 -0.00994904
v -0.00207286 0.0005398 -0.00994904
v -0.00212558 0.00026462 -0.00994904
v -0.00214194 -1.509E-05 -0.00994904
v -0.00212164 -0.00029454 -0.00994904
v -0.00206505 -0.00056895 -0.00994904
v -0.00197312 -0.00083363 -0.00994904
v -0.00184743 -0.00108404 -0.00994904
v -0.00169013 -0.0013159 -0.00994904
v -0.00150391 -0.00152525 -0.00994904
v -0.00129196 -0.0017085 -0.00994904
v -0.0010579 -0.00186252 -0.00994904
v -0.00080574 -0.00198467 -0.00994904
v -0.0005398 -0.00207286 -0.00994904
v -0.00026462 -0.00212558 -0.00994904
v 1.509E-05 -0.00214194 -0.00994904
v 0.00029454 -0.00212164 -0.00994904
v 0.00056895 -0.00206505 -0.00994904
v 0.00083363 -0.00197312 -0.00994904
v 0.00108404 -0.00184743 -0.00994904
v 0.0013159 -0.00169013 -0.00994904
v 0.00152525 -0.00150391 -0.00994904
v 0.0017085 -0.00129196 -0.00994904
v 0.00186252 -0.0010579 -0.00994904
v 0.00198467 -0.00080574 -0.00994904
v 0.00207286 -0.0005398 -0.00994904
v 0.00212558 -0.00026462 -0.00994904
v 0.00214194 1.509E-05 -0.00994904
v 0.00212164 0.00029454 -0.00994904
v 0.00206505 0.00056895 -0.00994904
v 0.00197312 0.00083363 -0.00994904
v 0.00184743 0.00108404 -0.00994904
v 0.00169013 0.0013159 -0.00994904
v 0.00150391 0.00152525 -0.00994904
v 0.00129196 0.0017085 -0.00994904
v 0.0010579 0.00186252 -0.00994904
v 0.00080574 0.00198467 -0.00994904
v 0.0005398 0.00207286 -0.00994904
v 0.00026462 0.00212558 -0.00994904
v -1.509E-05 0.00214194 -0.00994904
v -0.00029454 0.00212164 -0.00994904
v -0.00056895 0.00206505 -0.00994904
v -0.00083363 0.00197312 -0.00994904
v -0.00108404 0.00184743 -0.00994904
v -0.0013159 0.00169013 -0.00994904
v -0.00152525 0.00150391 -0.00994904
v -0.0017085 0.00129196 -0.00994904
v 6.359E-05 -0.00129844 -0.006
v -0.00106224 -0.00074943 -0.006
v 0.00113038 -0.00064205 -0.006
v -0.00026132 -0.00127346 -0.006
v -0.00129189 -0.00014499 -0.006
v 0.0003845 -0.00124184 -0.006
v 0.00068125 -0.0011072 -0.006
v 0.0009352 -0.000903 -0.006
v -0.00084249 -0.00099005 -0.006
v -0.00056981 -0.00116847 -0.006
v -0.00121524 -0.00046172 -0.006
v 9.965E-05 0.00129618 -0.006
v 0.00114779 0.00061039 -0.006
v -0.00022583 0.00128024 -0.006
v 0.00041887 0.00123067 -0.006
v 0.00095994 0.00087666 -0.006
v 0.00071176 0.00108784 -0.006
v 0.00126353 0.00030577 -0.006
v -0.00128736 0.00018084 -0.006
v -0.00120194 0.00049531 -0.006
v -0.001041 0.00077866 -0.006
v -0.00053711 0.00118385 -0.006
v -0.00081465 0.00101309 -0.006
v 0.00129987 -1.807E-05 -0.006
v 0.00125454 -0.00034076 -0.006
v -0.00081465 0.00101309 -0.01
v 0.00095994 0.00087666 -0.01
v -0.00022583 0.00128024 -0.01
v 0.00071176 0.00108784 -0.01
v -0.00120194 0.00049531 -0.01
v 9.965E-05 0.00129618 -0.01
v -0.00128736 0.00018084 -0.01
v 0.0003845 -0.00124184 -0.01
v -0.001041 0.00077866 -0.01
v -0.00121524 -0.00046172 -0.01
v -0.00129189 -0.00014499 -0.01
v 0.00068125 -0.0011072 -0.01
v 0.00041887 0.00123067 -0.01
v -0.00053711 0.00118385 -0.01
v -0.00106224 -0.00074943 -0.01
v -0.00084249 -0.00099005 -0.01
v -0.00026132 -0.00127346 -0.01
v -0.00056981 -0.00116847 -0.01
v 0.00129987 -1.807E-05 -0.01
v 0.00125454 -0.00034076 -0.01
v 0.00126353 0.00030577 -0.01
v 6.359E-05 -0.00129844 -0.01
v 0.00113038 -0.00064205 -0.01
v 0.0009352 -0.000903 -0.01
v 0.00114779 0.00061039 -0.01
vn -0 -0 -1
vn -0.04228 -0.49606 -0.86726
vn -0.08385 -0.49141 -0.86688
vn -0.12496 -0.48396 -0.86612
vn -0.16432 -0.46996 -0.86726
vn -0.20342 -0.45512 -0.86688
vn -0.24139 -0.43768 -0.86612
vn -0.27603 -0.41433 -0.86726
vn -0.31022 -0.39023 -0.86688
vn -0.34266 -0.3639 -0.86612
vn -0.3704 -0.33267 -0.86726
vn -0.39752 -0.30083 -0.86688
vn -0.42239 -0.26725 -0.86612
vn -0.44149 -0.2301 -0.86726
vn -0.45984 -0.19252 -0.86688
vn -0.47558 -0.15381 -0.86612
vn -0.48485 -0.11308 -0.86726
vn -0.49327 -0.07211 -0.86688
vn -0.4989 -0.03064 -0.86612
vn -0.49774 0.01111 -0.86726
vn -0.49571 0.05289 -0.86688
vn -0.49086 0.09433 -0.86612
vn -0.47935 0.13449 -0.86726
vn -0.467 0.17444 -0.86688
vn -0.45198 0.21344 -0.86612
vn -0.43084 0.24947 -0.86726
vn -0.40894 0.2851 -0.86688
vn -0.3847 0.31913 -0.86612
vn -0.35527 0.34878 -0.86726
vn -0.32519 0.37784 -0.86688
vn -0.29325 0.40478 -0.86612
vn -0.25737 0.42617 -0.86726
vn -0.22101 0.44684 -0.86688
vn -0.18337 0.46499 -0.86612
vn -0.1433 0.47679 -0.86726
vn -0.10294 0.48777 -0.86688
vn -0.06197 0.49598 -0.86612
vn -0.02022 0.49745 -0.86726
vn 0.0216 0.49804 -0.86688
vn 0.06332 0.49581 -0.86612
vn 0.10412 0.48685 -0.86726
vn 0.14478 0.47703 -0.86688
vn 0.18464 0.46449 -0.86612
vn 0.22193 0.44566 -0.86726
vn 0.25886 0.42604 -0.86688
vn 0.29435 0.40398 -0.86612
vn 0.32578 0.37647 -0.86726
vn 0.35668 0.34828 -0.86688
vn 0.38556 0.31808 -0.86612
vn 0.40917 0.28362 -0.86726
vn 0.43209 0.24863 -0.86688
vn 0.45256 0.2122 -0.86612
vn 0.46685 0.17295 -0.86726
vn 0.48034 0.13336 -0.86688
vn 0.49111 0.09299 -0.86612
vn 0.4952 0.05142 -0.86726
vn 0.49842 0.00972 -0.86688
vn 0.49881 -0.03206 -0.86612
vn 0.49243 -0.07335 -0.86726
vn 0.48518 -0.11454 -0.86688
vn 0.47516 -0.15511 -0.86612
vn 0.45871 -0.1935 -0.86726
vn 0.44145 -0.2316 -0.86688
vn 0.42166 -0.2684 -0.86612
vn 0.39618 -0.3015 -0.86726
vn 0.36998 -0.33411 -0.86688
vn 0.34167 -0.36483 -0.86612
vn 0.30875 -0.39056 -0.86726
vn 0.27527 -0.41562 -0.86688
vn 0.2402 -0.43834 -0.86612
vn 0.20193 -0.45507 -0.86726
vn 0.16326 -0.47102 -0.86688
vn 0.12365 -0.4843 -0.86612
vn 0.08241 -0.49099 -0.86726
vn 0.041 -0.49682 -0.86688
vn -0.00068 -0.49984 -0.86612
vn -0.97784 0.20937 0
vn -0.96821 0.25013 0
vn -0.95064 0.31029 0
vn -0.92122 0.38903 0
vn -0.89505 0.44597 0
vn -0.87559 0.48306 0
vn -0.84361 0.53695 0
vn -0.79553 0.60591 0
vn -0.75602 0.65455 0
vn -0.72795 0.68563 0
vn -0.68357 0.72988 0
vn -0.61986 0.78471 0
vn -0.56949 0.822 0
vn -0.53457 0.84512 0
vn -0.48058 0.87695 0
vn -0.40523 0.91421 -0
vn -0.34717 0.9378 -0
vn -0.3076 0.95151 -0
vn -0.2474 0.96891 -0
vn -0.16515 0.98627 -0
vn -0.10304 0.99468 -0
vn -0.06131 0.99812 -0
vn 0.00133 1 -0
vn 0.08532 0.99635 -0
vn 0.14756 0.98905 -0
vn 0.18884 0.98201 -0
vn 0.24998 0.96825 -0
vn 0.33042 0.94383 -0
vn 0.38889 0.92128 -0
vn 0.42712 0.90419 -0
vn 0.48292 0.87566 -0
vn 0.55476 0.83201 -0
vn 0.60579 0.79563 -0
vn 0.63857 0.76957 -0
vn 0.68552 0.72805 -0
vn 0.74424 0.66791 -0
vn 0.78462 0.61998 -0
vn 0.80989 0.58658 -0
vn 0.84504 0.5347 -0
vn 0.88696 0.46184 -0
vn 0.91415 0.40537 -0
vn 0.93032 0.36674 -0
vn 0.95147 0.30775 -0
vn 0.97395 0.22675 -0
vn 0.98624 0.1653 -0
vn 0.9923 0.12386 -0
vn 0.99811 0.06146 -0
vn 0.99974 -0.02259 -0
vn 0.99637 -0.08516 -0
vn 0.99193 -0.12681 -0
vn 0.98204 -0.18869 -0
vn 0.96272 -0.2705 -0
vn 0.94388 -0.33028 -0
vn 0.92923 -0.36951 -0
vn 0.90426 -0.42699 -0
vn 0.8652 -0.50142 -0
vn 0.83209 -0.55463 -0
vn 0.80814 -0.58899 -0
vn 0.76966 -0.63845 -0
vn 0.71332 -0.70084 -0
vn 0.66802 -0.74414 -0
vn 0.63628 -0.77146 -0
vn 0.58671 -0.8098 -0
vn 0.51662 -0.85621 -0
vn 0.46197 -0.88689 -0
vn 0.42443 -0.90546 -0
vn 0.36688 -0.93027 0
vn 0.28746 -0.95779 0
vn 0.2269 -0.97392 0
vn 0.18592 -0.98256 0
vn 0.12401 -0.99228 0
vn 0.04023 -0.99919 0
vn -0.02243 -0.99975 0
vn -0.06427 -0.99793 0
vn -0.12666 -0.99195 0
vn -0.20952 -0.9778 0
vn -0.27036 -0.96276 0
vn -0.31043 -0.9506 0
vn -0.36936 -0.92928 0
vn -0.44611 -0.89498 0
vn -0.50129 -0.86528 0
vn -0.53708 -0.84353 0
vn -0.58886 -0.80823 0
vn -0.65466 -0.75592 0
vn -0.70073 -0.71343 0
vn -0.72999 -0.68346 0
vn -0.77136 -0.6364 0
vn -0.82209 -0.56936 0
vn -0.85614 -0.51675 0
vn -0.87702 -0.48045 0
vn -0.90539 -0.42457 0
vn -0.93785 -0.34703 0
vn -0.95775 -0.2876 0
vn -0.96895 -0.24725 0
vn -0.98254 -0.18607 0
vn -0.99468 -0.10302 0
vn -0.99918 -0.04038 0
vn -1 0.00149 0
vn -0.99793 0.06425 0
vn -0.98903 0.14771 0
vn 0.2039 0.45599 0.86631
vn 0.3109 0.39096 0.86631
vn 0.39836 0.30136 0.86631
vn 0.46079 0.19282 0.86631
vn 0.49669 -0.05299 0.86631
vn 0.4679 -0.17487 0.86631
vn 0.40971 -0.28574 0.86631
vn 0.32578 -0.37865 0.86631
vn 0.22138 -0.44777 0.86631
vn 0.10306 -0.48876 0.86631
vn -0.02172 -0.49903 0.86631
vn -0.14514 -0.47795 0.86631
vn -0.25945 -0.42684 0.86631
vn -0.35745 -0.34891 0.86631
vn -0.43299 -0.24905 0.86631
vn -0.48132 -0.13355 0.86631
vn -0.48612 0.11485 0.86631
vn -0.44229 0.23213 0.86631
vn -0.37067 0.33483 0.86631
vn -0.27575 0.4165 0.86631
vn -0.16351 0.47199 0.86631
vn -0.04099 0.49782 0.86631
vn -0.02012 0.49943 0.86612
vn -0.08238 0.49199 0.86669
vn -0.1029 0.48778 0.86688
vn -0.1437 0.47874 0.86612
vn -0.20215 0.45605 0.86669
vn -0.22097 0.44686 0.86688
vn -0.25824 0.42796 0.86612
vn -0.30921 0.39145 0.86669
vn -0.32516 0.37787 0.86688
vn -0.35655 0.35029 0.86612
vn -0.39685 0.30225 0.86669
vn -0.40892 0.28513 0.86688
vn -0.43247 0.25062 0.86612
vn -0.45955 0.19407 0.86669
vn -0.46698 0.17448 0.86688
vn -0.48121 0.13519 0.86612
vn -0.49337 0.07368 0.86669
vn -0.4957 0.05287 0.86688
vn -0.49934 0.00076 0.86641
vn -0.49941 -0.00972 0.86631
vn -0.49619 -0.05139 0.86669
vn -0.49327 -0.07213 0.86688
vn -0.48682 -0.11335 0.86612
vn -0.46784 -0.17311 0.86669
vn -0.45986 -0.19248 0.86688
vn -0.44333 -0.23086 0.86612
vn -0.41009 -0.28402 0.86669
vn -0.39754 -0.30079 0.86688
vn -0.37199 -0.33386 0.86612
vn -0.32658 -0.37709 0.86669
vn -0.31025 -0.39021 0.86688
vn -0.27728 -0.41588 0.86612
vn -0.22254 -0.44646 0.86669
vn -0.20346 -0.4551 0.86688
vn -0.16514 -0.47177 0.86612
vn -0.10452 -0.48777 0.86669
vn -0.08389 -0.4914 0.86688
vn -0.04263 -0.49802 0.86612
vn 0.02007 -0.49844 0.86669
vn 0.04095 -0.49683 0.86688
vn 0.08256 -0.49297 0.86612
vn 0.1434 -0.47779 0.86669
vn 0.16322 -0.47103 0.86688
vn 0.20256 -0.45695 0.86612
vn 0.25771 -0.42712 0.86669
vn 0.27524 -0.41564 0.86688
vn 0.30984 -0.39222 0.86612
vn 0.35584 -0.34961 0.86669
vn 0.36996 -0.33414 0.86688
vn 0.39765 -0.30284 0.86612
vn 0.4316 -0.25013 0.86669
vn 0.44143 -0.23163 0.86688
vn 0.46047 -0.19444 0.86612
vn 0.48025 -0.13494 0.86669
vn 0.48517 -0.11458 0.86688
vn 0.49436 -0.07382 0.86612
vn 0.49903 -0.0217 0.86631
vn 0.49884 -0.00079 0.86669
vn 0.4989 0.03064 0.86612
vn 0.49718 0.05144 0.86612
vn 0.49426 0.07217 0.86631
vn 0.48585 0.11311 0.86669
vn 0.48035 0.13333 0.86688
vn 0.46877 0.17347 0.86612
vn 0.44246 0.23039 0.86669
vn 0.43211 0.2486 0.86688
vn 0.4109 0.2846 0.86612
vn 0.37126 0.33318 0.86669
vn 0.35671 0.34825 0.86688
vn 0.32722 0.37785 0.86612
vn 0.27674 0.41504 0.86669
vn 0.2589 0.42601 0.86688
vn 0.22297 0.44735 0.86612
vn 0.16483 0.47083 0.86669
vn 0.14482 0.47702 0.86688
vn 0.10471 0.48875 0.86612
vn 0.02164 0.49804 0.86688
vn 0.04256 0.49703 0.86669
vn 0.0841 0.49238 0.86631
vn 0.49753 -0.04249 -0.86641
vn 0.49971 -0.01119 -0.86612
vn 0.49843 0.02019 -0.86669
vn 0.49781 0.04112 -0.86631
vn 0.49425 0.0723 -0.86631
vn 0.49247 0.08255 -0.86641
vn 0.47463 0.15352 -0.86669
vn 0.46074 0.19294 -0.86631
vn 0.45647 0.20243 -0.86641
vn 0.43209 0.24863 -0.86688
vn 0.42154 0.26673 -0.86669
vn 0.39828 0.30146 -0.86631
vn 0.39178 0.30959 -0.86641
vn 0.35668 0.34828 -0.86688
vn 0.34197 0.36319 -0.86669
vn 0.3108 0.39104 -0.86631
vn 0.30248 0.3973 -0.86641
vn 0.2409 0.43682 -0.86669
vn 0.20379 0.45604 -0.86631
vn 0.19418 0.46004 -0.86641
vn 0.14478 0.47703 -0.86688
vn 0.1247 0.48301 -0.86669
vn 0.08397 0.4924 -0.86631
vn 0.07367 0.49388 -0.86641
vn 0.00067 0.49884 -0.86669
vn -0.04112 0.49781 -0.86631
vn -0.05147 0.49668 -0.86641
vn -0.12341 0.48334 -0.86669
vn -0.16363 0.47195 -0.86631
vn -0.17337 0.46828 -0.86641
vn -0.23974 0.43746 -0.86669
vn -0.27585 0.41643 -0.86631
vn -0.28438 0.41045 -0.86641
vn -0.341 0.3641 -0.86669
vn -0.37075 0.33474 -0.86631
vn -0.37752 0.32683 -0.86641
vn -0.40894 0.2851 -0.86688
vn -0.42083 0.26786 -0.86669
vn -0.44235 0.23202 -0.86631
vn -0.44694 0.22268 -0.86641
vn -0.467 0.17444 -0.86688
vn -0.47422 0.15478 -0.86669
vn -0.48615 0.11473 -0.86631
vn -0.48828 0.10453 -0.86641
vn -0.49782 0.03205 -0.86669
vn -0.49941 -0.00972 -0.86631
vn -0.49893 -0.02018 -0.86641
vn -0.49013 -0.09282 -0.86669
vn -0.48129 -0.13367 -0.86631
vn -0.47824 -0.14363 -0.86641
vn -0.45165 -0.2118 -0.86669
vn -0.43293 -0.24916 -0.86631
vn -0.4275 -0.25805 -0.86641
vn -0.39752 -0.30083 -0.86688
vn -0.38479 -0.31746 -0.86669
vn -0.35736 -0.349 -0.86631
vn -0.34989 -0.35625 -0.86641
vn -0.31022 -0.39023 -0.86688
vn -0.29375 -0.40318 -0.86669
vn -0.25934 -0.42691 -0.86631
vn -0.2503 -0.43208 -0.86641
vn -0.20342 -0.45512 -0.86688
vn -0.18426 -0.46357 -0.86669
vn -0.14503 -0.47799 -0.86631
vn -0.13499 -0.48075 -0.86641
vn -0.06318 -0.49483 -0.86669
vn -0.0216 -0.49904 -0.86631
vn -0.01119 -0.49922 -0.86641
vn 0.06186 -0.49499 -0.86669
vn 0.10319 -0.48873 -0.86631
vn 0.11331 -0.48632 -0.86641
vn 0.18302 -0.46406 -0.86669
vn 0.22149 -0.44772 -0.86631
vn 0.23069 -0.44286 -0.86641
vn 0.27527 -0.41562 -0.86688
vn 0.29267 -0.40396 -0.86669
vn 0.32587 -0.37857 -0.86631
vn 0.33358 -0.37157 -0.86641
vn 0.38394 -0.31849 -0.86669
vn 0.40978 -0.28563 -0.86631
vn 0.41551 -0.27694 -0.86641
vn 0.45108 -0.213 -0.86669
vn 0.46794 -0.17475 -0.86631
vn 0.47133 -0.16491 -0.86641
vn 0.48988 -0.09413 -0.86669
vn 0.4967 -0.05289 -0.86631
vn 0.12496 0.48396 0.86612
vn 0.15484 0.4742 0.86669
vn 0.19401 0.45957 0.86669
vn 0.24139 0.43768 0.86612
vn 0.26791 0.4208 0.86669
vn 0.3022 0.39688 0.86669
vn 0.34266 0.3639 0.86612
vn 0.36414 0.34095 0.86669
vn 0.39141 0.30926 0.86669
vn 0.42239 0.26725 0.86612
vn 0.43749 0.23968 0.86669
vn 0.45602 0.2022 0.86669
vn 0.47558 0.15381 0.86612
vn 0.48335 0.12335 0.86669
vn 0.49198 0.08244 0.86669
vn 0.49703 -0.04256 0.86669
vn 0.49086 -0.09433 0.86612
vn 0.48299 -0.12476 0.86669
vn 0.47084 -0.16477 0.86669
vn 0.45198 -0.21344 0.86612
vn 0.43679 -0.24096 0.86669
vn 0.41508 -0.27669 0.86669
vn 0.3847 -0.31913 0.86612
vn 0.36314 -0.34201 0.86669
vn 0.33323 -0.37122 0.86669
vn 0.30984 -0.39222 0.86612
vn 0.29325 -0.40478 0.86612
vn 0.26668 -0.42158 0.86669
vn 0.23044 -0.44243 0.86669
vn 0.18337 -0.46499 0.86612
vn 0.15346 -0.47465 0.86669
vn 0.11317 -0.48583 0.86669
vn 0.06197 -0.49598 0.86612
vn 0.0306 -0.4979 0.86669
vn -0.01121 -0.49872 0.86669
vn -0.06332 -0.49581 0.86612
vn -0.09419 -0.48987 0.86669
vn -0.13488 -0.48026 0.86669
vn -0.18464 -0.46449 0.86612
vn -0.21305 -0.45106 0.86669
vn -0.25008 -0.43163 0.86669
vn -0.29435 -0.40398 0.86612
vn -0.31853 -0.3839 0.86669
vn -0.34956 -0.35588 0.86669
vn -0.38556 -0.31808 0.86612
vn -0.404 -0.29262 0.86669
vn -0.42708 -0.25776 0.86669
vn -0.44333 -0.23086 0.86612
vn -0.45256 -0.2122 0.86612
vn -0.46408 -0.18296 0.86669
vn -0.47777 -0.14345 0.86669
vn -0.49111 -0.09299 0.86612
vn -0.495 -0.06186 0.86669
vn -0.49843 -0.02019 0.86669
vn -0.49971 0.01121 0.86612
vn -0.49881 0.03206 0.86612
vn -0.49482 0.06324 0.86669
vn -0.48778 0.10446 0.86669
vn -0.47516 0.15511 0.86612
vn -0.46354 0.18431 0.86669
vn -0.44648 0.22248 0.86669
vn -0.42166 0.2684 0.86612
vn -0.40314 0.2938 0.86669
vn -0.37713 0.32653 0.86669
vn -0.34167 0.36483 0.86612
vn -0.31741 0.38483 0.86669
vn -0.28407 0.41006 0.86669
vn -0.2402 0.43834 0.86612
vn -0.21174 0.45168 0.86669
vn -0.17317 0.46782 0.86669
vn -0.12365 0.4843 0.86612
vn -0.09276 0.49014 0.86669
vn -0.05139 0.49619 0.86669
vn 0.00068 0.49984 0.86612
vn 0.03205 0.49781 0.86669
vn 0.07362 0.49338 0.86669
vn 0.49703 -0.0425 -0.86669
vn 0.49239 -0.08404 -0.86631
vn 0.48877 -0.10459 -0.86612
vn 0.48077 -0.13493 -0.86641
vn 0.47087 -0.16471 -0.86669
vn 0.45602 -0.20385 -0.86631
vn 0.4474 -0.22286 -0.86612
vn 0.43211 -0.25025 -0.86641
vn 0.41511 -0.27664 -0.86669
vn 0.391 -0.31085 -0.86631
vn 0.37793 -0.32712 -0.86612
vn 0.3563 -0.34985 -0.86641
vn 0.33327 -0.37118 -0.86669
vn 0.30141 -0.39832 -0.86631
vn 0.2847 -0.41083 -0.86612
vn 0.2581 -0.42746 -0.86641
vn 0.23049 -0.4424 -0.86669
vn 0.19288 -0.46076 -0.86631
vn 0.17359 -0.46873 -0.86612
vn 0.14368 -0.47822 -0.86641
vn 0.11323 -0.48582 -0.86669
vn 0.07223 -0.49426 -0.86631
vn 0.05157 -0.49717 -0.86612
vn 0.02024 -0.49893 -0.86641
vn -0.01114 -0.49872 -0.86669
vn -0.05295 -0.49669 -0.86631
vn -0.07369 -0.49437 -0.86612
vn -0.10447 -0.48829 -0.86641
vn -0.13482 -0.48028 -0.86669
vn -0.17481 -0.46792 -0.86631
vn -0.19432 -0.46052 -0.86612
vn -0.22262 -0.44697 -0.86641
vn -0.25002 -0.43166 -0.86669
vn -0.28569 -0.40974 -0.86631
vn -0.30275 -0.39772 -0.86612
vn -0.32679 -0.37756 -0.86641
vn -0.34952 -0.35592 -0.86669
vn -0.37861 -0.32582 -0.86631
vn -0.39214 -0.30994 -0.86612
vn -0.41041 -0.28443 -0.86641
vn -0.42705 -0.25782 -0.86669
vn -0.44774 -0.22143 -0.86631
vn -0.4569 -0.20268 -0.86612
vn -0.46826 -0.17343 -0.86641
vn -0.47775 -0.14351 -0.86669
vn -0.48875 -0.10313 -0.86631
vn -0.49295 -0.08268 -0.86612
vn -0.49667 -0.05153 -0.86641
vn -0.49843 -0.02019 -0.86669
vn -0.49904 0.02166 -0.86631
vn -0.49803 0.04251 -0.86612
vn -0.49388 0.07361 -0.86641
vn -0.4878 0.1044 -0.86669
vn -0.47797 0.14509 -0.86631
vn -0.47181 0.16503 -0.86612
vn -0.46006 0.19412 -0.86641
vn -0.44651 0.22243 -0.86669
vn -0.42687 0.25939 -0.86631
vn -0.41595 0.27717 -0.86612
vn -0.39733 0.30243 -0.86641
vn -0.37717 0.32648 -0.86669
vn -0.34895 0.3574 -0.86631
vn -0.33395 0.37191 -0.86612
vn -0.30964 0.39174 -0.86641
vn -0.28412 0.41002 -0.86669
vn -0.24911 0.43296 -0.86631
vn -0.23097 0.44327 -0.86612
vn -0.20249 0.45644 -0.86641
vn -0.17323 0.4678 -0.86669
vn -0.13361 0.48131 -0.86631
vn -0.11347 0.48679 -0.86612
vn -0.08261 0.49246 -0.86641
vn -0.05145 0.49618 -0.86669
vn -0.00972 0.49941 -0.86631
vn 0.01115 0.49971 -0.86612
vn 0.04245 0.49753 -0.86641
vn 0.07356 0.49339 -0.86669
vn 0.11479 0.48614 -0.86631
vn 0.13507 0.48124 -0.86612
vn 0.16485 0.47134 -0.86641
vn 0.19395 0.45959 -0.86669
vn 0.23208 0.44232 -0.86631
vn 0.25051 0.43253 -0.86612
vn 0.27689 0.41554 -0.86641
vn 0.30215 0.39692 -0.86669
vn 0.33479 0.37071 -0.86631
vn 0.35021 0.35664 -0.86612
vn 0.37153 0.33363 -0.86641
vn 0.39137 0.30931 -0.86669
vn 0.41646 0.2758 -0.86631
vn 0.4279 0.25834 -0.86612
vn 0.44283 0.23075 -0.86641
vn 0.456 0.20226 -0.86669
vn 0.47197 0.16357 -0.86631
vn 0.4787 0.14381 -0.86612
vn 0.48775 0.10302 -0.86688
vn 0.49199 0.08244 -0.86669
vn 0.49782 0.04106 -0.86631
vn 0.4984 0.0306 -0.86641
vn 0.49922 -0.01119 -0.86641
vn -0.97846 -0.20645 0
vn -0.96898 -0.24713 0
vn -0.87708 -0.48034 0
vn -0.94493 -0.32726 0
vn -0.93031 -0.36677 0
vn -0.89637 -0.4433 0
vn -0.73007 -0.68337 0
vn -0.83386 -0.55198 0
vn -0.80987 -0.5866 0
vn -0.75797 -0.65229 0
vn -0.53719 -0.84346 0
vn -0.67039 -0.74201 0
vn -0.63855 -0.76958 0
vn -0.57194 -0.8203 0
vn -0.31055 -0.95056 0
vn -0.4648 -0.88542 0
vn -0.4271 -0.90421 0
vn -0.34997 -0.93676 0
vn -0.0644 -0.99792 0
vn -0.23 -0.97319 0
vn -0.18881 -0.98201 0
vn -0.10601 -0.99437 0
vn 0.1858 -0.98259 0
vn 0.01925 -0.99981 0
vn 0.06133 -0.99812 0
vn 0.14461 -0.98949 0
vn 0.42432 -0.90551 -0
vn 0.26729 -0.96362 0
vn 0.30763 -0.95151 0
vn 0.38614 -0.92244 0
vn 0.63618 -0.77154 -0
vn 0.49853 -0.86687 -0
vn 0.53459 -0.84511 -0
vn 0.60341 -0.79743 -0
vn 0.80807 -0.58909 -0
vn 0.69845 -0.71566 -0
vn 0.72797 -0.68561 -0
vn 0.78277 -0.62231 -0
vn 0.92918 -0.36962 -0
vn 0.85448 -0.51948 -0
vn 0.8756 -0.48303 -0
vn 0.91294 -0.4081 -0
vn 0.99191 -0.12693 -0
vn 0.95683 -0.29066 -0
vn 0.96822 -0.2501 -0
vn 0.98575 -0.16824 -0
vn 0.99232 0.12374 -0
vn 0.99905 -0.04357 -0
vn 1 -0.00146 -0
vn 0.99662 0.08219 -0
vn 0.93037 0.36663 -0
vn 0.9785 0.20625 -0
vn 0.96894 0.24728 -0
vn 0.94487 0.32746 -0
vn 0.80996 0.58648 -0
vn 0.89646 0.44311 -0
vn 0.87701 0.48048 -0
vn 0.83374 0.55215 -0
vn 0.63866 0.76949 -0
vn 0.7581 0.65214 -0
vn 0.72997 0.68348 -0
vn 0.67024 0.74215 -0
vn 0.42724 0.90414 -0
vn 0.57211 0.82018 -0
vn 0.53706 0.84355 -0
vn 0.46462 0.88551 -0
vn 0.18896 0.98198 -0
vn 0.35016 0.93669 -0
vn 0.3104 0.9506 -0
vn 0.2298 0.97324 -0
vn -0.30748 0.95155 -0
vn 0.10622 0.99434 -0
vn 0.06425 0.99793 -0
vn -0.01933 0.99981 -0
vn -0.04029 0.99919 -0
vn -0.1444 0.98952 -0
vn -0.18595 0.98256 -0
vn -0.26749 0.96356 -0
vn -0.53447 0.84519 0
vn -0.38595 0.92252 -0
vn -0.42446 0.90545 0
vn -0.49871 0.86677 0
vn -0.72787 0.68572 0
vn -0.60325 0.79755 0
vn -0.6363 0.77144 0
vn -0.6986 0.71551 0
vn -0.87553 0.48316 0
vn -0.78264 0.62248 0
vn -0.80816 0.58896 0
vn -0.85459 0.5193 0
vn -0.96818 0.25025 0
vn -0.91285 0.40829 0
vn -0.92924 0.36948 0
vn -0.95689 0.29046 0
vn -0.9923 -0.12389 0
vn -0.99662 -0.08211 0
vn -0.98571 0.16844 0
vn -0.99193 0.12678 0
vn -0.99906 0.04336 0
vn -0.99231 -0.12375 0
vn -0.97841 -0.20666 0
vn -0.95771 -0.28772 0
vn -0.93036 -0.36664 0
vn -0.89628 -0.44349 0
vn -0.85607 -0.51686 0
vn -0.80995 -0.58649 0
vn -0.75783 -0.65245 0
vn -0.70064 -0.71351 0
vn -0.63865 -0.76949 0
vn -0.57177 -0.82042 0
vn -0.50118 -0.86534 0
vn -0.42722 -0.90415 0
vn -0.34977 -0.93683 0
vn -0.27024 -0.96279 0
vn -0.18895 -0.98199 0
vn -0.1058 -0.99439 0
vn -0.02231 -0.99975 0
vn 0.0612 -0.99813 0
vn 0.14482 -0.98946 0
vn 0.22702 -0.97389 0
vn 0.3075 -0.95155 0
vn 0.38633 -0.92236 0
vn 0.46208 -0.88684 -0
vn 0.53448 -0.84518 -0
vn 0.60358 -0.7973 -0
vn 0.66811 -0.74406 -0
vn 0.72787 -0.68571 -0
vn 0.7829 -0.62215 -0
vn 0.83216 -0.55453 -0
vn 0.87554 -0.48315 -0
vn 0.91302 -0.40791 -0
vn 0.94393 -0.33016 -0
vn 0.96818 -0.25024 -0
vn 0.98578 -0.16803 -0
vn 0.99638 -0.08504 -0
vn 1 -0.0016 -0
vn 0.9966 0.0824 -0
vn 0.98622 0.16542 -0
vn 0.96898 0.24714 -0
vn 0.9448 0.32766 -0
vn 0.9141 0.40549 -0
vn 0.87707 0.48035 -0
vn 0.83363 0.55232 -0
vn 0.78454 0.62008 -0
vn 0.73006 0.68338 -0
vn 0.67008 0.74229 -0
vn 0.60569 0.7957 -0
vn 0.53717 0.84347 -0
vn 0.46443 0.88561 -0
vn 0.38878 0.92133 -0
vn 0.31054 0.95056 -0
vn 0.2296 0.97329 -0
vn 0.14744 0.98907 -0
vn 0.06438 0.99793 -0
vn -0.01966 0.99981 -0
vn -0.10317 0.99466 -0
vn -0.18581 0.98259 -0
vn -0.26769 0.96351 -0
vn -0.34729 0.93776 -0
vn -0.42433 0.90551 0
vn -0.49889 0.86667 0
vn -0.56959 0.82193 0
vn -0.63619 0.77153 0
vn -0.69875 0.71537 0
vn -0.7561 0.65446 0
vn -0.80808 0.58908 0
vn -0.8547 0.51912 0
vn -0.8951 0.44586 0
vn -0.92919 0.36961 0
vn -0.95695 0.29026 0
vn -0.97786 0.20925 0
vn -0.99191 0.12692 0
vn -0.99906 0.04328 0
vn -0.49279 -0.07202 0.86716
vn -0.4594 -0.19231 0.86716
vn -0.47514 -0.15359 0.86641
vn -0.48632 -0.11331 0.86641
vn -0.39714 -0.30051 0.86716
vn -0.42201 -0.26692 0.86641
vn -0.44286 -0.23069 0.86641
vn -0.30993 -0.38984 0.86716
vn -0.34237 -0.36349 0.86641
vn -0.37157 -0.33358 0.86641
vn -0.20324 -0.45467 0.86716
vn -0.24122 -0.43721 0.86641
vn -0.27694 -0.41551 0.86641
vn -0.08379 -0.49093 0.86716
vn -0.12491 -0.48347 0.86641
vn -0.16491 -0.47133 0.86641
vn 0.04093 -0.49634 0.86716
vn -0.00076 -0.49934 0.86641
vn -0.04251 -0.49753 0.86641
vn 0.16308 -0.47057 0.86716
vn 0.12345 -0.48384 0.86641
vn 0.08255 -0.49247 0.86641
vn 0.27498 -0.41523 0.86716
vn 0.2399 -0.43794 0.86641
vn 0.20243 -0.45647 0.86641
vn 0.36961 -0.33379 0.86716
vn 0.34127 -0.36452 0.86641
vn 0.30959 -0.39178 0.86641
vn 0.44101 -0.23139 0.86716
vn 0.4212 -0.2682 0.86641
vn 0.3973 -0.30248 0.86641
vn 0.4847 -0.11445 0.86716
vn 0.47467 -0.15502 0.86641
vn 0.46004 -0.19418 0.86641
vn 0.49793 0.00969 0.86716
vn 0.49831 -0.03211 0.86641
vn 0.49388 -0.07367 0.86641
vn 0.45214 0.21193 0.86641
vn 0.46828 0.17337 0.86641
vn 0.47988 0.13321 0.86716
vn 0.49064 0.09282 0.86641
vn 0.49668 0.05147 0.86641
vn 0.43167 0.24837 0.86716
vn 0.42028 0.26596 0.86754
vn 0.38523 0.31771 0.86641
vn 0.35634 0.34792 0.86716
vn 0.32683 0.37752 0.86641
vn 0.29412 0.40353 0.86641
vn 0.25862 0.42561 0.86716
vn 0.22268 0.44694 0.86641
vn 0.18452 0.464 0.86641
vn 0.14465 0.47655 0.86716
vn 0.10453 0.48828 0.86641
vn 0.06333 0.49531 0.86641
vn 0.0216 0.49756 0.86716
vn -0.02018 0.49893 0.86641
vn -0.06183 0.4955 0.86641
vn -0.10282 0.4873 0.86716
vn -0.14363 0.47824 0.86641
vn -0.18312 0.46455 0.86641
vn -0.22077 0.44642 0.86716
vn -0.25805 0.4275 0.86641
vn -0.29289 0.40442 0.86641
vn -0.32486 0.37749 0.86716
vn -0.35625 0.34989 0.86641
vn -0.38427 0.31887 0.86641
vn -0.40853 0.28484 0.86716
vn -0.43208 0.2503 0.86641
vn -0.4984 -0.0306 0.86641
vn -0.49922 0.01119 0.86641
vn -0.49522 0.0528 0.86716
vn -0.49035 0.09431 0.86641
vn -0.47282 0.15431 0.86754
vn -0.46653 0.17429 0.86716
vn -0.4515 0.21329 0.86641
vn 0.49668 0.05147 -0.86641
vn 0.49831 -0.03211 -0.86641
vn 0.49388 -0.07367 -0.86641
vn 0.49035 -0.09431 -0.86641
vn 0.48075 -0.13499 -0.86641
vn 0.47467 -0.15502 -0.86641
vn 0.46004 -0.19418 -0.86641
vn 0.4515 -0.21329 -0.86641
vn 0.43208 -0.2503 -0.86641
vn 0.4212 -0.2682 -0.86641
vn 0.3973 -0.30248 -0.86641
vn 0.38427 -0.31887 -0.86641
vn 0.35625 -0.34989 -0.86641
vn 0.34127 -0.36452 -0.86641
vn 0.30959 -0.39178 -0.86641
vn 0.29289 -0.40442 -0.86641
vn 0.25805 -0.4275 -0.86641
vn 0.2399 -0.43794 -0.86641
vn 0.20243 -0.45647 -0.86641
vn 0.18312 -0.46455 -0.86641
vn 0.14363 -0.47824 -0.86641
vn 0.12345 -0.48384 -0.86641
vn 0.08255 -0.49247 -0.86641
vn 0.06183 -0.4955 -0.86641
vn 0.02018 -0.49893 -0.86641
vn -0.00076 -0.49934 -0.86641
vn -0.04251 -0.49753 -0.86641
vn -0.06333 -0.49531 -0.86641
vn -0.10453 -0.48828 -0.86641
vn -0.12491 -0.48347 -0.86641
vn -0.16491 -0.47133 -0.86641
vn -0.18452 -0.464 -0.86641
vn -0.22268 -0.44694 -0.86641
vn -0.24122 -0.43721 -0.86641
vn -0.27694 -0.41551 -0.86641
vn -0.29412 -0.40353 -0.86641
vn -0.32683 -0.37752 -0.86641
vn -0.34237 -0.36349 -0.86641
vn -0.37157 -0.33358 -0.86641
vn -0.38523 -0.31771 -0.86641
vn -0.41045 -0.28438 -0.86641
vn -0.42201 -0.26692 -0.86641
vn -0.44286 -0.23069 -0.86641
vn -0.45214 -0.21193 -0.86641
vn -0.46828 -0.17337 -0.86641
vn -0.47514 -0.15359 -0.86641
vn -0.48632 -0.11331 -0.86641
vn -0.49064 -0.09282 -0.86641
vn -0.49668 -0.05147 -0.86641
vn -0.4984 -0.0306 -0.86641
vn -0.49922 0.01119 -0.86641
vn -0.49831 0.03211 -0.86641
vn -0.49388 0.07367 -0.86641
vn -0.49035 0.09431 -0.86641
vn -0.48075 0.13499 -0.86641
vn -0.47467 0.15502 -0.86641
vn -0.46004 0.19418 -0.86641
vn -0.4515 0.21329 -0.86641
vn -0.43208 0.2503 -0.86641
vn -0.4212 0.2682 -0.86641
vn -0.3973 0.30248 -0.86641
vn -0.38427 0.31887 -0.86641
vn -0.35625 0.34989 -0.86641
vn -0.34127 0.36452 -0.86641
vn -0.30959 0.39178 -0.86641
vn -0.29289 0.40442 -0.86641
vn -0.25805 0.4275 -0.86641
vn -0.2399 0.43794 -0.86641
vn -0.20243 0.45647 -0.86641
vn -0.18312 0.46455 -0.86641
vn -0.14363 0.47824 -0.86641
vn -0.12345 0.48384 -0.86641
vn -0.08255 0.49247 -0.86641
vn -0.06183 0.4955 -0.86641
vn -0.02018 0.49893 -0.86641
vn 0.00076 0.49934 -0.86641
vn 0.04251 0.49753 -0.86641
vn 0.06333 0.49531 -0.86641
vn 0.10453 0.48828 -0.86641
vn 0.12491 0.48347 -0.86641
vn 0.16491 0.47133 -0.86641
vn 0.18452 0.464 -0.86641
vn 0.22268 0.44694 -0.86641
vn 0.24122 0.43721 -0.86641
vn 0.27694 0.41551 -0.86641
vn 0.29412 0.40353 -0.86641
vn 0.32683 0.37752 -0.86641
vn 0.34237 0.36349 -0.86641
vn 0.37157 0.33358 -0.86641
vn 0.38523 0.31771 -0.86641
vn 0.41045 0.28438 -0.86641
vn 0.42201 0.26692 -0.86641
vn 0.44286 0.23069 -0.86641
vn 0.45214 0.21193 -0.86641
vn 0.46828 0.17337 -0.86641
vn 0.47514 0.15359 -0.86641
vn 0.48632 0.11331 -0.86641
vn 0.49064 0.09282 -0.86641
vn -0.98949 -0.14461 0
vn -0.97391 -0.22692 0
vn -0.95152 -0.30758 0
vn -0.92244 -0.38614 0
vn -0.88688 -0.462 0
vn -0.84514 -0.53455 0
vn -0.79743 -0.60341 0
vn -0.4081 -0.91294 0
vn -0.74412 -0.66804 0
vn -0.68565 -0.72793 0
vn -0.62231 -0.78277 0
vn -0.55461 -0.83211 0
vn -0.48308 -0.87558 0
vn -0.33025 -0.94389 0
vn -0.25016 -0.96821 0
vn -0.16824 -0.98575 0
vn 0.32746 -0.94487 0
vn -0.08514 -0.99637 0
vn -0.00151 -1 0
vn 0.08219 -0.99662 0
vn 0.16532 -0.98624 0
vn 0.24722 -0.96896 0
vn 0.74215 -0.67024 -0
vn 0.4054 -0.91414 0
vn 0.48043 -0.87703 -0
vn 0.55215 -0.83374 -0
vn 0.62 -0.7846 -0
vn 0.68344 -0.73 -0
vn 0.97324 -0.2298 -0
vn 0.79564 -0.60577 -0
vn 0.84352 -0.5371 -0
vn 0.88551 -0.46462 -0
vn 0.92129 -0.38887 -0
vn 0.95059 -0.31046 -0
vn 0.96356 0.26749 -0
vn 0.98906 -0.14753 -0
vn 0.99793 -0.0643 -0
vn 0.99981 0.01945 -0
vn 0.99467 0.10307 -0
vn 0.98257 0.18589 -0
vn 0.93779 0.3472 -0
vn 0.90547 0.42441 -0
vn 0.86677 0.49871 -0
vn 0.5193 0.85459 -0
vn 0.82198 0.56951 -0
vn 0.77148 0.63626 -0
vn 0.71551 0.6986 -0
vn 0.65453 0.75604 -0
vn 0.58901 0.80813 -0
vn 0.44595 0.89506 -0
vn 0.36953 0.92922 -0
vn 0.29046 0.95689 -0
vn 0.20934 0.97784 -0
vn 0.12683 0.99192 -0
vn 0.04336 0.99906 -0
vn -0.04041 0.99918 -0
vn -0.12383 0.9923 -0
vn -0.20645 0.97846 -0
vn -0.28763 0.95774 -0
vn -0.36672 0.93033 -0
vn -0.4433 0.89637 0
vn -0.51677 0.85612 0
vn -0.58656 0.80991 0
vn -0.65229 0.75797 0
vn -0.71345 0.70071 0
vn -0.76955 0.63859 0
vn -0.8203 0.57194 0
vn -0.86529 0.50127 0
vn -0.90418 0.42715 0
vn -0.93676 0.34997 0
vn -0.96277 0.27033 0
vn -0.982 0.18887 0
vn -0.99437 0.10601 0
vn -0.99975 0.02241 0
vn -0.99812 -0.06128 0
vn -0.48868 -0.09257 0.86754
vn -0.38364 -0.31654 0.86754
vn -0.40328 -0.29194 0.86726
vn -0.42796 -0.25824 0.86612
vn -0.4503 -0.21119 0.86754
vn -0.46321 -0.18248 0.86726
vn -0.47874 -0.1437 0.86612
vn -0.18369 -0.4622 0.86754
vn -0.21275 -0.45011 0.86726
vn -0.25062 -0.43247 0.86612
vn -0.29286 -0.402 0.86754
vn -0.31801 -0.38306 0.86726
vn -0.35029 -0.35655 0.86612
vn 0.0617 -0.49352 0.86754
vn 0.03041 -0.49693 0.86726
vn -0.01128 -0.49971 0.86612
vn -0.06297 -0.49336 0.86754
vn -0.09413 -0.48888 0.86726
vn -0.13519 -0.48121 0.86612
vn 0.29182 -0.40275 0.86754
vn 0.26604 -0.42081 0.86726
vn 0.23086 -0.44333 0.86612
vn 0.18249 -0.46268 0.86754
vn 0.15303 -0.47376 0.86726
vn 0.11335 -0.48682 0.86612
vn 0.44976 -0.21235 0.86754
vn 0.43586 -0.2406 0.86726
vn 0.41588 -0.27728 0.86612
vn 0.38282 -0.31753 0.86754
vn 0.36234 -0.34143 0.86726
vn 0.33386 -0.37199 0.86612
vn 0.49904 -0.02166 0.86631
vn 0.49802 -0.04257 0.86612
vn 0.48844 -0.09383 0.86754
vn 0.482 -0.12464 0.86726
vn 0.47177 -0.16514 0.86612
vn 0.47322 0.15308 0.86754
vn 0.48243 0.12298 0.86726
vn 0.49297 0.08256 0.86612
vn 0.34094 0.36212 0.86754
vn 0.36351 0.34018 0.86726
vn 0.39222 0.30984 0.86612
vn 0.43669 0.23909 0.86726
vn 0.45695 0.20256 0.86612
vn 0.12431 0.48158 0.86754
vn 0.15466 0.47323 0.86726
vn 0.19444 0.46047 0.86612
vn 0.24017 0.43554 0.86754
vn 0.26749 0.4199 0.86726
vn 0.30284 0.39765 0.86612
vn -0.12307 0.4819 0.86754
vn -0.09245 0.4892 0.86726
vn -0.05144 0.49718 0.86612
vn 0.00064 0.49737 0.86754
vn 0.03212 0.49682 0.86726
vn 0.07382 0.49436 0.86612
vn -0.34 0.363 0.86754
vn -0.31669 0.38415 0.86726
vn -0.2846 0.4109 0.86612
vn -0.23904 0.43615 0.86754
vn -0.2112 0.45084 0.86726
vn -0.17347 0.46877 0.86612
vn -0.46258 0.18407 0.86726
vn -0.44735 0.22297 0.86612
vn -0.4196 0.26704 0.86754
vn -0.40227 0.29333 0.86726
vn -0.37785 0.32722 0.86612
vn -0.49404 -0.06155 0.86726
vn -0.49943 -0.02012 0.86612
vn -0.49634 0.03187 0.86754
vn -0.49382 0.06325 0.86726
vn -0.48875 0.10471 0.86612
vn 0.4988 -0.03213 -0.86612
vn 0.49971 -0.01121 -0.86612
vn 0.49667 0.05153 -0.86641
vn 0.49295 0.08268 -0.86612
vn 0.49113 0.09287 -0.86612
vn 0.48036 0.1333 -0.86688
vn 0.47101 0.16328 -0.86688
vn 0.4569 0.20268 -0.86612
vn 0.45261 0.21209 -0.86612
vn 0.43211 0.24858 -0.86688
vn 0.41561 0.27529 -0.86688
vn 0.39214 0.30994 -0.86612
vn 0.38564 0.31799 -0.86612
vn 0.35672 0.34823 -0.86688
vn 0.33409 0.37 -0.86688
vn 0.30275 0.39772 -0.86612
vn 0.29445 0.4039 -0.86612
vn 0.25891 0.426 -0.86688
vn 0.23158 0.44146 -0.86688
vn 0.19432 0.46052 -0.86612
vn 0.18475 0.46444 -0.86612
vn 0.14484 0.47701 -0.86688
vn 0.11452 0.48518 -0.86688
vn 0.07369 0.49437 -0.86612
vn 0.06344 0.49579 -0.86612
vn 0.02166 0.49804 -0.86688
vn -0.00974 0.49841 -0.86688
vn -0.05157 0.49717 -0.86612
vn -0.06185 0.496 -0.86612
vn -0.10288 0.48778 -0.86688
vn -0.13338 0.48033 -0.86688
vn -0.17359 0.46873 -0.86612
vn -0.18325 0.46503 -0.86612
vn -0.22095 0.44687 -0.86688
vn -0.24865 0.43207 -0.86688
vn -0.2847 0.41083 -0.86612
vn -0.29314 0.40485 -0.86612
vn -0.32514 0.37788 -0.86688
vn -0.34829 0.35666 -0.86688
vn -0.37793 0.32712 -0.86612
vn -0.38462 0.31923 -0.86612
vn -0.4089 0.28515 -0.86688
vn -0.42604 0.25884 -0.86688
vn -0.4474 0.22286 -0.86612
vn -0.45192 0.21355 -0.86612
vn -0.46697 0.1745 -0.86688
vn -0.47703 0.14476 -0.86688
vn -0.48877 0.10459 -0.86612
vn -0.49083 0.09445 -0.86612
vn -0.4957 0.05295 -0.86688
vn -0.49804 0.02164 -0.86688
vn -0.49943 -0.02019 -0.86612
vn -0.4989 -0.03058 -0.86612
vn -0.49328 -0.07205 -0.86688
vn -0.48776 -0.10296 -0.86688
vn -0.4787 -0.14381 -0.86612
vn -0.47562 -0.15369 -0.86612
vn -0.45986 -0.19246 -0.86688
vn -0.44683 -0.22103 -0.86688
vn -0.4279 -0.25834 -0.86612
vn -0.42246 -0.26715 -0.86612
vn -0.39755 -0.30077 -0.86688
vn -0.37783 -0.32521 -0.86688
vn -0.35021 -0.35664 -0.86612
vn -0.34275 -0.36381 -0.86612
vn -0.31026 -0.39019 -0.86688
vn -0.28508 -0.40895 -0.86688
vn -0.25051 -0.43253 -0.86612
vn -0.2415 -0.43762 -0.86612
vn -0.20348 -0.45509 -0.86688
vn -0.17442 -0.467 -0.86688
vn -0.13507 -0.48124 -0.86612
vn -0.12508 -0.48393 -0.86612
vn -0.08391 -0.4914 -0.86688
vn -0.05281 -0.49571 -0.86688
vn -0.01115 -0.49971 -0.86612
vn -0.00081 -0.49984 -0.86612
vn 0.04093 -0.49683 -0.86688
vn 0.07213 -0.49326 -0.86688
vn 0.11347 -0.48679 -0.86612
vn 0.12352 -0.48433 -0.86612
vn 0.1632 -0.47104 -0.86688
vn 0.19253 -0.45983 -0.86688
vn 0.23097 -0.44327 -0.86612
vn 0.24009 -0.4384 -0.86612
vn 0.27522 -0.41565 -0.86688
vn 0.30084 -0.3975 -0.86688
vn 0.33395 -0.37191 -0.86612
vn 0.34157 -0.36492 -0.86612
vn 0.36994 -0.33415 -0.86688
vn 0.39024 -0.3102 -0.86688
vn 0.41595 -0.27717 -0.86612
vn 0.42159 -0.26851 -0.86612
vn 0.44142 -0.23165 -0.86688
vn 0.45513 -0.2034 -0.86688
vn 0.47181 -0.16503 -0.86612
vn 0.47512 -0.15522 -0.86612
vn 0.48516 -0.1146 -0.86688
vn 0.49141 -0.08383 -0.86688
vn 0.49803 -0.04251 -0.86612
vn 0.01828 -0.93951 0.34202
vn -0.99981 -0.01945 0
vn -0.10288 0.48778 -0.86688
vn 0.47512 -0.15522 -0.86612
vn 0.49141 -0.08383 -0.86688
vn -0.99433 -0.1063 0
vn -0.96071 -0.27756 0
vn -0.93221 -0.36193 0
vn -0.80797 -0.58922 0
vn -0.69322 -0.72073 0
vn -0.55735 -0.83028 0
vn -0.40511 -0.91427 0
vn -0.23998 -0.97078 0
vn -0.06754 -0.99772 0
vn 0.01945 -0.99981 0
vn -0.93951 -0.01828 0.34202
vn -0.01945 0.99981 -0
vn -0.1063 0.99433 -0
vn -0.27756 0.96071 -0
vn -0.36193 0.93221 -0
vn -0.58922 0.80797 0
vn -0.72073 0.69322 0
vn -0.83028 0.55735 0
vn -0.91427 0.40511 0
vn -0.97078 0.23998 0
vn -0.99772 0.06754 0
vn -0.39714 -0.30051 0.86716
vn -0.37157 -0.33358 0.86641
vn 0.08255 -0.49247 0.86641
vn 0.44101 -0.23139 0.86716
vn 0.43167 0.24837 0.86716
vn 0.41045 0.28438 0.86641
vn -0.40853 0.28484 0.86716
vn -0.38427 0.31887 0.86641
vn -0.46653 0.17429 0.86716
vn -0.48075 0.13499 0.86641
vn -0.01828 0.93951 0.34202
vn 0.1063 -0.99433 0
vn 0.27756 -0.96071 0
vn 0.36193 -0.93221 0
vn 0.58922 -0.80797 -0
vn 0.72073 -0.69322 -0
vn 0.83028 -0.55735 -0
vn 0.91427 -0.40511 -0
vn 0.97078 -0.23998 -0
vn 0.99772 -0.06754 -0
vn 0.99433 0.1063 -0
vn 0.96071 0.27756 -0
vn 0.93221 0.36193 -0
vn 0.80797 0.58922 -0
vn 0.69322 0.72073 -0
vn 0.55735 0.83028 -0
vn 0.40511 0.91427 -0
vn 0.23998 0.97078 -0
vn 0.06754 0.99772 -0
vn 0.84376 0.41362 0.34202
vn -0.38049 -0.85922 0.34202
vn 0.41362 -0.84376 0.34202
vn -0.85922 0.38049 0.34202
vn -0.84376 -0.41362 0.34202
vn 0.38049 0.85922 0.34202
vn -0.41362 0.84376 0.34202
vn 0.85922 -0.38049 0.34202
vn 0 0 1
vn 0.93951 0.01828 0.34202
vn -0.67671 -0.72461 0.13036
vn -0.0405 0.0073 0.99915
vn 0.00393 0.02096 0.99977
vn 0.0405 -0.0073 0.99915
vn -0.00393 -0.02096 0.99977
vn -0.08158 -0.02134 0.99644
vn -0.12406 -0.02801 0.99188
vn -0.08195 -0.08096 0.99334
vn -0.04139 -0.01247 0.99907
vn -0.0807 -0.03046 0.99627
vn -0.03931 -0.01799 0.99907
vn -0.0758 -0.04117 0.99627
vn -0.03649 -0.02318 0.99907
vn -0.06949 -0.0511 0.99627
vn -0.033 -0.02793 0.99907
vn -0.05317 -0.04891 0.99739
vn -0.02018 -0.02098 0.99958
vn -0.03282 -0.07977 0.99627
vn -0.01914 -0.03876 0.99907
vn -0.04338 -0.07456 0.99627
vn -0.02424 -0.0358 0.99907
vn -0.05312 -0.06796 0.99627
vn -0.02889 -0.03216 0.99907
vn -0.04906 -0.05314 0.99738
vn 0.01085 -0.10965 0.99391
vn 0.00492 -0.11446 0.99342
vn -0.00016 -0.12368 0.99232
vn -0.01123 -0.12113 0.99257
vn -0.01735 -0.12594 0.99189
vn -0.01918 -0.10384 0.99441
vn -0.02555 -0.10434 0.99421
vn -0.01761 -0.06197 0.99792
vn -0.01368 -0.04101 0.99907
vn 0.00474 -0.02079 0.99977
vn 0.08503 -0.07771 0.99334
vn 0.05504 -0.0468 0.99739
vn 0.01672 -0.11589 0.99312
vn 0.02223 -0.12517 0.99189
vn 0.0232 -0.10301 0.99441
vn 0.02959 -0.10327 0.99421
vn 0.02001 -0.06124 0.99792
vn 0.0359 -0.07843 0.99627
vn 0.02063 -0.03799 0.99907
vn 0.04624 -0.07281 0.99627
vn 0.02561 -0.03483 0.99907
vn 0.05573 -0.06584 0.99627
vn 0.03012 -0.03101 0.99907
vn 0.05109 -0.05119 0.99738
vn 0.02098 -0.02018 0.99958
vn 0.03406 -0.02662 0.99907
vn 0.07142 -0.04836 0.99627
vn 0.03737 -0.02174 0.99907
vn 0.07734 -0.03819 0.99627
vn 0.03998 -0.01645 0.99907
vn 0.08182 -0.0273 0.99627
vn 0.04185 -0.01085 0.99907
vn 0.08234 -0.01815 0.99644
vn 0.12505 -0.02316 0.99188
vn 0.12067 -0.01673 0.99255
vn 0.12339 -0.0086 0.99232
vn 0.11048 -0.00298 0.99387
vn 0.11573 0.00813 0.99325
vn 0.10977 0.01314 0.99387
vn 0.11993 0.02141 0.99255
vn 0.12406 0.02801 0.99188
vn 0.08158 0.02134 0.99644
vn 0.08195 0.08096 0.99334
vn 0.04139 0.01247 0.99907
vn 0.0807 0.03046 0.99627
vn 0.03931 0.01799 0.99907
vn 0.0758 0.04117 0.99627
vn 0.03649 0.02318 0.99907
vn 0.06949 0.0511 0.99627
vn 0.033 0.02793 0.99907
vn 0.05317 0.04891 0.99739
vn 0.02018 0.02098 0.99958
vn 0.03282 0.07977 0.99627
vn 0.01914 0.03876 0.99907
vn 0.04338 0.07456 0.99627
vn 0.02424 0.0358 0.99907
vn 0.05312 0.06796 0.99627
vn 0.02889 0.03216 0.99907
vn 0.04906 0.05314 0.99738
vn -0.01085 0.10965 0.99391
vn -0.00492 0.11446 0.99342
vn 0.00016 0.12368 0.99232
vn 0.01123 0.12113 0.99257
vn 0.01735 0.12594 0.99189
vn 0.01918 0.10384 0.99441
vn 0.02555 0.10434 0.99421
vn 0.01761 0.06197 0.99792
vn 0.01368 0.04101 0.99907
vn -0.00474 0.02079 0.99977
vn -0.08503 0.07771 0.99334
vn -0.01672 0.11589 0.99312
vn -0.02223 0.12517 0.99189
vn -0.0232 0.10301 0.99441
vn -0.02959 0.10327 0.99421
vn -0.02001 0.06124 0.99792
vn -0.0359 0.07843 0.99627
vn -0.02063 0.03799 0.99907
vn -0.04624 0.07281 0.99627
vn -0.02561 0.03483 0.99907
vn -0.05573 0.06584 0.99627
vn -0.03012 0.03101 0.99907
vn -0.05109 0.05119 0.99738
vn -0.02098 0.02018 0.99958
vn -0.08182 0.0273 0.99627
vn -0.03998 0.01645 0.99907
vn -0.07734 0.03819 0.99627
vn -0.03737 0.02174 0.99907
vn -0.07142 0.04836 0.99627
vn -0.03406 0.02662 0.99907
vn -0.05504 0.0468 0.99739
vn -0.11993 -0.02141 0.99255
vn -0.10977 -0.01314 0.99387
vn -0.11573 -0.00813 0.99325
vn -0.11048 0.00298 0.99387
vn -0.12339 0.0086 0.99232
vn -0.12067 0.01673 0.99255
vn -0.12505 0.02316 0.99188
vn -0.08234 0.01815 0.99644
vn -0.04185 0.01085 0.99907
vn -0.97525 0.17848 0.13051
vn -0.96353 0.20389 0.17331
vn -0.9501 0.28336 0.13042
vn -0.93 0.32411 0.17337
vn -0.92052 0.36833 0.13027
vn -0.89293 0.41549 0.17331
vn -0.87891 0.45881 0.13041
vn -0.73039 0.66065 0.17339
vn -0.76473 0.63102 0.1304
vn -0.80253 0.57088 0.17331
vn -0.82875 0.5442 0.13047
vn -0.85283 0.50569 0.13025
vn -0.45861 0.87903 0.13034
vn -0.51257 0.84869 0.13041
vn -0.54706 0.81896 0.17331
vn -0.58853 0.79793 0.13016
vn -0.61982 0.76537 0.17332
vn -0.65843 0.74126 0.13041
vn -0.70439 0.69774 0.13036
vn -0.41785 0.89909 0.13051
vn -0.38908 0.90476 0.17331
vn -0.31771 0.93917 0.13042
vn -0.27285 0.94631 0.17337
vn -0.23127 0.96413 0.13029
vn -0.17549 0.96911 0.17331
vn -0.13202 0.98263 0.13041
vn 0.11716 0.97786 0.1734
vn 0.07314 0.98876 0.1304
vn 0.00359 0.98486 0.17331
vn -0.03471 0.99085 0.13046
vn -0.08005 0.98825 0.13024
vn 0.45244 0.88222 0.13033
vn 0.39776 0.90817 0.13041
vn 0.35359 0.91921 0.17331
vn 0.31119 0.94139 0.13018
vn 0.26653 0.94811 0.17333
vn 0.22455 0.9657 0.13041
vn 0.16247 0.97806 0.13037
vn 0.49237 0.86055 0.1305
vn 0.51479 0.83962 0.17331
vn 0.58295 0.80198 0.13042
vn 0.61468 0.76949 0.17338
vn 0.65325 0.74584 0.1303
vn 0.69053 0.70224 0.17331
vn 0.72665 0.67452 0.13041
vn 0.86579 0.46941 0.1734
vn 0.84926 0.51163 0.13039
vn 0.80667 0.56502 0.17331
vn 0.78864 0.60085 0.13045
vn 0.76032 0.63636 0.13022
vn 0.98147 0.14049 0.13031
vn 0.97133 0.19877 0.13041
vn 0.95487 0.24122 0.17331
vn 0.94814 0.28996 0.1302
vn 0.92782 0.33031 0.17334
vn 0.91792 0.37471 0.13042
vn 0.89214 0.43254 0.13038
vn 0.98685 0.09538 0.1305
vn 0.98281 0.06363 0.17331
vn 0.99138 -0.01239 0.13042
vn 0.9832 -0.05705 0.17338
vn 0.98619 -0.1022 0.13031
vn 0.97192 -0.15917 0.17331
vn 0.97011 -0.20467 0.13041
vn 0.92679 -0.33319 0.17331
vn 0.94609 -0.29648 0.13044
vn 0.9587 -0.25286 0.1302
vn 0.68177 -0.71987 0.1303
vn 0.72253 -0.67892 0.13041
vn 0.74772 -0.641 0.17331
vn 0.7845 -0.6063 0.13022
vn 0.8057 -0.56639 0.17334
vn 0.83621 -0.53267 0.13042
vn 0.87279 -0.45629 0.17331
vn 0.8891 -0.4387 0.13052
vn 0.90829 -0.39751 0.13038
vn 0.64807 -0.75032 0.13049
vn 0.61875 -0.76623 0.17331
vn 0.56272 -0.81629 0.13042
vn 0.52156 -0.83541 0.17339
vn 0.48642 -0.86395 0.13033
vn 0.43045 -0.88582 0.17331
vn 0.39223 -0.91058 0.13041
vn 0.26225 -0.94931 0.17331
vn 0.30468 -0.94348 0.13043
vn 0.34757 -0.92857 0.13018
vn -0.19359 -0.97239 0.13029
vn -0.13799 -0.98181 0.13041
vn -0.09248 -0.98052 0.17331
vn -0.04155 -0.99061 0.13024
vn 0.00328 -0.98485 0.17335
vn 0.04843 -0.99028 0.13042
vn 0.13055 -0.97618 0.17331
vn 0.15569 -0.97915 0.13052
vn 0.20039 -0.971 0.13037
vn -0.23792 -0.96248 0.13049
vn -0.26917 -0.94737 0.17331
vn -0.34108 -0.93094 0.13041
vn -0.38046 -0.9084 0.17339
vn -0.42407 -0.8962 0.13034
vn -0.47546 -0.8625 0.17331
vn -0.51772 -0.84555 0.13041
vn -0.62432 -0.7617 0.17331
vn -0.59399 -0.79383 0.13042
vn -0.55704 -0.82022 0.13016
vn -0.70919 -0.69284 0.13051
vn -0.72222 -0.6696 0.17331
vn -0.78025 -0.61172 0.13042
vn -0.8019 -0.57175 0.17336
vn -0.83251 -0.53848 0.13025
vn -0.85438 -0.48989 0.17331
vn -0.88169 -0.45346 0.13041
vn -0.98242 0.13362 0.13035
vn -0.98894 0.07067 0.13041
vn -0.98454 0.02535 0.17331
vn -0.98935 -0.06465 0.13041
vn -0.97882 -0.10895 0.17331
vn -0.97648 -0.17173 0.13035
vn -0.96124 -0.21438 0.17339
vn -0.95689 -0.25954 0.13041
vn -0.9292 -0.32643 0.17331
vn -0.92302 -0.36195 0.13048
vn -0.9055 -0.40386 0.13027
vn 0.95916 -0.02596 0.28167
vn 0.93557 -0.06811 0.3465
vn 0.94669 -0.15633 0.28167
vn 0.91759 -0.19487 0.3465
vn 0.91659 -0.28378 0.28167
vn 0.8825 -0.318 0.3465
vn 0.86941 -0.40594 0.28167
vn 0.83098 -0.43521 0.3465
vn 0.80604 -0.52055 0.28167
vn 0.76398 -0.54431 0.3465
vn 0.72765 -0.62545 0.28167
vn 0.68275 -0.64327 0.3465
vn 0.6357 -0.71871 0.28167
vn 0.5888 -0.73024 0.3465
vn 0.53192 -0.79858 0.28167
vn 0.48388 -0.80362 0.3465
vn 0.41823 -0.86357 0.28167
vn 0.36995 -0.86202 0.3465
vn 0.29674 -0.91247 0.28167
vn 0.24912 -0.90436 0.3465
vn 0.16973 -0.94438 0.28167
vn 0.12366 -0.92986 0.3465
vn 0.03955 -0.9587 0.28167
vn -0.00411 -0.93804 0.3465
vn -0.09136 -0.95515 0.28167
vn -0.1318 -0.92874 0.3465
vn -0.22057 -0.93382 0.28167
vn -0.25704 -0.90215 0.3465
vn -0.34567 -0.89509 0.28167
vn -0.37749 -0.85874 0.3465
vn -0.46433 -0.83968 0.28167
vn -0.4909 -0.79935 0.3465
vn -0.57434 -0.76863 0.28167
vn -0.59517 -0.72506 0.3465
vn -0.67365 -0.68327 0.28167
vn -0.68836 -0.63726 0.3465
vn -0.76042 -0.58518 0.28167
vn -0.76872 -0.53759 0.3465
vn -0.83301 -0.47618 0.28167
vn -0.83476 -0.42791 0.3465
vn -0.8901 -0.35832 0.28167
vn -0.88526 -0.31026 0.3465
vn -0.9306 -0.23378 0.28167
vn -0.91926 -0.18683 0.3465
vn -0.95376 -0.10489 0.28167
vn -0.93613 -0.05991 0.3465
vn -0.95916 0.02596 0.28167
vn -0.93557 0.06811 0.3465
vn -0.94669 0.15633 0.28167
vn -0.91759 0.19487 0.3465
vn -0.91659 0.28378 0.28167
vn -0.8825 0.318 0.3465
vn -0.86941 0.40594 0.28167
vn -0.83098 0.43521 0.3465
vn -0.80604 0.52055 0.28167
vn -0.76398 0.54431 0.3465
vn -0.72765 0.62545 0.28167
vn -0.68275 0.64327 0.3465
vn -0.6357 0.71871 0.28167
vn -0.5888 0.73024 0.3465
vn -0.53192 0.79858 0.28167
vn -0.48388 0.80362 0.3465
vn -0.41823 0.86357 0.28167
vn -0.36995 0.86202 0.3465
vn -0.29674 0.91247 0.28167
vn -0.24912 0.90436 0.3465
vn -0.16973 0.94438 0.28167
vn -0.12366 0.92986 0.3465
vn -0.03955 0.9587 0.28167
vn 0.00411 0.93804 0.3465
vn 0.09136 0.95515 0.28167
vn 0.1318 0.92874 0.3465
vn 0.22057 0.93382 0.28167
vn 0.25704 0.90215 0.3465
vn 0.34567 0.89509 0.28167
vn 0.37749 0.85874 0.3465
vn 0.46433 0.83968 0.28167
vn 0.4909 0.79935 0.3465
vn 0.57434 0.76863 0.28167
vn 0.59517 0.72506 0.3465
vn 0.67365 0.68327 0.28167
vn 0.68836 0.63726 0.3465
vn 0.76042 0.58518 0.28167
vn 0.76872 0.53759 0.3465
vn 0.83301 0.47618 0.28167
vn 0.83476 0.42791 0.3465
vn 0.8901 0.35832 0.28167
vn 0.88526 0.31026 0.3465
vn 0.9306 0.23378 0.28167
vn 0.91926 0.18683 0.3465
vn 0.95376 0.10489 0.28167
vn 0.93613 0.05991 0.3465
vn 0.88207 -0.02453 0.47047
vn 0.84599 -0.06226 0.52955
vn 0.87052 -0.14441 0.47047
vn 0.82963 -0.17688 0.52955
vn 0.84275 -0.2616 0.47047
vn 0.79782 -0.2882 0.52955
vn 0.79927 -0.37392 0.47047
vn 0.75115 -0.39415 0.52955
vn 0.74091 -0.47927 0.47047
vn 0.69048 -0.49276 0.52955
vn 0.66875 -0.57569 0.47047
vn 0.61695 -0.58219 0.52955
vn 0.58413 -0.66139 0.47047
vn 0.53193 -0.66078 0.52955
vn 0.48863 -0.73477 0.47047
vn 0.437 -0.72706 0.52955
vn 0.38403 -0.79447 0.47047
vn 0.33393 -0.77979 0.52955
vn 0.27227 -0.83936 0.47047
vn 0.22464 -0.818 0.52955
vn 0.15545 -0.86861 0.47047
vn 0.11116 -0.84096 0.52955
vn 0.03572 -0.88169 0.47047
vn -0.00439 -0.84827 0.52955
vn -0.08467 -0.87834 0.47047
vn -0.11985 -0.83977 0.52955
vn -0.20348 -0.85863 0.47047
vn -0.23308 -0.81563 0.52955
vn -0.3185 -0.82293 0.47047
vn -0.34197 -0.77629 0.52955
vn -0.42759 -0.77189 0.47047
vn -0.44449 -0.7225 0.52955
vn -0.52871 -0.70648 0.47047
vn -0.53873 -0.65524 0.52955
vn -0.61999 -0.62791 0.47047
vn -0.62294 -0.57578 0.52955
vn -0.69971 -0.53764 0.47047
vn -0.69554 -0.4856 0.52955
vn -0.76641 -0.43735 0.47047
vn -0.75518 -0.38636 0.52955
vn -0.81882 -0.32892 0.47047
vn -0.80076 -0.27993 0.52955
vn -0.85598 -0.21436 0.47047
vn -0.83142 -0.16829 0.52955
vn -0.8772 -0.09581 0.47047
vn -0.84659 -0.05351 0.52955
vn -0.88207 0.02453 0.47047
vn -0.84599 0.06226 0.52955
vn -0.87052 0.14441 0.47047
vn -0.82963 0.17688 0.52955
vn -0.84275 0.2616 0.47047
vn -0.79782 0.2882 0.52955
vn -0.79927 0.37392 0.47047
vn -0.75115 0.39415 0.52955
vn -0.74091 0.47927 0.47047
vn -0.69048 0.49276 0.52955
vn -0.66875 0.57569 0.47047
vn -0.61695 0.58219 0.52955
vn -0.58413 0.66139 0.47047
vn -0.53193 0.66078 0.52955
vn -0.48863 0.73477 0.47047
vn -0.437 0.72706 0.52955
vn -0.38403 0.79447 0.47047
vn -0.33393 0.77979 0.52955
vn -0.27227 0.83936 0.47047
vn -0.22464 0.818 0.52955
vn -0.15545 0.86861 0.47047
vn -0.11116 0.84096 0.52955
vn -0.03572 0.88169 0.47047
vn 0.00439 0.84827 0.52955
vn 0.08467 0.87834 0.47047
vn 0.11985 0.83977 0.52955
vn 0.20348 0.85863 0.47047
vn 0.23308 0.81563 0.52955
vn 0.3185 0.82293 0.47047
vn 0.34197 0.77629 0.52955
vn 0.42759 0.77189 0.47047
vn 0.44449 0.7225 0.52955
vn 0.52871 0.70648 0.47047
vn 0.53873 0.65524 0.52955
vn 0.61999 0.62791 0.47047
vn 0.62294 0.57578 0.52955
vn 0.69971 0.53764 0.47047
vn 0.69554 0.4856 0.52955
vn 0.76641 0.43735 0.47047
vn 0.75518 0.38636 0.52955
vn 0.81882 0.32892 0.47047
vn 0.80076 0.27993 0.52955
vn 0.85598 0.21436 0.47047
vn 0.83142 0.16829 0.52955
vn 0.8772 0.09581 0.47047
vn 0.84659 0.05351 0.52955
vn 0.76839 -0.02208 0.6396
vn 0.72135 -0.05383 0.69047
vn 0.75822 -0.1265 0.6396
vn 0.7073 -0.15156 0.69047
vn 0.73394 -0.22857 0.6396
vn 0.68008 -0.24646 0.69047
vn 0.69598 -0.32638 0.6396
vn 0.64019 -0.33676 0.69047
vn 0.64505 -0.41811 0.6396
vn 0.58837 -0.4208 0.69047
vn 0.58211 -0.50205 0.6396
vn 0.52559 -0.497 0.69047
vn 0.50833 -0.57664 0.6396
vn 0.45302 -0.56393 0.69047
vn 0.42507 -0.64048 0.6396
vn 0.37201 -0.62037 0.69047
vn 0.3339 -0.6924 0.6396
vn 0.28407 -0.66524 0.69047
vn 0.23651 -0.73142 0.6396
vn 0.19084 -0.69773 0.69047
vn 0.13471 -0.75681 0.6396
vn 0.09406 -0.71722 0.69047
vn 0.03041 -0.7681 0.6396
vn -0.00448 -0.72334 0.69047
vn -0.07447 -0.76509 0.6396
vn -0.10293 -0.716 0.69047
vn -0.17795 -0.74782 0.6396
vn -0.19947 -0.69531 0.69047
vn -0.27812 -0.71663 0.6396
vn -0.29229 -0.66167 0.69047
vn -0.37311 -0.67208 0.6396
vn -0.37967 -0.61571 0.69047
vn -0.46115 -0.61502 0.6396
vn -0.45997 -0.55828 0.69047
vn -0.5406 -0.54649 0.6396
vn -0.5317 -0.49045 0.69047
vn -0.60998 -0.46779 0.6396
vn -0.59353 -0.41348 0.69047
vn -0.668 -0.38037 0.6396
vn -0.64431 -0.32881 0.69047
vn -0.71357 -0.28587 0.6396
vn -0.68308 -0.23801 0.69047
vn -0.74585 -0.18605 0.6396
vn -0.70913 -0.14278 0.69047
vn -0.76424 -0.08275 0.6396
vn -0.72196 -0.04489 0.69047
vn -0.76839 0.02208 0.6396
vn -0.72135 0.05383 0.69047
vn -0.75822 0.1265 0.6396
vn -0.7073 0.15156 0.69047
vn -0.73394 0.22857 0.6396
vn -0.68008 0.24646 0.69047
vn -0.69598 0.32638 0.6396
vn -0.64019 0.33676 0.69047
vn -0.64505 0.41811 0.6396
vn -0.58837 0.4208 0.69047
vn -0.58211 0.50205 0.6396
vn -0.52559 0.497 0.69047
vn -0.50833 0.57664 0.6396
vn -0.45302 0.56393 0.69047
vn -0.42507 0.64048 0.6396
vn -0.37201 0.62037 0.69047
vn -0.3339 0.6924 0.6396
vn -0.28407 0.66524 0.69047
vn -0.23651 0.73142 0.6396
vn -0.19084 0.69773 0.69047
vn -0.13471 0.75681 0.6396
vn -0.09406 0.71722 0.69047
vn -0.03041 0.7681 0.6396
vn 0.00448 0.72334 0.69047
vn 0.07447 0.76509 0.6396
vn 0.10293 0.716 0.69047
vn 0.17795 0.74782 0.6396
vn 0.19947 0.69531 0.69047
vn 0.27812 0.71663 0.6396
vn 0.29229 0.66167 0.69047
vn 0.37311 0.67208 0.6396
vn 0.37967 0.61571 0.69047
vn 0.46115 0.61502 0.6396
vn 0.45997 0.55828 0.69047
vn 0.5406 0.54649 0.6396
vn 0.5317 0.49045 0.69047
vn 0.60998 0.46779 0.6396
vn 0.59353 0.41348 0.69047
vn 0.668 0.38037 0.6396
vn 0.64431 0.32881 0.69047
vn 0.71357 0.28587 0.6396
vn 0.68308 0.23801 0.69047
vn 0.74585 0.18605 0.6396
vn 0.70913 0.14278 0.69047
vn 0.76424 0.08275 0.6396
vn 0.72196 0.04489 0.69047
vn 0.62292 -0.01872 0.78207
vn 0.56691 -0.04318 0.82264
vn 0.61456 -0.10336 0.78207
vn 0.55576 -0.11997 0.82264
vn 0.59477 -0.18608 0.78207
vn 0.53424 -0.19453 0.82264
vn 0.56389 -0.26534 0.78207
vn 0.50278 -0.26546 0.82264
vn 0.52251 -0.33965 0.78207
vn 0.46195 -0.33145 0.82264
vn 0.47139 -0.40763 0.78207
vn 0.41251 -0.39127 0.82264
vn 0.41149 -0.46802 0.78207
vn 0.35539 -0.44379 0.82264
vn 0.34393 -0.5197 0.78207
vn 0.29165 -0.48805 0.82264
vn 0.26996 -0.56169 0.78207
vn 0.22248 -0.52322 0.82264
vn 0.19096 -0.59322 0.78207
vn 0.14916 -0.54864 0.82264
vn 0.10841 -0.61369 0.78207
vn 0.07307 -0.56384 0.82264
vn 0.02383 -0.62274 0.78207
vn -0.00439 -0.56854 0.82264
vn -0.06118 -0.62019 0.78207
vn -0.08177 -0.56265 0.82264
vn -0.14506 -0.60608 0.78207
vn -0.15762 -0.54627 0.82264
vn -0.22624 -0.58068 0.78207
vn -0.23053 -0.51972 0.82264
vn -0.3032 -0.54447 0.78207
vn -0.29915 -0.48349 0.82264
vn -0.37452 -0.49811 0.78207
vn -0.3622 -0.43825 0.82264
vn -0.43885 -0.44247 0.78207
vn -0.41851 -0.38485 0.82264
vn -0.49502 -0.37859 0.78207
vn -0.46701 -0.32428 0.82264
vn -0.54196 -0.30766 0.78207
vn -0.50682 -0.25767 0.82264
vn -0.5788 -0.231 0.78207
vn -0.53718 -0.18626 0.82264
vn -0.60487 -0.15004 0.78207
vn -0.55754 -0.11137 0.82264
vn -0.61966 -0.06628 0.78207
vn -0.56751 -0.03442 0.82264
vn -0.62292 0.01872 0.78207
vn -0.56691 0.04318 0.82264
vn -0.61456 0.10336 0.78207
vn -0.55576 0.11997 0.82264
vn -0.59477 0.18608 0.78207
vn -0.53424 0.19453 0.82264
vn -0.56389 0.26534 0.78207
vn -0.50278 0.26546 0.82264
vn -0.52251 0.33965 0.78207
vn -0.46195 0.33145 0.82264
vn -0.47139 0.40763 0.78207
vn -0.41251 0.39127 0.82264
vn -0.41149 0.46802 0.78207
vn -0.35539 0.44379 0.82264
vn -0.34393 0.5197 0.78207
vn -0.29165 0.48805 0.82264
vn -0.26996 0.56169 0.78207
vn -0.22248 0.52322 0.82264
vn -0.19096 0.59322 0.78207
vn -0.14916 0.54864 0.82264
vn -0.10841 0.61369 0.78207
vn -0.07307 0.56384 0.82264
vn -0.02383 0.62274 0.78207
vn 0.00439 0.56854 0.82264
vn 0.06118 0.62019 0.78207
vn 0.08177 0.56265 0.82264
vn 0.14506 0.60608 0.78207
vn 0.15762 0.54627 0.82264
vn 0.22624 0.58068 0.78207
vn 0.23053 0.51972 0.82264
vn 0.3032 0.54447 0.78207
vn 0.29915 0.48349 0.82264
vn 0.37452 0.49811 0.78207
vn 0.3622 0.43825 0.82264
vn 0.43885 0.44247 0.78207
vn 0.41851 0.38485 0.82264
vn 0.49502 0.37859 0.78207
vn 0.46701 0.32428 0.82264
vn 0.54196 0.30766 0.78207
vn 0.50682 0.25767 0.82264
vn 0.5788 0.231 0.78207
vn 0.53718 0.18626 0.82264
vn 0.60487 0.15004 0.78207
vn 0.55754 0.11137 0.82264
vn 0.61966 0.06628 0.78207
vn 0.56751 0.03442 0.82264
vn 0.45176 -0.01458 0.89202
vn 0.38913 -0.03074 0.92067
vn 0.44557 -0.07596 0.89202
vn 0.38132 -0.08344 0.92067
vn 0.43108 -0.13593 0.89202
vn 0.36641 -0.13459 0.92067
vn 0.40855 -0.19336 0.89202
vn 0.34467 -0.18323 0.92067
vn 0.37842 -0.24719 0.89202
vn 0.31651 -0.22846 0.92067
vn 0.34123 -0.29641 0.89202
vn 0.28245 -0.26943 0.92067
vn 0.29769 -0.34012 0.89202
vn 0.24313 -0.30538 0.92067
vn 0.24861 -0.37749 0.89202
vn 0.19929 -0.33564 0.92067
vn 0.19489 -0.40782 0.89202
vn 0.15173 -0.35965 0.92067
vn 0.13755 -0.43056 0.89202
vn 0.10134 -0.37696 0.92067
vn 0.07764 -0.44528 0.89202
vn 0.04907 -0.38725 0.92067
vn 0.01628 -0.4517 0.89202
vn -0.00412 -0.39032 0.92067
vn -0.04538 -0.44971 0.89202
vn -0.05723 -0.38613 0.92067
vn -0.10619 -0.43935 0.89202
vn -0.10927 -0.37474 0.92067
vn -0.16503 -0.42079 0.89202
vn -0.15928 -0.35637 0.92067
vn -0.22079 -0.3944 0.89202
vn -0.20632 -0.33136 0.92067
vn -0.27244 -0.36067 0.89202
vn -0.24952 -0.30018 0.92067
vn -0.31901 -0.32021 0.89202
vn -0.28807 -0.26341 0.92067
vn -0.35964 -0.27379 0.89202
vn -0.32126 -0.22173 0.92067
vn -0.39357 -0.22227 0.89202
vn -0.34846 -0.17592 0.92067
vn -0.42017 -0.16661 0.89202
vn -0.36917 -0.12683 0.92067
vn -0.43894 -0.10784 0.89202
vn -0.383 -0.07538 0.92067
vn -0.44954 -0.04707 0.89202
vn -0.38969 -0.02253 0.92067
vn -0.45176 0.01458 0.89202
vn -0.38913 0.03074 0.92067
vn -0.44557 0.07596 0.89202
vn -0.38132 0.08344 0.92067
vn -0.43108 0.13593 0.89202
vn -0.36641 0.13459 0.92067
vn -0.40855 0.19336 0.89202
vn -0.34467 0.18323 0.92067
vn -0.37842 0.24719 0.89202
vn -0.31651 0.22846 0.92067
vn -0.34123 0.29641 0.89202
vn -0.28245 0.26943 0.92067
vn -0.29769 0.34012 0.89202
vn -0.24313 0.30538 0.92067
vn -0.24861 0.37749 0.89202
vn -0.19929 0.33564 0.92067
vn -0.19489 0.40782 0.89202
vn -0.15173 0.35965 0.92067
vn -0.13755 0.43056 0.89202
vn -0.10134 0.37696 0.92067
vn -0.07764 0.44528 0.89202
vn -0.04907 0.38725 0.92067
vn -0.01628 0.4517 0.89202
vn 0.00412 0.39032 0.92067
vn 0.04538 0.44971 0.89202
vn 0.05723 0.38613 0.92067
vn 0.10619 0.43935 0.89202
vn 0.10927 0.37474 0.92067
vn 0.16503 0.42079 0.89202
vn 0.15928 0.35637 0.92067
vn 0.22079 0.3944 0.89202
vn 0.20632 0.33136 0.92067
vn 0.27244 0.36067 0.89202
vn 0.24952 0.30018 0.92067
vn 0.31901 0.32021 0.89202
vn 0.28807 0.26341 0.92067
vn 0.35964 0.27379 0.89202
vn 0.32126 0.22173 0.92067
vn 0.39357 0.22227 0.89202
vn 0.34846 0.17592 0.92067
vn 0.42017 0.16661 0.89202
vn 0.36917 0.12683 0.92067
vn 0.43894 0.10784 0.89202
vn 0.383 0.07538 0.92067
vn 0.44954 0.04707 0.89202
vn 0.38969 0.02253 0.92067
vn 0.26204 -0.00985 0.96501
vn 0.19537 -0.01705 0.98058
vn 0.25826 -0.04544 0.96501
vn 0.19123 -0.04349 0.98058
vn 0.24967 -0.08018 0.96501
vn 0.18352 -0.06912 0.98058
vn 0.23643 -0.11343 0.96501
vn 0.1724 -0.09347 0.98058
vn 0.21878 -0.14457 0.96501
vn 0.15807 -0.11607 0.98058
vn 0.19706 -0.17301 0.96501
vn 0.14079 -0.13652 0.98058
vn 0.17166 -0.19823 0.96501
vn 0.12089 -0.15442 0.98058
vn 0.14307 -0.21976 0.96501
vn 0.09874 -0.16944 0.98058
vn 0.11181 -0.23719 0.96501
vn 0.07475 -0.18131 0.98058
vn 0.07847 -0.25021 0.96501
vn 0.04936 -0.1898 0.98058
vn 0.04367 -0.25856 0.96501
vn 0.02306 -0.19475 0.98058
vn 0.00806 -0.2621 0.96501
vn -0.00367 -0.19608 0.98058
vn -0.02771 -0.26076 0.96501
vn -0.03034 -0.19375 0.98058
vn -0.06295 -0.25456 0.96501
vn -0.05644 -0.18781 0.98058
vn -0.09703 -0.24361 0.96501
vn -0.08149 -0.17838 0.98058
vn -0.1293 -0.22813 0.96501
vn -0.10502 -0.16562 0.98058
vn -0.15916 -0.2084 0.96501
vn -0.12659 -0.14978 0.98058
vn -0.18605 -0.18479 0.96501
vn -0.14581 -0.13115 0.98058
vn -0.20948 -0.15773 0.96501
vn -0.16231 -0.11007 0.98058
vn -0.22901 -0.12774 0.96501
vn -0.17578 -0.08695 0.98058
vn -0.24427 -0.09537 0.96501
vn -0.18599 -0.0622 0.98058
vn -0.25498 -0.06122 0.96501
vn -0.19272 -0.0363 0.98058
vn -0.26094 -0.02593 0.96501
vn -0.19587 -0.00972 0.98058
vn -0.26204 0.00985 0.96501
vn -0.19537 0.01705 0.98058
vn -0.25826 0.04544 0.96501
vn -0.19123 0.04349 0.98058
vn -0.24967 0.08018 0.96501
vn -0.18352 0.06912 0.98058
vn -0.23643 0.11343 0.96501
vn -0.1724 0.09347 0.98058
vn -0.21878 0.14457 0.96501
vn -0.15807 0.11607 0.98058
vn -0.19706 0.17301 0.96501
vn -0.14079 0.13652 0.98058
vn -0.17166 0.19823 0.96501
vn -0.12089 0.15442 0.98058
vn -0.14307 0.21976 0.96501
vn -0.09874 0.16944 0.98058
vn -0.11181 0.23719 0.96501
vn -0.07475 0.18131 0.98058
vn -0.07847 0.25021 0.96501
vn -0.04936 0.1898 0.98058
vn -0.04367 0.25856 0.96501
vn -0.02306 0.19475 0.98058
vn -0.00806 0.2621 0.96501
vn 0.00367 0.19608 0.98058
vn 0.02771 0.26076 0.96501
vn 0.03034 0.19375 0.98058
vn 0.06295 0.25456 0.96501
vn 0.05644 0.18781 0.98058
vn 0.09703 0.24361 0.96501
vn 0.08149 0.17838 0.98058
vn 0.1293 0.22813 0.96501
vn 0.10502 0.16562 0.98058
vn 0.15916 0.2084 0.96501
vn 0.12659 0.14978 0.98058
vn 0.18605 0.18479 0.96501
vn 0.14581 0.13115 0.98058
vn 0.20948 0.15773 0.96501
vn 0.16231 0.11007 0.98058
vn 0.22901 0.12774 0.96501
vn 0.17578 0.08695 0.98058
vn 0.24427 0.09537 0.96501
vn 0.18599 0.0622 0.98058
vn 0.25498 0.06122 0.96501
vn 0.19272 0.0363 0.98058
vn 0.26094 0.02593 0.96501
vn 0.19587 0.00972 0.98058
vn -0.55828 -0.82965 0
vn -0.60668 -0.79495 0
vn -0.66778 -0.74436 0
vn -0.69836 -0.71575 0
vn -0.74412 -0.66805 0
vn -0.7644 -0.64474 0
vn -0.81565 -0.57854 0
vn -0.09173 -0.99578 0
vn -0.15302 -0.98822 0
vn -0.22873 -0.97349 0
vn -0.26928 -0.96306 0
vn -0.33023 -0.9439 0
vn -0.3613 -0.93245 0
vn -0.43803 -0.89896 0
vn -0.47538 -0.87978 0
vn -0.52308 -0.85228 0
vn 0.39731 -0.91768 0
vn 0.33784 -0.9412 0
vn 0.26642 -0.96386 0
vn 0.22585 -0.97416 0
vn 0.16535 -0.98624 0
vn 0.13042 -0.99146 0
vn 0.04702 -0.99889 0
vn 0.00506 -0.99999 0
vn -0.05 -0.99875 0
vn 0.78891 -0.61451 -0
vn 0.74656 -0.66532 -0
vn 0.69623 -0.71782 -0
vn 0.66558 -0.74633 -0
vn 0.62002 -0.78458 -0
vn 0.59015 -0.80729 -0
vn 0.52055 -0.85383 -0
vn 0.48425 -0.87493 -0
vn 0.43535 -0.90026 -0
vn 0.98702 -0.16062 -0
vn 0.97374 -0.22766 -0
vn 0.95527 -0.29573 -0
vn 0.94206 -0.33544 -0
vn 0.92131 -0.38883 -0
vn 0.90514 -0.42512 -0
vn 0.8664 -0.49936 -0
vn 0.84468 -0.53528 -0
vn 0.81392 -0.58097 -0
vn 0.94304 0.33267 -0
vn 0.96415 0.26536 -0
vn 0.98002 0.19889 -0
vn 0.98748 0.15772 -0
vn 0.99467 0.10311 -0
vn 0.99812 0.06132 -0
vn 0.99975 -0.02241 -0
vn 0.99793 -0.06434 -0
vn 0.99287 -0.11919 -0
vn 0.66778 0.74436 -0
vn 0.72011 0.69386 -0
vn 0.76441 0.64473 -0
vn 0.79071 0.61219 -0
vn 0.82196 0.56954 -0
vn 0.8463 0.53271 -0
vn 0.8879 0.46004 -0
vn 0.90642 0.42238 -0
vn 0.9283 0.37183 -0
vn 0.22873 0.97349 -0
vn 0.30098 0.95363 -0
vn 0.36131 0.93244 -0
vn 0.4 0.91652 -0
vn 0.44592 0.89507 -0
vn 0.48691 0.87345 -0
vn 0.55828 0.82965 -0
vn 0.59258 0.80551 -0
vn 0.63604 0.77165 -0
vn -0.26642 0.96386 -0
vn -0.19135 0.98152 -0
vn -0.1304 0.99146 -0
vn -0.08881 0.99605 -0
vn -0.04044 0.99918 -0
vn 0.0081 0.99997 -0
vn 0.09173 0.99578 -0
vn 0.13341 0.99106 -0
vn 0.18778 0.98221 -0
vn -0.69623 0.71782 0
vn -0.63714 0.77075 0
vn -0.59013 0.80731 0
vn -0.55584 0.83129 0
vn -0.51679 0.85611 0
vn -0.47269 0.88123 0
vn -0.39731 0.91768 -0
vn -0.35849 0.93353 -0
vn -0.30654 0.95186 -0
vn -0.95527 0.29573 0
vn -0.92801 0.37255 0
vn -0.90512 0.42515 0
vn -0.88654 0.46265 0
vn -0.8653 0.50126 0
vn -0.83755 0.54636 0
vn -0.78891 0.61451 0
vn -0.76246 0.64703 0
vn -0.72567 0.68804 0
vn -0.83922 -0.5438 0
vn -0.86787 -0.49679 0
vn -0.8879 -0.46004 0
vn -0.91282 -0.40837 0
vn -0.94304 -0.33267 0
vn -0.95615 -0.29288 0
vn -0.97391 -0.22693 0
vn -0.98002 -0.19889 0
vn -0.99322 -0.11623 0
vn -0.99723 -0.07445 0
vn -0.99699 0.0775 0
vn -0.98702 0.16062 0
vn -0.97942 0.20183 0
vn -0.96682 0.25546 0
vn -0.85267 0.51512 0.08716
vn -0.07362 0.99347 0.08716
vn 0.76743 0.63518 0.08716
vn 0.9622 -0.25802 0.08716
vn 0.34666 -0.93393 0.08716
vn -0.56081 -0.82334 0.08716
vn -0.94017 -0.32929 0.08751
vn -0.95141 -0.29527 0.08742
vn -0.83199 -0.5479 0.08716
vn -0.865 -0.49409 0.08747
vn -0.89038 -0.44676 0.08738
vn -0.91366 -0.39703 0.08716
vn -0.80619 -0.58518 0.08728
vn -0.76741 -0.63517 0.08742
vn -0.7256 -0.68257 0.08722
vn -0.6129 -0.7853 0.08751
vn -0.64706 -0.75741 0.08743
vn -0.69379 -0.71488 0.08719
vn -0.52161 -0.8487 0.08734
vn -0.46788 -0.87946 0.08744
vn -0.41122 -0.90736 0.08718
vn -0.03492 -0.99558 0.08716
vn -0.0979 -0.99134 0.08747
vn -0.14983 -0.98484 0.08739
vn -0.20522 -0.97483 0.08717
vn -0.27712 -0.95684 0.08751
vn -0.31004 -0.94669 0.08742
vn -0.3695 -0.92513 0.08723
vn 0.01041 -0.99613 0.08729
vn 0.07362 -0.99345 0.08742
vn 0.13648 -0.9868 0.08721
vn 0.28417 -0.95477 0.08751
vn 0.24297 -0.96608 0.08743
vn 0.18124 -0.97957 0.08719
vn 0.39129 -0.91611 0.08735
vn 0.44622 -0.89064 0.08744
vn 0.50177 -0.8606 0.08718
vn 0.79156 -0.60485 0.08716
vn 0.75164 -0.65375 0.08748
vn 0.71723 -0.69134 0.0874
vn 0.67604 -0.73169 0.08717
vn 0.61868 -0.78076 0.08751
vn 0.59242 -0.80087 0.08742
vn 0.54041 -0.83687 0.08724
vn 0.81824 -0.5682 0.08729
vn 0.85266 -0.5151 0.08742
vn 0.88362 -0.46001 0.0872
vn 0.94257 -0.32234 0.08751
vn 0.92839 -0.36118 0.08743
vn 0.90364 -0.41933 0.0872
vn 0.9738 -0.20997 0.08735
vn 0.98454 -0.15178 0.08745
vn 0.9922 -0.0891 0.08717
vn 0.95144 0.29525 0.08716
vn 0.9682 0.2344 0.08748
vn 0.97867 0.18592 0.08741
vn 0.98798 0.12763 0.08717
vn 0.99485 0.05107 0.08751
vn 0.99598 0.0194 0.08742
vn 0.99522 -0.04386 0.08724
vn 0.93701 0.33822 0.0873
vn 0.91363 0.39703 0.08743
vn 0.88664 0.45416 0.0872
vn 0.80931 0.58082 0.08751
vn 0.83197 0.5479 0.08742
vn 0.86506 0.49404 0.0872
vn 0.73404 0.67346 0.08736
vn 0.69373 0.7149 0.08745
vn 0.64707 0.75743 0.08717
vn 0.61193 0.78609 0.08725
vn 0.5608 0.82332 0.08742
vn 0.50745 0.85726 0.08724
vn 0.31007 0.94671 0.08716
vn 0.3694 0.92514 0.08749
vn 0.41374 0.90619 0.08742
vn 0.46791 0.87946 0.08718
vn 0.26668 0.95982 0.08731
vn 0.2052 0.97481 0.08743
vn 0.143 0.98587 0.08719
vn -0.00368 0.99616 0.08751
vn 0.0349 0.99556 0.08742
vn 0.09799 0.99136 0.08721
vn -0.12553 0.98824 0.08737
vn -0.18129 0.97953 0.08745
vn -0.24298 0.96611 0.08717
vn -0.28669 0.95404 0.08726
vn -0.34665 0.93391 0.08742
vn -0.40521 0.91005 0.08723
vn -0.59242 0.8009 0.08716
vn -0.54049 0.83679 0.0875
vn -0.50055 0.86128 0.08742
vn -0.4462 0.89068 0.08718
vn -0.62822 0.77312 0.08732
vn -0.67604 0.73166 0.08743
vn -0.72107 0.68735 0.08719
vn -0.81358 0.57483 0.08751
vn -0.79155 0.60482 0.08742
vn -0.7516 0.65383 0.08722
vn -0.8791 0.46856 0.08737
vn -0.90364 0.41926 0.08746
vn -0.92841 0.36119 0.08716
vn -0.94387 0.31857 0.08727
vn -0.96218 0.25801 0.08742
vn -0.97662 0.19647 0.08722
vn -0.96824 -0.23431 0.08722
vn -0.9779 -0.19001 0.08718
vn -0.98796 -0.12765 0.08743
vn -0.99408 -0.06466 0.08734
vn -0.9952 0.04374 0.08751
vn -0.99218 0.08912 0.08743
vn -0.98456 0.15182 0.08718
vn -0.02009 -0.08635 -0.99606
vn -0.08328 -0.03041 -0.99606
vn 0.02009 0.08635 -0.99606
vn 0.08328 0.03041 -0.99606
vn -0.95824 0.22406 -0.1777
vn -0.95602 0.27955 -0.08872
vn -0.91901 0.35184 -0.17784
vn -0.90912 0.40693 -0.08893
vn -0.88405 0.4589 -0.08866
vn -0.84745 0.50021 -0.17782
vn -0.82852 0.55285 -0.08891
vn -0.77877 0.62101 -0.08874
vn -0.73462 0.6548 -0.17771
vn -0.70618 0.70246 -0.08871
vn -0.64079 0.74683 -0.17784
vn -0.60587 0.79058 -0.08893
vn -0.55725 0.8256 -0.08866
vn -0.50533 0.84441 -0.1778
vn -0.46358 0.88158 -0.08889
vn -0.38729 0.91768 -0.08876
vn -0.33232 0.92627 -0.17771
vn -0.2846 0.95453 -0.0887
vn -0.2081 0.9618 -0.17784
vn -0.15657 0.98366 -0.08893
vn -0.09495 0.99153 -0.08866
vn -0.04032 0.98324 -0.17778
vn 0.01409 0.99594 -0.08887
vn 0.09837 0.99118 -0.08877
vn 0.15079 0.97246 -0.17772
vn 0.20619 0.97448 -0.08869
vn 0.27475 0.94493 -0.17784
vn 0.33047 0.93962 -0.08893
vn 0.39045 0.91634 -0.08867
vn 0.43451 0.88295 -0.17777
vn 0.48834 0.86812 -0.08885
vn 0.56011 0.82365 -0.08878
vn 0.59723 0.78213 -0.17772
vn 0.64684 0.75745 -0.08869
vn 0.69137 0.70027 -0.17784
vn 0.73785 0.66908 -0.08893
vn 0.98146 0.16994 -0.08867
vn 0.96737 0.23727 -0.08893
vn 0.94133 0.28682 -0.17784
vn 0.93018 0.35622 -0.08868
vn 0.89841 0.40158 -0.17773
vn 0.88563 0.45582 -0.0888
vn 0.82854 0.53094 -0.17784
vn 0.81412 0.57385 -0.08888
vn 0.7809 0.61833 -0.08867
vn 0.98938 0.11499 -0.08888
vn 0.98138 0.0726 -0.17784
vn 0.99579 -0.02285 -0.08881
vn 0.98109 -0.07665 -0.17774
vn 0.98732 -0.13163 -0.08867
vn 0.96439 -0.19578 -0.17784
vn 0.9637 -0.25175 -0.08893
vn 0.67581 -0.73172 -0.08869
vn 0.72773 -0.68007 -0.08893
vn 0.75498 -0.63118 -0.17784
vn 0.80437 -0.58748 -0.08867
vn 0.82515 -0.53622 -0.17775
vn 0.86379 -0.49597 -0.08883
vn 0.89765 -0.40323 -0.17784
vn 0.92404 -0.37183 -0.08887
vn 0.94334 -0.31977 -0.08868
vn 0.63398 -0.76823 -0.08887
vn 0.59754 -0.78187 -0.17784
vn 0.52174 -0.84847 -0.08885
vn 0.46853 -0.86538 -0.17777
vn 0.4258 -0.90046 -0.08867
vn 0.36357 -0.91443 -0.17784
vn 0.31634 -0.94447 -0.08893
vn -0.24725 -0.96488 -0.0887
vn -0.17131 -0.9812 -0.08893
vn -0.11547 -0.97726 -0.17784
vn -0.0563 -0.99447 -0.08866
vn -0.00204 -0.98407 -0.17778
vn 0.05282 -0.99464 -0.08887
vn 0.1534 -0.97203 -0.17784
vn 0.18974 -0.97781 -0.08886
vn 0.24394 -0.96573 -0.08869
vn -0.30064 -0.94959 -0.08886
vn -0.32773 -0.92788 -0.17784
vn -0.42894 -0.89895 -0.08889
vn -0.4721 -0.86343 -0.1778
vn -0.52472 -0.84665 -0.08866
vn -0.56668 -0.80452 -0.17784
vn -0.61766 -0.7814 -0.08893
vn -0.88129 -0.43784 -0.17784
vn -0.86553 -0.49295 -0.08866
vn -0.82735 -0.5328 -0.17782
vn -0.80639 -0.58466 -0.08891
vn -0.72985 -0.66007 -0.17784
vn -0.71791 -0.69044 -0.08886
vn -0.67832 -0.72939 -0.08871
vn -0.96059 -0.26338 -0.08886
vn -0.94443 -0.31653 -0.08872
vn -0.91512 -0.39325 -0.08893
vn -0.98086 0.17331 -0.08873
vn -0.99199 0.08969 -0.08893
vn -0.98346 0.03437 -0.17784
vn -0.99322 -0.07481 -0.08893
vn -0.9757 -0.12797 -0.17784
vn -0.95604 -0.23314 -0.17784
vn 0.08715 0.01629 -0.99606
vn 0.17581 0.01802 -0.98426
vn 0.17045 0.04671 -0.98426
vn 0.16043 0.07413 -0.98426
vn 0.07714 0.04371 -0.99606
vn 0.05877 0.06638 -0.99606
vn 0.12767 0.1222 -0.98426
vn 0.06889 0.05581 -0.99606
vn 0.14604 0.09952 -0.98426
vn 0.03403 0.08187 -0.99606
vn 0.08107 0.15704 -0.98426
vn 0.04704 0.07515 -0.99606
vn 0.10582 0.14155 -0.98426
vn 0.05412 0.16824 -0.98426
vn 0.02569 0.17485 -0.98426
vn 0.0056 0.08848 -0.99606
vn -0.00344 0.1767 -0.98426
vn -0.02343 0.08551 -0.99606
vn -0.03247 0.17372 -0.98426
vn -0.00904 0.0882 -0.99606
vn -0.06063 0.16601 -0.98426
vn -0.03719 0.08048 -0.99606
vn -0.08712 0.15376 -0.98426
vn -0.04993 0.07326 -0.99606
vn -0.0613 0.06405 -0.99606
vn -0.11124 0.13733 -0.98426
vn -0.13233 0.11714 -0.98426
vn -0.07101 0.05308 -0.99606
vn -0.14981 0.09377 -0.98426
vn -0.07878 0.04067 -0.99606
vn -0.0844 0.02715 -0.99606
vn -0.1632 0.06783 -0.98426
vn -0.17213 0.04004 -0.98426
vn -0.08772 0.01289 -0.99606
vn -0.08864 -0.00172 -0.99606
vn -0.17638 0.01117 -0.98426
vn -0.17581 -0.01802 -0.98426
vn -0.08715 -0.01629 -0.99606
vn -0.17045 -0.04671 -0.98426
vn -0.16043 -0.07413 -0.98426
vn -0.07714 -0.04371 -0.99606
vn -0.05877 -0.06638 -0.99606
vn -0.12767 -0.1222 -0.98426
vn -0.06889 -0.05581 -0.99606
vn -0.14604 -0.09952 -0.98426
vn -0.03403 -0.08187 -0.99606
vn -0.08107 -0.15704 -0.98426
vn -0.04704 -0.07515 -0.99606
vn -0.10582 -0.14155 -0.98426
vn -0.05412 -0.16824 -0.98426
vn -0.02569 -0.17485 -0.98426
vn -0.0056 -0.08848 -0.99606
vn 0.00344 -0.1767 -0.98426
vn 0.02343 -0.08551 -0.99606
vn 0.03247 -0.17372 -0.98426
vn 0.00904 -0.0882 -0.99606
vn 0.06063 -0.16601 -0.98426
vn 0.03719 -0.08048 -0.99606
vn 0.08712 -0.15376 -0.98426
vn 0.04993 -0.07326 -0.99606
vn 0.0613 -0.06405 -0.99606
vn 0.11124 -0.13733 -0.98426
vn 0.13233 -0.11714 -0.98426
vn 0.07101 -0.05308 -0.99606
vn 0.14981 -0.09377 -0.98426
vn 0.07878 -0.04067 -0.99606
vn 0.0844 -0.02715 -0.99606
vn 0.1632 -0.06783 -0.98426
vn 0.17213 -0.04004 -0.98426
vn 0.08772 -0.01289 -0.99606
vn 0.08864 0.00172 -0.99606
vn 0.17638 -0.01117 -0.98426
vn -0.37164 0.00745 -0.92835
vn -0.47461 -0.04123 -0.87923
vn -0.36779 -0.05382 -0.92835
vn -0.46135 -0.11879 -0.87923
vn -0.35392 -0.11363 -0.92835
vn -0.4355 -0.19311 -0.87923
vn -0.33039 -0.17033 -0.92835
vn -0.39778 -0.26215 -0.87923
vn -0.29785 -0.22239 -0.92835
vn -0.3492 -0.32405 -0.87923
vn -0.25718 -0.26838 -0.92835
vn -0.2911 -0.37711 -0.87923
vn -0.2095 -0.30705 -0.92835
vn -0.22506 -0.41988 -0.87923
vn -0.15611 -0.33734 -0.92835
vn -0.15289 -0.4512 -0.87923
vn -0.09845 -0.35844 -0.92835
vn -0.07654 -0.47021 -0.87923
vn -0.03811 -0.36975 -0.92835
vn 0.0019 -0.47639 -0.87923
vn 0.02327 -0.37098 -0.92835
vn 0.08029 -0.46958 -0.87923
vn 0.08401 -0.36209 -0.92835
vn 0.15648 -0.44996 -0.87923
vn 0.14246 -0.34333 -0.92835
vn 0.22841 -0.41807 -0.87923
vn 0.19703 -0.3152 -0.92835
vn 0.29411 -0.37477 -0.87923
vn 0.24622 -0.27847 -0.92835
vn 0.35178 -0.32125 -0.87923
vn 0.2887 -0.23414 -0.92835
vn 0.39986 -0.25897 -0.87923
vn 0.3233 -0.18343 -0.92835
vn 0.43703 -0.18962 -0.87923
vn 0.34908 -0.12772 -0.92835
vn 0.46228 -0.1151 -0.87923
vn 0.36534 -0.06852 -0.92835
vn 0.47492 -0.03745 -0.87923
vn 0.37164 -0.00745 -0.92835
vn 0.47461 0.04123 -0.87923
vn 0.36779 0.05382 -0.92835
vn 0.46135 0.11879 -0.87923
vn 0.35392 0.11363 -0.92835
vn 0.4355 0.19311 -0.87923
vn 0.33039 0.17033 -0.92835
vn 0.39778 0.26215 -0.87923
vn 0.29785 0.22239 -0.92835
vn 0.3492 0.32405 -0.87923
vn 0.25718 0.26838 -0.92835
vn 0.2911 0.37711 -0.87923
vn 0.2095 0.30705 -0.92835
vn 0.22506 0.41988 -0.87923
vn 0.15611 0.33734 -0.92835
vn 0.15289 0.4512 -0.87923
vn 0.09845 0.35844 -0.92835
vn 0.07654 0.47021 -0.87923
vn 0.03811 0.36975 -0.92835
vn -0.0019 0.47639 -0.87923
vn -0.02327 0.37098 -0.92835
vn -0.08029 0.46958 -0.87923
vn -0.08401 0.36209 -0.92835
vn -0.15648 0.44996 -0.87923
vn -0.14246 0.34333 -0.92835
vn -0.22841 0.41807 -0.87923
vn -0.19703 0.3152 -0.92835
vn -0.29411 0.37477 -0.87923
vn -0.24622 0.27847 -0.92835
vn -0.35178 0.32125 -0.87923
vn -0.2887 0.23414 -0.92835
vn -0.39986 0.25897 -0.87923
vn -0.3233 0.18343 -0.92835
vn -0.43703 0.18962 -0.87923
vn -0.34908 0.12772 -0.92835
vn -0.46228 0.1151 -0.87923
vn -0.36534 0.06852 -0.92835
vn -0.47492 0.03745 -0.87923
vn -0.66352 0.01911 -0.74791
vn -0.74351 -0.06005 -0.66603
vn -0.65762 -0.09037 -0.74791
vn -0.72348 -0.1816 -0.66603
vn -0.63377 -0.19737 -0.74791
vn -0.68372 -0.29821 -0.66603
vn -0.59264 -0.299 -0.74791
vn -0.62532 -0.40668 -0.66603
vn -0.53535 -0.39247 -0.74791
vn -0.54985 -0.50405 -0.66603
vn -0.46345 -0.47523 -0.74791
vn -0.45939 -0.58768 -0.66603
vn -0.37891 -0.54503 -0.74791
vn -0.35639 -0.65528 -0.66603
vn -0.28403 -0.59996 -0.74791
vn -0.24367 -0.705 -0.66603
vn -0.18141 -0.63853 -0.74791
vn -0.12431 -0.73549 -0.66603
vn -0.07383 -0.65968 -0.74791
vn -0.00156 -0.74592 -0.66603
vn 0.03575 -0.66283 -0.74791
vn 0.12124 -0.73601 -0.66603
vn 0.14436 -0.64791 -0.74791
vn 0.24073 -0.70601 -0.66603
vn 0.24904 -0.61531 -0.74791
vn 0.35365 -0.65676 -0.66603
vn 0.34692 -0.56593 -0.74791
vn 0.45693 -0.5896 -0.66603
vn 0.43533 -0.50111 -0.74791
vn 0.54774 -0.50635 -0.66603
vn 0.51188 -0.42262 -0.74791
vn 0.62361 -0.40929 -0.66603
vn 0.57446 -0.3326 -0.74791
vn 0.68247 -0.30106 -0.66603
vn 0.62137 -0.23352 -0.74791
vn 0.72272 -0.18462 -0.66603
vn 0.65133 -0.12806 -0.74791
vn 0.74325 -0.06315 -0.66603
vn 0.66352 -0.01911 -0.74791
vn 0.74351 0.06005 -0.66603
vn 0.65762 0.09037 -0.74791
vn 0.72348 0.1816 -0.66603
vn 0.63377 0.19737 -0.74791
vn 0.68372 0.29821 -0.66603
vn 0.59264 0.299 -0.74791
vn 0.62532 0.40668 -0.66603
vn 0.53535 0.39247 -0.74791
vn 0.54985 0.50405 -0.66603
vn 0.46345 0.47523 -0.74791
vn 0.45939 0.58768 -0.66603
vn 0.37891 0.54503 -0.74791
vn 0.35639 0.65528 -0.66603
vn 0.28403 0.59996 -0.74791
vn 0.24367 0.705 -0.66603
vn 0.18141 0.63853 -0.74791
vn 0.12431 0.73549 -0.66603
vn 0.07383 0.65968 -0.74791
vn 0.00156 0.74592 -0.66603
vn -0.03575 0.66283 -0.74791
vn -0.12124 0.73601 -0.66603
vn -0.14436 0.64791 -0.74791
vn -0.24073 0.70601 -0.66603
vn -0.24904 0.61531 -0.74791
vn -0.35365 0.65676 -0.66603
vn -0.34692 0.56593 -0.74791
vn -0.45693 0.5896 -0.66603
vn -0.43533 0.50111 -0.74791
vn -0.54774 0.50635 -0.66603
vn -0.51188 0.42262 -0.74791
vn -0.62361 0.40929 -0.66603
vn -0.57446 0.3326 -0.74791
vn -0.68247 0.30106 -0.66603
vn -0.62137 0.23352 -0.74791
vn -0.72272 0.18462 -0.66603
vn -0.65133 0.12806 -0.74791
vn -0.74325 0.06315 -0.66603
vn -0.87752 0.02853 -0.4787
vn -0.92484 -0.07178 -0.37351
vn -0.87024 -0.1163 -0.4787
vn -0.90042 -0.22302 -0.37351
vn -0.83923 -0.25795 -0.4787
vn -0.85143 -0.36819 -0.37351
vn -0.78533 -0.39256 -0.4787
vn -0.77921 -0.5033 -0.37351
vn -0.71001 -0.51647 -0.4787
vn -0.68574 -0.62469 -0.37351
vn -0.61531 -0.62629 -0.4787
vn -0.57357 -0.72904 -0.37351
vn -0.50384 -0.71902 -0.4787
vn -0.44575 -0.81351 -0.37351
vn -0.37862 -0.79215 -0.4787
vn -0.30577 -0.87578 -0.37351
vn -0.24307 -0.84366 -0.4787
vn -0.15745 -0.91417 -0.37351
vn -0.10089 -0.87216 -0.4787
vn -0.00484 -0.92761 -0.37351
vn 0.04403 -0.87687 -0.4787
vn 0.14791 -0.91576 -0.37351
vn 0.18776 -0.85767 -0.4787
vn 0.29662 -0.87892 -0.37351
vn 0.32637 -0.81506 -0.4787
vn 0.43724 -0.81811 -0.37351
vn 0.45607 -0.75023 -0.4787
vn 0.56593 -0.73499 -0.37351
vn 0.57334 -0.66493 -0.4787
vn 0.67919 -0.63182 -0.37351
vn 0.67496 -0.56149 -0.4787
vn 0.77392 -0.51141 -0.37351
vn 0.75817 -0.44274 -0.4787
vn 0.84754 -0.37705 -0.37351
vn 0.82071 -0.31191 -0.4787
vn 0.89804 -0.23241 -0.37351
vn 0.86085 -0.17257 -0.4787
vn 0.92405 -0.08142 -0.37351
vn 0.87752 -0.02853 -0.4787
vn 0.92484 0.07178 -0.37351
vn 0.87024 0.1163 -0.4787
vn 0.90042 0.22302 -0.37351
vn 0.83923 0.25795 -0.4787
vn 0.85143 0.36819 -0.37351
vn 0.78533 0.39256 -0.4787
vn 0.77921 0.5033 -0.37351
vn 0.71001 0.51647 -0.4787
vn 0.68574 0.62469 -0.37351
vn 0.61531 0.62629 -0.4787
vn 0.57357 0.72904 -0.37351
vn 0.50384 0.71902 -0.4787
vn 0.44575 0.81351 -0.37351
vn 0.37862 0.79215 -0.4787
vn 0.30577 0.87578 -0.37351
vn 0.24307 0.84366 -0.4787
vn 0.15745 0.91417 -0.37351
vn 0.10089 0.87216 -0.4787
vn 0.00484 0.92761 -0.37351
vn -0.04403 0.87687 -0.4787
vn -0.14791 0.91576 -0.37351
vn -0.18776 0.85767 -0.4787
vn -0.29662 0.87892 -0.37351
vn -0.32637 0.81506 -0.4787
vn -0.43724 0.81811 -0.37351
vn -0.45607 0.75023 -0.4787
vn -0.56593 0.73499 -0.37351
vn -0.57334 0.66493 -0.4787
vn -0.67919 0.63182 -0.37351
vn -0.67496 0.56149 -0.4787
vn -0.77392 0.51141 -0.37351
vn -0.75817 0.44274 -0.4787
vn -0.84754 0.37705 -0.37351
vn -0.82071 0.31191 -0.4787
vn -0.89804 0.23241 -0.37351
vn -0.86085 0.17257 -0.4787
vn -0.92405 0.08142 -0.37351
vn -0.81905 0.57373 0
vn 0.81942 0.5732 -0
vn 0.00032 1 -0
vn 0.11723 -0.9931 0
vn 0.2348 -0.97204 0
vn 0.45526 -0.89036 -0
vn 0.55816 -0.82974 -0
vn 0.75287 -0.65817 -0
vn 0.84029 -0.54214 -0
vn 0.95877 -0.28418 -0
vn 0.98983 -0.14225 -0
vn 0.98518 0.17155 -0
vn 0.93918 0.34342 -0
vn 0.76741 0.64115 -0
vn 0.64164 0.767 -0
vn 0.34403 0.93896 -0
vn 0.17218 0.98507 -0
vn -0 -0 -1
vn -0.99962 0.02741 0
vn -0.97894 0.20413 0
vn -0.852 0.52355 0
vn -0.74573 0.66625 0
vn -0.47608 0.8794 0
vn -0.31269 0.94985 -0
vn 0.02741 0.99962 -0
vn 0.20413 0.97894 -0
vn 0.52355 0.852 -0
vn 0.66625 0.74573 -0
vn 0.8794 0.47608 -0
vn 0.94985 0.31269 -0
vn 0.99962 -0.02741 -0
vn 0.97894 -0.20413 -0
vn 0.852 -0.52355 -0
vn 0.74573 -0.66625 -0
vn 0.47608 -0.8794 -0
vn 0.31269 -0.94985 0
vn -0.02741 -0.99962 0
vn -0.20413 -0.97894 0
vn -0.52355 -0.852 0
vn -0.66625 -0.74573 0
vn -0.8794 -0.47608 0
vn -0.94985 -0.31269 0
vn -0.64793 0.7617 0
vn -0.07452 0.99722 -0
vn -0.14937 0.98878 -0
vn -0.29528 0.95541 -0
vn -0.36635 0.93048 -0
vn -0.43497 0.90045 0
vn -0.53611 0.84415 0
vn -0.63131 0.77553 0
vn -0.7925 0.60988 0
vn -0.85848 0.51284 0
vn -0.95329 0.30205 0
vn -0.98211 0.18829 0
vn -0.99911 -0.04221 0
vn -0.98728 -0.15896 0
vn -0.92442 -0.38138 0
vn -0.87337 -0.48705 0
vn -0.73823 -0.67455 0
vn -0.65412 -0.75639 0
vn -0.463 -0.88636 0
vn -0.35597 -0.9345 0
vn -0.13192 -0.99126 0
vn -0.01489 -0.99989 0
vn 0.21507 -0.9766 0
vn 0.32799 -0.94468 0
vn 0.43497 -0.90045 -0
vn 0.07452 -0.99722 0
vn 0.14937 -0.98878 0
vn 0.29528 -0.95541 0
vn 0.36635 -0.93048 0
vn -0.00032 -1 0
vn 0.65183 -0.75837 -0
vn 1 -0.00032 -0
vn 0 0 1
vn -0 -0 -1
vn 0 0 1
vn -0.1027 0.90073 -0.42207
vn -0.19922 0.84695 -0.49294
vn -0.38501 0.91456 -0.12388
vn -0.27523 0.93863 -0.20789
vn -0.30162 0.92069 -0.24771
vn -0.17406 0.889 -0.42355
vn -0.23243 0.88608 -0.40106
vn -0.20378 0.91746 -0.34166
vn -0.27427 0.9104 -0.30974
vn -0.29854 0.92004 -0.25377
vn -0.15754 0.96955 -0.18747
vn -0.06639 0.96987 -0.23442
vn -0.11134 0.94939 -0.29371
vn -0.05178 0.94631 -0.31909
vn -0.06915 0.92531 -0.37286
vn -0.02406 0.92315 -0.38368
vn 0.01111 0.9234 -0.38368
vn 0.18728 0.84965 -0.49297
vn 0.16154 0.89135 -0.42357
vn 0.3721 0.91989 -0.12389
vn 0.26201 0.94241 -0.20789
vn 0.14394 0.97167 -0.18746
vn 0.28863 0.92484 -0.24773
vn 0.28556 0.92415 -0.25378
vn 0.21374 0.93266 -0.29063
vn 0.24712 0.90578 -0.34423
vn 0.21993 0.88925 -0.40109
vn 0.09003 0.90208 -0.42208
vn 0.05616 0.92619 -0.37286
vn 0.09813 0.94435 -0.31395
vn 0.05296 0.95698 -0.28526
vn 0.0528 0.9707 -0.23442
vn -0.07503 0.52222 -0.84951
vn -0.04641 0.49896 -0.86538
vn -0.02074 0.57468 -0.81812
vn 0.02242 0.53389 -0.84526
vn 0.16661 0.82371 -0.54197
vn 0.15687 0.80668 -0.56979
vn 0.1069 0.80617 -0.58195
vn 0.01126 0.89147 -0.45294
vn -0.02377 0.89123 -0.45294
vn -0.04162 0.84725 -0.52956
vn -0.07562 0.85656 -0.51047
vn -0.12594 0.81857 -0.56043
vn -0.17814 0.82149 -0.54169
vn 0.04477 0.44047 -0.89665
vn 0.02807 0.3645 -0.93078
vn 0.01424 0.2971 -0.95474
vn 0.00379 0.11979 -0.99279
vn -0.00438 0.19385 -0.98102
vn -0.00197 0.29182 -0.95647
vn -0.01834 0.2963 -0.95492
vn -0.03763 0.38073 -0.92392
vn -0.10396 0.6676 -0.73723
vn -0.1232 0.71578 -0.68737
vn -0.14319 0.75644 -0.6382
vn 0.12473 0.74243 -0.65821
vn 0.11335 0.71783 -0.68693
vn 0.06187 0.71926 -0.69198
vn 0.07327 0.62432 -0.77772
vn 0.05089 0.55725 -0.82878
vn -0.08077 0.54013 -0.8377
vn -0.0717 0.64328 -0.76227
vn -0.0397 0.69468 -0.71822
vn -0.02361 0.77775 -0.62814
vn 0.01268 0.778 -0.62814
vn 0.02972 0.84775 -0.52956
vn 0.06358 0.85754 -0.51048
vn 0.41474 0.32608 -0.84951
vn 0.24743 0.16403 -0.95492
vn 0.31091 0.22295 -0.92392
vn 0.40891 0.28967 -0.86538
vn 0.48731 0.3053 -0.81812
vn 0.47357 0.24753 -0.84526
vn 0.79666 0.26757 -0.54197
vn 0.77704 0.26748 -0.56979
vn 0.75161 0.31051 -0.58195
vn 0.77767 0.43598 -0.45294
vn 0.75994 0.4662 -0.45294
vn 0.71293 0.45967 -0.52956
vn 0.70399 0.49377 -0.51047
vn 0.64593 0.51835 -0.56043
vn 0.62236 0.56501 -0.54169
vn 0.40385 0.18146 -0.89665
vn 0.3297 0.15794 -0.93078
vn 0.26442 0.13622 -0.95474
vn 0.22019 0.14173 -0.96511
vn 0.22853 0.12871 -0.96499
vn 0.10563 0.05662 -0.99279
vn 0.52618 0.42383 -0.73723
vn 0.55829 0.46459 -0.68737
vn 0.5835 0.50223 -0.6382
vn 0.70533 0.2632 -0.65821
vn 0.67833 0.26075 -0.68693
vn 0.65383 0.30605 -0.69198
vn 0.57731 0.24871 -0.77772
vn 0.50804 0.23455 -0.82878
vn 0.42738 0.34001 -0.8377
vn 0.52125 0.38373 -0.76227
vn 0.58176 0.38172 -0.71822
vn 0.66174 0.40932 -0.62814
vn 0.68011 0.37802 -0.62814
vn 0.74903 0.39813 -0.52956
vn 0.77444 0.3737 -0.51048
vn 0.7287 0.5393 -0.42207
vn 0.63387 0.59601 -0.49294
vn 0.59953 0.79071 -0.12388
vn 0.67527 0.70767 -0.20789
vn 0.64653 0.72155 -0.24771
vn 0.68286 0.59524 -0.42355
vn 0.65115 0.64432 -0.40106
vn 0.69266 0.63521 -0.34166
vn 0.6513 0.69272 -0.30974
vn 0.64751 0.71856 -0.25377
vn 0.76089 0.62121 -0.18747
vn 0.80673 0.54243 -0.23442
vn 0.76652 0.57112 -0.29371
vn 0.79364 0.518 -0.31909
vn 0.76676 0.52254 -0.37286
vn 0.78744 0.48242 -0.38368
vn 0.80524 0.45208 -0.38368
vn 0.82946 0.26264 -0.49297
vn 0.8527 0.30578 -0.42357
vn 0.9827 0.13769 -0.12389
vn 0.94715 0.24429 -0.20789
vn 0.91346 0.36118 -0.18746
vn 0.94525 0.21246 -0.24773
vn 0.94311 0.21477 -0.25378
vn 0.91457 0.28123 -0.29063
vn 0.90799 0.23888 -0.34423
vn 0.88007 0.25416 -0.40109
vn 0.82624 0.37307 -0.42208
vn 0.83018 0.41446 -0.37286
vn 0.8669 0.38719 -0.31395
vn 0.85525 0.43263 -0.28526
vn 0.86705 0.43963 -0.23442
vn 0.48977 -0.19613 -0.84951
vn 0.45532 -0.20929 -0.86538
vn 0.50806 -0.26938 -0.81812
vn 0.45115 -0.28636 -0.84526
vn 0.63005 -0.55615 -0.54197
vn 0.62017 -0.5392 -0.56979
vn 0.64471 -0.49566 -0.58195
vn 0.7664 -0.45549 -0.45294
vn 0.78371 -0.42502 -0.45294
vn 0.75455 -0.38758 -0.52956
vn 0.77962 -0.36279 -0.51047
vn 0.77187 -0.30022 -0.56043
vn 0.8005 -0.25647 -0.54169
vn 0.35907 -0.25901 -0.89665
vn 0.30163 -0.20656 -0.93078
vn 0.25018 -0.16089 -0.95474
vn 0.10185 -0.06317 -0.99279
vn 0.17007 -0.09313 -0.98102
vn 0.25371 -0.1442 -0.95647
vn 0.26577 -0.13227 -0.95492
vn 0.34854 -0.15778 -0.92392
vn 0.63014 -0.24377 -0.73723
vn 0.68149 -0.2512 -0.68737
vn 0.72669 -0.25422 -0.6382
vn 0.5806 -0.47923 -0.65821
vn 0.56498 -0.45708 -0.68693
vn 0.59196 -0.41321 -0.69198
vn 0.50405 -0.37561 -0.77772
vn 0.45715 -0.3227 -0.82878
vn 0.50815 -0.20012 -0.8377
vn 0.59295 -0.25955 -0.76227
vn 0.62146 -0.31296 -0.71822
vn 0.68535 -0.36843 -0.62814
vn 0.66742 -0.39998 -0.62814
vn 0.71931 -0.44962 -0.52956
vn 0.71086 -0.48383 -0.51048
vn 0.8314 -0.36143 -0.42207
vn 0.83309 -0.25094 -0.49294
vn 0.98454 -0.12386 -0.12388
vn 0.95049 -0.23096 -0.20789
vn 0.94815 -0.19913 -0.24771
vn 0.85692 -0.29376 -0.42355
vn 0.88358 -0.24175 -0.40106
vn 0.89644 -0.28225 -0.34166
vn 0.92557 -0.21768 -0.30974
vn 0.94605 -0.20148 -0.25377
vn 0.91843 -0.34834 -0.18747
vn 0.87312 -0.42744 -0.23442
vn 0.87786 -0.37827 -0.29371
vn 0.84542 -0.42831 -0.31909
vn 0.83592 -0.40277 -0.37286
vn 0.81151 -0.44074 -0.38368
vn 0.79413 -0.47132 -0.38368
vn 0.64218 -0.58702 -0.49297
vn 0.69116 -0.58557 -0.42357
vn 0.61059 -0.7822 -0.12389
vn 0.68514 -0.69811 -0.20789
vn 0.76952 -0.61049 -0.18746
vn 0.65662 -0.71238 -0.24773
vn 0.65756 -0.70938 -0.25378
vn 0.70084 -0.65143 -0.29063
vn 0.66087 -0.6669 -0.34423
vn 0.66015 -0.63509 -0.40109
vn 0.73621 -0.52901 -0.42208
vn 0.77402 -0.51173 -0.37286
vn 0.76877 -0.55716 -0.31395
vn 0.80229 -0.52436 -0.28526
vn 0.81425 -0.53107 -0.23442
vn 0.1027 -0.90073 -0.42207
vn 0.19922 -0.84695 -0.49294
vn 0.38501 -0.91456 -0.12388
vn 0.27523 -0.93863 -0.20789
vn 0.30162 -0.92069 -0.24771
vn 0.17406 -0.889 -0.42355
vn 0.23243 -0.88608 -0.40106
vn 0.20378 -0.91746 -0.34166
vn 0.27427 -0.9104 -0.30974
vn 0.29854 -0.92004 -0.25377
vn 0.15754 -0.96955 -0.18747
vn 0.06639 -0.96987 -0.23442
vn 0.11134 -0.94939 -0.29371
vn 0.05178 -0.94631 -0.31909
vn 0.06915 -0.92531 -0.37286
vn 0.02406 -0.92315 -0.38368
vn 0.07503 -0.52222 -0.84951
vn 0.04641 -0.49896 -0.86538
vn 0.02074 -0.57468 -0.81812
vn -0.02242 -0.53389 -0.84526
vn -0.16661 -0.82371 -0.54197
vn -0.15687 -0.80668 -0.56979
vn -0.1069 -0.80617 -0.58195
vn -0.01126 -0.89147 -0.45294
vn 0.02377 -0.89123 -0.45294
vn 0.04162 -0.84725 -0.52956
vn 0.07562 -0.85656 -0.51047
vn 0.12594 -0.81857 -0.56043
vn 0.17814 -0.82149 -0.54169
vn -0.04477 -0.44047 -0.89665
vn -0.02807 -0.3645 -0.93078
vn -0.01424 -0.2971 -0.95474
vn -0.00379 -0.11979 -0.99279
vn 0.00438 -0.19385 -0.98102
vn 0.00197 -0.29182 -0.95647
vn 0.01834 -0.2963 -0.95492
vn 0.03763 -0.38073 -0.92392
vn 0.10396 -0.6676 -0.73723
vn 0.1232 -0.71578 -0.68737
vn 0.14319 -0.75644 -0.6382
vn -0.12473 -0.74243 -0.65821
vn -0.11335 -0.71783 -0.68693
vn -0.06187 -0.71926 -0.69198
vn -0.07327 -0.62432 -0.77772
vn -0.05089 -0.55725 -0.82878
vn 0.08077 -0.54013 -0.8377
vn 0.0717 -0.64328 -0.76227
vn 0.0397 -0.69468 -0.71822
vn 0.02361 -0.77775 -0.62814
vn -0.01268 -0.778 -0.62814
vn -0.02972 -0.84775 -0.52956
vn -0.06358 -0.85754 -0.51048
vn -0.01111 -0.9234 -0.38368
vn -0.18728 -0.84965 -0.49297
vn -0.16154 -0.89135 -0.42357
vn -0.3721 -0.91989 -0.12389
vn -0.26201 -0.94241 -0.20789
vn -0.14394 -0.97167 -0.18746
vn -0.28863 -0.92484 -0.24773
vn -0.28556 -0.92415 -0.25378
vn -0.21374 -0.93266 -0.29063
vn -0.24712 -0.90578 -0.34423
vn -0.21993 -0.88925 -0.40109
vn -0.09003 -0.90208 -0.42208
vn -0.05616 -0.92619 -0.37286
vn -0.09813 -0.94435 -0.31395
vn -0.05296 -0.95698 -0.28526
vn -0.0528 -0.9707 -0.23442
vn -0.7287 -0.5393 -0.42207
vn -0.63387 -0.59601 -0.49294
vn -0.59953 -0.79071 -0.12388
vn -0.67527 -0.70767 -0.20789
vn -0.64653 -0.72155 -0.24771
vn -0.68286 -0.59524 -0.42355
vn -0.65115 -0.64432 -0.40106
vn -0.69266 -0.63521 -0.34166
vn -0.6513 -0.69272 -0.30974
vn -0.64751 -0.71856 -0.25377
vn -0.76089 -0.62121 -0.18747
vn -0.80673 -0.54243 -0.23442
vn -0.76652 -0.57112 -0.29371
vn -0.79364 -0.518 -0.31909
vn -0.76676 -0.52254 -0.37286
vn -0.78744 -0.48242 -0.38368
vn -0.41474 -0.32608 -0.84951
vn -0.24743 -0.16403 -0.95492
vn -0.31091 -0.22295 -0.92392
vn -0.40891 -0.28967 -0.86538
vn -0.48731 -0.3053 -0.81812
vn -0.47357 -0.24753 -0.84526
vn -0.79666 -0.26757 -0.54197
vn -0.77704 -0.26748 -0.56979
vn -0.75161 -0.31051 -0.58195
vn -0.77767 -0.43598 -0.45294
vn -0.75994 -0.4662 -0.45294
vn -0.71293 -0.45967 -0.52956
vn -0.70399 -0.49377 -0.51047
vn -0.64593 -0.51835 -0.56043
vn -0.62236 -0.56501 -0.54169
vn -0.40385 -0.18146 -0.89665
vn -0.3297 -0.15794 -0.93078
vn -0.26442 -0.13622 -0.95474
vn -0.22019 -0.14173 -0.96511
vn -0.22853 -0.12871 -0.96499
vn -0.10563 -0.05662 -0.99279
vn -0.52618 -0.42383 -0.73723
vn -0.55829 -0.46459 -0.68737
vn -0.5835 -0.50223 -0.6382
vn -0.70533 -0.2632 -0.65821
vn -0.67833 -0.26075 -0.68693
vn -0.65383 -0.30605 -0.69198
vn -0.57731 -0.24871 -0.77772
vn -0.50804 -0.23455 -0.82878
vn -0.42738 -0.34001 -0.8377
vn -0.52125 -0.38373 -0.76227
vn -0.58176 -0.38172 -0.71822
vn -0.66174 -0.40932 -0.62814
vn -0.68011 -0.37802 -0.62814
vn -0.74903 -0.39813 -0.52956
vn -0.77444 -0.3737 -0.51048
vn -0.80524 -0.45208 -0.38368
vn -0.82946 -0.26264 -0.49297
vn -0.8527 -0.30578 -0.42357
vn -0.9827 -0.13769 -0.12389
vn -0.94715 -0.24429 -0.20789
vn -0.91346 -0.36118 -0.18746
vn -0.94525 -0.21246 -0.24773
vn -0.94311 -0.21477 -0.25378
vn -0.91457 -0.28123 -0.29063
vn -0.90799 -0.23888 -0.34423
vn -0.88007 -0.25416 -0.40109
vn -0.82624 -0.37307 -0.42208
vn -0.83018 -0.41446 -0.37286
vn -0.8669 -0.38719 -0.31395
vn -0.85525 -0.43263 -0.28526
vn -0.86705 -0.43963 -0.23442
vn -0.48977 0.19613 -0.84951
vn -0.26577 0.13227 -0.95492
vn -0.34854 0.15778 -0.92392
vn -0.45532 0.20929 -0.86538
vn -0.50806 0.26938 -0.81812
vn -0.45115 0.28636 -0.84526
vn -0.63005 0.55615 -0.54197
vn -0.62017 0.5392 -0.56979
vn -0.64471 0.49566 -0.58195
vn -0.7664 0.45549 -0.45294
vn -0.78371 0.42502 -0.45294
vn -0.75455 0.38758 -0.52956
vn -0.77962 0.36279 -0.51047
vn -0.77187 0.30022 -0.56043
vn -0.8005 0.25647 -0.54169
vn -0.35907 0.25901 -0.89665
vn -0.30163 0.20656 -0.93078
vn -0.25018 0.16089 -0.95474
vn -0.23283 0.11982 -0.96511
vn -0.22573 0.13356 -0.96499
vn -0.10185 0.06317 -0.99279
vn -0.63014 0.24377 -0.73723
vn -0.68149 0.2512 -0.68737
vn -0.72669 0.25422 -0.6382
vn -0.5806 0.47923 -0.65821
vn -0.56498 0.45708 -0.68693
vn -0.59196 0.41321 -0.69198
vn -0.50405 0.37561 -0.77772
vn -0.45715 0.3227 -0.82878
vn -0.50815 0.20012 -0.8377
vn -0.59295 0.25955 -0.76227
vn -0.62146 0.31296 -0.71822
vn -0.68535 0.36843 -0.62814
vn -0.66742 0.39998 -0.62814
vn -0.71931 0.44962 -0.52956
vn -0.71086 0.48383 -0.51048
vn -0.8314 0.36143 -0.42207
vn -0.83309 0.25094 -0.49294
vn -0.98454 0.12386 -0.12388
vn -0.95049 0.23096 -0.20789
vn -0.94815 0.19913 -0.24771
vn -0.85692 0.29376 -0.42355
vn -0.88358 0.24175 -0.40106
vn -0.89644 0.28225 -0.34166
vn -0.92557 0.21768 -0.30974
vn -0.94605 0.20148 -0.25377
vn -0.91843 0.34834 -0.18747
vn -0.87312 0.42744 -0.23442
vn -0.87786 0.37827 -0.29371
vn -0.84542 0.42831 -0.31909
vn -0.83592 0.40277 -0.37286
vn -0.81151 0.44074 -0.38368
vn -0.79413 0.47132 -0.38368
vn -0.64218 0.58702 -0.49297
vn -0.69116 0.58557 -0.42357
vn -0.61059 0.7822 -0.12389
vn -0.68514 0.69811 -0.20789
vn -0.76952 0.61049 -0.18746
vn -0.65662 0.71238 -0.24773
vn -0.65756 0.70938 -0.25378
vn -0.70084 0.65143 -0.29063
vn -0.66087 0.6669 -0.34423
vn -0.66015 0.63509 -0.40109
vn -0.73621 0.52901 -0.42208
vn -0.77402 0.51173 -0.37286
vn -0.76877 0.55716 -0.31395
vn -0.80229 0.52436 -0.28526
vn -0.81425 0.53107 -0.23442
vn -0.34884 0.41626 -0.83967
vn -0.54077 0.83547 -0.09775
vn -0.50382 0.85572 -0.11791
vn -0.4928 0.83415 -0.24766
vn -0.50326 0.8539 -0.13263
vn -0.53157 0.83989 -0.10962
vn -0.53184 0.83948 -0.11145
vn -0.53604 0.81403 -0.22364
vn -0.51912 0.8461 -0.12094
vn -0.54629 0.83364 -0.08131
vn -0.58214 0.79632 -0.16428
vn -0.08096 0.10762 -0.99089
vn -0.17983 0.21658 -0.95956
vn -0.5185 0.84662 -0.11994
vn -0.50717 0.8257 -0.24699
vn -0.48203 0.73616 -0.47509
vn -0.42692 0.67724 -0.59924
vn -0.33458 0.52115 -0.78515
vn -0.58357 0.79397 -0.17045
vn -0.57672 0.79587 -0.18435
vn -0.61035 0.72449 -0.32028
vn -0.61188 0.69471 -0.37813
vn -0.58724 0.7026 -0.40188
vn -0.55616 0.6468 -0.52186
vn -0.45703 0.4158 -0.78628
vn -0.3995 0.36881 -0.83927
vn -0.3657 0.31209 -0.87685
vn -0.3491 0.29522 -0.88937
vn -0.18587 0.13957 -0.97261
vn -0.12049 0.09353 -0.9883
vn -0.06247 0.04356 -0.9971
vn -0.09887 0.10892 -0.98912
vn -0.15698 0.15884 -0.97474
vn -0.05802 0.04997 -0.99706
vn -0.49967 0.46591 -0.73025
vn -0.51698 0.48909 -0.70251
vn -0.52571 0.52365 -0.67039
vn -0.56348 0.55563 -0.61136
vn -0.57419 0.57343 -0.58437
vn -0.54119 0.83506 -0.0989
vn -0.55886 0.80385 -0.20373
vn -0.56701 0.73998 -0.36184
vn -0.54312 0.7491 -0.3793
vn -0.52564 0.69287 -0.4936
vn -0.49014 0.66506 -0.56343
vn -0.39678 0.50976 -0.76336
vn -0.29423 0.42194 -0.85755
vn -0.14724 0.21923 -0.9645
vn -0.12623 0.21242 -0.96899
vn -0.05996 0.10084 -0.99309
vn -0.58772 0.60563 -0.53646
vn -0.55675 0.60918 -0.56474
vn -0.50446 0.54392 -0.67057
vn -0.42382 0.46381 -0.77798
vn -0.36732 0.36993 -0.85336
vn -0.2684 0.26336 -0.92661
vn -0.28455 0.24593 -0.92658
vn -0.23767 0.18639 -0.95329
vn -0.05921 0.1009 -0.99313
vn -0.50567 0.86176 -0.04094
vn -0.05964 0.10164 -0.99303
vn -0.11885 0.20254 -0.97204
vn -0.18218 0.31048 -0.93296
vn -0.18775 0.31997 -0.92864
vn -0.20747 0.35358 -0.91211
vn -0.26539 0.45228 -0.85148
vn -0.32008 0.54548 -0.7746
vn -0.49974 0.85166 -0.15793
vn -0.48685 0.8297 -0.27309
vn -0.47257 0.80536 -0.35786
vn -0.47012 0.80117 -0.37029
vn -0.43852 0.74732 -0.49922
vn -0.41861 0.7134 -0.56199
vn -0.3782 0.64454 -0.66448
vn -0.37154 0.81815 -0.43886
vn -0.36258 0.89544 -0.25832
vn -0.46135 0.88349 -0.08121
vn -0.41631 0.89162 -0.17808
vn -0.46541 0.87965 -0.09798
vn -0.46481 0.87986 -0.09902
vn -0.47375 0.8736 -0.11125
vn -0.47351 0.87379 -0.11079
vn -0.45524 0.81578 -0.35674
vn -0.47006 0.83946 -0.27267
vn -0.47443 0.87331 -0.11065
vn -0.45003 0.86484 -0.22254
vn -0.48665 0.86551 -0.11864
vn -0.4838 0.86068 -0.15864
vn -0.50501 0.86201 -0.04362
vn -0.15734 0.57079 -0.80588
vn -0.12145 0.55165 -0.82519
vn -0.10028 0.49153 -0.86507
vn -0.09435 0.47238 -0.87633
vn -0.07335 0.38909 -0.91828
vn -0.06126 0.30592 -0.95008
vn -0.03106 0.22967 -0.97277
vn -0.02288 0.15082 -0.9883
vn -0.01046 0.12035 -0.99268
vn -0.00291 0.04457 -0.999
vn -0.26907 0.77471 -0.57222
vn -0.32593 0.81637 -0.47677
vn -0.35701 0.86464 -0.35347
vn -0.42868 0.87992 -0.20486
vn -0.46423 0.87997 -0.10071
vn -0.35958 0.8949 -0.2643
vn -0.33477 0.88621 -0.32025
vn -0.31732 0.86597 -0.38652
vn -0.28307 0.85556 -0.43346
vn -0.26957 0.82227 -0.50121
vn -0.24205 0.8085 -0.53642
vn -0.22054 0.78098 -0.58433
vn -0.05921 0.10226 -0.99299
vn -0.1137 0.22544 -0.9676
vn -0.04687 0.13945 -0.98912
vn -0.10136 0.26264 -0.95956
vn -0.05446 0.12317 -0.99089
vn -0.17588 0.33222 -0.92666
vn -0.19477 0.36421 -0.91072
vn -0.23746 0.48372 -0.84239
vn -0.30305 0.56497 -0.76744
vn -0.36149 0.66401 -0.65453
vn -0.20952 0.65919 -0.7222
vn -0.21926 0.71627 -0.66248
vn -0.18242 0.70593 -0.68439
vn -0.20191 0.74576 -0.63488
vn -0.01533 0.07503 -0.99706
vn -0.05357 0.22851 -0.97207
vn -0.08517 0.29292 -0.95234
vn -0.15261 0.48315 -0.86214
vn -0.16915 0.45519 -0.87418
vn -0.21574 0.56501 -0.79638
vn -0.25148 0.59503 -0.76335
vn -0.34152 0.75228 -0.56342
vn -0.3898 0.7477 -0.53759
vn -0.43903 0.78662 -0.43415
vn -0.42902 0.90329 0
vn -0.34789 0.93753 -0
vn -0.24182 0.97032 -0
vn 0.41625 0.90925 -0
vn 0.33465 0.94234 -0
vn 0.22813 0.97363 -0
vn 0.20507 0.97875 -0
vn 0.15836 0.98738 -0
vn 0.10847 0.9941 -0
vn 0.0454 0.99897 -0
vn 0.00608 0.99998 -0
vn -0.02017 0.9998 -0
vn -0.05947 0.99823 -0
vn -0.12247 0.99247 -0
vn -0.17225 0.98505 -0
vn -0.21884 0.97576 -0
vn 0.4159 0.9091 -0.02377
vn 0.42083 0.90613 -0.0428
vn -0.43034 0.90204 -0.03372
vn -0.42875 0.90311 -0.02388
vn -0.42761 0.90365 -0.02399
vn -0.35197 0.93535 -0.03531
vn -0.42868 0.90337 -0.01288
vn -0.42922 0.90312 -0.01246
vn 0.42031 0.90635 -0.04313
vn 0.41616 0.90864 -0.03432
vn 0.33901 0.9407 -0.0128
vn 0.41975 0.90756 -0.01195
vn 0.41926 0.90779 -0.01204
vn -0.42948 0.90243 -0.03407
vn -0.35086 0.93471 -0.05665
vn -0.18422 0.97878 -0.08971
vn -0.18681 0.98002 -0.06831
vn -0.24652 0.96904 -0.01345
vn -0.35051 0.93647 -0.01299
vn -0.42753 0.904 -0.00109
vn 0.41709 0.90823 -0.03404
vn 0.34041 0.93716 -0.07645
vn 0.17252 0.97721 -0.12365
vn 0.08412 0.98508 -0.15012
vn -0.09791 0.98381 -0.15012
vn -0.0204 0.99964 -0.01767
vn 0.0327 0.9993 -0.01804
vn 0.12366 0.99187 -0.03002
vn 0.18662 0.98235 -0.01298
vn 0.23308 0.97236 -0.01345
vn -0.17432 0.98461 -0.01267
vn -0.11125 0.99335 -0.0297
vn -0.09789 0.99319 -0.06325
vn 0.08393 0.99446 -0.06325
vn 0.17303 0.98254 -0.06831
vn 0.34055 0.93958 -0.0348
vn 0.41678 0.90871 -0.02331
vn -0.43335 0.9002 -0.04292
vn -0.35385 0.93219 -0.07628
vn -0.18621 0.9747 -0.12366
vn -0.0953 0.98885 -0.11444
vn 0.08143 0.99009 -0.11444
vn 0.17047 0.98127 -0.08971
vn 0.33732 0.93968 -0.05676
vn 0.4157 0.90919 -0.02397
vn 0.18607 0.51023 -0.83967
vn 0.45315 0.88606 -0.09775
vn 0.48916 0.86418 -0.11791
vn 0.476 0.84385 -0.24766
vn 0.48787 0.86278 -0.13263
vn 0.46159 0.8803 -0.10962
vn 0.46109 0.88033 -0.11145
vn 0.43695 0.87124 -0.22364
vn 0.47318 0.87262 -0.12094
vn 0.44881 0.88992 -0.08131
vn 0.39856 0.90231 -0.16428
vn 0.05272 0.12393 -0.99089
vn 0.09764 0.26403 -0.95956
vn 0.47394 0.87235 -0.11994
vn 0.46149 0.85207 -0.24699
vn 0.39651 0.78553 -0.47509
vn 0.37305 0.70834 -0.59924
vn 0.28404 0.55033 -0.78515
vn 0.39582 0.90237 -0.17045
vn 0.40088 0.89739 -0.18435
vn 0.32225 0.89083 -0.32028
vn 0.2957 0.87726 -0.37813
vn 0.31485 0.85986 -0.40188
vn 0.28206 0.80505 -0.52186
vn 0.13158 0.6037 -0.78628
vn 0.11965 0.53039 -0.83927
vn 0.08743 0.47275 -0.87685
vn 0.08112 0.44994 -0.88937
vn 0.02794 0.23075 -0.97261
vn 0.02076 0.15111 -0.9883
vn 0.00649 0.07588 -0.9971
vn 0.04489 0.14009 -0.98912
vn 0.05907 0.21537 -0.97474
vn 0.01427 0.07523 -0.99706
vn 0.15365 0.66568 -0.73025
vn 0.16507 0.69227 -0.70251
vn 0.19064 0.7171 -0.67039
vn 0.19945 0.76581 -0.61136
vn 0.20951 0.78398 -0.58437
vn 0.45259 0.88622 -0.0989
vn 0.41673 0.88591 -0.20373
vn 0.35734 0.86103 -0.36184
vn 0.37718 0.84491 -0.3793
vn 0.33722 0.80165 -0.4936
vn 0.33089 0.757 -0.56343
vn 0.24308 0.5985 -0.76336
vn 0.21829 0.46578 -0.85755
vn 0.11624 0.23713 -0.9645
vn 0.12085 0.21553 -0.96899
vn 0.05735 0.10235 -0.99309
vn 0.23063 0.8118 -0.53646
vn 0.24919 0.78675 -0.56474
vn 0.21882 0.70884 -0.67057
vn 0.18976 0.59894 -0.77798
vn 0.13671 0.50308 -0.85336
vn 0.09387 0.36412 -0.92661
vn 0.07071 0.36939 -0.92658
vn 0.04259 0.29903 -0.95329
vn 0.05778 0.10173 -0.99313
vn 0.49347 0.8688 -0.04094
vn 0.0582 0.10247 -0.99303
vn 0.11598 0.20419 -0.97204
vn 0.17779 0.31301 -0.93296
vn 0.18323 0.32258 -0.92864
vn 0.48769 0.85861 -0.15793
vn 0.47511 0.83648 -0.27309
vn 0.46118 0.81194 -0.35786
vn 0.45878 0.80772 -0.37029
vn 0.44139 0.7771 -0.44866
vn 0.40869 0.71954 -0.56146
vn 0.36908 0.6498 -0.66448
vn 0.30105 0.53002 -0.79275
vn 0.25924 0.45642 -0.85116
vn 0.20247 0.35647 -0.91211
vn 0.52277 0.73083 -0.43886
vn 0.59418 0.76172 -0.25832
vn 0.53445 0.84129 -0.08121
vn 0.56401 0.80634 -0.17808
vn 0.5291 0.84289 -0.09798
vn 0.52958 0.84246 -0.09902
vn 0.51969 0.84708 -0.11125
vn 0.51997 0.84697 -0.11079
vn 0.47887 0.80214 -0.35674
vn 0.49197 0.82681 -0.27267
vn 0.51909 0.84753 -0.11065
vn 0.52396 0.82216 -0.22254
vn 0.50623 0.8542 -0.11864
vn 0.50347 0.84933 -0.15864
vn 0.49402 0.86836 -0.04362
vn 0.41565 0.42166 -0.80588
vn 0.41702 0.381 -0.82519
vn 0.37554 0.33261 -0.86507
vn 0.36192 0.3179 -0.87633
vn 0.30028 0.25807 -0.91828
vn 0.2343 0.20601 -0.95008
vn 0.18337 0.14173 -0.97277
vn 0.11917 0.09523 -0.9883
vn 0.099 0.06924 -0.99268
vn 0.03714 0.0248 -0.999
vn 0.53638 0.62038 -0.57222
vn 0.54403 0.69045 -0.47677
vn 0.5703 0.7415 -0.35347
vn 0.5477 0.81121 -0.20486
vn 0.52996 0.84202 -0.10071
vn 0.59522 0.75886 -0.2643
vn 0.6001 0.73302 -0.32025
vn 0.59129 0.7078 -0.38652
vn 0.59941 0.67292 -0.43346
vn 0.57732 0.64459 -0.50121
vn 0.57915 0.61387 -0.53642
vn 0.56608 0.58148 -0.58433
vn 0.05895 0.1024 -0.99299
vn 0.13838 0.21119 -0.9676
vn 0.09733 0.11031 -0.98912
vn 0.17677 0.2191 -0.95956
vn 0.07944 0.10875 -0.99089
vn 0.19977 0.31843 -0.92666
vn 0.21803 0.35078 -0.91072
vn 0.30019 0.44751 -0.84239
vn 0.33775 0.54494 -0.76744
vn 0.3943 0.64507 -0.65453
vn 0.46611 0.51105 -0.7222
vn 0.51068 0.54802 -0.66248
vn 0.52014 0.51095 -0.68439
vn 0.54489 0.54774 -0.63488
vn 0.05731 0.05079 -0.99706
vn 0.17111 0.16064 -0.97207
vn 0.21109 0.22022 -0.95234
vn 0.34211 0.37374 -0.86214
vn 0.30963 0.37408 -0.87418
vn 0.38144 0.46934 -0.79638
vn 0.38957 0.51531 -0.76335
vn 0.48073 0.67191 -0.56342
vn 0.45262 0.71143 -0.53759
vn 0.46172 0.77352 -0.43415
vn -0.43355 0.90011 0.0428
vn -0.43304 0.90034 0.04313
vn -0.35053 0.93483 0.05676
vn -0.42892 0.90269 0.03432
vn -0.42984 0.90226 0.03404
vn -0.42954 0.90275 0.02331
vn -0.42867 0.90315 0.02377
vn -0.42847 0.90324 0.02397
vn 0.41475 0.90994 0.00109
vn 0.33728 0.94132 0.01299
vn 0.41645 0.90907 0.01246
vn 0.4159 0.90932 0.01288
vn 0.41672 0.9084 0.03407
vn 0.42062 0.90622 0.04292
vn -0.43201 0.90179 0.01205
vn -0.35376 0.93469 0.0348
vn -0.18686 0.98001 0.06831
vn -0.18428 0.97877 0.08971
vn -0.24676 0.96898 0.01345
vn -0.35223 0.93583 0.0128
vn -0.4325 0.90155 0.01195
vn 0.23284 0.97242 0.01345
vn 0.16043 0.98697 0.01267
vn 0.09724 0.99482 0.0297
vn 0.00631 0.99982 0.01767
vn -0.04678 0.99874 0.01804
vn -0.09799 0.9838 0.15012
vn 0.08404 0.98509 0.15012
vn 0.17246 0.97722 0.12366
vn 0.34067 0.93708 0.07628
vn 0.41758 0.90801 0.03372
vn -0.35358 0.93227 0.07645
vn -0.18628 0.97468 0.12365
vn -0.09537 0.98884 0.11444
vn 0.08135 0.99009 0.11444
vn 0.17041 0.98128 0.08971
vn 0.33765 0.93956 0.05665
vn 0.41598 0.90906 0.02388
vn 0.41483 0.90958 0.02399
vn 0.33875 0.94021 0.03531
vn 0.17298 0.98255 0.06831
vn 0.08388 0.99447 0.06325
vn -0.09794 0.99318 0.06325
vn -0.13763 0.99003 0.03002
vn -0.20044 0.97962 0.01298
vn 0.53491 0.09397 -0.83967
vn 0.99392 0.05059 -0.09775
vn 0.99299 0.00846 -0.11791
vn 0.9688 0.0097 -0.24766
vn 0.99113 0.00889 -0.13263
vn 0.99315 0.0404 -0.10962
vn 0.99293 0.04085 -0.11145
vn 0.97299 0.05721 -0.22364
vn 0.9923 0.02652 -0.12094
vn 0.9951 0.05628 -0.08131
vn 0.9807 0.10599 -0.16428
vn 0.13368 0.01631 -0.99089
vn 0.27748 0.04745 -0.95956
vn 0.99245 0.02573 -0.11994
vn 0.96866 0.02637 -0.24699
vn 0.87855 0.04938 -0.47509
vn 0.79996 0.0311 -0.59924
vn 0.61862 0.02918 -0.78515
vn 0.97939 0.1084 -0.17045
vn 0.9776 0.10152 -0.18435
vn 0.93261 0.16634 -0.32028
vn 0.90758 0.18254 -0.37813
vn 0.90209 0.15727 -0.40188
vn 0.83822 0.15825 -0.52186
vn 0.58861 0.1879 -0.78628
vn 0.51915 0.16157 -0.83927
vn 0.45313 0.16066 -0.87685
vn 0.43022 0.15471 -0.88937
vn 0.21381 0.09118 -0.97261
vn 0.14125 0.05758 -0.9883
vn 0.06896 0.03232 -0.9971
vn 0.14377 0.03116 -0.98912
vn 0.21605 0.05653 -0.97474
vn 0.07229 0.02526 -0.99706
vn 0.65332 0.19977 -0.73025
vn 0.68206 0.20318 -0.70251
vn 0.71635 0.19345 -0.67039
vn 0.76293 0.21018 -0.61136
vn 0.7837 0.21054 -0.58437
vn 0.99378 0.05115 -0.0989
vn 0.97558 0.08206 -0.20373
vn 0.92435 0.12105 -0.36184
vn 0.9203 0.09581 -0.3793
vn 0.86286 0.10878 -0.4936
vn 0.82103 0.09194 -0.56343
vn 0.63985 0.08874 -0.76336
vn 0.51252 0.04385 -0.85755
vn 0.26348 0.01789 -0.9645
vn 0.24708 0.00311 -0.96899
vn 0.11731 0.00151 -0.99309
vn 0.81836 0.20617 -0.53646
vn 0.80594 0.17757 -0.56474
vn 0.72328 0.16492 -0.67057
vn 0.61358 0.13513 -0.77798
vn 0.50403 0.13314 -0.85336
vn 0.36227 0.10076 -0.92661
vn 0.35525 0.12346 -0.92658
vn 0.28026 0.11263 -0.95329
vn 0.11699 0.00082 -0.99313
vn 0.11784 0.00083 -0.99303
vn 0.23483 0.00165 -0.97204
vn 0.35997 0.00254 -0.93296
vn 0.37098 0.00261 -0.92864
vn 0.40995 0.00289 -0.91211
vn 0.52438 0.00369 -0.85148
vn 0.63244 0.00446 -0.7746
vn 0.74729 0.00527 -0.66448
vn 0.82712 0.00583 -0.56199
vn 0.86646 0.00611 -0.49922
vn 0.92889 0.00655 -0.37029
vn 0.93375 0.00658 -0.35786
vn 0.96197 0.00678 -0.27309
vn 0.98743 0.00696 -0.15793
vn 0.99914 0.00704 -0.04094
vn 0.8943 -0.08731 -0.43886
vn 0.95676 -0.13371 -0.25832
vn 0.9958 -0.0422 -0.08121
vn 0.98031 -0.08528 -0.17808
vn 0.99451 -0.03677 -0.09798
vn 0.99438 -0.0374 -0.09902
vn 0.99344 -0.02652 -0.11125
vn 0.99348 -0.02682 -0.11079
vn 0.93411 -0.01364 -0.35674
vn 0.96202 -0.01265 -0.27267
vn 0.99352 -0.02578 -0.11065
vn 0.97399 -0.04268 -0.22254
vn 0.99287 -0.01131 -0.11864
vn 0.98727 -0.01135 -0.15864
vn 0.99903 0.00635 -0.04362
vn 0.57299 -0.14913 -0.80588
vn 0.53847 -0.17065 -0.82519
vn 0.47582 -0.15892 -0.86507
vn 0.45627 -0.15448 -0.87633
vn 0.37363 -0.13102 -0.91828
vn 0.29556 -0.0999 -0.95008
vn 0.21443 -0.08794 -0.97277
vn 0.14205 -0.05559 -0.9883
vn 0.10946 -0.05112 -0.99268
vn 0.04005 -0.01976 -0.999
vn 0.80545 -0.15433 -0.57222
vn 0.86996 -0.12592 -0.47677
vn 0.92731 -0.12315 -0.35347
vn 0.97638 -0.06871 -0.20486
vn 0.99419 -0.03795 -0.10071
vn 0.9548 -0.13605 -0.2643
vn 0.93487 -0.15319 -0.32025
vn 0.90862 -0.15818 -0.38652
vn 0.88247 -0.18264 -0.43346
vn 0.84689 -0.17768 -0.50121
vn 0.8212 -0.19463 -0.53642
vn 0.78661 -0.1995 -0.58433
vn 0.11816 0.00015 -0.99299
vn 0.25209 -0.01425 -0.9676
vn 0.1442 -0.02914 -0.98912
vn 0.27813 -0.04354 -0.95956
vn 0.1339 -0.01442 -0.99089
vn 0.37565 -0.01379 -0.92666
vn 0.4128 -0.01343 -0.91072
vn 0.53765 -0.03621 -0.84239
vn 0.64081 -0.02003 -0.76744
vn 0.7558 -0.01894 -0.65453
vn 0.67563 -0.14814 -0.7222
vn 0.72994 -0.16825 -0.66248
vn 0.70256 -0.19499 -0.68439
vn 0.7468 -0.19802 -0.63488
vn 0.07264 -0.02424 -0.99706
vn 0.22467 -0.06786 -0.97207
vn 0.29626 -0.0727 -0.95234
vn 0.49472 -0.10941 -0.86214
vn 0.47878 -0.08111 -0.87418
vn 0.59718 -0.09566 -0.79638
vn 0.64105 -0.07972 -0.76335
vn 0.82225 -0.08037 -0.56342
vn 0.84243 -0.03627 -0.53759
vn 0.90075 -0.0131 -0.43415
vn 0.56274 0.82552 0.0428
vn 0.56319 0.8252 0.04313
vn 0.63432 0.77098 0.05676
vn 0.56729 0.8228 0.03432
vn 0.56646 0.82339 0.03404
vn 0.56703 0.82337 0.02331
vn 0.56781 0.82281 0.02377
vn 0.56799 0.82268 0.02397
vn 0.63434 0.77295 0.0128
vn 0.56452 0.82533 0.01195
vn 0.99544 0.09447 0.01288
vn 0.99551 0.09388 0.01246
vn 0.99505 0.09331 0.03407
vn 0.99512 0.08884 0.04292
vn 0.56497 0.82503 0.01204
vn 0.63259 0.77371 0.0348
vn 0.75528 0.65183 0.06831
vn 0.7555 0.64898 0.08971
vn 0.8281 0.56028 0.01843
vn 0.89301 0.44966 0.01843
vn 0.9301 0.36604 0.03036
vn 0.95878 0.28384 0.01346
vn 0.98384 0.17857 0.01299
vn 0.9954 0.09579 0.00109
vn 0.803 0.57676 0.15012
vn 0.89513 0.41977 0.15012
vn 0.93253 0.33926 0.12366
vn 0.98187 0.17351 0.07628
vn 0.99515 0.09237 0.03372
vn 0.63058 0.77235 0.07645
vn 0.75096 0.64866 0.12365
vn 0.80868 0.57701 0.11444
vn 0.89812 0.42459 0.11444
vn 0.93502 0.34306 0.08971
vn 0.98251 0.17737 0.05665
vn 0.99526 0.09428 0.02388
vn 0.99514 0.09554 0.02399
vn 0.98362 0.17674 0.03531
vn 0.93741 0.34147 0.06831
vn 0.90318 0.42459 0.06325
vn 0.81115 0.58141 0.06325
vn 0.77319 0.63345 0.03037
vn 0.71542 0.69857 0.01346
vn 0.99555 0.09423 -0
vn 0.9834 0.18145 -0
vn 0.95745 0.28861 -0
vn 0.95039 0.31105 -0
vn 0.93455 0.35583 -0
vn 0.91011 0.41437 -0
vn 0.56777 0.82319 -0
vn 0.63792 0.7701 -0
vn 0.71935 0.69465 -0
vn 0.7352 0.67786 -0
vn 0.78318 0.6218 -0
vn 0.82096 0.57099 -0
vn 0.85575 0.51739 -0
vn 0.88171 0.47179 -0
vn 0.99525 0.09437 -0.02377
vn 0.99515 0.08862 -0.0428
vn 0.56602 0.8237 -0.03372
vn 0.56774 0.82286 -0.02388
vn 0.56878 0.82214 -0.02399
vn 0.63405 0.77249 -0.03531
vn 0.568 0.82293 -0.01288
vn 0.56751 0.82327 -0.01246
vn 0.99508 0.08917 -0.04313
vn 0.99499 0.09392 -0.03432
vn 0.98417 0.17676 -0.0128
vn 0.99585 0.09026 -0.01195
vn 0.9958 0.0908 -0.01205
vn 0.56679 0.82316 -0.03407
vn 0.63406 0.77121 -0.05665
vn 0.75554 0.64893 -0.08971
vn 0.75532 0.65179 -0.06831
vn 0.71595 0.69802 -0.01345
vn 0.63575 0.77178 -0.01299
vn 0.56912 0.82225 -0.00109
vn 0.99509 0.09291 -0.03404
vn 0.98181 0.17378 -0.07645
vn 0.93255 0.3392 -0.12365
vn 0.89517 0.41969 -0.15012
vn 0.80305 0.5767 -0.15012
vn 0.85551 0.51748 -0.01767
vn 0.88177 0.47133 -0.01804
vn 0.92082 0.38884 -0.03002
vn 0.94405 0.32956 -0.01298
vn 0.95863 0.28433 -0.01345
vn 0.76553 0.64327 -0.01267
vn 0.80464 0.59302 -0.0297
vn 0.81118 0.58137 -0.06325
vn 0.9032 0.42454 -0.06325
vn 0.93742 0.34142 -0.06831
vn 0.98398 0.17487 -0.0348
vn 0.99535 0.09341 -0.02331
vn 0.56292 0.82539 -0.04292
vn 0.63038 0.77253 -0.07628
vn 0.75101 0.64861 -0.12366
vn 0.80872 0.57695 -0.11444
vn 0.89815 0.42453 -0.11444
vn 0.93504 0.343 -0.08971
vn 0.98244 0.17771 -0.05676
vn 0.99523 0.09459 -0.02397
vn 0.34884 -0.41626 -0.83967
vn 0.54077 -0.83547 -0.09775
vn 0.50382 -0.85572 -0.11791
vn 0.4928 -0.83415 -0.24766
vn 0.50326 -0.8539 -0.13263
vn 0.53157 -0.83989 -0.10962
vn 0.53184 -0.83948 -0.11145
vn 0.53604 -0.81403 -0.22364
vn 0.51912 -0.8461 -0.12094
vn 0.54629 -0.83364 -0.08131
vn 0.58214 -0.79632 -0.16428
vn 0.08096 -0.10762 -0.99089
vn 0.17983 -0.21658 -0.95956
vn 0.5185 -0.84662 -0.11994
vn 0.50717 -0.8257 -0.24699
vn 0.48203 -0.73616 -0.47509
vn 0.42692 -0.67724 -0.59924
vn 0.33458 -0.52115 -0.78515
vn 0.58357 -0.79397 -0.17045
vn 0.57672 -0.79587 -0.18435
vn 0.61035 -0.72449 -0.32028
vn 0.61188 -0.69471 -0.37813
vn 0.58724 -0.7026 -0.40188
vn 0.55616 -0.6468 -0.52186
vn 0.45703 -0.4158 -0.78628
vn 0.3995 -0.36881 -0.83927
vn 0.3657 -0.31209 -0.87685
vn 0.3491 -0.29522 -0.88937
vn 0.18587 -0.13957 -0.97261
vn 0.12049 -0.09353 -0.9883
vn 0.06247 -0.04356 -0.9971
vn 0.09887 -0.10892 -0.98912
vn 0.15698 -0.15884 -0.97474
vn 0.05802 -0.04997 -0.99706
vn 0.49967 -0.46591 -0.73025
vn 0.51698 -0.48909 -0.70251
vn 0.52571 -0.52365 -0.67039
vn 0.56348 -0.55563 -0.61136
vn 0.57419 -0.57343 -0.58437
vn 0.54119 -0.83506 -0.0989
vn 0.55886 -0.80385 -0.20373
vn 0.56701 -0.73998 -0.36184
vn 0.54312 -0.7491 -0.3793
vn 0.52564 -0.69287 -0.4936
vn 0.49014 -0.66506 -0.56343
vn 0.39678 -0.50976 -0.76336
vn 0.29423 -0.42194 -0.85755
vn 0.14724 -0.21923 -0.9645
vn 0.12623 -0.21242 -0.96899
vn 0.05996 -0.10084 -0.99309
vn 0.58772 -0.60563 -0.53646
vn 0.55675 -0.60918 -0.56474
vn 0.50446 -0.54392 -0.67057
vn 0.42382 -0.46381 -0.77798
vn 0.36732 -0.36993 -0.85336
vn 0.2684 -0.26336 -0.92661
vn 0.28455 -0.24593 -0.92658
vn 0.23767 -0.18639 -0.95329
vn 0.05921 -0.1009 -0.99313
vn 0.50567 -0.86176 -0.04094
vn 0.05964 -0.10164 -0.99303
vn 0.11885 -0.20254 -0.97204
vn 0.18218 -0.31048 -0.93296
vn 0.18775 -0.31997 -0.92864
vn 0.20747 -0.35358 -0.91211
vn 0.26539 -0.45228 -0.85148
vn 0.49974 -0.85166 -0.15793
vn 0.48685 -0.8297 -0.27309
vn 0.47257 -0.80536 -0.35786
vn 0.47012 -0.80117 -0.37029
vn 0.45229 -0.7708 -0.44866
vn 0.41879 -0.71371 -0.56146
vn 0.3782 -0.64454 -0.66448
vn 0.32008 -0.54548 -0.7746
vn 0.37154 -0.81815 -0.43886
vn 0.36258 -0.89544 -0.25832
vn 0.46135 -0.88349 -0.08121
vn 0.41631 -0.89162 -0.17808
vn 0.46541 -0.87965 -0.09798
vn 0.46481 -0.87986 -0.09902
vn 0.47375 -0.8736 -0.11125
vn 0.47351 -0.87379 -0.11079
vn 0.45524 -0.81578 -0.35674
vn 0.47006 -0.83946 -0.27267
vn 0.47443 -0.87331 -0.11065
vn 0.45003 -0.86484 -0.22254
vn 0.48665 -0.86551 -0.11864
vn 0.4838 -0.86068 -0.15864
vn 0.50501 -0.86201 -0.04362
vn 0.15734 -0.57079 -0.80588
vn 0.12145 -0.55165 -0.82519
vn 0.10028 -0.49153 -0.86507
vn 0.09435 -0.47238 -0.87633
vn 0.07335 -0.38909 -0.91828
vn 0.06126 -0.30592 -0.95008
vn 0.03106 -0.22967 -0.97277
vn 0.02288 -0.15082 -0.9883
vn 0.01046 -0.12035 -0.99268
vn 0.00291 -0.04457 -0.999
vn 0.26907 -0.77471 -0.57222
vn 0.32593 -0.81637 -0.47677
vn 0.35701 -0.86464 -0.35347
vn 0.42868 -0.87992 -0.20486
vn 0.46423 -0.87997 -0.10071
vn 0.35958 -0.8949 -0.2643
vn 0.33477 -0.88621 -0.32025
vn 0.31732 -0.86597 -0.38652
vn 0.28307 -0.85556 -0.43346
vn 0.26957 -0.82227 -0.50121
vn 0.24205 -0.8085 -0.53642
vn 0.22054 -0.78098 -0.58433
vn 0.05921 -0.10226 -0.99299
vn 0.1137 -0.22544 -0.9676
vn 0.04687 -0.13945 -0.98912
vn 0.10136 -0.26264 -0.95956
vn 0.05446 -0.12317 -0.99089
vn 0.17588 -0.33222 -0.92666
vn 0.19477 -0.36421 -0.91072
vn 0.23746 -0.48372 -0.84239
vn 0.30305 -0.56497 -0.76744
vn 0.36149 -0.66401 -0.65453
vn 0.20952 -0.65919 -0.7222
vn 0.21926 -0.71627 -0.66248
vn 0.18242 -0.70593 -0.68439
vn 0.20191 -0.74576 -0.63488
vn 0.01533 -0.07503 -0.99706
vn 0.05357 -0.22851 -0.97207
vn 0.08517 -0.29292 -0.95234
vn 0.15261 -0.48315 -0.86214
vn 0.16915 -0.45519 -0.87418
vn 0.21574 -0.56501 -0.79638
vn 0.25148 -0.59503 -0.76335
vn 0.34152 -0.75228 -0.56342
vn 0.3898 -0.7477 -0.53759
vn 0.43903 -0.78662 -0.43415
vn 0.9963 -0.07459 0.0428
vn 0.99624 -0.07514 0.04313
vn 0.98485 -0.16385 0.05676
vn 0.99621 -0.07989 0.03432
vn 0.9963 -0.07888 0.03404
vn 0.99657 -0.07938 0.02331
vn 0.99648 -0.08033 0.02377
vn 0.99646 -0.08056 0.02397
vn 0.98656 -0.16287 0.0128
vn 0.99702 -0.07622 0.01195
vn 0.57954 -0.81484 0.01288
vn 0.57906 -0.81519 0.01246
vn 0.57833 -0.81509 0.03407
vn 0.5745 -0.81738 0.04292
vn 0.99698 -0.07676 0.01204
vn 0.98634 -0.16098 0.0348
vn 0.94214 -0.32818 0.06831
vn 0.93978 -0.32979 0.08971
vn 0.89933 -0.43689 0.01843
vn 0.83592 -0.54854 0.01843
vn 0.78205 -0.62247 0.03036
vn 0.7252 -0.68841 0.01346
vn 0.64656 -0.76275 0.01299
vn 0.58065 -0.81415 0.00109
vn 0.90099 -0.40704 0.15012
vn 0.81109 -0.56532 0.15012
vn 0.76007 -0.63796 0.12366
vn 0.6412 -0.76357 0.07628
vn 0.57757 -0.81564 0.03372
vn 0.98416 -0.15992 0.07645
vn 0.93724 -0.32602 0.12365
vn 0.90405 -0.41183 0.11444
vn 0.81677 -0.5655 0.11444
vn 0.76461 -0.63822 0.08971
vn 0.64486 -0.7622 0.05665
vn 0.57928 -0.81478 0.02388
vn 0.58031 -0.81404 0.02399
vn 0.64487 -0.76348 0.03531
vn 0.76443 -0.64108 0.06831
vn 0.81929 -0.56988 0.06325
vn 0.90909 -0.41177 0.06325
vn 0.93523 -0.35274 0.03037
vn 0.96272 -0.27016 0.01346
vn 0.57938 -0.81505 -0
vn 0.64856 -0.76116 -0
vn 0.72841 -0.68514 -0
vn 0.74388 -0.66832 -0
vn 0.79924 -0.60101 -0
vn 0.83613 -0.54852 -0
vn 0.89935 -0.43722 -0
vn 0.92559 -0.37852 -0
vn 0.95503 -0.2965 -0
vn 0.96164 -0.27432 -0
vn 0.98597 -0.16692 -0
vn 0.9968 -0.07991 -0
vn 0.57654 -0.81698 -0.01205
vn 0.57935 -0.81473 -0.02377
vn 0.57432 -0.81751 -0.0428
vn 0.99636 -0.07834 -0.03372
vn 0.99665 -0.08175 -0.00109
vn 0.98626 -0.16468 -0.01299
vn 0.99649 -0.08025 -0.02388
vn 0.99638 -0.0815 -0.02399
vn 0.98602 -0.16286 -0.03531
vn 0.99668 -0.08044 -0.01288
vn 0.99673 -0.07985 -0.01246
vn 0.57477 -0.81718 -0.04313
vn 0.57883 -0.81473 -0.03432
vn 0.57609 -0.8173 -0.01195
vn 0.99627 -0.07927 -0.03407
vn 0.98491 -0.1635 -0.05665
vn 0.93976 -0.32985 -0.08971
vn 0.94212 -0.32823 -0.06831
vn 0.57801 -0.81532 -0.03404
vn 0.6414 -0.76339 -0.07645
vn 0.76003 -0.63802 -0.12365
vn 0.81105 -0.56539 -0.15012
vn 0.90096 -0.40711 -0.15012
vn 0.89932 -0.4369 -0.01843
vn 0.83584 -0.54867 -0.01843
vn 0.78195 -0.6226 -0.03037
vn 0.7251 -0.68852 -0.01346
vn 0.64516 -0.76394 -0.0128
vn 0.96272 -0.27017 -0.01346
vn 0.93522 -0.35277 -0.03037
vn 0.90907 -0.41182 -0.06325
vn 0.81926 -0.56992 -0.06325
vn 0.76439 -0.64112 -0.06831
vn 0.64343 -0.76472 -0.0348
vn 0.57857 -0.8153 -0.02331
vn 0.99627 -0.07481 -0.04292
vn 0.98422 -0.15965 -0.07628
vn 0.93722 -0.32609 -0.12366
vn 0.90402 -0.4119 -0.11444
vn 0.81673 -0.56556 -0.11444
vn 0.76457 -0.63827 -0.08971
vn 0.64512 -0.76197 -0.05676
vn 0.57953 -0.8146 -0.02397
vn 0.42902 -0.90329 -0
vn 0.34789 -0.93753 0
vn 0.24182 -0.97032 0
vn -0.41625 -0.90925 0
vn -0.33465 -0.94234 0
vn -0.22813 -0.97363 0
vn -0.20507 -0.97875 0
vn -0.15836 -0.98738 0
vn -0.10847 -0.9941 0
vn -0.0454 -0.99897 0
vn -0.00608 -0.99998 0
vn 0.02017 -0.9998 0
vn 0.05947 -0.99823 0
vn 0.12247 -0.99247 0
vn 0.17225 -0.98505 0
vn 0.21884 -0.97576 0
vn -0.4159 -0.9091 -0.02377
vn -0.42083 -0.90613 -0.0428
vn 0.43034 -0.90204 -0.03372
vn 0.42875 -0.90311 -0.02388
vn 0.42761 -0.90365 -0.02399
vn 0.35197 -0.93535 -0.03531
vn 0.42868 -0.90337 -0.01288
vn 0.42922 -0.90312 -0.01246
vn -0.42031 -0.90635 -0.04313
vn -0.41616 -0.90864 -0.03432
vn -0.33901 -0.9407 -0.0128
vn -0.41975 -0.90756 -0.01195
vn -0.41926 -0.90779 -0.01204
vn 0.42948 -0.90243 -0.03407
vn 0.35086 -0.93471 -0.05665
vn 0.18422 -0.97878 -0.08971
vn 0.18681 -0.98002 -0.06831
vn 0.24652 -0.96904 -0.01345
vn 0.35051 -0.93647 -0.01299
vn 0.42753 -0.904 -0.00109
vn -0.41709 -0.90823 -0.03404
vn -0.34041 -0.93716 -0.07645
vn -0.17252 -0.97721 -0.12365
vn -0.08412 -0.98508 -0.15012
vn 0.09791 -0.98381 -0.15012
vn 0.0204 -0.99964 -0.01767
vn -0.0327 -0.9993 -0.01804
vn -0.12366 -0.99187 -0.03002
vn -0.18662 -0.98235 -0.01298
vn -0.23308 -0.97236 -0.01345
vn 0.17432 -0.98461 -0.01267
vn 0.11125 -0.99335 -0.0297
vn 0.09789 -0.99319 -0.06325
vn -0.08393 -0.99446 -0.06325
vn -0.17303 -0.98254 -0.06831
vn -0.34055 -0.93958 -0.0348
vn -0.41678 -0.90871 -0.02331
vn 0.43335 -0.9002 -0.04292
vn 0.35385 -0.93219 -0.07628
vn 0.18621 -0.9747 -0.12366
vn 0.0953 -0.98885 -0.11444
vn -0.08143 -0.99009 -0.11444
vn -0.17047 -0.98127 -0.08971
vn -0.33732 -0.93968 -0.05676
vn -0.4157 -0.90919 -0.02397
vn -0.18607 -0.51023 -0.83967
vn -0.45315 -0.88606 -0.09775
vn -0.48916 -0.86418 -0.11791
vn -0.476 -0.84385 -0.24766
vn -0.48787 -0.86278 -0.13263
vn -0.46159 -0.8803 -0.10962
vn -0.46109 -0.88033 -0.11145
vn -0.43695 -0.87124 -0.22364
vn -0.47318 -0.87262 -0.12094
vn -0.44881 -0.88992 -0.08131
vn -0.39856 -0.90231 -0.16428
vn -0.05272 -0.12393 -0.99089
vn -0.09764 -0.26403 -0.95956
vn -0.47394 -0.87235 -0.11994
vn -0.46149 -0.85207 -0.24699
vn -0.39651 -0.78553 -0.47509
vn -0.37305 -0.70834 -0.59924
vn -0.28404 -0.55033 -0.78515
vn -0.39582 -0.90237 -0.17045
vn -0.40088 -0.89739 -0.18435
vn -0.32225 -0.89083 -0.32028
vn -0.2957 -0.87726 -0.37813
vn -0.31485 -0.85986 -0.40188
vn -0.28206 -0.80505 -0.52186
vn -0.13158 -0.6037 -0.78628
vn -0.11965 -0.53039 -0.83927
vn -0.08743 -0.47275 -0.87685
vn -0.08112 -0.44994 -0.88937
vn -0.02794 -0.23075 -0.97261
vn -0.02076 -0.15111 -0.9883
vn -0.00649 -0.07588 -0.9971
vn -0.04489 -0.14009 -0.98912
vn -0.05907 -0.21537 -0.97474
vn -0.01427 -0.07523 -0.99706
vn -0.15365 -0.66568 -0.73025
vn -0.16507 -0.69227 -0.70251
vn -0.19064 -0.7171 -0.67039
vn -0.19945 -0.76581 -0.61136
vn -0.20951 -0.78398 -0.58437
vn -0.45259 -0.88622 -0.0989
vn -0.41673 -0.88591 -0.20373
vn -0.35734 -0.86103 -0.36184
vn -0.37718 -0.84491 -0.3793
vn -0.33722 -0.80165 -0.4936
vn -0.33089 -0.757 -0.56343
vn -0.24308 -0.5985 -0.76336
vn -0.21829 -0.46578 -0.85755
vn -0.11624 -0.23713 -0.9645
vn -0.12085 -0.21553 -0.96899
vn -0.05735 -0.10235 -0.99309
vn -0.23063 -0.8118 -0.53646
vn -0.24919 -0.78675 -0.56474
vn -0.21882 -0.70884 -0.67057
vn -0.18976 -0.59894 -0.77798
vn -0.13671 -0.50308 -0.85336
vn -0.09387 -0.36412 -0.92661
vn -0.07071 -0.36939 -0.92658
vn -0.04259 -0.29903 -0.95329
vn -0.05778 -0.10173 -0.99313
vn -0.49347 -0.8688 -0.04094
vn -0.0582 -0.10247 -0.99303
vn -0.11598 -0.20419 -0.97204
vn -0.17779 -0.31301 -0.93296
vn -0.18323 -0.32258 -0.92864
vn -0.20247 -0.35647 -0.91211
vn -0.25899 -0.45597 -0.85148
vn -0.48769 -0.85861 -0.15793
vn -0.47511 -0.83648 -0.27309
vn -0.46118 -0.81194 -0.35786
vn -0.45878 -0.80772 -0.37029
vn -0.44139 -0.7771 -0.44866
vn -0.40869 -0.71954 -0.56146
vn -0.36908 -0.6498 -0.66448
vn -0.31236 -0.54994 -0.7746
vn -0.52277 -0.73083 -0.43886
vn -0.59418 -0.76172 -0.25832
vn -0.53445 -0.84129 -0.08121
vn -0.56401 -0.80634 -0.17808
vn -0.5291 -0.84289 -0.09798
vn -0.52958 -0.84246 -0.09902
vn -0.51969 -0.84708 -0.11125
vn -0.51997 -0.84697 -0.11079
vn -0.47887 -0.80214 -0.35674
vn -0.49197 -0.82681 -0.27267
vn -0.51909 -0.84753 -0.11065
vn -0.52396 -0.82216 -0.22254
vn -0.50623 -0.8542 -0.11864
vn -0.50347 -0.84933 -0.15864
vn -0.49402 -0.86836 -0.04362
vn -0.41565 -0.42166 -0.80588
vn -0.41702 -0.381 -0.82519
vn -0.37554 -0.33261 -0.86507
vn -0.36192 -0.3179 -0.87633
vn -0.30028 -0.25807 -0.91828
vn -0.2343 -0.20601 -0.95008
vn -0.18337 -0.14173 -0.97277
vn -0.11917 -0.09523 -0.9883
vn -0.099 -0.06924 -0.99268
vn -0.03714 -0.0248 -0.999
vn -0.53638 -0.62038 -0.57222
vn -0.54403 -0.69045 -0.47677
vn -0.5703 -0.7415 -0.35347
vn -0.5477 -0.81121 -0.20486
vn -0.52996 -0.84202 -0.10071
vn -0.59522 -0.75886 -0.2643
vn -0.6001 -0.73302 -0.32025
vn -0.59129 -0.7078 -0.38652
vn -0.59941 -0.67292 -0.43346
vn -0.57732 -0.64459 -0.50121
vn -0.57915 -0.61387 -0.53642
vn -0.56608 -0.58148 -0.58433
vn -0.05895 -0.1024 -0.99299
vn -0.13838 -0.21119 -0.9676
vn -0.09733 -0.11031 -0.98912
vn -0.17677 -0.2191 -0.95956
vn -0.07944 -0.10875 -0.99089
vn -0.19977 -0.31843 -0.92666
vn -0.21803 -0.35078 -0.91072
vn -0.30019 -0.44751 -0.84239
vn -0.33775 -0.54494 -0.76744
vn -0.3943 -0.64507 -0.65453
vn -0.46611 -0.51105 -0.7222
vn -0.51068 -0.54802 -0.66248
vn -0.52014 -0.51095 -0.68439
vn -0.54489 -0.54774 -0.63488
vn -0.05731 -0.05079 -0.99706
vn -0.17111 -0.16064 -0.97207
vn -0.21109 -0.22022 -0.95234
vn -0.34211 -0.37374 -0.86214
vn -0.30963 -0.37408 -0.87418
vn -0.38144 -0.46934 -0.79638
vn -0.38957 -0.51531 -0.76335
vn -0.48073 -0.67191 -0.56342
vn -0.45262 -0.71143 -0.53759
vn -0.46172 -0.77352 -0.43415
vn 0.43355 -0.90011 0.0428
vn 0.43304 -0.90034 0.04313
vn 0.35053 -0.93483 0.05676
vn 0.42892 -0.90269 0.03432
vn 0.42984 -0.90226 0.03404
vn 0.42954 -0.90275 0.02331
vn 0.42867 -0.90315 0.02377
vn 0.42847 -0.90324 0.02397
vn -0.41475 -0.90994 0.00109
vn -0.33728 -0.94132 0.01299
vn -0.41645 -0.90907 0.01246
vn -0.4159 -0.90932 0.01288
vn -0.41672 -0.9084 0.03407
vn -0.42062 -0.90622 0.04292
vn 0.43201 -0.90179 0.01205
vn 0.35376 -0.93469 0.0348
vn 0.18686 -0.98001 0.06831
vn 0.18428 -0.97877 0.08971
vn 0.24676 -0.96898 0.01345
vn 0.35223 -0.93583 0.0128
vn 0.4325 -0.90155 0.01195
vn -0.23284 -0.97242 0.01345
vn -0.16043 -0.98697 0.01267
vn -0.09724 -0.99482 0.0297
vn -0.00631 -0.99982 0.01767
vn 0.04678 -0.99874 0.01804
vn 0.09799 -0.9838 0.15012
vn -0.08404 -0.98509 0.15012
vn -0.17246 -0.97722 0.12366
vn -0.34067 -0.93708 0.07628
vn -0.41758 -0.90801 0.03372
vn 0.35358 -0.93227 0.07645
vn 0.18628 -0.97468 0.12365
vn 0.09537 -0.98884 0.11444
vn -0.08135 -0.99009 0.11444
vn -0.17041 -0.98128 0.08971
vn -0.33765 -0.93956 0.05665
vn -0.41598 -0.90906 0.02388
vn -0.41483 -0.90958 0.02399
vn -0.33875 -0.94021 0.03531
vn -0.17298 -0.98255 0.06831
vn -0.08388 -0.99447 0.06325
vn 0.09794 -0.99318 0.06325
vn 0.13763 -0.99003 0.03002
vn 0.20044 -0.97962 0.01298
vn -0.56777 -0.82319 0
vn -0.63798 -0.77005 0
vn -0.71941 -0.69458 0
vn -0.99556 -0.09414 0
vn -0.98342 -0.18136 0
vn -0.95725 -0.28925 0
vn -0.73561 -0.6774 0
vn -0.76695 -0.6417 0
vn -0.79827 -0.6023 0
vn -0.83476 -0.55062 0
vn -0.85576 -0.51737 0
vn -0.86905 -0.49473 0
vn -0.88783 -0.46017 0
vn -0.91515 -0.40311 0
vn -0.93428 -0.35655 0
vn -0.95016 -0.31178 0
vn -0.99525 -0.09437 -0.02377
vn -0.99515 -0.08862 -0.0428
vn -0.56602 -0.8237 -0.03372
vn -0.56774 -0.82286 -0.02388
vn -0.56878 -0.82214 -0.02399
vn -0.63405 -0.77249 -0.03531
vn -0.568 -0.82293 -0.01288
vn -0.56751 -0.82327 -0.01246
vn -0.99508 -0.08917 -0.04313
vn -0.99499 -0.09392 -0.03432
vn -0.98417 -0.17676 -0.0128
vn -0.99585 -0.09026 -0.01195
vn -0.9958 -0.0908 -0.01205
vn -0.56679 -0.82316 -0.03407
vn -0.63406 -0.77121 -0.05665
vn -0.75554 -0.64893 -0.08971
vn -0.75532 -0.65179 -0.06831
vn -0.71595 -0.69802 -0.01345
vn -0.63575 -0.77178 -0.01299
vn -0.56912 -0.82225 -0.00109
vn -0.99509 -0.09291 -0.03404
vn -0.98181 -0.17378 -0.07645
vn -0.93255 -0.3392 -0.12365
vn -0.89517 -0.41969 -0.15012
vn -0.80305 -0.5767 -0.15012
vn -0.85551 -0.51748 -0.01767
vn -0.88177 -0.47133 -0.01804
vn -0.92082 -0.38884 -0.03002
vn -0.94405 -0.32956 -0.01298
vn -0.95863 -0.28433 -0.01345
vn -0.76553 -0.64327 -0.01267
vn -0.80464 -0.59302 -0.0297
vn -0.81118 -0.58137 -0.06325
vn -0.9032 -0.42454 -0.06325
vn -0.93742 -0.34142 -0.06831
vn -0.98398 -0.17487 -0.0348
vn -0.99535 -0.09341 -0.02331
vn -0.56292 -0.82539 -0.04292
vn -0.63038 -0.77253 -0.07628
vn -0.75101 -0.64861 -0.12366
vn -0.80872 -0.57695 -0.11444
vn -0.89815 -0.42453 -0.11444
vn -0.93504 -0.343 -0.08971
vn -0.98244 -0.17771 -0.05676
vn -0.99523 -0.09459 -0.02397
vn -0.53491 -0.09397 -0.83967
vn -0.99392 -0.05059 -0.09775
vn -0.99299 -0.00846 -0.11791
vn -0.9688 -0.0097 -0.24766
vn -0.99113 -0.00889 -0.13263
vn -0.99315 -0.0404 -0.10962
vn -0.99293 -0.04085 -0.11145
vn -0.97299 -0.05721 -0.22364
vn -0.9923 -0.02652 -0.12094
vn -0.9951 -0.05628 -0.08131
vn -0.9807 -0.10599 -0.16428
vn -0.13368 -0.01631 -0.99089
vn -0.27748 -0.04745 -0.95956
vn -0.99245 -0.02573 -0.11994
vn -0.96866 -0.02637 -0.24699
vn -0.87855 -0.04938 -0.47509
vn -0.79996 -0.0311 -0.59924
vn -0.61862 -0.02918 -0.78515
vn -0.97939 -0.1084 -0.17045
vn -0.9776 -0.10152 -0.18435
vn -0.93261 -0.16634 -0.32028
vn -0.90758 -0.18254 -0.37813
vn -0.90209 -0.15727 -0.40188
vn -0.83822 -0.15825 -0.52186
vn -0.58861 -0.1879 -0.78628
vn -0.51915 -0.16157 -0.83927
vn -0.45313 -0.16066 -0.87685
vn -0.43022 -0.15471 -0.88937
vn -0.21381 -0.09118 -0.97261
vn -0.14125 -0.05758 -0.9883
vn -0.06896 -0.03232 -0.9971
vn -0.14377 -0.03116 -0.98912
vn -0.21605 -0.05653 -0.97474
vn -0.07229 -0.02526 -0.99706
vn -0.65332 -0.19977 -0.73025
vn -0.68206 -0.20318 -0.70251
vn -0.71635 -0.19345 -0.67039
vn -0.76293 -0.21018 -0.61136
vn -0.7837 -0.21054 -0.58437
vn -0.99378 -0.05115 -0.0989
vn -0.97558 -0.08206 -0.20373
vn -0.92435 -0.12105 -0.36184
vn -0.9203 -0.09581 -0.3793
vn -0.86286 -0.10878 -0.4936
vn -0.82103 -0.09194 -0.56343
vn -0.63985 -0.08874 -0.76336
vn -0.51252 -0.04385 -0.85755
vn -0.26348 -0.01789 -0.9645
vn -0.24708 -0.00311 -0.96899
vn -0.11731 -0.00151 -0.99309
vn -0.81836 -0.20617 -0.53646
vn -0.80594 -0.17757 -0.56474
vn -0.72328 -0.16492 -0.67057
vn -0.61358 -0.13513 -0.77798
vn -0.50403 -0.13314 -0.85336
vn -0.36227 -0.10076 -0.92661
vn -0.35525 -0.12346 -0.92658
vn -0.28026 -0.11263 -0.95329
vn -0.11699 -0.00082 -0.99313
vn -0.11784 -0.00083 -0.99303
vn -0.23483 -0.00165 -0.97204
vn -0.35997 -0.00254 -0.93296
vn -0.37098 -0.00261 -0.92864
vn -0.40995 -0.00289 -0.91211
vn -0.52438 -0.00369 -0.85148
vn -0.63244 -0.00446 -0.7746
vn -0.74729 -0.00527 -0.66448
vn -0.82712 -0.00583 -0.56199
vn -0.86646 -0.00611 -0.49922
vn -0.92889 -0.00655 -0.37029
vn -0.93375 -0.00658 -0.35786
vn -0.96197 -0.00678 -0.27309
vn -0.98743 -0.00696 -0.15793
vn -0.99914 -0.00704 -0.04094
vn -0.8943 0.08731 -0.43886
vn -0.95676 0.13371 -0.25832
vn -0.9958 0.0422 -0.08121
vn -0.98031 0.08528 -0.17808
vn -0.99451 0.03677 -0.09798
vn -0.99438 0.0374 -0.09902
vn -0.99344 0.02652 -0.11125
vn -0.99348 0.02682 -0.11079
vn -0.93411 0.01364 -0.35674
vn -0.96202 0.01265 -0.27267
vn -0.99352 0.02578 -0.11065
vn -0.97399 0.04268 -0.22254
vn -0.99287 0.01131 -0.11864
vn -0.98727 0.01135 -0.15864
vn -0.99903 -0.00635 -0.04362
vn -0.57299 0.14913 -0.80588
vn -0.53847 0.17065 -0.82519
vn -0.47582 0.15892 -0.86507
vn -0.45627 0.15448 -0.87633
vn -0.37363 0.13102 -0.91828
vn -0.29556 0.0999 -0.95008
vn -0.21443 0.08794 -0.97277
vn -0.14205 0.05559 -0.9883
vn -0.10946 0.05112 -0.99268
vn -0.04005 0.01976 -0.999
vn -0.80545 0.15433 -0.57222
vn -0.86996 0.12592 -0.47677
vn -0.92731 0.12315 -0.35347
vn -0.97638 0.06871 -0.20486
vn -0.99419 0.03795 -0.10071
vn -0.9548 0.13605 -0.2643
vn -0.93487 0.15319 -0.32025
vn -0.90862 0.15818 -0.38652
vn -0.88247 0.18264 -0.43346
vn -0.84689 0.17768 -0.50121
vn -0.8212 0.19463 -0.53642
vn -0.78661 0.1995 -0.58433
vn -0.11816 -0.00015 -0.99299
vn -0.25209 0.01425 -0.9676
vn -0.1442 0.02914 -0.98912
vn -0.27813 0.04354 -0.95956
vn -0.1339 0.01442 -0.99089
vn -0.37565 0.01379 -0.92666
vn -0.4128 0.01343 -0.91072
vn -0.53765 0.03621 -0.84239
vn -0.64081 0.02003 -0.76744
vn -0.7558 0.01894 -0.65453
vn -0.67563 0.14814 -0.7222
vn -0.72994 0.16825 -0.66248
vn -0.70256 0.19499 -0.68439
vn -0.7468 0.19802 -0.63488
vn -0.07264 0.02424 -0.99706
vn -0.22467 0.06786 -0.97207
vn -0.29626 0.0727 -0.95234
vn -0.49472 0.10941 -0.86214
vn -0.47878 0.08111 -0.87418
vn -0.59718 0.09566 -0.79638
vn -0.64105 0.07972 -0.76335
vn -0.82225 0.08037 -0.56342
vn -0.84243 0.03627 -0.53759
vn -0.90075 0.0131 -0.43415
vn -0.57654 0.81698 -0.01205
vn -0.57935 0.81473 -0.02377
vn -0.57432 0.81751 -0.0428
vn -0.99636 0.07834 -0.03372
vn -0.99665 0.08175 -0.00109
vn -0.98626 0.16468 -0.01299
vn -0.99649 0.08025 -0.02388
vn -0.99638 0.0815 -0.02399
vn -0.98602 0.16286 -0.03531
vn -0.99668 0.08044 -0.01288
vn -0.99673 0.07985 -0.01246
vn -0.57477 0.81718 -0.04313
vn -0.57883 0.81473 -0.03432
vn -0.57609 0.8173 -0.01195
vn -0.99627 0.07927 -0.03407
vn -0.98491 0.1635 -0.05665
vn -0.93976 0.32985 -0.08971
vn -0.94212 0.32823 -0.06831
vn -0.57801 0.81532 -0.03404
vn -0.6414 0.76339 -0.07645
vn -0.76003 0.63802 -0.12365
vn -0.81105 0.56539 -0.15012
vn -0.90096 0.40711 -0.15012
vn -0.89926 0.43703 -0.01843
vn -0.83591 0.54855 -0.01843
vn -0.78204 0.62249 -0.03037
vn -0.72519 0.68841 -0.01346
vn -0.64516 0.76394 -0.0128
vn -0.96268 0.2703 -0.01346
vn -0.93517 0.3529 -0.03036
vn -0.90907 0.41182 -0.06325
vn -0.81926 0.56992 -0.06325
vn -0.76439 0.64112 -0.06831
vn -0.64343 0.76472 -0.0348
vn -0.57857 0.8153 -0.02331
vn -0.99627 0.07481 -0.04292
vn -0.98422 0.15965 -0.07628
vn -0.93722 0.32609 -0.12366
vn -0.90402 0.4119 -0.11444
vn -0.81673 0.56556 -0.11444
vn -0.76457 0.63827 -0.08971
vn -0.64512 0.76197 -0.05676
vn -0.57953 0.8146 -0.02397
vn -0.99678 0.0802 0
vn -0.98586 0.16758 0
vn -0.96142 0.27509 0
vn -0.95468 0.29762 0
vn -0.93947 0.34263 0
vn -0.91586 0.4015 0
vn -0.57931 0.81511 0
vn -0.64871 0.76104 0
vn -0.72907 0.68444 0
vn -0.74467 0.66743 0
vn -0.79186 0.6107 0
vn -0.82892 0.55936 0
vn -0.86295 0.50528 0
vn -0.88827 0.45932 0
vn -0.9963 0.07459 0.0428
vn -0.99624 0.07514 0.04313
vn -0.98485 0.16385 0.05676
vn -0.99621 0.07989 0.03432
vn -0.9963 0.07888 0.03404
vn -0.99657 0.07938 0.02331
vn -0.99648 0.08033 0.02377
vn -0.99646 0.08056 0.02397
vn -0.58065 0.81415 0.00109
vn -0.64656 0.76275 0.01299
vn -0.57906 0.81519 0.01246
vn -0.57954 0.81484 0.01288
vn -0.57833 0.81509 0.03407
vn -0.5745 0.81738 0.04292
vn -0.99698 0.07676 0.01204
vn -0.98634 0.16098 0.0348
vn -0.94214 0.32818 0.06831
vn -0.93978 0.32979 0.08971
vn -0.96254 0.27079 0.01345
vn -0.98656 0.16287 0.0128
vn -0.99702 0.07622 0.01195
vn -0.72572 0.68786 0.01345
vn -0.77452 0.63242 0.01267
vn -0.81292 0.58162 0.0297
vn -0.86272 0.50538 0.01767
vn -0.88833 0.45886 0.01804
vn -0.90099 0.40704 0.15012
vn -0.81109 0.56532 0.15012
vn -0.76007 0.63796 0.12366
vn -0.6412 0.76357 0.07628
vn -0.57757 0.81564 0.03372
vn -0.98416 0.15992 0.07645
vn -0.93724 0.32602 0.12365
vn -0.90405 0.41183 0.11444
vn -0.81677 0.5655 0.11444
vn -0.76461 0.63822 0.08971
vn -0.64486 0.7622 0.05665
vn -0.57928 0.81478 0.02388
vn -0.58031 0.81404 0.02399
vn -0.64487 0.76348 0.03531
vn -0.76443 0.64108 0.06831
vn -0.81929 0.56988 0.06325
vn -0.90909 0.41177 0.06325
vn -0.9262 0.37582 0.03002
vn -0.9486 0.31622 0.01298
vn -0.56274 -0.82552 0.0428
vn -0.56319 -0.8252 0.04313
vn -0.63432 -0.77098 0.05676
vn -0.56729 -0.8228 0.03432
vn -0.56646 -0.82339 0.03404
vn -0.56703 -0.82337 0.02331
vn -0.56781 -0.82281 0.02377
vn -0.56799 -0.82268 0.02397
vn -0.9954 -0.09579 0.00109
vn -0.98384 -0.17857 0.01299
vn -0.99551 -0.09388 0.01246
vn -0.99544 -0.09447 0.01288
vn -0.99505 -0.09331 0.03407
vn -0.99512 -0.08884 0.04292
vn -0.56497 -0.82503 0.01204
vn -0.63259 -0.77371 0.0348
vn -0.75528 -0.65183 0.06831
vn -0.7555 -0.64898 0.08971
vn -0.71578 -0.69819 0.01345
vn -0.63434 -0.77295 0.0128
vn -0.56452 -0.82533 0.01195
vn -0.95856 -0.28456 0.01345
vn -0.93495 -0.35454 0.01267
vn -0.91016 -0.41319 0.0297
vn -0.86903 -0.49445 0.01767
vn -0.84154 -0.53989 0.01804
vn -0.803 -0.57676 0.15012
vn -0.89513 -0.41977 0.15012
vn -0.93253 -0.33926 0.12366
vn -0.98187 -0.17351 0.07628
vn -0.99515 -0.09237 0.03372
vn -0.63058 -0.77235 0.07645
vn -0.75096 -0.64866 0.12365
vn -0.80868 -0.57701 0.11444
vn -0.89812 -0.42459 0.11444
vn -0.93502 -0.34306 0.08971
vn -0.98251 -0.17737 0.05665
vn -0.99526 -0.09428 0.02388
vn -0.99514 -0.09554 0.02399
vn -0.98362 -0.17674 0.03531
vn -0.93741 -0.34147 0.06831
vn -0.90318 -0.42459 0.06325
vn -0.81115 -0.58141 0.06325
vn -0.78858 -0.6142 0.03002
vn -0.74815 -0.6634 0.01298
vn -0.73623 0.52898 0.42207
vn -0.6422 0.58702 0.49294
vn -0.61061 0.78218 0.12388
vn -0.68517 0.69809 0.20789
vn -0.65663 0.71237 0.24771
vn -0.69118 0.58555 0.42355
vn -0.66017 0.63508 0.40106
vn -0.70154 0.62539 0.34166
vn -0.661 0.68348 0.30974
vn -0.65757 0.70937 0.25377
vn -0.76956 0.61043 0.18747
vn -0.8143 0.53101 0.23442
vn -0.77449 0.56026 0.29371
vn -0.80086 0.50677 0.31909
vn -0.77405 0.51168 0.37286
vn -0.79416 0.47127 0.38368
vn -0.02412 0.92315 0.38368
vn -0.19924 0.84693 0.49297
vn -0.17408 0.88898 0.42357
vn -0.38503 0.91455 0.12389
vn -0.27527 0.93862 0.20789
vn -0.15762 0.96954 0.18746
vn -0.30164 0.92068 0.24773
vn -0.29855 0.92003 0.25378
vn -0.22686 0.92955 0.29063
vn -0.25985 0.90221 0.34423
vn -0.23244 0.88606 0.40109
vn -0.10273 0.90072 0.42208
vn -0.0692 0.9253 0.37286
vn -0.11143 0.94288 0.31395
vn -0.06644 0.95614 0.28526
vn -0.06647 0.96986 0.23442
vn -0.50609 0.86248 0
vn 0.06766 0.52322 0.84951
vn 0.03937 0.49957 0.86538
vn 0.01264 0.57491 0.81812
vn -0.02994 0.53352 0.84526
vn -0.1782 0.82129 0.54197
vn -0.16823 0.80439 0.56979
vn -0.11825 0.80458 0.58195
vn -0.02383 0.89122 0.45294
vn 0.01121 0.89147 0.45294
vn 0.02968 0.84775 0.52956
vn 0.06355 0.85755 0.51047
vn 0.11439 0.82026 0.56043
vn 0.16654 0.82391 0.54169
vn -0.05098 0.4398 0.89665
vn -0.03321 0.36407 0.93078
vn -0.01843 0.29687 0.95474
vn -0.00547 0.11972 0.99279
vn 0.00165 0.1939 0.98102
vn -0.00214 0.29182 0.95647
vn 0.01416 0.29653 0.95492
vn 0.03226 0.38122 0.92392
vn 0.09454 0.669 0.73723
vn 0.1131 0.71745 0.68737
vn 0.13251 0.75838 0.6382
vn -0.13518 0.7406 0.65821
vn -0.12346 0.71616 0.68693
vn -0.07199 0.71832 0.69198
vn -0.08206 0.62323 0.77772
vn -0.05874 0.55648 0.82878
vn 0.07315 0.54121 0.8377
vn 0.06263 0.64423 0.76227
vn 0.0299 0.69517 0.71822
vn 0.01265 0.778 0.62814
vn -0.02364 0.77774 0.62814
vn -0.04167 0.84725 0.52956
vn -0.07566 0.85655 0.51048
vn 0.08999 0.90209 0.42207
vn 0.18727 0.84967 0.49294
vn 0.37208 0.9199 0.12388
vn 0.26197 0.94242 0.20789
vn 0.28862 0.92485 0.24771
vn 0.16151 0.89136 0.42355
vn 0.21992 0.88926 0.40106
vn 0.19083 0.92024 0.34166
vn 0.26141 0.91418 0.30974
vn 0.28554 0.92416 0.25377
vn 0.14387 0.97168 0.18747
vn 0.05272 0.9707 0.23442
vn 0.09795 0.95086 0.29371
vn 0.03844 0.94695 0.31909
vn 0.05611 0.92619 0.37286
vn 0.01105 0.9234 0.38368
vn 0.78741 0.48247 0.38368
vn 0.63384 0.59601 0.49297
vn 0.68284 0.59525 0.42357
vn 0.59951 0.79072 0.12389
vn 0.67524 0.7077 0.20789
vn 0.76084 0.62127 0.18746
vn 0.64651 0.72156 0.24773
vn 0.64749 0.71857 0.25378
vn 0.69159 0.66124 0.29063
vn 0.65141 0.67615 0.34423
vn 0.65113 0.64433 0.40109
vn 0.72868 0.53933 0.42208
vn 0.76673 0.52258 0.37286
vn 0.76084 0.56794 0.31395
vn 0.79482 0.53561 0.28526
vn 0.80669 0.54249 0.23442
vn 0.49389 0.86953 -0
vn 0.48696 0.20302 0.84951
vn 0.45233 0.21569 0.86538
vn 0.50421 0.27651 0.81812
vn 0.44707 0.29269 0.84526
vn 0.62215 0.56497 0.54197
vn 0.61251 0.54788 0.56979
vn 0.63766 0.5047 0.58195
vn 0.75991 0.46624 0.45294
vn 0.77764 0.43602 0.45294
vn 0.74902 0.39817 0.52956
vn 0.77443 0.37374 0.51047
vn 0.76756 0.31107 0.56043
vn 0.7968 0.26773 0.54169
vn 0.35539 0.26405 0.89665
vn 0.29869 0.21079 0.93078
vn 0.24789 0.1644 0.95474
vn 0.10095 0.0646 0.99279
vn 0.16874 0.09552 0.98102
vn 0.25165 0.14776 0.95647
vn 0.26388 0.136 0.95492
vn 0.34628 0.16267 0.92392
vn 0.62664 0.25262 0.73723
vn 0.67788 0.26078 0.68737
vn 0.72304 0.26443 0.6382
vn 0.57379 0.48737 0.65821
vn 0.55849 0.465 0.68693
vn 0.58608 0.42151 0.69198
vn 0.4987 0.38268 0.77772
vn 0.45256 0.32911 0.82878
vn 0.50528 0.20726 0.8377
vn 0.58923 0.26788 0.76227
vn 0.61699 0.32169 0.71822
vn 0.68009 0.37805 0.62814
vn 0.66172 0.40935 0.62814
vn 0.7129 0.45971 0.52956
vn 0.70397 0.4938 0.51048
vn 0.82623 0.37311 0.42207
vn 0.82947 0.26266 0.49294
vn 0.98269 0.13772 0.12388
vn 0.94715 0.24433 0.20789
vn 0.94525 0.21247 0.24771
vn 0.8527 0.30581 0.42355
vn 0.88008 0.25418 0.40106
vn 0.89237 0.29486 0.34166
vn 0.92241 0.2307 0.30974
vn 0.94312 0.21479 0.25377
vn 0.91343 0.36125 0.18747
vn 0.86701 0.4397 0.23442
vn 0.87245 0.3906 0.29371
vn 0.8393 0.44018 0.31909
vn 0.83016 0.41451 0.37286
vn 0.80522 0.45213 0.38368
vn 0.81153 -0.44068 0.38368
vn 0.83308 -0.25092 0.49297
vn 0.85692 -0.29373 0.42357
vn 0.98454 -0.12383 0.12389
vn 0.9505 -0.23092 0.20789
vn 0.91846 -0.34827 0.18746
vn 0.94815 -0.19911 0.24773
vn 0.94605 -0.20146 0.25378
vn 0.91844 -0.26831 0.29063
vn 0.91126 -0.22606 0.34423
vn 0.88357 -0.24173 0.40109
vn 0.83141 -0.36139 0.42208
vn 0.83594 -0.40272 0.37286
vn 0.87227 -0.37494 0.31395
vn 0.86127 -0.42053 0.28526
vn 0.87316 -0.42737 0.23442
vn 0.99998 0.00705 -0
vn 0.41929 -0.32021 0.84951
vn 0.41295 -0.28388 0.86538
vn 0.49157 -0.2984 0.81812
vn 0.47701 -0.24083 0.84526
vn 0.80036 -0.25631 0.54197
vn 0.78073 -0.25651 0.56979
vn 0.75591 -0.29989 0.58195
vn 0.78373 -0.42498 0.45294
vn 0.76643 -0.45545 0.45294
vn 0.71934 -0.44958 0.52956
vn 0.71088 -0.48381 0.51047
vn 0.65317 -0.5092 0.56043
vn 0.63026 -0.55619 0.54169
vn 0.40636 -0.17575 0.89665
vn 0.33189 -0.15328 0.93078
vn 0.26631 -0.13248 0.95474
vn 0.10642 -0.05512 0.99279
vn 0.16709 -0.09838 0.98102
vn 0.25379 -0.14405 0.95647
vn 0.24972 -0.16052 0.95492
vn 0.31402 -0.21855 0.92392
vn 0.5321 -0.41638 0.73723
vn 0.56478 -0.45667 0.68737
vn 0.59052 -0.49395 0.6382
vn 0.70897 -0.25323 0.65821
vn 0.68194 -0.25116 0.68693
vn 0.65808 -0.29681 0.69198
vn 0.58076 -0.24055 0.77772
vn 0.5113 -0.22737 0.82878
vn 0.43213 -0.33395 0.8377
vn 0.5266 -0.37635 0.76227
vn 0.58708 -0.37348 0.71822
vn 0.66745 -0.39995 0.62814
vn 0.68537 -0.36839 0.62814
vn 0.75457 -0.38754 0.52956
vn 0.77963 -0.36275 0.51048
vn 0.73623 -0.52898 0.42207
vn 0.6422 -0.58702 0.49294
vn 0.61061 -0.78218 0.12388
vn 0.68517 -0.69809 0.20789
vn 0.65663 -0.71237 0.24771
vn 0.69118 -0.58555 0.42355
vn 0.66017 -0.63508 0.40106
vn 0.70154 -0.62539 0.34166
vn 0.661 -0.68348 0.30974
vn 0.65757 -0.70937 0.25377
vn 0.76956 -0.61043 0.18747
vn 0.8143 -0.53101 0.23442
vn 0.77449 -0.56026 0.29371
vn 0.80086 -0.50677 0.31909
vn 0.77405 -0.51168 0.37286
vn 0.79416 -0.47127 0.38368
vn 0.02412 -0.92315 0.38368
vn 0.19924 -0.84693 0.49297
vn 0.17408 -0.88898 0.42357
vn 0.38503 -0.91455 0.12389
vn 0.27527 -0.93862 0.20789
vn 0.15762 -0.96954 0.18746
vn 0.30164 -0.92068 0.24773
vn 0.29855 -0.92003 0.25378
vn 0.22686 -0.92955 0.29063
vn 0.25985 -0.90221 0.34423
vn 0.23244 -0.88606 0.40109
vn 0.10273 -0.90072 0.42208
vn 0.0692 -0.9253 0.37286
vn 0.11143 -0.94288 0.31395
vn 0.06644 -0.95614 0.28526
vn 0.06647 -0.96986 0.23442
vn 0.50609 -0.86248 -0
vn -0.06766 -0.52322 0.84951
vn -0.01416 -0.29653 0.95492
vn -0.03226 -0.38122 0.92392
vn -0.03937 -0.49957 0.86538
vn -0.01264 -0.57491 0.81812
vn 0.02994 -0.53352 0.84526
vn 0.1782 -0.82129 0.54197
vn 0.16823 -0.80439 0.56979
vn 0.11825 -0.80458 0.58195
vn 0.02383 -0.89122 0.45294
vn -0.01121 -0.89147 0.45294
vn -0.02968 -0.84775 0.52956
vn -0.06355 -0.85755 0.51047
vn -0.11439 -0.82026 0.56043
vn -0.16654 -0.82391 0.54169
vn 0.05098 -0.4398 0.89665
vn 0.03321 -0.36407 0.93078
vn 0.01843 -0.29687 0.95474
vn -0.00896 -0.2617 0.96511
vn 0.0065 -0.2622 0.96499
vn 0.00547 -0.11972 0.99279
vn -0.09454 -0.669 0.73723
vn -0.1131 -0.71745 0.68737
vn -0.13251 -0.75838 0.6382
vn 0.13518 -0.7406 0.65821
vn 0.12346 -0.71616 0.68693
vn 0.07199 -0.71832 0.69198
vn 0.08206 -0.62323 0.77772
vn 0.05874 -0.55648 0.82878
vn -0.07315 -0.54121 0.8377
vn -0.06263 -0.64423 0.76227
vn -0.0299 -0.69517 0.71822
vn -0.01265 -0.778 0.62814
vn 0.02364 -0.77774 0.62814
vn 0.04167 -0.84725 0.52956
vn 0.07566 -0.85655 0.51048
vn -0.08999 -0.90209 0.42207
vn -0.18727 -0.84967 0.49294
vn -0.37208 -0.9199 0.12388
vn -0.26197 -0.94242 0.20789
vn -0.28862 -0.92485 0.24771
vn -0.16151 -0.89136 0.42355
vn -0.21992 -0.88926 0.40106
vn -0.19083 -0.92024 0.34166
vn -0.26141 -0.91418 0.30974
vn -0.28554 -0.92416 0.25377
vn -0.14387 -0.97168 0.18747
vn -0.05272 -0.9707 0.23442
vn -0.09795 -0.95086 0.29371
vn -0.03844 -0.94695 0.31909
vn -0.05611 -0.92619 0.37286
vn -0.01105 -0.9234 0.38368
vn -0.78741 -0.48247 0.38368
vn -0.63384 -0.59601 0.49297
vn -0.68284 -0.59525 0.42357
vn -0.59951 -0.79072 0.12389
vn -0.67524 -0.7077 0.20789
vn -0.76084 -0.62127 0.18746
vn -0.64651 -0.72156 0.24773
vn -0.64749 -0.71857 0.25378
vn -0.69159 -0.66124 0.29063
vn -0.65141 -0.67615 0.34423
vn -0.65113 -0.64433 0.40109
vn -0.72868 -0.53933 0.42208
vn -0.76673 -0.52258 0.37286
vn -0.76084 -0.56794 0.31395
vn -0.79482 -0.53561 0.28526
vn -0.80669 -0.54249 0.23442
vn -0.49389 -0.86953 0
vn -0.82623 -0.37311 0.42207
vn -0.82947 -0.26266 0.49294
vn -0.98269 -0.13772 0.12388
vn -0.94715 -0.24433 0.20789
vn -0.94525 -0.21247 0.24771
vn -0.8527 -0.30581 0.42355
vn -0.88008 -0.25418 0.40106
vn -0.89237 -0.29486 0.34166
vn -0.92241 -0.2307 0.30974
vn -0.94312 -0.21479 0.25377
vn -0.91343 -0.36125 0.18747
vn -0.86701 -0.4397 0.23442
vn -0.87245 -0.3906 0.29371
vn -0.8393 -0.44018 0.31909
vn -0.83016 -0.41451 0.37286
vn -0.80522 -0.45213 0.38368
vn -0.48696 -0.20302 0.84951
vn -0.45233 -0.21569 0.86538
vn -0.50421 -0.27651 0.81812
vn -0.44707 -0.29269 0.84526
vn -0.62215 -0.56497 0.54197
vn -0.61251 -0.54788 0.56979
vn -0.63766 -0.5047 0.58195
vn -0.75991 -0.46624 0.45294
vn -0.77764 -0.43602 0.45294
vn -0.74902 -0.39817 0.52956
vn -0.77443 -0.37374 0.51047
vn -0.76756 -0.31107 0.56043
vn -0.7968 -0.26773 0.54169
vn -0.35539 -0.26405 0.89665
vn -0.29869 -0.21079 0.93078
vn -0.24789 -0.1644 0.95474
vn -0.10095 -0.0646 0.99279
vn -0.16874 -0.09552 0.98102
vn -0.25165 -0.14776 0.95647
vn -0.26388 -0.136 0.95492
vn -0.34628 -0.16267 0.92392
vn -0.62664 -0.25262 0.73723
vn -0.67788 -0.26078 0.68737
vn -0.72304 -0.26443 0.6382
vn -0.57379 -0.48737 0.65821
vn -0.55849 -0.465 0.68693
vn -0.58608 -0.42151 0.69198
vn -0.4987 -0.38268 0.77772
vn -0.45256 -0.32911 0.82878
vn -0.50528 -0.20726 0.8377
vn -0.58923 -0.26788 0.76227
vn -0.61699 -0.32169 0.71822
vn -0.68009 -0.37805 0.62814
vn -0.66172 -0.40935 0.62814
vn -0.7129 -0.45971 0.52956
vn -0.70397 -0.4938 0.51048
vn -0.81153 0.44068 0.38368
vn -0.83308 0.25092 0.49297
vn -0.85692 0.29373 0.42357
vn -0.98454 0.12383 0.12389
vn -0.9505 0.23092 0.20789
vn -0.91846 0.34827 0.18746
vn -0.94815 0.19911 0.24773
vn -0.94605 0.20146 0.25378
vn -0.91844 0.26831 0.29063
vn -0.91126 0.22606 0.34423
vn -0.88357 0.24173 0.40109
vn -0.83141 0.36139 0.42208
vn -0.83594 0.40272 0.37286
vn -0.87227 0.37494 0.31395
vn -0.86127 0.42053 0.28526
vn -0.87316 0.42737 0.23442
vn -0.99998 -0.00705 0
vn -0.41929 0.32021 0.84951
vn -0.41295 0.28388 0.86538
vn -0.49157 0.2984 0.81812
vn -0.47701 0.24083 0.84526
vn -0.80036 0.25631 0.54197
vn -0.78073 0.25651 0.56979
vn -0.75591 0.29989 0.58195
vn -0.78373 0.42498 0.45294
vn -0.76643 0.45545 0.45294
vn -0.71934 0.44958 0.52956
vn -0.71088 0.48381 0.51047
vn -0.65317 0.5092 0.56043
vn -0.63026 0.55619 0.54169
vn -0.40636 0.17575 0.89665
vn -0.33189 0.15328 0.93078
vn -0.26631 0.13248 0.95474
vn -0.10642 0.05512 0.99279
vn -0.16709 0.09838 0.98102
vn -0.25379 0.14405 0.95647
vn -0.24972 0.16052 0.95492
vn -0.31402 0.21855 0.92392
vn -0.5321 0.41638 0.73723
vn -0.56478 0.45667 0.68737
vn -0.59052 0.49395 0.6382
vn -0.70897 0.25323 0.65821
vn -0.68194 0.25116 0.68693
vn -0.65808 0.29681 0.69198
vn -0.58076 0.24055 0.77772
vn -0.5113 0.22737 0.82878
vn -0.43213 0.33395 0.8377
vn -0.5266 0.37635 0.76227
vn -0.58708 0.37348 0.71822
vn -0.66745 0.39995 0.62814
vn -0.68537 0.36839 0.62814
vn -0.75457 0.38754 0.52956
vn -0.77963 0.36275 0.51048
vn 0.81282 -0.58252 -0
vn 0.70484 -0.70937 -0
vn 0.74717 -0.66464 -0
vn 0.77544 -0.63142 -0
vn 0.58562 -0.81059 -0
vn 0.6264 -0.7795 -0
vn 0.65979 -0.75145 -0
vn 0.3939 -0.91915 0
vn 0.44977 -0.89314 -0
vn 0.48829 -0.87268 -0
vn 0.49722 -0.86762 -0
vn 0.54321 -0.8396 -0
vn 0.13243 -0.99119 0
vn 0.17803 -0.98403 0
vn 0.23585 -0.97179 0
vn 0.29517 -0.95544 0
vn 0.33656 -0.94166 0
vn 0.08909 -0.99602 0
vn 0.02755 -0.99962 0
vn -0.03401 -0.99942 0
vn -0.07757 -0.99699 0
vn -0.13878 -0.99032 0
vn -0.19954 -0.97989 0
vn -0.24207 -0.97026 0
vn -0.30127 -0.95354 0
vn -0.34749 -0.93769 0
vn -0.70937 -0.70484 0
vn -0.6742 -0.73855 0
vn -0.63138 -0.77547 0
vn -0.5825 -0.81283 0
vn -0.5465 -0.83746 0
vn -0.52043 -0.8539 0
vn -0.46688 -0.88432 0
vn -0.4394 -0.89829 0
vn -0.39981 -0.9166 0
vn -0.73943 -0.67324 0
vn -0.7795 -0.6264 0
vn -0.81658 -0.57723 0
vn -0.84098 -0.54107 0
vn -0.87268 -0.4883 0
vn -0.90111 -0.4336 0
vn -0.91915 -0.3939 0
vn -0.94163 -0.33664 0
vn -0.95621 -0.29269 0
vn -0.99119 -0.13243 0
vn -0.98116 -0.19321 0
vn -0.9718 -0.23581 0
vn -0.99613 0.08784 0
vn -0.99933 0.03655 0
vn -0.99985 -0.01731 0
vn -0.99962 -0.02756 0
vn -0.99747 -0.07112 0
vn -0.97026 0.24207 0
vn -0.98333 0.18184 0
vn -0.99032 0.13879 0
vn -0.91661 0.39979 0
vn -0.93947 0.34264 0
vn -0.95352 0.30134 0
vn -0.81282 0.58252 0
vn -0.84717 0.53132 0
vn -0.89023 0.45551 0
vn -0.70484 0.70937 0
vn -0.74717 0.66464 0
vn -0.77544 0.63142 0
vn -0.58562 0.81059 0
vn -0.6264 0.7795 0
vn -0.65979 0.75145 0
vn -0.3939 0.91915 -0
vn -0.44977 0.89314 0
vn -0.48829 0.87268 0
vn -0.49722 0.86762 0
vn -0.54321 0.8396 0
vn -0.13243 0.99119 -0
vn -0.17803 0.98403 -0
vn -0.23585 0.97179 -0
vn -0.29517 0.95544 -0
vn -0.33656 0.94166 -0
vn -0.08909 0.99602 -0
vn -0.02755 0.99962 -0
vn 0.03401 0.99942 -0
vn 0.07757 0.99699 -0
vn 0.13878 0.99032 -0
vn 0.19954 0.97989 -0
vn 0.24207 0.97026 -0
vn 0.30127 0.95354 -0
vn 0.34749 0.93769 -0
vn 0.70937 0.70484 -0
vn 0.6742 0.73855 -0
vn 0.63138 0.77547 -0
vn 0.5825 0.81283 -0
vn 0.5465 0.83746 -0
vn 0.52043 0.8539 -0
vn 0.46688 0.88432 -0
vn 0.4394 0.89829 -0
vn 0.39981 0.9166 -0
vn 0.73943 0.67324 -0
vn 0.7795 0.6264 -0
vn 0.81658 0.57723 -0
vn 0.84098 0.54107 -0
vn 0.87268 0.4883 -0
vn 0.90111 0.4336 -0
vn 0.91915 0.3939 -0
vn 0.94163 0.33664 -0
vn 0.95621 0.29269 -0
vn 0.99119 0.13243 -0
vn 0.98116 0.19321 -0
vn 0.9718 0.23581 -0
vn 0.99613 -0.08784 -0
vn 0.99933 -0.03655 -0
vn 0.99985 0.01731 -0
vn 0.99962 0.02756 -0
vn 0.99747 0.07112 -0
vn 0.97026 -0.24207 -0
vn 0.98333 -0.18184 -0
vn 0.99032 -0.13879 -0
vn 0.84717 -0.53132 -0
vn 0.89023 -0.45551 -0
vn 0.91661 -0.39979 -0
vn 0.93947 -0.34264 -0
vn 0.95352 -0.30134 -0
vn -0.20383 0.3149 0.92698
vn -0.52729 0.50357 0.68439
vn -0.31487 0.36968 0.87418
vn -0.60585 0.75039 0.2643
vn -0.54092 0.83535 0.09798
vn -0.60485 0.75328 0.25832
vn -0.57531 0.79831 0.17808
vn -0.54625 0.83367 0.08121
vn -0.53157 0.83968 0.11125
vn -0.53185 0.83956 0.11079
vn -0.55907 0.80341 0.20486
vn -0.54177 0.83447 0.10071
vn -0.5414 0.83492 0.09902
vn -0.4901 0.79527 0.35686
vn -0.53098 0.84013 0.11065
vn -0.53549 0.81469 0.22254
vn -0.51821 0.84698 0.11864
vn -0.50862 0.82864 0.2338
vn -0.50392 0.85554 0.11881
vn -0.38801 0.46392 0.79638
vn -0.39679 0.50976 0.76335
vn -0.29424 0.42194 0.85755
vn -0.33459 0.52116 0.78514
vn -0.03748 0.02428 0.999
vn -0.09552 0.07424 0.99266
vn -0.15737 0.11734 0.98054
vn -0.18535 0.13913 0.97277
vn -0.42235 0.37509 0.82519
vn -0.38019 0.32729 0.86507
vn -0.36636 0.31277 0.87633
vn -0.58775 0.60564 0.53642
vn -0.57421 0.57345 0.58433
vn -0.55256 0.54 0.63488
vn -0.05996 0.10084 0.99309
vn -0.14092 0.2085 0.96782
vn -0.08097 0.10762 0.99089
vn -0.17984 0.21658 0.95956
vn -0.09888 0.10893 0.98912
vn -0.05802 0.04997 0.99706
vn -0.17336 0.15822 0.97207
vn -0.23718 0.20269 0.95008
vn -0.30389 0.25381 0.91828
vn -0.60883 0.66441 0.43346
vn -0.58635 0.63639 0.50121
vn -0.54507 0.61276 0.57222
vn -0.51835 0.54077 0.66248
vn -0.47326 0.50443 0.7222
vn -0.42155 0.41576 0.80588
vn -0.34735 0.36888 0.86214
vn -0.21417 0.21722 0.95234
vn -0.61037 0.72449 0.32025
vn -0.60121 0.69939 0.38652
vn -0.58069 0.73339 0.35347
vn -0.5537 0.68272 0.47677
vn -0.53301 0.72339 0.43886
vn -0.49015 0.66507 0.56342
vn -0.48204 0.73616 0.47509
vn -0.42692 0.67724 0.59924
vn -0.50261 0.85656 0.11699
vn -0.28442 0.48471 0.82714
vn -0.25265 0.43056 0.86648
vn -0.1874 0.31937 0.92892
vn -0.18111 0.30865 0.93377
vn -0.13821 0.23553 0.96199
vn -0.07993 0.13622 0.98745
vn -0.02072 0.03531 0.99916
vn -0.33629 0.5731 0.74731
vn -0.39202 0.66807 0.63246
vn -0.43092 0.73438 0.52439
vn -0.46161 0.78667 0.40996
vn -0.46997 0.80093 0.37099
vn -0.47216 0.80466 0.35998
vn -0.49194 0.83836 0.23483
vn -0.19324 0.50756 0.83967
vn -0.02113 0.03645 0.99911
vn -0.46559 0.87959 0.09775
vn -0.48773 0.83688 0.2485
vn -0.50124 0.85712 0.11875
vn -0.47395 0.8737 0.10962
vn -0.47345 0.87374 0.11145
vn -0.44919 0.865 0.22364
vn -0.48543 0.86587 0.12094
vn -0.48619 0.86558 0.11994
vn -0.4613 0.88351 0.08131
vn -0.41123 0.8966 0.16428
vn -0.40849 0.89671 0.17045
vn -0.41349 0.89165 0.18435
vn -0.33477 0.8862 0.32028
vn -0.03119 0.23034 0.97261
vn -0.14008 0.60179 0.78628
vn -0.12711 0.52865 0.83927
vn -0.09408 0.47147 0.87685
vn -0.08746 0.44875 0.88937
vn -0.0621 0.21452 0.97474
vn -0.31976 0.59251 0.73938
vn -0.17542 0.33143 0.92703
vn -0.37463 0.68797 0.62157
vn -0.4007 0.76755 0.50031
vn -0.44757 0.80223 0.39511
vn -0.47345 0.84548 0.24699
vn -0.49998 0.85582 0.13263
vn -0.00756 0.07578 0.9971
vn -0.02288 0.15081 0.9883
vn -0.01533 0.07502 0.99706
vn -0.16302 0.66345 0.73025
vn -0.17481 0.68987 0.70251
vn -0.20073 0.71434 0.67039
vn -0.21022 0.76292 0.61136
vn -0.22054 0.78095 0.58437
vn -0.30804 0.873 0.37813
vn -0.32693 0.85534 0.40188
vn -0.29338 0.80099 0.52186
vn -0.24205 0.80847 0.53646
vn -0.26025 0.78316 0.56474
vn -0.22879 0.70568 0.67057
vn -0.19819 0.59621 0.77798
vn -0.14379 0.5011 0.85336
vn -0.09899 0.36276 0.92661
vn -0.0759 0.36836 0.92658
vn -0.0468 0.2984 0.95329
vn -0.13346 0.25927 0.95654
vn -0.07565 0.15961 0.98428
vn -0.10136 0.26262 0.95956
vn -0.04686 0.13944 0.98912
vn -0.46503 0.87975 0.0989
vn -0.42917 0.87995 0.20373
vn -0.36944 0.85591 0.36184
vn -0.38905 0.83951 0.3793
vn -0.34848 0.79682 0.4936
vn -0.34153 0.75227 0.56343
vn -0.25148 0.59501 0.76336
vn -0.25615 0.51482 0.81813
vn -0.21455 0.39749 0.89217
vn 0.17079 0.33397 0.92698
vn 0.17245 0.70843 0.68439
vn 0.16272 0.45753 0.87418
vn 0.34693 0.89988 0.2643
vn 0.45297 0.88612 0.09798
vn 0.34993 0.90046 0.25832
vn 0.4037 0.89739 0.17808
vn 0.44886 0.88991 0.08121
vn 0.4614 0.88019 0.11125
vn 0.46115 0.88038 0.11079
vn 0.41624 0.88588 0.20486
vn 0.45179 0.88642 0.10071
vn 0.45236 0.88632 0.09902
vn 0.44368 0.82207 0.35686
vn 0.46208 0.87991 0.11065
vn 0.4378 0.8711 0.22254
vn 0.4744 0.87228 0.11864
vn 0.46332 0.8548 0.2338
vn 0.48896 0.86418 0.11881
vn 0.20776 0.56799 0.79638
vn 0.24307 0.59851 0.76335
vn 0.21829 0.46579 0.85755
vn 0.28404 0.55034 0.78514
vn 0.00228 0.0446 0.999
vn 0.01654 0.11984 0.99266
vn 0.02294 0.19496 0.98054
vn 0.02782 0.23008 0.97277
vn 0.11366 0.55331 0.82519
vn 0.09334 0.4929 0.86507
vn 0.08768 0.47366 0.87633
vn 0.23063 0.81183 0.53642
vn 0.20951 0.78401 0.58433
vn 0.19138 0.74853 0.63488
vn 0.05735 0.10235 0.99309
vn 0.11011 0.22629 0.96782
vn 0.05272 0.12393 0.99089
vn 0.09765 0.26404 0.95956
vn 0.0449 0.14009 0.98912
vn 0.01427 0.07524 0.99706
vn 0.05034 0.22924 0.97207
vn 0.05695 0.30675 0.95008
vn 0.06786 0.39008 0.91828
vn 0.27098 0.85947 0.43346
vn 0.25796 0.82598 0.50121
vn 0.25813 0.77842 0.57222
vn 0.20915 0.71929 0.66248
vn 0.20021 0.66207 0.7222
vn 0.14929 0.57295 0.80588
vn 0.14578 0.48525 0.86214
vn 0.08104 0.29409 0.95234
vn 0.32225 0.89084 0.32025
vn 0.30509 0.87036 0.38652
vn 0.34479 0.86959 0.35347
vn 0.3144 0.82088 0.47677
vn 0.35997 0.8233 0.43886
vn 0.33089 0.75702 0.56342
vn 0.39651 0.78554 0.47509
vn 0.37305 0.70834 0.59924
vn 0.49049 0.86356 0.11699
vn 0.27756 0.48866 0.82714
vn 0.24656 0.43408 0.86648
vn 0.18288 0.32198 0.92892
vn 0.17674 0.31117 0.93377
vn 0.13487 0.23746 0.96199
vn 0.078 0.13733 0.98745
vn 0.02022 0.0356 0.99916
vn 0.32818 0.57778 0.74731
vn 0.38256 0.67353 0.63246
vn 0.42053 0.74038 0.52439
vn 0.45048 0.7931 0.40996
vn 0.45864 0.80748 0.37099
vn 0.46078 0.81123 0.35998
vn 0.48007 0.84521 0.23483
vn 0.34294 0.42113 0.83967
vn 0.02101 0.03652 0.99911
vn 0.52895 0.84301 0.09775
vn 0.48089 0.84083 0.2485
vn 0.49167 0.86265 0.11875
vn 0.51968 0.8473 0.10962
vn 0.51996 0.84689 0.11145
vn 0.52452 0.8215 0.22364
vn 0.50715 0.85333 0.12094
vn 0.50652 0.85384 0.11994
vn 0.53449 0.84126 0.08131
vn 0.57086 0.80444 0.16428
vn 0.57232 0.80212 0.17045
vn 0.56545 0.80392 0.18435
vn 0.60008 0.73302 0.32028
vn 0.18388 0.14218 0.97261
vn 0.45112 0.4222 0.78628
vn 0.39427 0.37441 0.83927
vn 0.36127 0.31721 0.87685
vn 0.3449 0.30011 0.88937
vn 0.15473 0.16104 0.97474
vn 0.35325 0.57318 0.73938
vn 0.19931 0.31763 0.92703
vn 0.40848 0.66842 0.62157
vn 0.46436 0.73079 0.50031
vn 0.47097 0.78872 0.39511
vn 0.49548 0.83276 0.24699
vn 0.49118 0.8609 0.13263
vn 0.06185 0.04443 0.9971
vn 0.11916 0.09522 0.9883
vn 0.05731 0.05078 0.99706
vn 0.49305 0.4729 0.73025
vn 0.51004 0.49633 0.70251
vn 0.51827 0.53101 0.67039
vn 0.5556 0.56351 0.61136
vn 0.56605 0.58147 0.58437
vn 0.60203 0.70327 0.37813
vn 0.57728 0.7108 0.40188
vn 0.54699 0.65457 0.52186
vn 0.57913 0.61386 0.53646
vn 0.54811 0.61696 0.56474
vn 0.49675 0.55098 0.67057
vn 0.41724 0.46974 0.77798
vn 0.36207 0.37507 0.85336
vn 0.26466 0.26711 0.92661
vn 0.28105 0.24991 0.92658
vn 0.23502 0.18972 0.95329
vn 0.1578 0.24521 0.95654
vn 0.1004 0.14532 0.98428
vn 0.17676 0.21909 0.95956
vn 0.09733 0.11031 0.98912
vn 0.52937 0.84261 0.0989
vn 0.54747 0.81165 0.20373
vn 0.55652 0.7479 0.36184
vn 0.53251 0.75668 0.3793
vn 0.51582 0.70021 0.4936
vn 0.48072 0.6719 0.56343
vn 0.38955 0.5153 0.76336
vn 0.31778 0.47924 0.81813
vn 0.23696 0.38455 0.89217
vn 0.37463 0.01908 0.92698
vn 0.69975 0.20487 0.68439
vn 0.47759 0.08785 0.87418
vn 0.95278 0.14949 0.2643
vn 0.99389 0.05078 0.09798
vn 0.95478 0.14718 0.25832
vn 0.97902 0.09908 0.17808
vn 0.99511 0.05623 0.08121
vn 0.99297 0.04052 0.11125
vn 0.99301 0.04082 0.11079
vn 0.97531 0.08246 0.20486
vn 0.99356 0.05195 0.10071
vn 0.99376 0.0514 0.09902
vn 0.93377 0.0268 0.35686
vn 0.99306 0.03978 0.11065
vn 0.97329 0.0564 0.22254
vn 0.99262 0.0253 0.11864
vn 0.97193 0.02615 0.2338
vn 0.99288 0.00863 0.11881
vn 0.59578 0.10407 0.79638
vn 0.63986 0.08875 0.76335
vn 0.51253 0.04385 0.85755
vn 0.61863 0.02918 0.78514
vn 0.03977 0.02032 0.999
vn 0.11206 0.0456 0.99266
vn 0.18031 0.07762 0.98054
vn 0.21317 0.09095 0.97277
vn 0.53601 0.17822 0.82519
vn 0.47353 0.16561 0.86507
vn 0.45405 0.1609 0.87633
vn 0.81838 0.20618 0.53642
vn 0.78372 0.21056 0.58433
vn 0.74393 0.20853 0.63488
vn 0.11731 0.00151 0.99309
vn 0.25102 0.01779 0.96782
vn 0.13369 0.01631 0.99089
vn 0.27749 0.04746 0.95956
vn 0.14377 0.03117 0.98912
vn 0.07229 0.02526 0.99706
vn 0.2237 0.07102 0.97207
vn 0.29413 0.10406 0.95008
vn 0.37175 0.13627 0.91828
vn 0.87981 0.19506 0.43346
vn 0.8443 0.1896 0.50121
vn 0.8032 0.16567 0.57222
vn 0.7275 0.17852 0.66248
vn 0.67348 0.15765 0.7222
vn 0.57083 0.15719 0.80588
vn 0.49313 0.11637 0.86214
vn 0.2952 0.07686 0.95234
vn 0.93261 0.16635 0.32025
vn 0.9063 0.17096 0.38652
vn 0.92548 0.1362 0.35347
vn 0.8681 0.13816 0.47677
vn 0.89298 0.09991 0.43886
vn 0.82104 0.09195 0.56342
vn 0.87855 0.04938 0.47509
vn 0.79997 0.0311 0.59924
vn 0.04094 0.00029 0.99916
vn 0.99311 0.007 0.11699
vn 0.15793 0.00111 0.98745
vn 0.27308 0.00192 0.96199
vn 0.35785 0.00252 0.93377
vn 0.37028 0.00261 0.92892
vn 0.44865 0.00316 0.8937
vn 0.56145 0.00396 0.8275
vn 0.66446 0.00468 0.74731
vn 0.77458 0.00546 0.63246
vn 0.85146 0.006 0.52439
vn 0.91208 0.00643 0.40996
vn 0.92861 0.00654 0.37099
vn 0.93294 0.00657 0.35998
vn 0.97201 0.00685 0.23483
vn 0.53618 -0.08643 0.83967
vn 0.04213 7E-05 0.99911
vn 0.99454 -0.03658 0.09775
vn 0.96862 0.00395 0.2485
vn 0.99291 0.00553 0.11875
vn 0.99362 -0.0264 0.10962
vn 0.99341 -0.02685 0.11145
vn 0.9737 -0.04349 0.22364
vn 0.99258 -0.01254 0.12094
vn 0.99271 -0.01174 0.11994
vn 0.99579 -0.04225 0.08131
vn 0.9821 -0.09216 0.16428
vn 0.98082 -0.09459 0.17045
vn 0.97894 -0.08774 0.18435
vn 0.93486 -0.15318 0.32028
vn 0.21507 -0.08816 0.97261
vn 0.5912 -0.17958 0.78628
vn 0.52138 -0.15424 0.83927
vn 0.45535 -0.15426 0.87685
vn 0.43236 -0.14864 0.88937
vn 0.21683 -0.05348 0.97474
vn 0.67301 -0.01933 0.73938
vn 0.37473 -0.01379 0.92703
vn 0.78311 -0.01954 0.62157
vn 0.86507 -0.03675 0.50031
vn 0.91853 -0.01351 0.39511
vn 0.96893 -0.01272 0.24699
vn 0.99115 0.00508 0.13263
vn 0.06941 -0.03135 0.9971
vn 0.14204 -0.05559 0.9883
vn 0.07263 -0.02424 0.99706
vn 0.65607 -0.19055 0.73025
vn 0.68485 -0.19354 0.70251
vn 0.71901 -0.18333 0.67039
vn 0.76582 -0.1994 0.61136
vn 0.78659 -0.19948 0.58437
vn 0.91006 -0.16974 0.37813
vn 0.90421 -0.14454 0.40188
vn 0.84037 -0.14642 0.52186
vn 0.82118 -0.19461 0.53646
vn 0.80836 -0.1662 0.56474
vn 0.72553 -0.15471 0.67057
vn 0.61543 -0.12647 0.77798
vn 0.50586 -0.12603 0.85336
vn 0.36366 -0.09565 0.92661
vn 0.35696 -0.11844 0.92658
vn 0.28182 -0.10867 0.95329
vn 0.29126 -0.01405 0.95654
vn 0.17605 -0.01429 0.98428
vn 0.27812 -0.04354 0.95956
vn 0.14419 -0.02913 0.98912
vn 0.9944 -0.03715 0.0989
vn 0.97664 -0.0683 0.20373
vn 0.92596 -0.10801 0.36184
vn 0.92156 -0.08283 0.3793
vn 0.86431 -0.09661 0.4936
vn 0.82224 -0.08036 0.56343
vn 0.64104 -0.07971 0.76336
vn 0.57392 -0.03558 0.81813
vn 0.45152 -0.01294 0.89217
vn 0.20383 -0.3149 0.92698
vn 0.52729 -0.50357 0.68439
vn 0.31487 -0.36968 0.87418
vn 0.60585 -0.75039 0.2643
vn 0.54092 -0.83535 0.09798
vn 0.60485 -0.75328 0.25832
vn 0.57531 -0.79831 0.17808
vn 0.54625 -0.83367 0.08121
vn 0.53157 -0.83968 0.11125
vn 0.53185 -0.83956 0.11079
vn 0.55907 -0.80341 0.20486
vn 0.54177 -0.83447 0.10071
vn 0.5414 -0.83492 0.09902
vn 0.4901 -0.79527 0.35686
vn 0.53098 -0.84013 0.11065
vn 0.53549 -0.81469 0.22254
vn 0.51821 -0.84698 0.11864
vn 0.50862 -0.82864 0.2338
vn 0.50392 -0.85554 0.11881
vn 0.38801 -0.46392 0.79638
vn 0.39679 -0.50976 0.76335
vn 0.29424 -0.42194 0.85755
vn 0.33459 -0.52116 0.78514
vn 0.03748 -0.02428 0.999
vn 0.09552 -0.07424 0.99266
vn 0.15737 -0.11734 0.98054
vn 0.18535 -0.13913 0.97277
vn 0.42235 -0.37509 0.82519
vn 0.38019 -0.32729 0.86507
vn 0.36636 -0.31277 0.87633
vn 0.58775 -0.60564 0.53642
vn 0.57421 -0.57345 0.58433
vn 0.55256 -0.54 0.63488
vn 0.05996 -0.10084 0.99309
vn 0.14092 -0.2085 0.96782
vn 0.08097 -0.10762 0.99089
vn 0.17984 -0.21658 0.95956
vn 0.09888 -0.10893 0.98912
vn 0.05802 -0.04997 0.99706
vn 0.17336 -0.15822 0.97207
vn 0.23718 -0.20269 0.95008
vn 0.30389 -0.25381 0.91828
vn 0.60883 -0.66441 0.43346
vn 0.58635 -0.63639 0.50121
vn 0.54507 -0.61276 0.57222
vn 0.51835 -0.54077 0.66248
vn 0.47326 -0.50443 0.7222
vn 0.42155 -0.41576 0.80588
vn 0.34735 -0.36888 0.86214
vn 0.21417 -0.21722 0.95234
vn 0.61037 -0.72449 0.32025
vn 0.60121 -0.69939 0.38652
vn 0.58069 -0.73339 0.35347
vn 0.5537 -0.68272 0.47677
vn 0.53301 -0.72339 0.43886
vn 0.49015 -0.66507 0.56342
vn 0.48204 -0.73616 0.47509
vn 0.42692 -0.67724 0.59924
vn 0.02072 -0.03531 0.99916
vn 0.50261 -0.85656 0.11699
vn 0.28415 -0.48425 0.8275
vn 0.07993 -0.13622 0.98745
vn 0.13821 -0.23553 0.96199
vn 0.18111 -0.30865 0.93377
vn 0.1874 -0.31937 0.92892
vn 0.22706 -0.38696 0.8937
vn 0.33629 -0.5731 0.74731
vn 0.39202 -0.66807 0.63246
vn 0.43092 -0.73438 0.52439
vn 0.46161 -0.78667 0.40996
vn 0.46997 -0.80093 0.37099
vn 0.47216 -0.80466 0.35998
vn 0.49194 -0.83836 0.23483
vn 0.19324 -0.50756 0.83967
vn 0.02113 -0.03645 0.99911
vn 0.46559 -0.87959 0.09775
vn 0.48773 -0.83688 0.2485
vn 0.50124 -0.85712 0.11875
vn 0.47395 -0.8737 0.10962
vn 0.47345 -0.87374 0.11145
vn 0.44919 -0.865 0.22364
vn 0.48543 -0.86587 0.12094
vn 0.48619 -0.86558 0.11994
vn 0.4613 -0.88351 0.08131
vn 0.41123 -0.8966 0.16428
vn 0.40849 -0.89671 0.17045
vn 0.41349 -0.89165 0.18435
vn 0.33477 -0.8862 0.32028
vn 0.03119 -0.23034 0.97261
vn 0.14008 -0.60179 0.78628
vn 0.12711 -0.52865 0.83927
vn 0.09408 -0.47147 0.87685
vn 0.08746 -0.44875 0.88937
vn 0.0621 -0.21452 0.97474
vn 0.31976 -0.59251 0.73938
vn 0.17542 -0.33143 0.92703
vn 0.37463 -0.68797 0.62157
vn 0.4007 -0.76755 0.50031
vn 0.44757 -0.80223 0.39511
vn 0.47345 -0.84548 0.24699
vn 0.49998 -0.85582 0.13263
vn 0.00756 -0.07578 0.9971
vn 0.02288 -0.15081 0.9883
vn 0.01533 -0.07502 0.99706
vn 0.16302 -0.66345 0.73025
vn 0.17481 -0.68987 0.70251
vn 0.20073 -0.71434 0.67039
vn 0.21022 -0.76292 0.61136
vn 0.22054 -0.78095 0.58437
vn 0.30804 -0.873 0.37813
vn 0.32693 -0.85534 0.40188
vn 0.29338 -0.80099 0.52186
vn 0.24205 -0.80847 0.53646
vn 0.26025 -0.78316 0.56474
vn 0.22879 -0.70568 0.67057
vn 0.19819 -0.59621 0.77798
vn 0.14379 -0.5011 0.85336
vn 0.09899 -0.36276 0.92661
vn 0.0759 -0.36836 0.92658
vn 0.0468 -0.2984 0.95329
vn 0.13346 -0.25927 0.95654
vn 0.07565 -0.15961 0.98428
vn 0.10136 -0.26262 0.95956
vn 0.04686 -0.13944 0.98912
vn 0.46503 -0.87975 0.0989
vn 0.42917 -0.87995 0.20373
vn 0.36944 -0.85591 0.36184
vn 0.38905 -0.83951 0.3793
vn 0.34848 -0.79682 0.4936
vn 0.34153 -0.75227 0.56343
vn 0.25148 -0.59501 0.76336
vn 0.25615 -0.51482 0.81813
vn 0.21455 -0.39749 0.89217
vn -0.17079 -0.33397 0.92698
vn -0.17245 -0.70843 0.68439
vn -0.16272 -0.45753 0.87418
vn -0.34693 -0.89988 0.2643
vn -0.45297 -0.88612 0.09798
vn -0.34993 -0.90046 0.25832
vn -0.4037 -0.89739 0.17808
vn -0.44886 -0.88991 0.08121
vn -0.4614 -0.88019 0.11125
vn -0.46115 -0.88038 0.11079
vn -0.41624 -0.88588 0.20486
vn -0.45179 -0.88642 0.10071
vn -0.45236 -0.88632 0.09902
vn -0.44368 -0.82207 0.35686
vn -0.46208 -0.87991 0.11065
vn -0.4378 -0.8711 0.22254
vn -0.4744 -0.87228 0.11864
vn -0.46332 -0.8548 0.2338
vn -0.48896 -0.86418 0.11881
vn -0.20776 -0.56799 0.79638
vn -0.24307 -0.59851 0.76335
vn -0.21829 -0.46579 0.85755
vn -0.28404 -0.55034 0.78514
vn -0.00228 -0.0446 0.999
vn -0.01654 -0.11984 0.99266
vn -0.02294 -0.19496 0.98054
vn -0.02782 -0.23008 0.97277
vn -0.11366 -0.55331 0.82519
vn -0.09334 -0.4929 0.86507
vn -0.08768 -0.47366 0.87633
vn -0.23063 -0.81183 0.53642
vn -0.20951 -0.78401 0.58433
vn -0.19138 -0.74853 0.63488
vn -0.05735 -0.10235 0.99309
vn -0.11011 -0.22629 0.96782
vn -0.05272 -0.12393 0.99089
vn -0.09765 -0.26404 0.95956
vn -0.0449 -0.14009 0.98912
vn -0.01427 -0.07524 0.99706
vn -0.05034 -0.22924 0.97207
vn -0.05695 -0.30675 0.95008
vn -0.06786 -0.39008 0.91828
vn -0.27098 -0.85947 0.43346
vn -0.25796 -0.82598 0.50121
vn -0.25813 -0.77842 0.57222
vn -0.20915 -0.71929 0.66248
vn -0.20021 -0.66207 0.7222
vn -0.14929 -0.57295 0.80588
vn -0.14578 -0.48525 0.86214
vn -0.08104 -0.29409 0.95234
vn -0.32225 -0.89084 0.32025
vn -0.30509 -0.87036 0.38652
vn -0.34479 -0.86959 0.35347
vn -0.3144 -0.82088 0.47677
vn -0.35997 -0.8233 0.43886
vn -0.33089 -0.75702 0.56342
vn -0.39651 -0.78554 0.47509
vn -0.37305 -0.70834 0.59924
vn -0.49049 -0.86356 0.11699
vn -0.02022 -0.0356 0.99916
vn -0.2773 -0.48821 0.8275
vn -0.078 -0.13733 0.98745
vn -0.13487 -0.23746 0.96199
vn -0.17674 -0.31117 0.93377
vn -0.18288 -0.32198 0.92892
vn -0.22159 -0.39013 0.8937
vn -0.32818 -0.57778 0.74731
vn -0.38256 -0.67353 0.63246
vn -0.42053 -0.74038 0.52439
vn -0.45048 -0.7931 0.40996
vn -0.45864 -0.80748 0.37099
vn -0.46078 -0.81123 0.35998
vn -0.48007 -0.84521 0.23483
vn -0.34294 -0.42113 0.83967
vn -0.02101 -0.03652 0.99911
vn -0.52895 -0.84301 0.09775
vn -0.48089 -0.84083 0.2485
vn -0.49167 -0.86265 0.11875
vn -0.51968 -0.8473 0.10962
vn -0.51996 -0.84689 0.11145
vn -0.52452 -0.8215 0.22364
vn -0.50715 -0.85333 0.12094
vn -0.50652 -0.85384 0.11994
vn -0.53449 -0.84126 0.08131
vn -0.57086 -0.80444 0.16428
vn -0.57232 -0.80212 0.17045
vn -0.56545 -0.80392 0.18435
vn -0.60008 -0.73302 0.32028
vn -0.18388 -0.14218 0.97261
vn -0.45112 -0.4222 0.78628
vn -0.39427 -0.37441 0.83927
vn -0.36127 -0.31721 0.87685
vn -0.3449 -0.30011 0.88937
vn -0.15473 -0.16104 0.97474
vn -0.35325 -0.57318 0.73938
vn -0.19931 -0.31763 0.92703
vn -0.40848 -0.66842 0.62157
vn -0.46436 -0.73079 0.50031
vn -0.47097 -0.78872 0.39511
vn -0.49548 -0.83276 0.24699
vn -0.49118 -0.8609 0.13263
vn -0.06185 -0.04443 0.9971
vn -0.11916 -0.09522 0.9883
vn -0.05731 -0.05078 0.99706
vn -0.49305 -0.4729 0.73025
vn -0.51004 -0.49633 0.70251
vn -0.51827 -0.53101 0.67039
vn -0.5556 -0.56351 0.61136
vn -0.56605 -0.58147 0.58437
vn -0.60203 -0.70327 0.37813
vn -0.57728 -0.7108 0.40188
vn -0.54699 -0.65457 0.52186
vn -0.57913 -0.61386 0.53646
vn -0.54811 -0.61696 0.56474
vn -0.49675 -0.55098 0.67057
vn -0.41724 -0.46974 0.77798
vn -0.36207 -0.37507 0.85336
vn -0.26466 -0.26711 0.92661
vn -0.28105 -0.24991 0.92658
vn -0.23502 -0.18972 0.95329
vn -0.1578 -0.24521 0.95654
vn -0.1004 -0.14532 0.98428
vn -0.17676 -0.21909 0.95956
vn -0.09733 -0.11031 0.98912
vn -0.52937 -0.84261 0.0989
vn -0.54747 -0.81165 0.20373
vn -0.55652 -0.7479 0.36184
vn -0.53251 -0.75668 0.3793
vn -0.51582 -0.70021 0.4936
vn -0.48072 -0.6719 0.56343
vn -0.38955 -0.5153 0.76336
vn -0.31778 -0.47924 0.81813
vn -0.23696 -0.38455 0.89217
vn -0.37463 -0.01908 0.92698
vn -0.69975 -0.20487 0.68439
vn -0.47759 -0.08785 0.87418
vn -0.95278 -0.14949 0.2643
vn -0.99389 -0.05078 0.09798
vn -0.95478 -0.14718 0.25832
vn -0.97902 -0.09908 0.17808
vn -0.99511 -0.05623 0.08121
vn -0.99297 -0.04052 0.11125
vn -0.99301 -0.04082 0.11079
vn -0.97531 -0.08246 0.20486
vn -0.99356 -0.05195 0.10071
vn -0.99376 -0.0514 0.09902
vn -0.93377 -0.0268 0.35686
vn -0.99306 -0.03978 0.11065
vn -0.97329 -0.0564 0.22254
vn -0.99262 -0.0253 0.11864
vn -0.97193 -0.02615 0.2338
vn -0.99288 -0.00863 0.11881
vn -0.59578 -0.10407 0.79638
vn -0.63986 -0.08875 0.76335
vn -0.51253 -0.04385 0.85755
vn -0.61863 -0.02918 0.78514
vn -0.03977 -0.02032 0.999
vn -0.11206 -0.0456 0.99266
vn -0.18031 -0.07762 0.98054
vn -0.21317 -0.09095 0.97277
vn -0.53601 -0.17822 0.82519
vn -0.47353 -0.16561 0.86507
vn -0.45405 -0.1609 0.87633
vn -0.81838 -0.20618 0.53642
vn -0.78372 -0.21056 0.58433
vn -0.74393 -0.20853 0.63488
vn -0.11731 -0.00151 0.99309
vn -0.25102 -0.01779 0.96782
vn -0.13369 -0.01631 0.99089
vn -0.27749 -0.04746 0.95956
vn -0.14377 -0.03117 0.98912
vn -0.07229 -0.02526 0.99706
vn -0.2237 -0.07102 0.97207
vn -0.29413 -0.10406 0.95008
vn -0.37175 -0.13627 0.91828
vn -0.87981 -0.19506 0.43346
vn -0.8443 -0.1896 0.50121
vn -0.8032 -0.16567 0.57222
vn -0.7275 -0.17852 0.66248
vn -0.67348 -0.15765 0.7222
vn -0.57083 -0.15719 0.80588
vn -0.49313 -0.11637 0.86214
vn -0.2952 -0.07686 0.95234
vn -0.93261 -0.16635 0.32025
vn -0.9063 -0.17096 0.38652
vn -0.92548 -0.1362 0.35347
vn -0.8681 -0.13816 0.47677
vn -0.89298 -0.09991 0.43886
vn -0.82104 -0.09195 0.56342
vn -0.87855 -0.04938 0.47509
vn -0.79997 -0.0311 0.59924
vn -0.99311 -0.007 0.11699
vn -0.56198 -0.00396 0.82714
vn -0.4992 -0.00352 0.86648
vn -0.37028 -0.00261 0.92892
vn -0.35785 -0.00252 0.93377
vn -0.27308 -0.00192 0.96199
vn -0.15793 -0.00111 0.98745
vn -0.04094 -0.00029 0.99916
vn -0.66446 -0.00468 0.74731
vn -0.77458 -0.00546 0.63246
vn -0.85146 -0.006 0.52439
vn -0.91208 -0.00643 0.40996
vn -0.92861 -0.00654 0.37099
vn -0.93294 -0.00657 0.35998
vn -0.97201 -0.00685 0.23483
vn -0.53618 0.08643 0.83967
vn -0.04213 -7E-05 0.99911
vn -0.99454 0.03658 0.09775
vn -0.96862 -0.00395 0.2485
vn -0.99291 -0.00553 0.11875
vn -0.99362 0.0264 0.10962
vn -0.99341 0.02685 0.11145
vn -0.9737 0.04349 0.22364
vn -0.99258 0.01254 0.12094
vn -0.99271 0.01174 0.11994
vn -0.99579 0.04225 0.08131
vn -0.9821 0.09216 0.16428
vn -0.98082 0.09459 0.17045
vn -0.97894 0.08774 0.18435
vn -0.93486 0.15318 0.32028
vn -0.21507 0.08816 0.97261
vn -0.5912 0.17958 0.78628
vn -0.52138 0.15424 0.83927
vn -0.45535 0.15426 0.87685
vn -0.43236 0.14864 0.88937
vn -0.21683 0.05348 0.97474
vn -0.67301 0.01933 0.73938
vn -0.37473 0.01379 0.92703
vn -0.78311 0.01954 0.62157
vn -0.86507 0.03675 0.50031
vn -0.91853 0.01351 0.39511
vn -0.96893 0.01272 0.24699
vn -0.99115 -0.00508 0.13263
vn -0.06941 0.03135 0.9971
vn -0.14204 0.05559 0.9883
vn -0.07263 0.02424 0.99706
vn -0.65607 0.19055 0.73025
vn -0.68485 0.19354 0.70251
vn -0.71901 0.18333 0.67039
vn -0.76582 0.1994 0.61136
vn -0.78659 0.19948 0.58437
vn -0.91006 0.16974 0.37813
vn -0.90421 0.14454 0.40188
vn -0.84037 0.14642 0.52186
vn -0.82118 0.19461 0.53646
vn -0.80836 0.1662 0.56474
vn -0.72553 0.15471 0.67057
vn -0.61543 0.12647 0.77798
vn -0.50586 0.12603 0.85336
vn -0.36366 0.09565 0.92661
vn -0.35696 0.11844 0.92658
vn -0.28182 0.10867 0.95329
vn -0.29126 0.01405 0.95654
vn -0.17605 0.01429 0.98428
vn -0.27812 0.04354 0.95956
vn -0.14419 0.02913 0.98912
vn -0.9944 0.03715 0.0989
vn -0.97664 0.0683 0.20373
vn -0.92596 0.10801 0.36184
vn -0.92156 0.08283 0.3793
vn -0.86431 0.09661 0.4936
vn -0.82224 0.08036 0.56343
vn -0.64104 0.07971 0.76336
vn -0.57392 0.03558 0.81813
vn -0.45152 0.01294 0.89217
vn -0.05601 -0.00039 -0.99843
vn -0.04831 -0.02835 -0.99843
vn -0.03378 -0.04468 -0.99843
vn 0.0519 -0.02107 -0.99843
vn 0.05601 0.00039 -0.99843
vn 0.04831 0.02835 -0.99843
vn 0.03378 0.04468 -0.99843
vn -0.04468 0.03378 -0.99843
vn -0.09338 0.06145 -0.99373
vn -0.08456 0.07311 -0.99373
vn -0.03988 0.03933 -0.99843
vn -0.02835 0.04831 -0.99843
vn -0.06276 0.09251 -0.99373
vn -0.03441 0.0442 -0.99843
vn -0.0743 0.08352 -0.99373
vn -0.05015 0.09991 -0.99373
vn -0.0218 0.0516 -0.99843
vn -0.02258 0.10948 -0.99373
vn -0.01488 0.054 -0.99843
vn -0.03668 0.1056 -0.99373
vn -0.0081 0.11149 -0.99373
vn -0.0077 0.05548 -0.99843
vn 0.00692 0.05558 -0.99843
vn 0.00653 0.1116 -0.99373
vn -0.00039 0.05601 -0.99843
vn 0.02104 0.10979 -0.99373
vn 0.01412 0.0542 -0.99843
vn 0.03519 0.1061 -0.99373
vn 0.02107 0.0519 -0.99843
vn 0.04873 0.1006 -0.99373
vn 0.02766 0.0487 -0.99843
vn 0.06145 0.09338 -0.99373
vn 0.07311 0.08456 -0.99373
vn 0.03933 0.03988 -0.99843
vn 0.08352 0.0743 -0.99373
vn 0.0442 0.03441 -0.99843
vn 0.09251 0.06276 -0.99373
vn 0.09991 0.05015 -0.99373
vn 0.0516 0.0218 -0.99843
vn 0.1056 0.03668 -0.99373
vn 0.054 0.01488 -0.99843
vn 0.10948 0.02258 -0.99373
vn 0.05548 0.0077 -0.99843
vn 0.11149 0.0081 -0.99373
vn 0.1116 -0.00653 -0.99373
vn 0.05558 -0.00692 -0.99843
vn 0.10979 -0.02104 -0.99373
vn 0.0542 -0.01412 -0.99843
vn 0.1061 -0.03519 -0.99373
vn 0.1006 -0.04873 -0.99373
vn 0.0487 -0.02766 -0.99843
vn 0.09338 -0.06145 -0.99373
vn 0.04468 -0.03378 -0.99843
vn 0.08456 -0.07311 -0.99373
vn 0.03988 -0.03933 -0.99843
vn 0.02835 -0.04831 -0.99843
vn 0.06276 -0.09251 -0.99373
vn 0.03441 -0.0442 -0.99843
vn 0.0743 -0.08352 -0.99373
vn 0.05015 -0.09991 -0.99373
vn 0.0218 -0.0516 -0.99843
vn 0.02258 -0.10948 -0.99373
vn 0.01488 -0.054 -0.99843
vn 0.03668 -0.1056 -0.99373
vn 0.0081 -0.11149 -0.99373
vn 0.0077 -0.05548 -0.99843
vn -0.00692 -0.05558 -0.99843
vn -0.00653 -0.1116 -0.99373
vn 0.00039 -0.05601 -0.99843
vn -0.02104 -0.10979 -0.99373
vn -0.01412 -0.0542 -0.99843
vn -0.03519 -0.1061 -0.99373
vn -0.02107 -0.0519 -0.99843
vn -0.04873 -0.1006 -0.99373
vn -0.02766 -0.0487 -0.99843
vn -0.06145 -0.09338 -0.99373
vn -0.07311 -0.08456 -0.99373
vn -0.03933 -0.03988 -0.99843
vn -0.08352 -0.0743 -0.99373
vn -0.0442 -0.03441 -0.99843
vn -0.09251 -0.06276 -0.99373
vn -0.09991 -0.05015 -0.99373
vn -0.0516 -0.0218 -0.99843
vn -0.1056 -0.03668 -0.99373
vn -0.054 -0.01488 -0.99843
vn -0.10948 -0.02258 -0.99373
vn -0.05548 -0.0077 -0.99843
vn -0.11149 -0.0081 -0.99373
vn -0.1116 0.00653 -0.99373
vn -0.05558 0.00692 -0.99843
vn -0.10979 0.02104 -0.99373
vn -0.0542 0.01412 -0.99843
vn -0.1061 0.03519 -0.99373
vn -0.0487 0.02766 -0.99843
vn -0.1006 0.04873 -0.99373
vn -0.0519 0.02107 -0.99843
vn -0.94655 0.31765 -0.05609
vn -0.94984 0.2919 -0.11223
vn -0.97466 0.21657 -0.05608
vn -0.97851 0.17302 -0.1122
vn -0.9898 0.13099 -0.05601
vn -0.99047 0.07986 -0.11223
vn -0.99775 0.0367 -0.05612
vn -0.94563 -0.30525 -0.11223
vn -0.96655 -0.25029 -0.05602
vn -0.97188 -0.20704 -0.11219
vn -0.98465 -0.16529 -0.05606
vn -0.98924 -0.09381 -0.11223
vn -0.99656 -0.06103 -0.0561
vn -0.99828 -0.01731 -0.05602
vn -0.85052 -0.52295 -0.05604
vn -0.88123 -0.46935 -0.05611
vn -0.8966 -0.42839 -0.11222
vn -0.91871 -0.39093 -0.05601
vn -0.93584 -0.34792 -0.05612
vn -0.82678 -0.55972 -0.05609
vn -0.8098 -0.57586 -0.11223
vn -0.76349 -0.64337 -0.05609
vn -0.7312 -0.67287 -0.11221
vn -0.70465 -0.70734 -0.05601
vn -0.66632 -0.73717 -0.11223
vn -0.63651 -0.76923 -0.05612
vn -0.33349 -0.93605 -0.11223
vn -0.38745 -0.92018 -0.05602
vn -0.42505 -0.89819 -0.11219
vn -0.46601 -0.883 -0.05606
vn -0.52779 -0.84193 -0.11223
vn -0.5561 -0.82922 -0.0561
vn -0.5919 -0.80406 -0.05602
vn -0.20343 -0.97264 -0.11221
vn -0.24664 -0.96749 -0.05601
vn -0.29369 -0.95425 -0.05612
vn -0.05671 -0.99207 -0.11218
vn -0.10032 -0.99338 -0.05604
vn -0.16156 -0.98527 -0.05609
vn 0.28005 -0.95835 -0.05602
vn 0.22279 -0.97325 -0.05612
vn 0.17921 -0.97739 -0.11223
vn 0.13475 -0.9893 -0.05601
vn 0.09125 -0.98948 -0.11222
vn 0.0482 -0.99726 -0.05611
vn -0.01356 -0.99834 -0.05604
vn 0.32177 -0.94515 -0.05609
vn 0.34665 -0.93126 -0.11223
vn 0.41918 -0.90617 -0.05607
vn 0.45612 -0.88282 -0.1122
vn 0.4964 -0.86628 -0.05602
vn 0.5396 -0.83441 -0.11223
vn 0.57828 -0.81391 -0.05612
vn 0.61943 -0.78305 -0.05601
vn 0.64975 -0.75182 -0.1122
vn 0.68518 -0.72621 -0.05608
vn 0.72879 -0.68244 -0.05605
vn 0.75422 -0.64697 -0.11218
vn 0.78538 -0.61648 -0.05603
vn 0.81784 -0.5644 -0.11223
vn 0.84573 -0.53066 -0.05612
vn 0.88451 -0.45282 -0.11223
vn 0.90776 -0.41573 -0.05612
vn 0.99828 0.01731 -0.05602
vn 0.99775 -0.0367 -0.05612
vn 0.99047 -0.07986 -0.11223
vn 0.9898 -0.13099 -0.05601
vn 0.97851 -0.17302 -0.1122
vn 0.97466 -0.21657 -0.05608
vn 0.94984 -0.2919 -0.11223
vn 0.94655 -0.31765 -0.05609
vn 0.93172 -0.35882 -0.05603
vn 0.99656 0.06103 -0.0561
vn 0.98924 0.09381 -0.11223
vn 0.98465 0.16529 -0.05606
vn 0.97188 0.20704 -0.11219
vn 0.96655 0.25029 -0.05602
vn 0.94563 0.30525 -0.11223
vn 0.93584 0.34792 -0.05612
vn 0.91871 0.39093 -0.05601
vn 0.8966 0.42839 -0.11222
vn 0.88123 0.46935 -0.05611
vn 0.5919 0.80406 -0.05602
vn 0.63651 0.76923 -0.05612
vn 0.66632 0.73717 -0.11223
vn 0.70465 0.70734 -0.05601
vn 0.7312 0.67287 -0.11221
vn 0.76349 0.64337 -0.05609
vn 0.8098 0.57586 -0.11223
vn 0.82678 0.55972 -0.05609
vn 0.85052 0.52295 -0.05604
vn 0.5561 0.82922 -0.0561
vn 0.52779 0.84193 -0.11223
vn 0.46601 0.883 -0.05606
vn 0.42505 0.89819 -0.11219
vn 0.38745 0.92018 -0.05602
vn 0.33349 0.93605 -0.11223
vn 0.29369 0.95425 -0.05612
vn 0.24664 0.96749 -0.05601
vn 0.20343 0.97264 -0.11221
vn 0.16156 0.98527 -0.05609
vn 0.10032 0.99338 -0.05604
vn 0.05671 0.99207 -0.11218
vn 0.01356 0.99834 -0.05604
vn -0.0482 0.99726 -0.05611
vn -0.09125 0.98948 -0.11222
vn -0.13475 0.9893 -0.05601
vn -0.17921 0.97739 -0.11223
vn -0.22279 0.97325 -0.05612
vn -0.5396 0.83441 -0.11223
vn -0.4964 0.86628 -0.05602
vn -0.45612 0.88282 -0.1122
vn -0.41918 0.90617 -0.05607
vn -0.34665 0.93126 -0.11223
vn -0.32177 0.94515 -0.05609
vn -0.28005 0.95835 -0.05602
vn -0.64975 0.75182 -0.1122
vn -0.61943 0.78305 -0.05601
vn -0.57828 0.81391 -0.05612
vn -0.93172 0.35882 -0.05603
vn -0.90776 0.41573 -0.05612
vn -0.88451 0.45282 -0.11223
vn -0.84573 0.53066 -0.05612
vn -0.81784 0.5644 -0.11223
vn -0.78538 0.61648 -0.05603
vn -0.75422 0.64697 -0.11218
vn -0.72879 0.68244 -0.05605
vn -0.68518 0.72621 -0.05608
vn -0.86284 0.44033 -0.24823
vn -0.85957 0.3923 -0.32747
vn -0.91293 0.32394 -0.24823
vn -0.90342 0.27675 -0.32747
vn -0.9474 0.20201 -0.24823
vn -0.93182 0.15646 -0.32747
vn -0.96567 0.07662 -0.24823
vn -0.94427 0.0335 -0.32747
vn -0.9674 -0.05008 -0.24823
vn -0.94056 -0.09004 -0.32747
vn -0.95259 -0.17592 -0.24823
vn -0.92076 -0.21204 -0.32747
vn -0.92148 -0.29876 -0.24823
vn -0.88521 -0.33041 -0.32747
vn -0.8746 -0.41648 -0.24823
vn -0.83451 -0.44312 -0.32747
vn -0.81276 -0.52707 -0.24823
vn -0.76953 -0.54826 -0.32747
vn -0.73701 -0.62865 -0.24823
vn -0.69138 -0.64401 -0.32747
vn -0.64865 -0.71947 -0.24823
vn -0.60141 -0.72874 -0.32747
vn -0.54919 -0.79798 -0.24823
vn -0.50114 -0.80101 -0.32747
vn -0.44033 -0.86284 -0.24823
vn -0.3923 -0.85957 -0.32747
vn -0.32394 -0.91293 -0.24823
vn -0.27675 -0.90342 -0.32747
vn -0.20201 -0.9474 -0.24823
vn -0.15646 -0.93182 -0.32747
vn -0.07662 -0.96567 -0.24823
vn -0.0335 -0.94427 -0.32747
vn 0.05008 -0.9674 -0.24823
vn 0.09004 -0.94056 -0.32747
vn 0.17592 -0.95259 -0.24823
vn 0.21204 -0.92076 -0.32747
vn 0.29876 -0.92148 -0.24823
vn 0.33041 -0.88521 -0.32747
vn 0.41648 -0.8746 -0.24823
vn 0.44312 -0.83451 -0.32747
vn 0.52707 -0.81276 -0.24823
vn 0.54826 -0.76953 -0.32747
vn 0.62865 -0.73701 -0.24823
vn 0.64401 -0.69138 -0.32747
vn 0.71947 -0.64865 -0.24823
vn 0.72874 -0.60141 -0.32747
vn 0.79798 -0.54919 -0.24823
vn 0.80101 -0.50114 -0.32747
vn 0.86284 -0.44033 -0.24823
vn 0.85957 -0.3923 -0.32747
vn 0.91293 -0.32394 -0.24823
vn 0.90342 -0.27675 -0.32747
vn 0.9474 -0.20201 -0.24823
vn 0.93182 -0.15646 -0.32747
vn 0.96567 -0.07662 -0.24823
vn 0.94427 -0.0335 -0.32747
vn 0.9674 0.05008 -0.24823
vn 0.94056 0.09004 -0.32747
vn 0.95259 0.17592 -0.24823
vn 0.92076 0.21204 -0.32747
vn 0.92148 0.29876 -0.24823
vn 0.88521 0.33041 -0.32747
vn 0.8746 0.41648 -0.24823
vn 0.83451 0.44312 -0.32747
vn 0.81276 0.52707 -0.24823
vn 0.76953 0.54826 -0.32747
vn 0.73701 0.62865 -0.24823
vn 0.69138 0.64401 -0.32747
vn 0.64865 0.71947 -0.24823
vn 0.60141 0.72874 -0.32747
vn 0.54919 0.79798 -0.24823
vn 0.50114 0.80101 -0.32747
vn 0.44033 0.86284 -0.24823
vn 0.3923 0.85957 -0.32747
vn 0.32394 0.91293 -0.24823
vn 0.27675 0.90342 -0.32747
vn 0.20201 0.9474 -0.24823
vn 0.15646 0.93182 -0.32747
vn 0.07662 0.96567 -0.24823
vn 0.0335 0.94427 -0.32747
vn -0.05008 0.9674 -0.24823
vn -0.09004 0.94056 -0.32747
vn -0.17592 0.95259 -0.24823
vn -0.21204 0.92076 -0.32747
vn -0.29876 0.92148 -0.24823
vn -0.33041 0.88521 -0.32747
vn -0.41648 0.8746 -0.24823
vn -0.44312 0.83451 -0.32747
vn -0.52707 0.81276 -0.24823
vn -0.54826 0.76953 -0.32747
vn -0.62865 0.73701 -0.24823
vn -0.64401 0.69138 -0.32747
vn -0.71947 0.64865 -0.24823
vn -0.72874 0.60141 -0.32747
vn -0.79798 0.54919 -0.24823
vn -0.80101 0.50114 -0.32747
vn -0.78292 0.39853 -0.47771
vn -0.76098 0.34628 -0.54864
vn -0.82824 0.29293 -0.47771
vn -0.79966 0.24399 -0.54864
vn -0.85939 0.18231 -0.47771
vn -0.82467 0.13753 -0.54864
vn -0.87584 0.06858 -0.47771
vn -0.83557 0.02871 -0.54864
vn -0.87729 -0.04633 -0.47771
vn -0.83217 -0.0806 -0.54864
vn -0.86374 -0.16044 -0.47771
vn -0.81453 -0.18853 -0.54864
vn -0.83541 -0.27181 -0.47771
vn -0.78295 -0.29323 -0.54864
vn -0.79279 -0.37853 -0.47771
vn -0.73798 -0.39292 -0.54864
vn -0.7366 -0.47877 -0.47771
vn -0.68038 -0.48588 -0.54864
vn -0.6678 -0.57082 -0.47771
vn -0.61114 -0.57053 -0.54864
vn -0.58758 -0.6531 -0.47771
vn -0.53144 -0.64542 -0.54864
vn -0.49731 -0.72421 -0.47771
vn -0.44265 -0.70927 -0.54864
vn -0.39853 -0.78292 -0.47771
vn -0.34628 -0.76098 -0.54864
vn -0.29293 -0.82824 -0.47771
vn -0.24399 -0.79966 -0.54864
vn -0.18231 -0.85939 -0.47771
vn -0.13753 -0.82467 -0.54864
vn -0.06858 -0.87584 -0.47771
vn -0.02871 -0.83557 -0.54864
vn 0.04633 -0.87729 -0.47771
vn 0.0806 -0.83217 -0.54864
vn 0.16044 -0.86374 -0.47771
vn 0.18853 -0.81453 -0.54864
vn 0.27181 -0.83541 -0.47771
vn 0.29323 -0.78295 -0.54864
vn 0.37853 -0.79279 -0.47771
vn 0.39292 -0.73798 -0.54864
vn 0.47877 -0.7366 -0.47771
vn 0.48588 -0.68038 -0.54864
vn 0.57082 -0.6678 -0.47771
vn 0.57053 -0.61114 -0.54864
vn 0.6531 -0.58758 -0.47771
vn 0.64542 -0.53144 -0.54864
vn 0.72421 -0.49731 -0.47771
vn 0.70927 -0.44265 -0.54864
vn 0.78292 -0.39853 -0.47771
vn 0.76098 -0.34628 -0.54864
vn 0.82824 -0.29293 -0.47771
vn 0.79966 -0.24399 -0.54864
vn 0.85939 -0.18231 -0.47771
vn 0.82467 -0.13753 -0.54864
vn 0.87584 -0.06858 -0.47771
vn 0.83557 -0.02871 -0.54864
vn 0.87729 0.04633 -0.47771
vn 0.83217 0.0806 -0.54864
vn 0.86374 0.16044 -0.47771
vn 0.81453 0.18853 -0.54864
vn 0.83541 0.27181 -0.47771
vn 0.78295 0.29323 -0.54864
vn 0.79279 0.37853 -0.47771
vn 0.73798 0.39292 -0.54864
vn 0.7366 0.47877 -0.47771
vn 0.68038 0.48588 -0.54864
vn 0.6678 0.57082 -0.47771
vn 0.61114 0.57053 -0.54864
vn 0.58758 0.6531 -0.47771
vn 0.53144 0.64542 -0.54864
vn 0.49731 0.72421 -0.47771
vn 0.44265 0.70927 -0.54864
vn 0.39853 0.78292 -0.47771
vn 0.34628 0.76098 -0.54864
vn 0.29293 0.82824 -0.47771
vn 0.24399 0.79966 -0.54864
vn 0.18231 0.85939 -0.47771
vn 0.13753 0.82467 -0.54864
vn 0.06858 0.87584 -0.47771
vn 0.02871 0.83557 -0.54864
vn -0.04633 0.87729 -0.47771
vn -0.0806 0.83217 -0.54864
vn -0.16044 0.86374 -0.47771
vn -0.18853 0.81453 -0.54864
vn -0.27181 0.83541 -0.47771
vn -0.29323 0.78295 -0.54864
vn -0.37853 0.79279 -0.47771
vn -0.39292 0.73798 -0.54864
vn -0.47877 0.7366 -0.47771
vn -0.48588 0.68038 -0.54864
vn -0.57082 0.6678 -0.47771
vn -0.57053 0.61114 -0.54864
vn -0.6531 0.58758 -0.47771
vn -0.64542 0.53144 -0.54864
vn -0.72421 0.49731 -0.47771
vn -0.70927 0.44265 -0.54864
vn -0.65552 0.33255 -0.67801
vn -0.61629 0.27929 -0.73633
vn -0.69332 0.24414 -0.67801
vn -0.64748 0.19646 -0.73633
vn -0.71926 0.15156 -0.67801
vn -0.66758 0.11026 -0.73633
vn -0.73288 0.05638 -0.67801
vn -0.67626 0.02218 -0.73633
vn -0.73397 -0.03976 -0.67801
vn -0.67337 -0.06628 -0.73633
vn -0.7225 -0.13522 -0.67801
vn -0.65896 -0.1536 -0.73633
vn -0.69867 -0.22837 -0.67801
vn -0.63327 -0.2383 -0.73633
vn -0.66289 -0.31761 -0.67801
vn -0.59675 -0.31892 -0.73633
vn -0.61576 -0.40142 -0.67801
vn -0.55002 -0.39408 -0.73633
vn -0.5581 -0.47836 -0.67801
vn -0.49387 -0.4625 -0.73633
vn -0.49088 -0.54711 -0.67801
vn -0.42928 -0.52301 -0.73633
vn -0.41527 -0.60651 -0.67801
vn -0.35734 -0.57457 -0.73633
vn -0.33255 -0.65552 -0.67801
vn -0.27929 -0.61629 -0.73633
vn -0.24414 -0.69332 -0.67801
vn -0.19646 -0.64748 -0.73633
vn -0.15156 -0.71926 -0.67801
vn -0.11026 -0.66758 -0.73633
vn -0.05638 -0.73288 -0.67801
vn -0.02218 -0.67626 -0.73633
vn 0.03976 -0.73397 -0.67801
vn 0.06628 -0.67337 -0.73633
vn 0.13522 -0.7225 -0.67801
vn 0.1536 -0.65896 -0.73633
vn 0.22837 -0.69867 -0.67801
vn 0.2383 -0.63327 -0.73633
vn 0.31761 -0.66289 -0.67801
vn 0.31892 -0.59675 -0.73633
vn 0.40142 -0.61576 -0.67801
vn 0.39408 -0.55002 -0.73633
vn 0.47836 -0.5581 -0.67801
vn 0.4625 -0.49387 -0.73633
vn 0.54711 -0.49088 -0.67801
vn 0.52301 -0.42928 -0.73633
vn 0.60651 -0.41527 -0.67801
vn 0.57457 -0.35734 -0.73633
vn 0.65552 -0.33255 -0.67801
vn 0.61629 -0.27929 -0.73633
vn 0.69332 -0.24414 -0.67801
vn 0.64748 -0.19646 -0.73633
vn 0.71926 -0.15156 -0.67801
vn 0.66758 -0.11026 -0.73633
vn 0.73288 -0.05638 -0.67801
vn 0.67626 -0.02218 -0.73633
vn 0.73397 0.03976 -0.67801
vn 0.67337 0.06628 -0.73633
vn 0.7225 0.13522 -0.67801
vn 0.65896 0.1536 -0.73633
vn 0.69867 0.22837 -0.67801
vn 0.63327 0.2383 -0.73633
vn 0.66289 0.31761 -0.67801
vn 0.59675 0.31892 -0.73633
vn 0.61576 0.40142 -0.67801
vn 0.55002 0.39408 -0.73633
vn 0.5581 0.47836 -0.67801
vn 0.49387 0.4625 -0.73633
vn 0.49088 0.54711 -0.67801
vn 0.42928 0.52301 -0.73633
vn 0.41527 0.60651 -0.67801
vn 0.35734 0.57457 -0.73633
vn 0.33255 0.65552 -0.67801
vn 0.27929 0.61629 -0.73633
vn 0.24414 0.69332 -0.67801
vn 0.19646 0.64748 -0.73633
vn 0.15156 0.71926 -0.67801
vn 0.11026 0.66758 -0.73633
vn 0.05638 0.73288 -0.67801
vn 0.02218 0.67626 -0.73633
vn -0.03976 0.73397 -0.67801
vn -0.06628 0.67337 -0.73633
vn -0.13522 0.7225 -0.67801
vn -0.1536 0.65896 -0.73633
vn -0.22837 0.69867 -0.67801
vn -0.2383 0.63327 -0.73633
vn -0.31761 0.66289 -0.67801
vn -0.31892 0.59675 -0.73633
vn -0.40142 0.61576 -0.67801
vn -0.39408 0.55002 -0.73633
vn -0.47836 0.5581 -0.67801
vn -0.4625 0.49387 -0.73633
vn -0.54711 0.49088 -0.67801
vn -0.52301 0.42928 -0.73633
vn -0.60651 0.41527 -0.67801
vn -0.57457 0.35734 -0.73633
vn -0.4885 0.24648 -0.83703
vn -0.43441 0.19544 -0.87925
vn -0.51649 0.18061 -0.83703
vn -0.45621 0.13707 -0.87925
vn -0.53564 0.11165 -0.83703
vn -0.4702 0.07635 -0.87925
vn -0.54563 0.04078 -0.83703
vn -0.47614 0.01432 -0.87925
vn -0.54629 -0.03079 -0.83703
vn -0.47393 -0.04795 -0.87925
vn -0.5376 -0.10183 -0.83703
vn -0.46362 -0.1094 -0.87925
vn -0.51971 -0.17113 -0.83703
vn -0.44537 -0.16898 -0.87925
vn -0.49292 -0.2375 -0.83703
vn -0.41951 -0.22567 -0.87925
vn -0.4577 -0.29981 -0.83703
vn -0.38646 -0.27849 -0.87925
vn -0.41466 -0.35699 -0.83703
vn -0.34681 -0.32655 -0.87925
vn -0.36451 -0.40806 -0.83703
vn -0.30121 -0.36903 -0.87925
vn -0.30813 -0.45215 -0.83703
vn -0.25047 -0.40519 -0.87925
vn -0.24648 -0.4885 -0.83703
vn -0.19544 -0.43441 -0.87925
vn -0.18061 -0.51649 -0.83703
vn -0.13707 -0.45621 -0.87925
vn -0.11165 -0.53564 -0.83703
vn -0.07635 -0.4702 -0.87925
vn -0.04078 -0.54563 -0.83703
vn -0.01432 -0.47614 -0.87925
vn 0.03079 -0.54629 -0.83703
vn 0.04795 -0.47393 -0.87925
vn 0.10183 -0.5376 -0.83703
vn 0.1094 -0.46362 -0.87925
vn 0.17113 -0.51971 -0.83703
vn 0.16898 -0.44537 -0.87925
vn 0.2375 -0.49292 -0.83703
vn 0.22567 -0.41951 -0.87925
vn 0.29981 -0.4577 -0.83703
vn 0.27849 -0.38646 -0.87925
vn 0.35699 -0.41466 -0.83703
vn 0.32655 -0.34681 -0.87925
vn 0.40806 -0.36451 -0.83703
vn 0.36903 -0.30121 -0.87925
vn 0.45215 -0.30813 -0.83703
vn 0.40519 -0.25047 -0.87925
vn 0.4885 -0.24648 -0.83703
vn 0.43441 -0.19544 -0.87925
vn 0.51649 -0.18061 -0.83703
vn 0.45621 -0.13707 -0.87925
vn 0.53564 -0.11165 -0.83703
vn 0.4702 -0.07635 -0.87925
vn 0.54563 -0.04078 -0.83703
vn 0.47614 -0.01432 -0.87925
vn 0.54629 0.03079 -0.83703
vn 0.47393 0.04795 -0.87925
vn 0.5376 0.10183 -0.83703
vn 0.46362 0.1094 -0.87925
vn 0.51971 0.17113 -0.83703
vn 0.44537 0.16898 -0.87925
vn 0.49292 0.2375 -0.83703
vn 0.41951 0.22567 -0.87925
vn 0.4577 0.29981 -0.83703
vn 0.38646 0.27849 -0.87925
vn 0.41466 0.35699 -0.83703
vn 0.34681 0.32655 -0.87925
vn 0.36451 0.40806 -0.83703
vn 0.30121 0.36903 -0.87925
vn 0.30813 0.45215 -0.83703
vn 0.25047 0.40519 -0.87925
vn 0.24648 0.4885 -0.83703
vn 0.19544 0.43441 -0.87925
vn 0.18061 0.51649 -0.83703
vn 0.13707 0.45621 -0.87925
vn 0.11165 0.53564 -0.83703
vn 0.07635 0.4702 -0.87925
vn 0.04078 0.54563 -0.83703
vn 0.01432 0.47614 -0.87925
vn -0.03079 0.54629 -0.83703
vn -0.04795 0.47393 -0.87925
vn -0.10183 0.5376 -0.83703
vn -0.1094 0.46362 -0.87925
vn -0.17113 0.51971 -0.83703
vn -0.16898 0.44537 -0.87925
vn -0.2375 0.49292 -0.83703
vn -0.22567 0.41951 -0.87925
vn -0.29981 0.4577 -0.83703
vn -0.27849 0.38646 -0.87925
vn -0.35699 0.41466 -0.83703
vn -0.32655 0.34681 -0.87925
vn -0.40806 0.36451 -0.83703
vn -0.36903 0.30121 -0.87925
vn -0.45215 0.30813 -0.83703
vn -0.40519 0.25047 -0.87925
vn -0.29205 0.14556 -0.94526
vn -0.2264 0.09983 -0.9689
vn -0.30855 0.1062 -0.94526
vn -0.23749 0.06943 -0.9689
vn -0.31977 0.06501 -0.94526
vn -0.24453 0.03784 -0.9689
vn -0.32552 0.02272 -0.94526
vn -0.24737 0.0056 -0.9689
vn -0.3257 -0.01997 -0.94526
vn -0.24599 -0.02674 -0.9689
vn -0.32031 -0.06231 -0.94526
vn -0.24039 -0.05862 -0.9689
vn -0.30944 -0.10358 -0.94526
vn -0.23068 -0.0895 -0.9689
vn -0.29327 -0.14309 -0.94526
vn -0.21703 -0.11884 -0.9689
vn -0.27209 -0.18014 -0.94526
vn -0.19966 -0.14615 -0.9689
vn -0.24624 -0.21412 -0.94526
vn -0.17887 -0.17096 -0.9689
vn -0.21619 -0.24443 -0.94526
vn -0.15503 -0.19285 -0.9689
vn -0.18244 -0.27055 -0.94526
vn -0.12853 -0.21143 -0.9689
vn -0.14556 -0.29205 -0.94526
vn -0.09983 -0.2264 -0.9689
vn -0.1062 -0.30855 -0.94526
vn -0.06943 -0.23749 -0.9689
vn -0.06501 -0.31977 -0.94526
vn -0.03784 -0.24453 -0.9689
vn -0.02272 -0.32552 -0.94526
vn -0.0056 -0.24737 -0.9689
vn 0.01997 -0.3257 -0.94526
vn 0.02674 -0.24599 -0.9689
vn 0.06231 -0.32031 -0.94526
vn 0.05862 -0.24039 -0.9689
vn 0.10358 -0.30944 -0.94526
vn 0.0895 -0.23068 -0.9689
vn 0.14309 -0.29327 -0.94526
vn 0.11884 -0.21703 -0.9689
vn 0.18014 -0.27209 -0.94526
vn 0.14615 -0.19966 -0.9689
vn 0.21412 -0.24624 -0.94526
vn 0.17096 -0.17887 -0.9689
vn 0.24443 -0.21619 -0.94526
vn 0.19285 -0.15503 -0.9689
vn 0.27055 -0.18244 -0.94526
vn 0.21143 -0.12853 -0.9689
vn 0.29205 -0.14556 -0.94526
vn 0.2264 -0.09983 -0.9689
vn 0.30855 -0.1062 -0.94526
vn 0.23749 -0.06943 -0.9689
vn 0.31977 -0.06501 -0.94526
vn 0.24453 -0.03784 -0.9689
vn 0.32552 -0.02272 -0.94526
vn 0.24737 -0.0056 -0.9689
vn 0.3257 0.01997 -0.94526
vn 0.24599 0.02674 -0.9689
vn 0.32031 0.06231 -0.94526
vn 0.24039 0.05862 -0.9689
vn 0.30944 0.10358 -0.94526
vn 0.23068 0.0895 -0.9689
vn 0.29327 0.14309 -0.94526
vn 0.21703 0.11884 -0.9689
vn 0.27209 0.18014 -0.94526
vn 0.19966 0.14615 -0.9689
vn 0.24624 0.21412 -0.94526
vn 0.17887 0.17096 -0.9689
vn 0.21619 0.24443 -0.94526
vn 0.15503 0.19285 -0.9689
vn 0.18244 0.27055 -0.94526
vn 0.12853 0.21143 -0.9689
vn 0.14556 0.29205 -0.94526
vn 0.09983 0.2264 -0.9689
vn 0.1062 0.30855 -0.94526
vn 0.06943 0.23749 -0.9689
vn 0.06501 0.31977 -0.94526
vn 0.03784 0.24453 -0.9689
vn 0.02272 0.32552 -0.94526
vn 0.0056 0.24737 -0.9689
vn -0.01997 0.3257 -0.94526
vn -0.02674 0.24599 -0.9689
vn -0.06231 0.32031 -0.94526
vn -0.05862 0.24039 -0.9689
vn -0.10358 0.30944 -0.94526
vn -0.0895 0.23068 -0.9689
vn -0.14309 0.29327 -0.94526
vn -0.11884 0.21703 -0.9689
vn -0.18014 0.27209 -0.94526
vn -0.14615 0.19966 -0.9689
vn -0.21412 0.24624 -0.94526
vn -0.17096 0.17887 -0.9689
vn -0.24443 0.21619 -0.94526
vn -0.19285 0.15503 -0.9689
vn -0.27055 0.18244 -0.94526
vn -0.21143 0.12853 -0.9689
vn -0.90772 0.41957 0
vn -0.93978 0.34177 0
vn -0.98355 0.18065 0
vn -0.99525 0.09732 0
vn -0.99757 -0.06962 0
vn -0.98819 -0.15324 0
vn -0.94892 -0.31552 0
vn -0.91903 -0.39418 0
vn -0.84064 -0.5416 0
vn -0.79213 -0.61035 0
vn -0.67954 -0.73364 0
vn -0.61546 -0.78817 0
vn -0.47574 -0.87959 0
vn -0.40011 -0.91647 0
vn -0.24205 -0.97026 0
vn -0.15962 -0.98718 0
vn 0.00685 -0.99998 0
vn 0.09089 -0.99586 0
vn 0.25532 -0.96686 0
vn 0.3357 -0.94197 0
vn 0.48774 -0.87299 -0
vn 0.55941 -0.82889 -0
vn 0.68952 -0.72426 -0
vn 0.74797 -0.66373 -0
vn 0.84798 -0.53003 -0
vn 0.88954 -0.45687 -0
vn 0.95315 -0.3025 -0
vn 0.97521 -0.22129 -0
vn 0.99843 -0.05595 -0
vn 0.9996 0.02818 -0
vn 0.98098 0.1941 -0
vn 0.96119 0.27589 -0
vn 0.90189 0.43197 -0
vn 0.86238 0.50626 -0
vn 0.76613 0.64269 -0
vn 0.70939 0.70482 -0
vn 0.58223 0.81302 -0
vn 0.51182 0.85909 -0
vn 0.36175 0.93228 -0
vn 0.28209 0.95939 -0
vn 0.11854 0.99295 -0
vn 0.03464 0.9994 -0
vn -0.13213 0.99123 -0
vn -0.21499 0.97662 -0
vn -0.37448 0.92723 -0
vn -0.45111 0.89247 0
vn -0.59331 0.80497 0
vn -0.65889 0.75224 0
vn -0.77486 0.63213 0
vn -0.82526 0.56475 0
f 1//1 2//1 3//1
f 4//1 5//1 3//1
f 3//1 5//1 6//1
f 3//1 6//1 1//1
f 7//1 8//1 3//1
f 3//1 8//1 9//1
f 3//1 9//1 4//1
f 10//1 11//1 3//1
f 3//1 11//1 12//1
f 3//1 12//1 7//1
f 13//1 14//1 3//1
f 3//1 14//1 15//1
f 3//1 15//1 10//1
f 16//1 17//1 3//1
f 3//1 17//1 18//1
f 3//1 18//1 13//1
f 19//1 20//1 3//1
f 3//1 20//1 21//1
f 3//1 21//1 16//1
f 22//1 23//1 3//1
f 3//1 23//1 24//1
f 3//1 24//1 19//1
f 2//1 25//1 3//1
f 3//1 25//1 26//1
f 3//1 26//1 22//1
f 2//2 1//2 27//2
f 27//3 28//3 2//3
f 2//4 28//4 29//4
f 2//5 29//5 25//5
f 29//6 30//6 25//6
f 25//7 30//7 31//7
f 25//8 31//8 26//8
f 31//9 32//9 26//9
f 26//10 32//10 33//10
f 26//11 33//11 22//11
f 33//12 34//12 22//12
f 22//13 34//13 35//13
f 22//14 35//14 23//14
f 35//15 36//15 23//15
f 23//16 36//16 37//16
f 23//17 37//17 24//17
f 37//18 38//18 24//18
f 24//19 38//19 39//19
f 24//20 39//20 19//20
f 39//21 40//21 19//21
f 19//22 40//22 41//22
f 19//23 41//23 20//23
f 41//24 42//24 20//24
f 20//25 42//25 43//25
f 20//26 43//26 21//26
f 43//27 44//27 21//27
f 21//28 44//28 45//28
f 21//29 45//29 16//29
f 45//30 46//30 16//30
f 16//31 46//31 47//31
f 16//32 47//32 17//32
f 47//33 48//33 17//33
f 17//34 48//34 49//34
f 17//35 49//35 18//35
f 49//36 50//36 18//36
f 18//37 50//37 51//37
f 18//38 51//38 13//38
f 51//39 52//39 13//39
f 13//40 52//40 53//40
f 13//41 53//41 14//41
f 53//42 54//42 14//42
f 14//43 54//43 55//43
f 14//44 55//44 15//44
f 55//45 56//45 15//45
f 15//46 56//46 57//46
f 15//47 57//47 10//47
f 57//48 58//48 10//48
f 10//49 58//49 59//49
f 10//50 59//50 11//50
f 59//51 60//51 11//51
f 11//52 60//52 61//52
f 11//53 61//53 12//53
f 61//54 62//54 12//54
f 12//55 62//55 63//55
f 12//56 63//56 7//56
f 63//57 64//57 7//57
f 7//58 64//58 65//58
f 7//59 65//59 8//59
f 65//60 66//60 8//60
f 8//61 66//61 67//61
f 8//62 67//62 9//62
f 67//63 68//63 9//63
f 9//64 68//64 69//64
f 9//65 69//65 4//65
f 69//66 70//66 4//66
f 4//67 70//67 71//67
f 4//68 71//68 5//68
f 71//69 72//69 5//69
f 5//70 72//70 73//70
f 5//71 73//71 6//71
f 73//72 74//72 6//72
f 6//73 74//73 75//73
f 6//74 75//74 1//74
f 1//75 75//75 76//75
f 1//76 76//76 27//76
f 40//77 77//77 41//77
f 41//78 77//78 78//78
f 41//79 78//79 42//79
f 42//80 78//80 79//80
f 42//81 79//81 43//81
f 43//82 79//82 80//82
f 43//83 80//83 44//83
f 44//84 80//84 81//84
f 44//85 81//85 45//85
f 45//86 81//86 82//86
f 45//87 82//87 46//87
f 46//88 82//88 83//88
f 46//89 83//89 47//89
f 47//90 83//90 84//90
f 47//91 84//91 48//91
f 48//92 84//92 85//92
f 48//93 85//93 49//93
f 49//94 85//94 86//94
f 49//95 86//95 50//95
f 50//96 86//96 87//96
f 50//97 87//97 51//97
f 51//98 87//98 88//98
f 51//99 88//99 52//99
f 52//100 88//100 89//100
f 52//101 89//101 53//101
f 53//102 89//102 90//102
f 53//103 90//103 54//103
f 54//104 90//104 91//104
f 54//105 91//105 55//105
f 55//106 91//106 92//106
f 55//107 92//107 56//107
f 56//108 92//108 93//108
f 56//109 93//109 57//109
f 57//110 93//110 94//110
f 57//111 94//111 58//111
f 58//112 94//112 95//112
f 58//113 95//113 59//113
f 59//114 95//114 96//114
f 59//115 96//115 60//115
f 60//116 96//116 97//116
f 60//117 97//117 61//117
f 61//118 97//118 98//118
f 61//119 98//119 62//119
f 62//120 98//120 99//120
f 62//121 99//121 63//121
f 63//122 99//122 100//122
f 63//123 100//123 64//123
f 64//124 100//124 101//124
f 64//125 101//125 65//125
f 65//126 101//126 102//126
f 65//127 102//127 66//127
f 66//128 102//128 103//128
f 66//129 103//129 67//129
f 67//130 103//130 104//130
f 67//131 104//131 68//131
f 68//132 104//132 105//132
f 68//133 105//133 69//133
f 69//134 105//134 106//134
f 69//135 106//135 70//135
f 70//136 106//136 107//136
f 70//137 107//137 71//137
f 71//138 107//138 108//138
f 71//139 108//139 72//139
f 72//140 108//140 109//140
f 72//141 109//141 73//141
f 73//142 109//142 110//142
f 73//143 110//143 74//143
f 74//144 110//144 111//144
f 74//145 111//145 75//145
f 75//146 111//146 112//146
f 75//147 112//147 76//147
f 76//148 112//148 113//148
f 76//149 113//149 27//149
f 27//150 113//150 114//150
f 27//151 114//151 28//151
f 28//152 114//152 115//152
f 28//153 115//153 29//153
f 29//154 115//154 116//154
f 29//155 116//155 30//155
f 30//156 116//156 117//156
f 30//157 117//157 31//157
f 31//158 117//158 118//158
f 31//159 118//159 32//159
f 32//160 118//160 119//160
f 32//161 119//161 33//161
f 33//162 119//162 120//162
f 33//163 120//163 34//163
f 34//164 120//164 121//164
f 34//165 121//165 35//165
f 35//166 121//166 122//166
f 35//167 122//167 36//167
f 36//168 122//168 123//168
f 36//169 123//169 37//169
f 37//170 123//170 124//170
f 37//171 124//171 38//171
f 38//172 124//172 125//172
f 38//173 125//173 39//173
f 39//174 125//174 126//174
f 39//175 126//175 40//175
f 40//176 126//176 77//176
f 127//177 128//177 91//177
f 129//178 130//178 93//178
f 131//179 132//179 95//179
f 133//180 134//180 97//180
f 135//181 136//181 101//181
f 137//182 138//182 103//182
f 139//183 140//183 105//183
f 141//184 142//184 107//184
f 143//185 144//185 109//185
f 145//186 146//186 111//186
f 147//187 148//187 113//187
f 149//188 150//188 115//188
f 151//189 152//189 117//189
f 153//190 154//190 119//190
f 155//191 156//191 121//191
f 157//192 158//192 123//192
f 159//193 160//193 77//193
f 161//194 162//194 79//194
f 163//195 164//195 81//195
f 165//196 166//196 83//196
f 167//197 168//197 85//197
f 169//198 170//198 87//198
f 87//199 170//199 88//199
f 169//200 87//200 168//200
f 168//201 87//201 86//201
f 168//202 86//202 85//202
f 167//203 85//203 166//203
f 166//204 85//204 84//204
f 166//205 84//205 83//205
f 165//206 83//206 164//206
f 164//207 83//207 82//207
f 164//208 82//208 81//208
f 163//209 81//209 162//209
f 162//210 81//210 80//210
f 162//211 80//211 79//211
f 161//212 79//212 160//212
f 160//213 79//213 78//213
f 160//214 78//214 77//214
f 159//215 77//215 171//215
f 171//216 77//216 126//216
f 171//217 126//217 172//217
f 172//218 126//218 125//218
f 172//219 125//219 158//219
f 158//220 125//220 124//220
f 158//221 124//221 123//221
f 157//222 123//222 156//222
f 156//223 123//223 122//223
f 156//224 122//224 121//224
f 155//225 121//225 154//225
f 154//226 121//226 120//226
f 154//227 120//227 119//227
f 153//228 119//228 152//228
f 152//229 119//229 118//229
f 152//230 118//230 117//230
f 151//231 117//231 150//231
f 150//232 117//232 116//232
f 150//233 116//233 115//233
f 149//234 115//234 148//234
f 148//235 115//235 114//235
f 148//236 114//236 113//236
f 147//237 113//237 146//237
f 146//238 113//238 112//238
f 146//239 112//239 111//239
f 145//240 111//240 144//240
f 144//241 111//241 110//241
f 144//242 110//242 109//242
f 143//243 109//243 142//243
f 142//244 109//244 108//244
f 142//245 108//245 107//245
f 141//246 107//246 140//246
f 140//247 107//247 106//247
f 140//248 106//248 105//248
f 139//249 105//249 138//249
f 138//250 105//250 104//250
f 138//251 104//251 103//251
f 137//252 103//252 136//252
f 136//253 103//253 102//253
f 136//254 102//254 101//254
f 135//255 101//255 173//255
f 173//256 101//256 100//256
f 173//257 100//257 174//257
f 174//258 100//258 99//258
f 174//259 99//259 175//259
f 175//260 99//260 134//260
f 134//261 99//261 98//261
f 134//262 98//262 97//262
f 133//263 97//263 132//263
f 132//264 97//264 96//264
f 132//265 96//265 95//265
f 131//266 95//266 130//266
f 130//267 95//267 94//267
f 130//268 94//268 93//268
f 129//269 93//269 128//269
f 128//270 93//270 92//270
f 128//271 92//271 91//271
f 127//272 91//272 176//272
f 176//273 91//273 90//273
f 176//274 90//274 89//274
f 88//275 170//275 89//275
f 89//276 170//276 177//276
f 89//277 177//277 176//277
f 136//278 135//278 178//278
f 178//279 135//279 173//279
f 178//280 173//280 179//280
f 179//281 173//281 174//281
f 179//282 174//282 180//282
f 180//283 174//283 175//283
f 180//54 175//54 181//54
f 181//284 175//284 134//284
f 181//285 134//285 182//285
f 182//286 134//286 133//286
f 182//287 133//287 183//287
f 183//288 133//288 132//288
f 183//289 132//289 184//289
f 184//290 132//290 131//290
f 184//291 131//291 185//291
f 185//292 131//292 130//292
f 185//293 130//293 186//293
f 186//294 130//294 129//294
f 186//45 129//45 187//45
f 187//295 129//295 128//295
f 187//296 128//296 188//296
f 188//297 128//297 127//297
f 188//298 127//298 189//298
f 189//299 127//299 176//299
f 189//300 176//300 190//300
f 190//301 176//301 177//301
f 190//39 177//39 191//39
f 191//302 177//302 170//302
f 191//303 170//303 192//303
f 192//304 170//304 169//304
f 192//36 169//36 193//36
f 193//305 169//305 168//305
f 193//306 168//306 194//306
f 194//307 168//307 167//307
f 194//33 167//33 195//33
f 195//308 167//308 166//308
f 195//309 166//309 196//309
f 196//310 166//310 165//310
f 196//30 165//30 197//30
f 197//311 165//311 164//311
f 197//312 164//312 198//312
f 198//313 164//313 163//313
f 198//314 163//314 199//314
f 199//315 163//315 162//315
f 199//316 162//316 200//316
f 200//317 162//317 161//317
f 200//318 161//318 201//318
f 201//319 161//319 160//319
f 201//320 160//320 202//320
f 202//321 160//321 159//321
f 202//21 159//21 203//21
f 203//322 159//322 171//322
f 203//323 171//323 204//323
f 204//324 171//324 172//324
f 204//18 172//18 205//18
f 205//325 172//325 158//325
f 205//326 158//326 206//326
f 206//327 158//327 157//327
f 206//15 157//15 207//15
f 207//328 157//328 156//328
f 207//329 156//329 208//329
f 208//330 156//330 155//330
f 208//331 155//331 209//331
f 209//332 155//332 154//332
f 209//333 154//333 210//333
f 210//334 154//334 153//334
f 210//335 153//335 211//335
f 211//336 153//336 152//336
f 211//337 152//337 212//337
f 212//338 152//338 151//338
f 212//339 151//339 213//339
f 213//340 151//340 150//340
f 213//341 150//341 214//341
f 214//342 150//342 149//342
f 214//3 149//3 215//3
f 215//343 149//343 148//343
f 215//344 148//344 216//344
f 216//345 148//345 147//345
f 216//75 147//75 217//75
f 217//346 147//346 146//346
f 217//347 146//347 218//347
f 218//348 146//348 145//348
f 218//72 145//72 219//72
f 219//349 145//349 144//349
f 219//350 144//350 220//350
f 220//351 144//351 143//351
f 220//352 143//352 221//352
f 221//353 143//353 142//353
f 221//354 142//354 222//354
f 222//355 142//355 141//355
f 222//66 141//66 223//66
f 223//356 141//356 140//356
f 223//357 140//357 224//357
f 224//358 140//358 139//358
f 224//63 139//63 225//63
f 225//359 139//359 138//359
f 225//360 138//360 226//360
f 226//361 138//361 137//361
f 226//60 137//60 227//60
f 227//362 137//362 136//362
f 227//363 136//363 178//363
f 202//77 228//77 201//77
f 201//78 228//78 229//78
f 201//79 229//79 200//79
f 200//80 229//80 230//80
f 200//81 230//81 199//81
f 199//82 230//82 231//82
f 199//83 231//83 198//83
f 198//84 231//84 232//84
f 198//85 232//85 197//85
f 197//86 232//86 233//86
f 197//87 233//87 196//87
f 196//88 233//88 234//88
f 196//89 234//89 195//89
f 195//90 234//90 235//90
f 195//91 235//91 194//91
f 194//92 235//92 236//92
f 194//93 236//93 193//93
f 193//94 236//94 237//94
f 193//95 237//95 192//95
f 192//96 237//96 238//96
f 192//97 238//97 191//97
f 191//98 238//98 239//98
f 191//99 239//99 190//99
f 190//100 239//100 240//100
f 190//101 240//101 189//101
f 189//102 240//102 241//102
f 189//103 241//103 188//103
f 188//104 241//104 242//104
f 188//105 242//105 187//105
f 187//106 242//106 243//106
f 187//107 243//107 186//107
f 186//108 243//108 244//108
f 186//109 244//109 185//109
f 185//110 244//110 245//110
f 185//111 245//111 184//111
f 184//112 245//112 246//112
f 184//113 246//113 183//113
f 183//114 246//114 247//114
f 183//115 247//115 182//115
f 182//116 247//116 248//116
f 182//117 248//117 181//117
f 181//118 248//118 249//118
f 181//119 249//119 180//119
f 180//120 249//120 250//120
f 180//121 250//121 179//121
f 179//122 250//122 251//122
f 179//123 251//123 178//123
f 178//124 251//124 252//124
f 178//125 252//125 227//125
f 227//126 252//126 253//126
f 227//127 253//127 226//127
f 226//128 253//128 254//128
f 226//129 254//129 225//129
f 225//130 254//130 255//130
f 225//131 255//131 224//131
f 224//132 255//132 256//132
f 224//133 256//133 223//133
f 223//134 256//134 257//134
f 223//135 257//135 222//135
f 222//136 257//136 258//136
f 222//137 258//137 221//137
f 221//138 258//138 259//138
f 221//139 259//139 220//139
f 220//140 259//140 260//140
f 220//141 260//141 219//141
f 219//142 260//142 261//142
f 219//143 261//143 218//143
f 218//144 261//144 262//144
f 218//145 262//145 217//145
f 217//146 262//146 263//146
f 217//147 263//147 216//147
f 216//148 263//148 264//148
f 216//149 264//149 215//149
f 215//150 264//150 265//150
f 215//151 265//151 214//151
f 214//152 265//152 266//152
f 214//153 266//153 213//153
f 213//154 266//154 267//154
f 213//155 267//155 212//155
f 212//156 267//156 268//156
f 212//157 268//157 211//157
f 211//158 268//158 269//158
f 211//159 269//159 210//159
f 210//160 269//160 270//160
f 210//161 270//161 209//161
f 209//162 270//162 271//162
f 209//163 271//163 208//163
f 208//164 271//164 272//164
f 208//165 272//165 207//165
f 207//166 272//166 273//166
f 207//167 273//167 206//167
f 206//168 273//168 274//168
f 206//169 274//169 205//169
f 205//170 274//170 275//170
f 205//171 275//171 204//171
f 204//172 275//172 276//172
f 204//173 276//173 203//173
f 203//174 276//174 277//174
f 203//175 277//175 202//175
f 202//176 277//176 228//176
f 240//274 278//274 241//274
f 241//364 278//364 279//364
f 241//365 279//365 242//365
f 242//366 279//366 280//366
f 242//271 280//271 243//271
f 243//367 280//367 281//367
f 243//368 281//368 244//368
f 244//369 281//369 282//369
f 244//268 282//268 245//268
f 245//370 282//370 283//370
f 245//371 283//371 246//371
f 246//372 283//372 284//372
f 246//265 284//265 247//265
f 247//373 284//373 285//373
f 247//374 285//374 248//374
f 248//375 285//375 286//375
f 248//262 286//262 249//262
f 249//376 286//376 287//376
f 249//377 287//377 250//377
f 250//378 287//378 288//378
f 250//258 288//258 251//258
f 251//257 288//257 289//257
f 251//256 289//256 252//256
f 252//379 289//379 290//379
f 252//254 290//254 253//254
f 253//380 290//380 291//380
f 253//381 291//381 254//381
f 254//382 291//382 292//382
f 254//251 292//251 255//251
f 255//383 292//383 293//383
f 255//384 293//384 256//384
f 256//385 293//385 294//385
f 256//248 294//248 257//248
f 257//386 294//386 295//386
f 257//387 295//387 258//387
f 258//388 295//388 296//388
f 258//389 296//389 259//389
f 259//390 296//390 297//390
f 259//391 297//391 260//391
f 260//392 297//392 298//392
f 260//242 298//242 261//242
f 261//393 298//393 299//393
f 261//394 299//394 262//394
f 262//395 299//395 300//395
f 262//239 300//239 263//239
f 263//396 300//396 301//396
f 263//397 301//397 264//397
f 264//398 301//398 302//398
f 264//236 302//236 265//236
f 265//399 302//399 303//399
f 265//400 303//400 266//400
f 266//401 303//401 304//401
f 266//233 304//233 267//233
f 267//402 304//402 305//402
f 267//403 305//403 268//403
f 268//404 305//404 306//404
f 268//230 306//230 269//230
f 269//405 306//405 307//405
f 269//406 307//406 270//406
f 270//407 307//407 308//407
f 270//227 308//227 271//227
f 271//408 308//408 309//408
f 271//409 309//409 272//409
f 272//410 309//410 310//410
f 272//411 310//411 273//411
f 273//412 310//412 311//412
f 273//413 311//413 274//413
f 274//414 311//414 312//414
f 274//221 312//221 275//221
f 275//415 312//415 313//415
f 275//416 313//416 276//416
f 276//417 313//417 314//417
f 276//418 314//418 277//418
f 277//419 314//419 315//419
f 277//420 315//420 228//420
f 228//421 315//421 316//421
f 228//214 316//214 229//214
f 229//422 316//422 317//422
f 229//423 317//423 230//423
f 230//424 317//424 318//424
f 230//211 318//211 231//211
f 231//425 318//425 319//425
f 231//426 319//426 232//426
f 232//427 319//427 320//427
f 232//208 320//208 233//208
f 233//428 320//428 321//428
f 233//429 321//429 234//429
f 234//430 321//430 322//430
f 234//205 322//205 235//205
f 235//431 322//431 323//431
f 235//432 323//432 236//432
f 236//433 323//433 324//433
f 236//202 324//202 237//202
f 237//434 324//434 325//434
f 237//435 325//435 238//435
f 238//436 325//436 326//436
f 238//199 326//199 239//199
f 239//437 326//437 327//437
f 239//438 327//438 240//438
f 240//439 327//439 278//439
f 289//440 328//440 290//440
f 290//441 328//441 329//441
f 290//442 329//442 291//442
f 291//443 329//443 330//443
f 291//444 330//444 292//444
f 292//445 330//445 331//445
f 292//446 331//446 293//446
f 293//447 331//447 332//447
f 293//448 332//448 294//448
f 294//449 332//449 333//449
f 294//450 333//450 295//450
f 295//451 333//451 334//451
f 295//452 334//452 296//452
f 296//453 334//453 335//453
f 296//454 335//454 297//454
f 297//455 335//455 336//455
f 297//456 336//456 298//456
f 298//457 336//457 337//457
f 298//458 337//458 299//458
f 299//459 337//459 338//459
f 299//460 338//460 300//460
f 300//461 338//461 339//461
f 300//462 339//462 301//462
f 301//463 339//463 340//463
f 301//464 340//464 302//464
f 302//465 340//465 341//465
f 302//466 341//466 303//466
f 303//467 341//467 342//467
f 303//468 342//468 304//468
f 304//469 342//469 343//469
f 304//470 343//470 305//470
f 305//471 343//471 344//471
f 305//472 344//472 306//472
f 306//473 344//473 345//473
f 306//474 345//474 307//474
f 307//475 345//475 346//475
f 307//476 346//476 308//476
f 308//477 346//477 347//477
f 308//478 347//478 309//478
f 309//479 347//479 348//479
f 309//480 348//480 310//480
f 310//481 348//481 349//481
f 310//482 349//482 311//482
f 311//483 349//483 350//483
f 311//484 350//484 312//484
f 312//485 350//485 351//485
f 312//486 351//486 313//486
f 313//487 351//487 352//487
f 313//488 352//488 314//488
f 314//489 352//489 353//489
f 314//490 353//490 315//490
f 315//491 353//491 354//491
f 315//492 354//492 316//492
f 316//493 354//493 355//493
f 316//494 355//494 317//494
f 317//495 355//495 356//495
f 317//496 356//496 318//496
f 318//497 356//497 357//497
f 318//498 357//498 319//498
f 319//499 357//499 358//499
f 319//500 358//500 320//500
f 320//501 358//501 359//501
f 320//502 359//502 321//502
f 321//503 359//503 360//503
f 321//504 360//504 322//504
f 322//505 360//505 361//505
f 322//506 361//506 323//506
f 323//507 361//507 362//507
f 323//508 362//508 324//508
f 324//509 362//509 363//509
f 324//510 363//510 325//510
f 325//511 363//511 364//511
f 325//512 364//512 326//512
f 326//513 364//513 365//513
f 326//514 365//514 327//514
f 327//515 365//515 366//515
f 327//516 366//516 278//516
f 278//517 366//517 367//517
f 278//518 367//518 279//518
f 279//519 367//519 368//519
f 279//520 368//520 280//520
f 280//521 368//521 369//521
f 280//522 369//522 281//522
f 281//523 369//523 370//523
f 281//524 370//524 282//524
f 282//525 370//525 371//525
f 282//526 371//526 283//526
f 283//527 371//527 372//527
f 283//528 372//528 284//528
f 284//529 372//529 373//529
f 284//530 373//530 285//530
f 285//531 373//531 374//531
f 285//532 374//532 286//532
f 286//533 374//533 375//533
f 286//534 375//534 287//534
f 287//535 375//535 288//535
f 288//536 375//536 376//536
f 288//537 376//537 289//537
f 289//538 376//538 377//538
f 289//539 377//539 328//539
f 351//540 350//540 378//540
f 378//541 350//541 379//541
f 348//542 380//542 381//542
f 379//543 350//543 381//543
f 381//544 350//544 349//544
f 381//545 349//545 348//545
f 346//546 382//546 383//546
f 380//547 348//547 383//547
f 383//548 348//548 347//548
f 383//549 347//549 346//549
f 344//550 384//550 385//550
f 382//551 346//551 385//551
f 385//552 346//552 345//552
f 385//553 345//553 344//553
f 342//554 386//554 387//554
f 384//555 344//555 387//555
f 387//556 344//556 343//556
f 387//557 343//557 342//557
f 340//558 388//558 389//558
f 386//559 342//559 389//559
f 389//560 342//560 341//560
f 389//561 341//561 340//561
f 338//562 390//562 391//562
f 388//563 340//563 391//563
f 391//564 340//564 339//564
f 391//565 339//565 338//565
f 336//566 392//566 393//566
f 390//567 338//567 393//567
f 393//568 338//568 337//568
f 393//569 337//569 336//569
f 334//570 394//570 395//570
f 392//571 336//571 395//571
f 395//572 336//572 335//572
f 395//573 335//573 334//573
f 332//574 396//574 397//574
f 394//575 334//575 397//575
f 397//576 334//576 333//576
f 397//577 333//577 332//577
f 330//578 398//578 399//578
f 396//579 332//579 399//579
f 399//580 332//580 331//580
f 399//581 331//581 330//581
f 328//582 400//582 401//582
f 398//583 330//583 401//583
f 401//584 330//584 329//584
f 401//585 329//585 328//585
f 376//586 402//586 403//586
f 400//587 328//587 403//587
f 403//588 328//588 377//588
f 403//589 377//589 376//589
f 374//590 404//590 405//590
f 402//591 376//591 405//591
f 405//592 376//592 375//592
f 405//593 375//593 374//593
f 372//594 406//594 407//594
f 404//595 374//595 407//595
f 407//596 374//596 373//596
f 407//597 373//597 372//597
f 370//598 408//598 409//598
f 406//599 372//599 409//599
f 409//600 372//600 371//600
f 409//601 371//601 370//601
f 368//602 410//602 411//602
f 408//603 370//603 411//603
f 411//604 370//604 369//604
f 411//605 369//605 368//605
f 366//606 412//606 413//606
f 410//607 368//607 413//607
f 413//608 368//608 367//608
f 413//609 367//609 366//609
f 362//610 414//610 415//610
f 412//611 366//611 416//611
f 416//612 366//612 365//612
f 416//613 365//613 417//613
f 417//614 365//614 364//614
f 417//615 364//615 415//615
f 415//616 364//616 363//616
f 415//617 363//617 362//617
f 360//618 418//618 419//618
f 414//619 362//619 419//619
f 419//620 362//620 361//620
f 419//621 361//621 360//621
f 358//622 420//622 421//622
f 418//623 360//623 421//623
f 421//624 360//624 359//624
f 421//625 359//625 358//625
f 356//626 422//626 423//626
f 420//627 358//627 423//627
f 423//628 358//628 357//628
f 423//629 357//629 356//629
f 354//630 424//630 425//630
f 422//631 356//631 425//631
f 425//632 356//632 355//632
f 425//633 355//633 354//633
f 351//634 378//634 352//634
f 352//635 378//635 426//635
f 352//174 426//174 427//174
f 424//636 354//636 427//636
f 427//637 354//637 353//637
f 427//638 353//638 352//638
f 428//177 429//177 410//177
f 430//178 431//178 408//178
f 432//179 433//179 406//179
f 434//180 435//180 404//180
f 436//181 437//181 400//181
f 438//182 439//182 398//182
f 440//183 441//183 396//183
f 442//184 443//184 394//184
f 444//185 445//185 392//185
f 446//186 447//186 390//186
f 448//187 449//187 388//187
f 450//188 451//188 386//188
f 452//189 453//189 384//189
f 454//190 455//190 382//190
f 456//191 457//191 380//191
f 458//192 459//192 379//192
f 460//193 461//193 424//193
f 462//194 463//194 422//194
f 464//195 465//195 420//195
f 466//196 467//196 418//196
f 468//197 469//197 414//197
f 470//198 471//198 417//198
f 417//199 471//199 416//199
f 470//200 417//200 469//200
f 469//201 417//201 415//201
f 469//202 415//202 414//202
f 468//203 414//203 467//203
f 467//204 414//204 419//204
f 467//205 419//205 418//205
f 466//206 418//206 465//206
f 465//207 418//207 421//207
f 465//208 421//208 420//208
f 464//209 420//209 463//209
f 463//210 420//210 423//210
f 463//211 423//211 422//211
f 462//212 422//212 461//212
f 461//213 422//213 425//213
f 461//214 425//214 424//214
f 460//215 424//215 472//215
f 472//216 424//216 427//216
f 472//217 427//217 473//217
f 473//218 427//218 426//218
f 473//219 426//219 459//219
f 459//220 426//220 378//220
f 459//221 378//221 379//221
f 458//222 379//222 457//222
f 457//223 379//223 381//223
f 457//224 381//224 380//224
f 456//225 380//225 455//225
f 455//226 380//226 383//226
f 455//227 383//227 382//227
f 454//228 382//228 453//228
f 453//229 382//229 385//229
f 453//230 385//230 384//230
f 452//231 384//231 451//231
f 451//232 384//232 387//232
f 451//233 387//233 386//233
f 450//234 386//234 449//234
f 449//235 386//235 389//235
f 449//236 389//236 388//236
f 448//237 388//237 447//237
f 447//238 388//238 391//238
f 447//239 391//239 390//239
f 446//240 390//240 445//240
f 445//241 390//241 393//241
f 445//242 393//242 392//242
f 444//243 392//243 443//243
f 443//244 392//244 395//244
f 443//245 395//245 394//245
f 442//246 394//246 441//246
f 441//247 394//247 397//247
f 441//248 397//248 396//248
f 440//249 396//249 439//249
f 439//250 396//250 399//250
f 439//251 399//251 398//251
f 438//252 398//252 437//252
f 437//253 398//253 401//253
f 437//254 401//254 400//254
f 436//255 400//255 474//255
f 474//256 400//256 403//256
f 474//257 403//257 475//257
f 475//258 403//258 402//258
f 475//259 402//259 476//259
f 476//260 402//260 435//260
f 435//261 402//261 405//261
f 435//262 405//262 404//262
f 434//263 404//263 433//263
f 433//264 404//264 407//264
f 433//265 407//265 406//265
f 432//266 406//266 431//266
f 431//267 406//267 409//267
f 431//268 409//268 408//268
f 430//269 408//269 429//269
f 429//270 408//270 411//270
f 429//271 411//271 410//271
f 428//272 410//272 477//272
f 477//273 410//273 413//273
f 477//274 413//274 412//274
f 416//275 471//275 412//275
f 412//276 471//276 478//276
f 412//277 478//277 477//277
f 437//278 436//278 479//278
f 479//279 436//279 474//279
f 479//280 474//280 480//280
f 480//281 474//281 475//281
f 480//282 475//282 481//282
f 481//283 475//283 476//283
f 481//54 476//54 482//54
f 482//284 476//284 435//284
f 482//285 435//285 483//285
f 483//286 435//286 434//286
f 483//287 434//287 484//287
f 484//288 434//288 433//288
f 484//289 433//289 485//289
f 485//290 433//290 432//290
f 485//291 432//291 486//291
f 486//292 432//292 431//292
f 486//293 431//293 487//293
f 487//294 431//294 430//294
f 487//45 430//45 488//45
f 488//295 430//295 429//295
f 488//296 429//296 489//296
f 489//297 429//297 428//297
f 489//298 428//298 490//298
f 490//299 428//299 477//299
f 490//300 477//300 491//300
f 491//301 477//301 478//301
f 491//39 478//39 492//39
f 492//302 478//302 471//302
f 492//303 471//303 493//303
f 493//304 471//304 470//304
f 493//36 470//36 494//36
f 494//305 470//305 469//305
f 494//306 469//306 495//306
f 495//307 469//307 468//307
f 495//33 468//33 496//33
f 496//308 468//308 467//308
f 496//309 467//309 497//309
f 497//310 467//310 466//310
f 497//30 466//30 498//30
f 498//311 466//311 465//311
f 498//312 465//312 499//312
f 499//313 465//313 464//313
f 499//314 464//314 500//314
f 500//315 464//315 463//315
f 500//316 463//316 501//316
f 501//317 463//317 462//317
f 501//318 462//318 502//318
f 502//319 462//319 461//319
f 502//320 461//320 503//320
f 503//321 461//321 460//321
f 503//21 460//21 504//21
f 504//322 460//322 472//322
f 504//323 472//323 505//323
f 505//324 472//324 473//324
f 505//18 473//18 506//18
f 506//325 473//325 459//325
f 506//326 459//326 507//326
f 507//327 459//327 458//327
f 507//15 458//15 508//15
f 508//328 458//328 457//328
f 508//329 457//329 509//329
f 509//330 457//330 456//330
f 509//331 456//331 510//331
f 510//332 456//332 455//332
f 510//333 455//333 511//333
f 511//334 455//334 454//334
f 511//335 454//335 512//335
f 512//336 454//336 453//336
f 512//337 453//337 513//337
f 513//338 453//338 452//338
f 513//339 452//339 514//339
f 514//340 452//340 451//340
f 514//341 451//341 515//341
f 515//342 451//342 450//342
f 515//3 450//3 516//3
f 516//343 450//343 449//343
f 516//344 449//344 517//344
f 517//345 449//345 448//345
f 517//75 448//75 518//75
f 518//346 448//346 447//346
f 518//347 447//347 519//347
f 519//348 447//348 446//348
f 519//72 446//72 520//72
f 520//349 446//349 445//349
f 520//350 445//350 521//350
f 521//351 445//351 444//351
f 521//352 444//352 522//352
f 522//353 444//353 443//353
f 522//354 443//354 523//354
f 523//355 443//355 442//355
f 523//66 442//66 524//66
f 524//356 442//356 441//356
f 524//357 441//357 525//357
f 525//358 441//358 440//358
f 525//63 440//63 526//63
f 526//359 440//359 439//359
f 526//360 439//360 527//360
f 527//361 439//361 438//361
f 527//60 438//60 528//60
f 528//362 438//362 437//362
f 528//363 437//363 479//363
f 529//639 530//639 505//639
f 505//640 506//640 529//640
f 529//641 506//641 507//641
f 529//642 507//642 531//642
f 507//643 508//643 531//643
f 531//644 508//644 509//644
f 531//645 509//645 532//645
f 509//646 510//646 532//646
f 532//647 510//647 511//647
f 532//648 511//648 533//648
f 511//649 512//649 533//649
f 533//650 512//650 513//650
f 533//651 513//651 534//651
f 513//652 514//652 534//652
f 534//653 514//653 515//653
f 534//654 515//654 535//654
f 515//655 516//655 535//655
f 535//656 516//656 517//656
f 535//657 517//657 536//657
f 517//658 518//658 536//658
f 536//659 518//659 519//659
f 536//660 519//660 537//660
f 519//661 520//661 537//661
f 537//662 520//662 521//662
f 537//663 521//663 538//663
f 521//664 522//664 538//664
f 538//665 522//665 523//665
f 538//666 523//666 539//666
f 523//667 524//667 539//667
f 539//668 524//668 525//668
f 539//669 525//669 540//669
f 525//670 526//670 540//670
f 540//671 526//671 527//671
f 540//672 527//672 541//672
f 527//673 528//673 541//673
f 541//674 528//674 479//674
f 541//675 479//675 542//675
f 479//676 480//676 542//676
f 542//677 480//677 481//677
f 542//678 481//678 543//678
f 481//679 482//679 543//679
f 543//680 482//680 483//680
f 543//681 483//681 544//681
f 483//682 484//682 544//682
f 544//683 484//683 485//683
f 544//684 485//684 545//684
f 485//685 486//685 545//685
f 545//686 486//686 487//686
f 545//687 487//687 546//687
f 487//688 488//688 546//688
f 546//689 488//689 489//689
f 546//690 489//690 547//690
f 489//691 490//691 547//691
f 547//692 490//692 491//692
f 547//693 491//693 548//693
f 491//694 492//694 548//694
f 548//695 492//695 493//695
f 548//696 493//696 549//696
f 493//697 494//697 549//697
f 549//698 494//698 495//698
f 549//699 495//699 550//699
f 495//700 496//700 550//700
f 550//701 496//701 497//701
f 550//702 497//702 551//702
f 497//703 498//703 551//703
f 551//704 498//704 499//704
f 551//705 499//705 552//705
f 499//706 500//706 552//706
f 552//707 500//707 501//707
f 552//708 501//708 553//708
f 501//709 502//709 553//709
f 553//710 502//710 503//710
f 553//711 503//711 530//711
f 530//712 503//712 504//712
f 530//173 504//173 505//173
f 530//713 529//713 554//713
f 531//714 555//714 529//714
f 529//715 555//715 556//715
f 529//716 556//716 554//716
f 532//717 557//717 531//717
f 531//718 557//718 558//718
f 531//719 558//719 555//719
f 533//720 559//720 532//720
f 532//721 559//721 560//721
f 532//722 560//722 557//722
f 534//723 561//723 533//723
f 533//724 561//724 562//724
f 533//725 562//725 559//725
f 535//726 563//726 534//726
f 534//727 563//727 564//727
f 534//728 564//728 561//728
f 536//729 565//729 535//729
f 535//730 565//730 566//730
f 535//731 566//731 563//731
f 537//732 567//732 536//732
f 536//733 567//733 568//733
f 536//734 568//734 565//734
f 538//735 569//735 537//735
f 537//736 569//736 570//736
f 537//737 570//737 567//737
f 539//738 571//738 538//738
f 538//739 571//739 572//739
f 538//740 572//740 569//740
f 540//741 573//741 539//741
f 539//742 573//742 574//742
f 539//743 574//743 571//743
f 541//744 575//744 540//744
f 540//745 575//745 576//745
f 540//746 576//746 573//746
f 542//747 577//747 541//747
f 541//748 577//748 578//748
f 541//749 578//749 575//749
f 579//750 580//750 543//750
f 543//751 580//751 581//751
f 543//752 581//752 542//752
f 542//753 581//753 582//753
f 542//754 582//754 577//754
f 579//755 543//755 583//755
f 583//756 543//756 544//756
f 583//757 544//757 584//757
f 584//758 544//758 545//758
f 584//759 545//759 585//759
f 585//760 545//760 586//760
f 586//761 545//761 546//761
f 586//762 546//762 587//762
f 587//763 546//763 588//763
f 588//764 546//764 547//764
f 588//765 547//765 589//765
f 589//766 547//766 590//766
f 590//767 547//767 548//767
f 590//768 548//768 591//768
f 591//769 548//769 592//769
f 592//770 548//770 549//770
f 592//771 549//771 593//771
f 593//772 549//772 594//772
f 594//773 549//773 550//773
f 594//774 550//774 595//774
f 595//775 550//775 596//775
f 596//776 550//776 551//776
f 596//777 551//777 597//777
f 597//778 551//778 598//778
f 598//779 551//779 552//779
f 598//780 552//780 599//780
f 554//781 600//781 530//781
f 530//782 600//782 601//782
f 530//783 601//783 553//783
f 553//784 601//784 602//784
f 553//785 602//785 552//785
f 552//786 602//786 603//786
f 552//787 603//787 599//787
f 582//788 604//788 577//788
f 577//538 604//538 605//538
f 577//539 605//539 578//539
f 578//789 605//789 606//789
f 578//790 606//790 575//790
f 575//791 606//791 607//791
f 575//792 607//792 576//792
f 576//793 607//793 608//793
f 576//794 608//794 573//794
f 573//795 608//795 609//795
f 573//796 609//796 574//796
f 574//797 609//797 610//797
f 574//798 610//798 571//798
f 571//799 610//799 611//799
f 571//800 611//800 572//800
f 572//801 611//801 612//801
f 572//802 612//802 569//802
f 569//803 612//803 613//803
f 569//804 613//804 570//804
f 570//805 613//805 614//805
f 570//806 614//806 567//806
f 567//807 614//807 615//807
f 567//808 615//808 568//808
f 568//809 615//809 616//809
f 568//810 616//810 565//810
f 565//811 616//811 617//811
f 565//812 617//812 566//812
f 566//813 617//813 618//813
f 566//814 618//814 563//814
f 563//815 618//815 619//815
f 563//816 619//816 564//816
f 564//817 619//817 620//817
f 564//818 620//818 561//818
f 561//819 620//819 621//819
f 561//820 621//820 562//820
f 562//821 621//821 622//821
f 562//822 622//822 559//822
f 559//823 622//823 623//823
f 559//824 623//824 560//824
f 560//825 623//825 624//825
f 560//826 624//826 557//826
f 557//827 624//827 625//827
f 557//828 625//828 558//828
f 558//829 625//829 626//829
f 558//830 626//830 555//830
f 555//831 626//831 627//831
f 555//832 627//832 556//832
f 556//833 627//833 628//833
f 556//834 628//834 554//834
f 554//835 628//835 629//835
f 554//836 629//836 600//836
f 600//837 629//837 630//837
f 600//838 630//838 601//838
f 601//839 630//839 631//839
f 601//840 631//840 602//840
f 602//841 631//841 632//841
f 602//842 632//842 603//842
f 603//843 632//843 633//843
f 603//844 633//844 599//844
f 599//845 633//845 634//845
f 599//846 634//846 598//846
f 598//847 634//847 635//847
f 598//848 635//848 597//848
f 597//849 635//849 636//849
f 597//850 636//850 596//850
f 596//851 636//851 637//851
f 596//852 637//852 595//852
f 595//853 637//853 638//853
f 595//854 638//854 594//854
f 594//855 638//855 639//855
f 594//856 639//856 593//856
f 593//857 639//857 640//857
f 593//858 640//858 592//858
f 592//859 640//859 641//859
f 592//860 641//860 591//860
f 591//861 641//861 642//861
f 591//862 642//862 590//862
f 590//863 642//863 643//863
f 590//864 643//864 589//864
f 589//865 643//865 644//865
f 589//866 644//866 588//866
f 588//867 644//867 645//867
f 588//868 645//868 587//868
f 587//869 645//869 646//869
f 587//870 646//870 586//870
f 586//871 646//871 647//871
f 586//872 647//872 585//872
f 585//873 647//873 648//873
f 585//874 648//874 584//874
f 584//875 648//875 649//875
f 584//876 649//876 583//876
f 583//877 649//877 650//877
f 583//878 650//878 579//878
f 579//879 650//879 651//879
f 579//880 651//880 580//880
f 580//881 651//881 652//881
f 580//882 652//882 581//882
f 581//883 652//883 653//883
f 581//884 653//884 582//884
f 582//885 653//885 604//885
f 654//886 655//886 629//886
f 629//887 628//887 654//887
f 654//888 628//888 627//888
f 654//889 627//889 656//889
f 627//890 626//890 656//890
f 656//891 626//891 625//891
f 656//892 625//892 657//892
f 621//893 658//893 659//893
f 625//894 624//894 657//894
f 657//895 624//895 623//895
f 657//896 623//896 659//896
f 659//897 623//897 622//897
f 659//898 622//898 621//898
f 621//899 620//899 658//899
f 658//900 620//900 619//900
f 658//901 619//901 660//901
f 615//902 661//902 662//902
f 619//903 618//903 660//903
f 660//904 618//904 617//904
f 660//905 617//905 662//905
f 662//906 617//906 616//906
f 662//907 616//907 615//907
f 611//908 663//908 664//908
f 615//909 614//909 661//909
f 661//910 614//910 613//910
f 661//911 613//911 664//911
f 664//912 613//912 612//912
f 664//913 612//913 611//913
f 607//914 665//914 666//914
f 611//915 610//915 663//915
f 663//916 610//916 609//916
f 663//917 609//917 666//917
f 666//918 609//918 608//918
f 666//919 608//919 607//919
f 653//920 667//920 668//920
f 607//921 606//921 665//921
f 665//922 606//922 605//922
f 665//923 605//923 668//923
f 668//924 605//924 604//924
f 668//925 604//925 653//925
f 653//926 652//926 667//926
f 667//927 652//927 651//927
f 667//928 651//928 669//928
f 647//929 670//929 671//929
f 651//930 650//930 669//930
f 669//931 650//931 649//931
f 669//932 649//932 671//932
f 671//933 649//933 648//933
f 671//934 648//934 647//934
f 647//935 646//935 670//935
f 670//936 646//936 645//936
f 670//937 645//937 672//937
f 645//938 644//938 672//938
f 672//939 644//939 643//939
f 672//940 643//940 673//940
f 643//941 642//941 673//941
f 673//942 642//942 641//942
f 673//943 641//943 674//943
f 641//944 640//944 674//944
f 674//945 640//945 639//945
f 674//946 639//946 675//946
f 639//947 638//947 675//947
f 675//948 638//948 637//948
f 675//949 637//949 676//949
f 637//950 636//950 676//950
f 676//951 636//951 635//951
f 676//952 635//952 677//952
f 635//953 634//953 677//953
f 677//954 634//954 633//954
f 677//955 633//955 678//955
f 633//956 632//956 678//956
f 678//957 632//957 631//957
f 678//958 631//958 655//958
f 655//959 631//959 630//959
f 655//960 630//960 629//960
f 655//713 654//713 679//713
f 656//714 680//714 654//714
f 654//715 680//715 681//715
f 654//716 681//716 679//716
f 657//717 682//717 656//717
f 656//718 682//718 683//718
f 656//719 683//719 680//719
f 659//720 684//720 657//720
f 657//721 684//721 685//721
f 657//722 685//722 682//722
f 658//723 686//723 659//723
f 659//724 686//724 687//724
f 659//725 687//725 684//725
f 660//726 688//726 658//726
f 658//727 688//727 689//727
f 658//728 689//728 686//728
f 662//729 690//729 660//729
f 660//730 690//730 691//730
f 660//731 691//731 688//731
f 661//732 692//732 662//732
f 662//733 692//733 693//733
f 662//734 693//734 690//734
f 664//735 694//735 661//735
f 661//736 694//736 695//736
f 661//737 695//737 692//737
f 663//738 696//738 664//738
f 664//739 696//739 697//739
f 664//740 697//740 694//740
f 666//741 698//741 663//741
f 663//742 698//742 699//742
f 663//743 699//743 696//743
f 665//744 700//744 666//744
f 666//745 700//745 701//745
f 666//746 701//746 698//746
f 668//747 702//747 665//747
f 665//748 702//748 703//748
f 665//749 703//749 700//749
f 704//750 705//750 667//750
f 667//751 705//751 706//751
f 667//752 706//752 668//752
f 668//753 706//753 707//753
f 668//754 707//754 702//754
f 704//755 667//755 708//755
f 708//756 667//756 669//756
f 708//757 669//757 709//757
f 709//758 669//758 671//758
f 709//759 671//759 710//759
f 710//760 671//760 711//760
f 711//761 671//761 670//761
f 711//762 670//762 712//762
f 712//763 670//763 713//763
f 713//764 670//764 672//764
f 713//765 672//765 714//765
f 714//766 672//766 715//766
f 715//767 672//767 673//767
f 715//768 673//768 716//768
f 716//769 673//769 717//769
f 717//770 673//770 674//770
f 717//771 674//771 718//771
f 718//772 674//772 719//772
f 719//773 674//773 675//773
f 719//774 675//774 720//774
f 720//775 675//775 721//775
f 721//776 675//776 676//776
f 721//777 676//777 722//777
f 722//778 676//778 723//778
f 723//779 676//779 677//779
f 723//780 677//780 724//780
f 679//781 725//781 655//781
f 655//782 725//782 726//782
f 655//783 726//783 678//783
f 678//784 726//784 727//784
f 678//785 727//785 677//785
f 677//786 727//786 728//786
f 677//787 728//787 724//787
f 707//788 729//788 702//788
f 702//538 729//538 730//538
f 702//539 730//539 703//539
f 703//789 730//789 731//789
f 703//790 731//790 700//790
f 700//791 731//791 732//791
f 700//792 732//792 701//792
f 701//793 732//793 733//793
f 701//794 733//794 698//794
f 698//795 733//795 734//795
f 698//796 734//796 699//796
f 699//797 734//797 735//797
f 699//798 735//798 696//798
f 696//799 735//799 736//799
f 696//800 736//800 697//800
f 697//801 736//801 737//801
f 697//802 737//802 694//802
f 694//803 737//803 738//803
f 694//804 738//804 695//804
f 695//805 738//805 739//805
f 695//806 739//806 692//806
f 692//807 739//807 740//807
f 692//808 740//808 693//808
f 693//809 740//809 741//809
f 693//810 741//810 690//810
f 690//811 741//811 742//811
f 690//812 742//812 691//812
f 691//813 742//813 743//813
f 691//814 743//814 688//814
f 688//815 743//815 744//815
f 688//816 744//816 689//816
f 689//817 744//817 745//817
f 689//818 745//818 686//818
f 686//819 745//819 746//819
f 686//820 746//820 687//820
f 687//821 746//821 747//821
f 687//822 747//822 684//822
f 684//823 747//823 748//823
f 684//824 748//824 685//824
f 685//825 748//825 749//825
f 685//826 749//826 682//826
f 682//827 749//827 750//827
f 682//828 750//828 683//828
f 683//829 750//829 751//829
f 683//830 751//830 680//830
f 680//831 751//831 752//831
f 680//832 752//832 681//832
f 681//833 752//833 753//833
f 681//834 753//834 679//834
f 679//835 753//835 754//835
f 679//836 754//836 725//836
f 725//837 754//837 755//837
f 725//838 755//838 726//838
f 726//839 755//839 756//839
f 726//840 756//840 727//840
f 727//841 756//841 757//841
f 727//842 757//842 728//842
f 728//843 757//843 758//843
f 728//844 758//844 724//844
f 724//845 758//845 759//845
f 724//846 759//846 723//846
f 723//847 759//847 760//847
f 723//848 760//848 722//848
f 722//849 760//849 761//849
f 722//850 761//850 721//850
f 721//851 761//851 762//851
f 721//852 762//852 720//852
f 720//853 762//853 763//853
f 720//854 763//854 719//854
f 719//855 763//855 764//855
f 719//856 764//856 718//856
f 718//857 764//857 765//857
f 718//858 765//858 717//858
f 717//859 765//859 766//859
f 717//860 766//860 716//860
f 716//861 766//861 767//861
f 716//862 767//862 715//862
f 715//863 767//863 768//863
f 715//864 768//864 714//864
f 714//865 768//865 769//865
f 714//866 769//866 713//866
f 713//867 769//867 770//867
f 713//868 770//868 712//868
f 712//869 770//869 771//869
f 712//870 771//870 711//870
f 711//871 771//871 772//871
f 711//872 772//872 710//872
f 710//873 772//873 773//873
f 710//874 773//874 709//874
f 709//875 773//875 774//875
f 709//876 774//876 708//876
f 708//877 774//877 775//877
f 708//878 775//878 704//878
f 704//879 775//879 776//879
f 704//880 776//880 705//880
f 705//881 776//881 777//881
f 705//882 777//882 706//882
f 706//883 777//883 778//883
f 706//884 778//884 707//884
f 707//885 778//885 729//885
f 779//886 780//886 754//886
f 754//887 753//887 779//887
f 779//888 753//888 752//888
f 779//889 752//889 781//889
f 752//890 751//890 781//890
f 781//891 751//891 750//891
f 781//892 750//892 782//892
f 746//893 783//893 784//893
f 750//894 749//894 782//894
f 782//895 749//895 748//895
f 782//896 748//896 784//896
f 784//897 748//897 747//897
f 784//898 747//898 746//898
f 746//899 745//899 783//899
f 783//900 745//900 744//900
f 783//901 744//901 785//901
f 740//902 786//902 787//902
f 744//903 743//903 785//903
f 785//904 743//904 742//904
f 785//905 742//905 787//905
f 787//906 742//906 741//906
f 787//907 741//907 740//907
f 736//908 788//908 789//908
f 740//909 739//909 786//909
f 786//910 739//910 738//910
f 786//911 738//911 789//911
f 789//912 738//912 737//912
f 789//913 737//913 736//913
f 732//914 790//914 791//914
f 736//915 735//915 788//915
f 788//916 735//916 734//916
f 788//917 734//917 791//917
f 791//918 734//918 733//918
f 791//919 733//919 732//919
f 778//920 792//920 793//920
f 732//921 731//921 790//921
f 790//922 731//922 730//922
f 790//923 730//923 793//923
f 793//924 730//924 729//924
f 793//925 729//925 778//925
f 778//926 777//926 792//926
f 792//927 777//927 776//927
f 792//928 776//928 794//928
f 776//930 775//930 794//930
f 794//931 775//931 774//931
f 794//932 774//932 795//932
f 770//937 796//937 797//937
f 774//933 773//933 795//933
f 795//934 773//934 772//934
f 795//929 772//929 797//929
f 797//935 772//935 771//935
f 797//936 771//936 770//936
f 770//938 769//938 796//938
f 796//939 769//939 768//939
f 796//940 768//940 798//940
f 768//941 767//941 798//941
f 798//942 767//942 766//942
f 798//943 766//943 799//943
f 766//944 765//944 799//944
f 799//945 765//945 764//945
f 799//946 764//946 800//946
f 764//947 763//947 800//947
f 800//948 763//948 762//948
f 800//949 762//949 801//949
f 762//950 761//950 801//950
f 801//951 761//951 760//951
f 801//952 760//952 802//952
f 760//953 759//953 802//953
f 802//954 759//954 758//954
f 802//955 758//955 803//955
f 758//956 757//956 803//956
f 803//957 757//957 756//957
f 803//958 756//958 780//958
f 780//959 756//959 755//959
f 780//960 755//960 754//960
f 780//713 779//713 804//713
f 781//714 805//714 779//714
f 779//715 805//715 806//715
f 779//716 806//716 804//716
f 782//717 807//717 781//717
f 781//718 807//718 808//718
f 781//719 808//719 805//719
f 784//720 809//720 782//720
f 782//721 809//721 810//721
f 782//722 810//722 807//722
f 783//723 811//723 784//723
f 784//724 811//724 812//724
f 784//725 812//725 809//725
f 785//726 813//726 783//726
f 783//727 813//727 814//727
f 783//728 814//728 811//728
f 787//729 815//729 785//729
f 785//730 815//730 816//730
f 785//731 816//731 813//731
f 786//732 817//732 787//732
f 787//733 817//733 818//733
f 787//734 818//734 815//734
f 789//735 819//735 786//735
f 786//736 819//736 820//736
f 786//737 820//737 817//737
f 788//738 821//738 789//738
f 789//739 821//739 822//739
f 789//740 822//740 819//740
f 791//741 823//741 788//741
f 788//742 823//742 824//742
f 788//743 824//743 821//743
f 790//744 825//744 791//744
f 791//745 825//745 826//745
f 791//746 826//746 823//746
f 793//747 827//747 790//747
f 790//748 827//748 828//748
f 790//749 828//749 825//749
f 829//750 830//750 792//750
f 792//751 830//751 831//751
f 792//752 831//752 793//752
f 793//753 831//753 832//753
f 793//754 832//754 827//754
f 829//755 792//755 833//755
f 833//756 792//756 794//756
f 833//757 794//757 834//757
f 834//758 794//758 795//758
f 834//759 795//759 835//759
f 835//760 795//760 836//760
f 836//761 795//761 797//761
f 836//762 797//762 837//762
f 837//763 797//763 838//763
f 838//764 797//764 796//764
f 838//765 796//765 839//765
f 839//766 796//766 840//766
f 840//767 796//767 798//767
f 840//768 798//768 841//768
f 841//769 798//769 842//769
f 842//770 798//770 799//770
f 842//771 799//771 843//771
f 843//772 799//772 844//772
f 844//773 799//773 800//773
f 844//774 800//774 845//774
f 845//775 800//775 846//775
f 846//776 800//776 801//776
f 846//777 801//777 847//777
f 847//778 801//778 848//778
f 848//779 801//779 802//779
f 848//780 802//780 849//780
f 804//781 850//781 780//781
f 780//782 850//782 851//782
f 780//783 851//783 803//783
f 803//784 851//784 852//784
f 803//785 852//785 802//785
f 802//786 852//786 853//786
f 802//787 853//787 849//787
f 832//788 854//788 827//788
f 827//538 854//538 855//538
f 827//539 855//539 828//539
f 828//789 855//789 856//789
f 828//790 856//790 825//790
f 825//791 856//791 857//791
f 825//792 857//792 826//792
f 826//793 857//793 858//793
f 826//794 858//794 823//794
f 823//795 858//795 859//795
f 823//796 859//796 824//796
f 824//797 859//797 860//797
f 824//798 860//798 821//798
f 821//799 860//799 861//799
f 821//800 861//800 822//800
f 822//801 861//801 862//801
f 822//802 862//802 819//802
f 819//803 862//803 863//803
f 819//804 863//804 820//804
f 820//805 863//805 864//805
f 820//806 864//806 817//806
f 817//807 864//807 865//807
f 817//808 865//808 818//808
f 818//809 865//809 866//809
f 818//810 866//810 815//810
f 815//811 866//811 867//811
f 815//812 867//812 816//812
f 816//813 867//813 868//813
f 816//814 868//814 813//814
f 813//815 868//815 869//815
f 813//816 869//816 814//816
f 814//817 869//817 870//817
f 814//818 870//818 811//818
f 811//819 870//819 871//819
f 811//820 871//820 812//820
f 812//821 871//821 872//821
f 812//822 872//822 809//822
f 809//823 872//823 873//823
f 809//824 873//824 810//824
f 810//825 873//825 874//825
f 810//826 874//826 807//826
f 807//827 874//827 875//827
f 807//828 875//828 808//828
f 808//829 875//829 876//829
f 808//830 876//830 805//830
f 805//831 876//831 877//831
f 805//832 877//832 806//832
f 806//833 877//833 878//833
f 806//834 878//834 804//834
f 804//835 878//835 879//835
f 804//836 879//836 850//836
f 850//837 879//837 880//837
f 850//838 880//838 851//838
f 851//839 880//839 881//839
f 851//840 881//840 852//840
f 852//841 881//841 882//841
f 852//842 882//842 853//842
f 853//843 882//843 883//843
f 853//844 883//844 849//844
f 849//845 883//845 884//845
f 849//846 884//846 848//846
f 848//847 884//847 885//847
f 848//848 885//848 847//848
f 847//849 885//849 886//849
f 847//850 886//850 846//850
f 846//851 886//851 887//851
f 846//852 887//852 845//852
f 845//853 887//853 888//853
f 845//854 888//854 844//854
f 844//855 888//855 889//855
f 844//856 889//856 843//856
f 843//857 889//857 890//857
f 843//858 890//858 842//858
f 842//859 890//859 891//859
f 842//860 891//860 841//860
f 841//861 891//861 892//861
f 841//862 892//862 840//862
f 840//863 892//863 893//863
f 840//864 893//864 839//864
f 839//865 893//865 894//865
f 839//866 894//866 838//866
f 838//867 894//867 895//867
f 838//868 895//868 837//868
f 837//869 895//869 896//869
f 837//870 896//870 836//870
f 836//871 896//871 897//871
f 836//872 897//872 835//872
f 835//873 897//873 898//873
f 835//874 898//874 834//874
f 834//875 898//875 899//875
f 834//876 899//876 833//876
f 833//877 899//877 900//877
f 833//878 900//878 829//878
f 829//879 900//879 901//879
f 829//880 901//880 830//880
f 830//881 901//881 902//881
f 830//882 902//882 831//882
f 831//883 902//883 903//883
f 831//884 903//884 832//884
f 832//885 903//885 854//885
f 904//886 905//886 879//886
f 879//887 878//887 904//887
f 904//888 878//888 877//888
f 904//889 877//889 906//889
f 877//890 876//890 906//890
f 906//891 876//891 875//891
f 906//892 875//892 907//892
f 871//893 908//893 909//893
f 875//894 874//894 907//894
f 907//895 874//895 873//895
f 907//896 873//896 909//896
f 909//897 873//897 872//897
f 909//898 872//898 871//898
f 871//899 870//899 908//899
f 908//900 870//900 869//900
f 908//901 869//901 910//901
f 865//902 911//902 912//902
f 869//903 868//903 910//903
f 910//904 868//904 867//904
f 910//905 867//905 912//905
f 912//906 867//906 866//906
f 912//907 866//907 865//907
f 861//908 913//908 914//908
f 865//909 864//909 911//909
f 911//910 864//910 863//910
f 911//911 863//911 914//911
f 914//912 863//912 862//912
f 914//913 862//913 861//913
f 857//914 915//914 916//914
f 861//915 860//915 913//915
f 913//916 860//916 859//916
f 913//917 859//917 916//917
f 916//918 859//918 858//918
f 916//919 858//919 857//919
f 903//920 917//920 918//920
f 857//921 856//921 915//921
f 915//922 856//922 855//922
f 915//923 855//923 918//923
f 918//924 855//924 854//924
f 918//925 854//925 903//925
f 903//926 902//926 917//926
f 917//927 902//927 901//927
f 917//928 901//928 919//928
f 897//929 920//929 921//929
f 901//930 900//930 919//930
f 919//931 900//931 899//931
f 919//932 899//932 921//932
f 921//933 899//933 898//933
f 921//934 898//934 897//934
f 897//935 896//935 920//935
f 920//936 896//936 895//936
f 920//937 895//937 922//937
f 895//938 894//938 922//938
f 922//939 894//939 893//939
f 922//940 893//940 923//940
f 893//941 892//941 923//941
f 923//942 892//942 891//942
f 923//943 891//943 924//943
f 891//944 890//944 924//944
f 924//945 890//945 889//945
f 924//946 889//946 925//946
f 889//947 888//947 925//947
f 925//948 888//948 887//948
f 925//949 887//949 926//949
f 887//950 886//950 926//950
f 926//951 886//951 885//951
f 926//952 885//952 927//952
f 885//953 884//953 927//953
f 927//954 884//954 883//954
f 927//955 883//955 928//955
f 883//956 882//956 928//956
f 928//957 882//957 881//957
f 928//958 881//958 905//958
f 905//959 881//959 880//959
f 905//960 880//960 879//960
f 905//713 904//713 929//713
f 906//714 930//714 904//714
f 904//715 930//715 931//715
f 904//716 931//716 929//716
f 907//717 932//717 906//717
f 906//718 932//718 933//718
f 906//719 933//719 930//719
f 909//720 934//720 907//720
f 907//721 934//721 935//721
f 907//722 935//722 932//722
f 908//723 936//723 909//723
f 909//724 936//724 937//724
f 909//725 937//725 934//725
f 910//726 938//726 908//726
f 908//727 938//727 939//727
f 908//728 939//728 936//728
f 912//729 940//729 910//729
f 910//730 940//730 941//730
f 910//731 941//731 938//731
f 911//732 942//732 912//732
f 912//733 942//733 943//733
f 912//734 943//734 940//734
f 914//735 944//735 911//735
f 911//736 944//736 945//736
f 911//737 945//737 942//737
f 913//738 946//738 914//738
f 914//739 946//739 947//739
f 914//740 947//740 944//740
f 916//741 948//741 913//741
f 913//742 948//742 949//742
f 913//743 949//743 946//743
f 915//744 950//744 916//744
f 916//745 950//745 951//745
f 916//746 951//746 948//746
f 918//747 952//747 915//747
f 915//748 952//748 953//748
f 915//749 953//749 950//749
f 954//750 955//750 917//750
f 917//751 955//751 956//751
f 917//752 956//752 918//752
f 918//753 956//753 957//753
f 918//754 957//754 952//754
f 954//755 917//755 958//755
f 958//756 917//756 919//756
f 958//757 919//757 959//757
f 959//758 919//758 921//758
f 959//759 921//759 960//759
f 960//760 921//760 961//760
f 961//761 921//761 920//761
f 961//762 920//762 962//762
f 962//763 920//763 963//763
f 963//764 920//764 922//764
f 963//765 922//765 964//765
f 964//766 922//766 965//766
f 965//767 922//767 923//767
f 965//768 923//768 966//768
f 966//769 923//769 967//769
f 967//770 923//770 924//770
f 967//771 924//771 968//771
f 968//772 924//772 969//772
f 969//773 924//773 925//773
f 969//774 925//774 970//774
f 970//775 925//775 971//775
f 971//776 925//776 926//776
f 971//777 926//777 972//777
f 972//778 926//778 973//778
f 973//779 926//779 927//779
f 973//780 927//780 974//780
f 929//781 975//781 905//781
f 905//782 975//782 976//782
f 905//783 976//783 928//783
f 928//784 976//784 977//784
f 928//785 977//785 927//785
f 927//786 977//786 978//786
f 927//787 978//787 974//787
f 957//788 979//788 952//788
f 952//538 979//538 980//538
f 952//539 980//539 953//539
f 953//789 980//789 981//789
f 953//790 981//790 950//790
f 950//791 981//791 982//791
f 950//792 982//792 951//792
f 951//793 982//793 983//793
f 951//794 983//794 948//794
f 948//795 983//795 984//795
f 948//796 984//796 949//796
f 949//797 984//797 985//797
f 949//798 985//798 946//798
f 946//799 985//799 986//799
f 946//800 986//800 947//800
f 947//801 986//801 987//801
f 947//802 987//802 944//802
f 944//803 987//803 988//803
f 944//804 988//804 945//804
f 945//805 988//805 989//805
f 945//806 989//806 942//806
f 942//807 989//807 990//807
f 942//808 990//808 943//808
f 943//809 990//809 991//809
f 943//810 991//810 940//810
f 940//811 991//811 992//811
f 940//812 992//812 941//812
f 941//813 992//813 993//813
f 941//814 993//814 938//814
f 938//815 993//815 994//815
f 938//816 994//816 939//816
f 939//817 994//817 995//817
f 939//818 995//818 936//818
f 936//819 995//819 996//819
f 936//820 996//820 937//820
f 937//821 996//821 997//821
f 937//822 997//822 934//822
f 934//823 997//823 998//823
f 934//824 998//824 935//824
f 935//825 998//825 999//825
f 935//826 999//826 932//826
f 932//827 999//827 1000//827
f 932//828 1000//828 933//828
f 933//829 1000//829 1001//829
f 933//830 1001//830 930//830
f 930//831 1001//831 1002//831
f 930//832 1002//832 931//832
f 931//833 1002//833 1003//833
f 931//834 1003//834 929//834
f 929//835 1003//835 1004//835
f 929//836 1004//836 975//836
f 975//837 1004//837 1005//837
f 975//838 1005//838 976//838
f 976//839 1005//839 1006//839
f 976//840 1006//840 977//840
f 977//841 1006//841 1007//841
f 977//842 1007//842 978//842
f 978//843 1007//843 1008//843
f 978//844 1008//844 974//844
f 974//845 1008//845 1009//845
f 974//846 1009//846 973//846
f 973//847 1009//847 1010//847
f 973//848 1010//848 972//848
f 972//849 1010//849 1011//849
f 972//850 1011//850 971//850
f 971//851 1011//851 1012//851
f 971//852 1012//852 970//852
f 970//853 1012//853 1013//853
f 970//854 1013//854 969//854
f 969//855 1013//855 1014//855
f 969//856 1014//856 968//856
f 968//857 1014//857 1015//857
f 968//858 1015//858 967//858
f 967//859 1015//859 1016//859
f 967//860 1016//860 966//860
f 966//861 1016//861 1017//861
f 966//862 1017//862 965//862
f 965//863 1017//863 1018//863
f 965//864 1018//864 964//864
f 964//865 1018//865 1019//865
f 964//866 1019//866 963//866
f 963//867 1019//867 1020//867
f 963//868 1020//868 962//868
f 962//869 1020//869 1021//869
f 962//870 1021//870 961//870
f 961//871 1021//871 1022//871
f 961//872 1022//872 960//872
f 960//873 1022//873 1023//873
f 960//874 1023//874 959//874
f 959//875 1023//875 1024//875
f 959//876 1024//876 958//876
f 958//877 1024//877 1025//877
f 958//878 1025//878 954//878
f 954//879 1025//879 1026//879
f 954//880 1026//880 955//880
f 955//881 1026//881 1027//881
f 955//882 1027//882 956//882
f 956//883 1027//883 1028//883
f 956//884 1028//884 957//884
f 957//885 1028//885 979//885
f 1029//886 1030//886 1004//886
f 1004//887 1003//887 1029//887
f 1029//888 1003//888 1002//888
f 1029//889 1002//889 1031//889
f 1002//890 1001//890 1031//890
f 1031//891 1001//891 1000//891
f 1031//892 1000//892 1032//892
f 996//893 1033//893 1034//893
f 1000//894 999//894 1032//894
f 1032//895 999//895 998//895
f 1032//896 998//896 1034//896
f 1034//897 998//897 997//897
f 1034//898 997//898 996//898
f 996//899 995//899 1033//899
f 1033//900 995//900 994//900
f 1033//901 994//901 1035//901
f 990//902 1036//902 1037//902
f 994//903 993//903 1035//903
f 1035//904 993//904 992//904
f 1035//905 992//905 1037//905
f 1037//906 992//906 991//906
f 1037//907 991//907 990//907
f 986//908 1038//908 1039//908
f 990//909 989//909 1036//909
f 1036//910 989//910 988//910
f 1036//911 988//911 1039//911
f 1039//912 988//912 987//912
f 1039//913 987//913 986//913
f 982//914 1040//914 1041//914
f 986//915 985//915 1038//915
f 1038//916 985//916 984//916
f 1038//917 984//917 1041//917
f 1041//918 984//918 983//918
f 1041//919 983//919 982//919
f 1028//920 1042//920 1043//920
f 982//921 981//921 1040//921
f 1040//922 981//922 980//922
f 1040//923 980//923 1043//923
f 1043//924 980//924 979//924
f 1043//925 979//925 1028//925
f 1028//926 1027//926 1042//926
f 1042//927 1027//927 1026//927
f 1042//928 1026//928 1044//928
f 1026//930 1025//930 1044//930
f 1044//931 1025//931 1024//931
f 1044//932 1024//932 1045//932
f 1020//937 1046//937 1047//937
f 1024//933 1023//933 1045//933
f 1045//934 1023//934 1022//934
f 1045//929 1022//929 1047//929
f 1047//935 1022//935 1021//935
f 1047//936 1021//936 1020//936
f 1020//938 1019//938 1046//938
f 1046//939 1019//939 1018//939
f 1046//940 1018//940 1048//940
f 1018//941 1017//941 1048//941
f 1048//942 1017//942 1016//942
f 1048//943 1016//943 1049//943
f 1016//944 1015//944 1049//944
f 1049//945 1015//945 1014//945
f 1049//946 1014//946 1050//946
f 1014//947 1013//947 1050//947
f 1050//948 1013//948 1012//948
f 1050//949 1012//949 1051//949
f 1012//950 1011//950 1051//950
f 1051//951 1011//951 1010//951
f 1051//952 1010//952 1052//952
f 1010//953 1009//953 1052//953
f 1052//954 1009//954 1008//954
f 1052//955 1008//955 1053//955
f 1008//956 1007//956 1053//956
f 1053//957 1007//957 1006//957
f 1053//958 1006//958 1030//958
f 1030//959 1006//959 1005//959
f 1030//960 1005//960 1004//960
f 1030//713 1029//713 1054//713
f 1031//714 1055//714 1029//714
f 1029//715 1055//715 1056//715
f 1029//716 1056//716 1054//716
f 1032//717 1057//717 1031//717
f 1031//718 1057//718 1058//718
f 1031//719 1058//719 1055//719
f 1034//720 1059//720 1032//720
f 1032//721 1059//721 1060//721
f 1032//722 1060//722 1057//722
f 1033//723 1061//723 1034//723
f 1034//724 1061//724 1062//724
f 1034//725 1062//725 1059//725
f 1035//726 1063//726 1033//726
f 1033//727 1063//727 1064//727
f 1033//728 1064//728 1061//728
f 1037//729 1065//729 1035//729
f 1035//730 1065//730 1066//730
f 1035//731 1066//731 1063//731
f 1036//732 1067//732 1037//732
f 1037//733 1067//733 1068//733
f 1037//734 1068//734 1065//734
f 1039//735 1069//735 1036//735
f 1036//736 1069//736 1070//736
f 1036//737 1070//737 1067//737
f 1038//738 1071//738 1039//738
f 1039//739 1071//739 1072//739
f 1039//740 1072//740 1069//740
f 1041//741 1073//741 1038//741
f 1038//742 1073//742 1074//742
f 1038//743 1074//743 1071//743
f 1040//744 1075//744 1041//744
f 1041//745 1075//745 1076//745
f 1041//746 1076//746 1073//746
f 1043//747 1077//747 1040//747
f 1040//748 1077//748 1078//748
f 1040//749 1078//749 1075//749
f 1079//750 1080//750 1042//750
f 1042//751 1080//751 1081//751
f 1042//752 1081//752 1043//752
f 1043//753 1081//753 1082//753
f 1043//754 1082//754 1077//754
f 1079//755 1042//755 1083//755
f 1083//756 1042//756 1044//756
f 1083//757 1044//757 1084//757
f 1084//758 1044//758 1045//758
f 1084//759 1045//759 1085//759
f 1085//760 1045//760 1086//760
f 1086//761 1045//761 1047//761
f 1086//762 1047//762 1087//762
f 1087//763 1047//763 1088//763
f 1088//764 1047//764 1046//764
f 1088//765 1046//765 1089//765
f 1089//766 1046//766 1090//766
f 1090//767 1046//767 1048//767
f 1090//768 1048//768 1091//768
f 1091//769 1048//769 1092//769
f 1092//770 1048//770 1049//770
f 1092//771 1049//771 1093//771
f 1093//772 1049//772 1094//772
f 1094//773 1049//773 1050//773
f 1094//774 1050//774 1095//774
f 1095//775 1050//775 1096//775
f 1096//776 1050//776 1051//776
f 1096//777 1051//777 1097//777
f 1097//778 1051//778 1098//778
f 1098//779 1051//779 1052//779
f 1098//780 1052//780 1099//780
f 1054//781 1100//781 1030//781
f 1030//782 1100//782 1101//782
f 1030//783 1101//783 1053//783
f 1053//784 1101//784 1102//784
f 1053//785 1102//785 1052//785
f 1052//786 1102//786 1103//786
f 1052//787 1103//787 1099//787
f 1082//788 1104//788 1077//788
f 1077//538 1104//538 1105//538
f 1077//539 1105//539 1078//539
f 1078//789 1105//789 1106//789
f 1078//790 1106//790 1075//790
f 1075//791 1106//791 1107//791
f 1075//792 1107//792 1076//792
f 1076//793 1107//793 1108//793
f 1076//794 1108//794 1073//794
f 1073//795 1108//795 1109//795
f 1073//796 1109//796 1074//796
f 1074//797 1109//797 1110//797
f 1074//798 1110//798 1071//798
f 1071//799 1110//799 1111//799
f 1071//800 1111//800 1072//800
f 1072//801 1111//801 1112//801
f 1072//802 1112//802 1069//802
f 1069//803 1112//803 1113//803
f 1069//804 1113//804 1070//804
f 1070//805 1113//805 1114//805
f 1070//806 1114//806 1067//806
f 1067//807 1114//807 1115//807
f 1067//808 1115//808 1068//808
f 1068//809 1115//809 1116//809
f 1068//810 1116//810 1065//810
f 1065//811 1116//811 1117//811
f 1065//812 1117//812 1066//812
f 1066//813 1117//813 1118//813
f 1066//814 1118//814 1063//814
f 1063//815 1118//815 1119//815
f 1063//816 1119//816 1064//816
f 1064//817 1119//817 1120//817
f 1064//818 1120//818 1061//818
f 1061//819 1120//819 1121//819
f 1061//820 1121//820 1062//820
f 1062//821 1121//821 1122//821
f 1062//822 1122//822 1059//822
f 1059//823 1122//823 1123//823
f 1059//824 1123//824 1060//824
f 1060//825 1123//825 1124//825
f 1060//826 1124//826 1057//826
f 1057//827 1124//827 1125//827
f 1057//828 1125//828 1058//828
f 1058//829 1125//829 1126//829
f 1058//830 1126//830 1055//830
f 1055//831 1126//831 1127//831
f 1055//832 1127//832 1056//832
f 1056//833 1127//833 1128//833
f 1056//834 1128//834 1054//834
f 1054//835 1128//835 1129//835
f 1054//836 1129//836 1100//836
f 1100//837 1129//837 1130//837
f 1100//838 1130//838 1101//838
f 1101//839 1130//839 1131//839
f 1101//840 1131//840 1102//840
f 1102//841 1131//841 1132//841
f 1102//842 1132//842 1103//842
f 1103//843 1132//843 1133//843
f 1103//844 1133//844 1099//844
f 1099//845 1133//845 1134//845
f 1099//846 1134//846 1098//846
f 1098//847 1134//847 1135//847
f 1098//848 1135//848 1097//848
f 1097//849 1135//849 1136//849
f 1097//850 1136//850 1096//850
f 1096//851 1136//851 1137//851
f 1096//852 1137//852 1095//852
f 1095//853 1137//853 1138//853
f 1095//854 1138//854 1094//854
f 1094//855 1138//855 1139//855
f 1094//856 1139//856 1093//856
f 1093//857 1139//857 1140//857
f 1093//858 1140//858 1092//858
f 1092//859 1140//859 1141//859
f 1092//860 1141//860 1091//860
f 1091//861 1141//861 1142//861
f 1091//862 1142//862 1090//862
f 1090//863 1142//863 1143//863
f 1090//864 1143//864 1089//864
f 1089//865 1143//865 1144//865
f 1089//866 1144//866 1088//866
f 1088//867 1144//867 1145//867
f 1088//868 1145//868 1087//868
f 1087//869 1145//869 1146//869
f 1087//870 1146//870 1086//870
f 1086//871 1146//871 1147//871
f 1086//872 1147//872 1085//872
f 1085//873 1147//873 1148//873
f 1085//874 1148//874 1084//874
f 1084//875 1148//875 1149//875
f 1084//876 1149//876 1083//876
f 1083//877 1149//877 1150//877
f 1083//878 1150//878 1079//878
f 1079//879 1150//879 1151//879
f 1079//880 1151//880 1080//880
f 1080//881 1151//881 1152//881
f 1080//882 1152//882 1081//882
f 1081//883 1152//883 1153//883
f 1081//884 1153//884 1082//884
f 1082//885 1153//885 1104//885
f 1154//886 1155//886 1129//886
f 1129//887 1128//887 1154//887
f 1154//888 1128//888 1127//888
f 1154//889 1127//889 1156//889
f 1127//890 1126//890 1156//890
f 1156//891 1126//891 1125//891
f 1156//892 1125//892 1157//892
f 1121//893 1158//893 1159//893
f 1125//894 1124//894 1157//894
f 1157//895 1124//895 1123//895
f 1157//896 1123//896 1159//896
f 1159//897 1123//897 1122//897
f 1159//898 1122//898 1121//898
f 1121//899 1120//899 1158//899
f 1158//900 1120//900 1119//900
f 1158//901 1119//901 1160//901
f 1115//902 1161//902 1162//902
f 1119//903 1118//903 1160//903
f 1160//904 1118//904 1117//904
f 1160//905 1117//905 1162//905
f 1162//906 1117//906 1116//906
f 1162//907 1116//907 1115//907
f 1111//908 1163//908 1164//908
f 1115//909 1114//909 1161//909
f 1161//910 1114//910 1113//910
f 1161//911 1113//911 1164//911
f 1164//912 1113//912 1112//912
f 1164//913 1112//913 1111//913
f 1107//914 1165//914 1166//914
f 1111//915 1110//915 1163//915
f 1163//916 1110//916 1109//916
f 1163//917 1109//917 1166//917
f 1166//918 1109//918 1108//918
f 1166//919 1108//919 1107//919
f 1153//920 1167//920 1168//920
f 1107//921 1106//921 1165//921
f 1165//922 1106//922 1105//922
f 1165//923 1105//923 1168//923
f 1168//924 1105//924 1104//924
f 1168//925 1104//925 1153//925
f 1153//926 1152//926 1167//926
f 1167//927 1152//927 1151//927
f 1167//928 1151//928 1169//928
f 1151//930 1150//930 1169//930
f 1169//931 1150//931 1149//931
f 1169//932 1149//932 1170//932
f 1145//937 1171//937 1172//937
f 1149//933 1148//933 1170//933
f 1170//934 1148//934 1147//934
f 1170//929 1147//929 1172//929
f 1172//935 1147//935 1146//935
f 1172//936 1146//936 1145//936
f 1145//938 1144//938 1171//938
f 1171//939 1144//939 1143//939
f 1171//940 1143//940 1173//940
f 1143//941 1142//941 1173//941
f 1173//942 1142//942 1141//942
f 1173//943 1141//943 1174//943
f 1141//944 1140//944 1174//944
f 1174//945 1140//945 1139//945
f 1174//946 1139//946 1175//946
f 1139//947 1138//947 1175//947
f 1175//948 1138//948 1137//948
f 1175//949 1137//949 1176//949
f 1137//950 1136//950 1176//950
f 1176//951 1136//951 1135//951
f 1176//952 1135//952 1177//952
f 1135//953 1134//953 1177//953
f 1177//954 1134//954 1133//954
f 1177//955 1133//955 1178//955
f 1133//956 1132//956 1178//956
f 1178//957 1132//957 1131//957
f 1178//958 1131//958 1155//958
f 1155//959 1131//959 1130//959
f 1155//960 1130//960 1129//960
f 1155//713 1154//713 1179//713
f 1156//714 1180//714 1154//714
f 1154//715 1180//715 1181//715
f 1154//716 1181//716 1179//716
f 1157//717 1182//717 1156//717
f 1156//718 1182//718 1183//718
f 1156//719 1183//719 1180//719
f 1159//720 1184//720 1157//720
f 1157//721 1184//721 1185//721
f 1157//722 1185//722 1182//722
f 1158//723 1186//723 1159//723
f 1159//724 1186//724 1187//724
f 1159//725 1187//725 1184//725
f 1160//726 1188//726 1158//726
f 1158//727 1188//727 1189//727
f 1158//728 1189//728 1186//728
f 1162//729 1190//729 1160//729
f 1160//730 1190//730 1191//730
f 1160//731 1191//731 1188//731
f 1161//732 1192//732 1162//732
f 1162//733 1192//733 1193//733
f 1162//734 1193//734 1190//734
f 1164//735 1194//735 1161//735
f 1161//736 1194//736 1195//736
f 1161//737 1195//737 1192//737
f 1163//738 1196//738 1164//738
f 1164//739 1196//739 1197//739
f 1164//740 1197//740 1194//740
f 1166//741 1198//741 1163//741
f 1163//742 1198//742 1199//742
f 1163//743 1199//743 1196//743
f 1165//744 1200//744 1166//744
f 1166//745 1200//745 1201//745
f 1166//746 1201//746 1198//746
f 1168//747 1202//747 1165//747
f 1165//748 1202//748 1203//748
f 1165//749 1203//749 1200//749
f 1204//750 1205//750 1167//750
f 1167//751 1205//751 1206//751
f 1167//752 1206//752 1168//752
f 1168//753 1206//753 1207//753
f 1168//754 1207//754 1202//754
f 1204//755 1167//755 1208//755
f 1208//756 1167//756 1169//756
f 1208//757 1169//757 1209//757
f 1209//758 1169//758 1170//758
f 1209//759 1170//759 1210//759
f 1210//760 1170//760 1211//760
f 1211//761 1170//761 1172//761
f 1211//762 1172//762 1212//762
f 1212//763 1172//763 1213//763
f 1213//764 1172//764 1171//764
f 1213//765 1171//765 1214//765
f 1214//766 1171//766 1215//766
f 1215//767 1171//767 1173//767
f 1215//768 1173//768 1216//768
f 1216//769 1173//769 1217//769
f 1217//770 1173//770 1174//770
f 1217//771 1174//771 1218//771
f 1218//772 1174//772 1219//772
f 1219//773 1174//773 1175//773
f 1219//774 1175//774 1220//774
f 1220//775 1175//775 1221//775
f 1221//776 1175//776 1176//776
f 1221//777 1176//777 1222//777
f 1222//778 1176//778 1223//778
f 1223//779 1176//779 1177//779
f 1223//780 1177//780 1224//780
f 1179//781 1225//781 1155//781
f 1155//782 1225//782 1226//782
f 1155//783 1226//783 1178//783
f 1178//784 1226//784 1227//784
f 1178//785 1227//785 1177//785
f 1177//786 1227//786 1228//786
f 1177//787 1228//787 1224//787
f 1207//788 1229//788 1202//788
f 1202//538 1229//538 1230//538
f 1202//539 1230//539 1203//539
f 1203//789 1230//789 1231//789
f 1203//790 1231//790 1200//790
f 1200//791 1231//791 1232//791
f 1200//792 1232//792 1201//792
f 1201//793 1232//793 1233//793
f 1201//794 1233//794 1198//794
f 1198//795 1233//795 1234//795
f 1198//796 1234//796 1199//796
f 1199//797 1234//797 1235//797
f 1199//798 1235//798 1196//798
f 1196//799 1235//799 1236//799
f 1196//800 1236//800 1197//800
f 1197//801 1236//801 1237//801
f 1197//802 1237//802 1194//802
f 1194//803 1237//803 1238//803
f 1194//804 1238//804 1195//804
f 1195//805 1238//805 1239//805
f 1195//806 1239//806 1192//806
f 1192//807 1239//807 1240//807
f 1192//808 1240//808 1193//808
f 1193//809 1240//809 1241//809
f 1193//810 1241//810 1190//810
f 1190//811 1241//811 1242//811
f 1190//812 1242//812 1191//812
f 1191//813 1242//813 1243//813
f 1191//814 1243//814 1188//814
f 1188//815 1243//815 1244//815
f 1188//816 1244//816 1189//816
f 1189//817 1244//817 1245//817
f 1189//818 1245//818 1186//818
f 1186//819 1245//819 1246//819
f 1186//820 1246//820 1187//820
f 1187//821 1246//821 1247//821
f 1187//822 1247//822 1184//822
f 1184//823 1247//823 1248//823
f 1184//824 1248//824 1185//824
f 1185//825 1248//825 1249//825
f 1185//826 1249//826 1182//826
f 1182//827 1249//827 1250//827
f 1182//828 1250//828 1183//828
f 1183//829 1250//829 1251//829
f 1183//830 1251//830 1180//830
f 1180//831 1251//831 1252//831
f 1180//832 1252//832 1181//832
f 1181//833 1252//833 1253//833
f 1181//834 1253//834 1179//834
f 1179//835 1253//835 1254//835
f 1179//836 1254//836 1225//836
f 1225//837 1254//837 1255//837
f 1225//838 1255//838 1226//838
f 1226//839 1255//839 1256//839
f 1226//840 1256//840 1227//840
f 1227//841 1256//841 1257//841
f 1227//842 1257//842 1228//842
f 1228//843 1257//843 1258//843
f 1228//844 1258//844 1224//844
f 1224//845 1258//845 1259//845
f 1224//846 1259//846 1223//846
f 1223//847 1259//847 1260//847
f 1223//848 1260//848 1222//848
f 1222//849 1260//849 1261//849
f 1222//850 1261//850 1221//850
f 1221//851 1261//851 1262//851
f 1221//852 1262//852 1220//852
f 1220//853 1262//853 1263//853
f 1220//854 1263//854 1219//854
f 1219//855 1263//855 1264//855
f 1219//856 1264//856 1218//856
f 1218//857 1264//857 1265//857
f 1218//858 1265//858 1217//858
f 1217//859 1265//859 1266//859
f 1217//860 1266//860 1216//860
f 1216//861 1266//861 1267//861
f 1216//862 1267//862 1215//862
f 1215//863 1267//863 1268//863
f 1215//864 1268//864 1214//864
f 1214//865 1268//865 1269//865
f 1214//866 1269//866 1213//866
f 1213//867 1269//867 1270//867
f 1213//868 1270//868 1212//868
f 1212//869 1270//869 1271//869
f 1212//870 1271//870 1211//870
f 1211//871 1271//871 1272//871
f 1211//872 1272//872 1210//872
f 1210//873 1272//873 1273//873
f 1210//874 1273//874 1209//874
f 1209//875 1273//875 1274//875
f 1209//876 1274//876 1208//876
f 1208//877 1274//877 1275//877
f 1208//878 1275//878 1204//878
f 1204//879 1275//879 1276//879
f 1204//880 1276//880 1205//880
f 1205//881 1276//881 1277//881
f 1205//882 1277//882 1206//882
f 1206//883 1277//883 1278//883
f 1206//884 1278//884 1207//884
f 1207//885 1278//885 1229//885
f 1279//886 1280//886 1254//886
f 1254//887 1253//887 1279//887
f 1279//888 1253//888 1252//888
f 1279//889 1252//889 1281//889
f 1252//890 1251//890 1281//890
f 1281//891 1251//891 1250//891
f 1281//892 1250//892 1282//892
f 1246//893 1283//893 1284//893
f 1250//894 1249//894 1282//894
f 1282//895 1249//895 1248//895
f 1282//896 1248//896 1284//896
f 1284//897 1248//897 1247//897
f 1284//898 1247//898 1246//898
f 1246//899 1245//899 1283//899
f 1283//900 1245//900 1244//900
f 1283//901 1244//901 1285//901
f 1240//902 1286//902 1287//902
f 1244//903 1243//903 1285//903
f 1285//904 1243//904 1242//904
f 1285//905 1242//905 1287//905
f 1287//906 1242//906 1241//906
f 1287//907 1241//907 1240//907
f 1236//908 1288//908 1289//908
f 1240//909 1239//909 1286//909
f 1286//910 1239//910 1238//910
f 1286//911 1238//911 1289//911
f 1289//912 1238//912 1237//912
f 1289//913 1237//913 1236//913
f 1232//914 1290//914 1291//914
f 1236//915 1235//915 1288//915
f 1288//916 1235//916 1234//916
f 1288//917 1234//917 1291//917
f 1291//918 1234//918 1233//918
f 1291//919 1233//919 1232//919
f 1278//920 1292//920 1293//920
f 1232//921 1231//921 1290//921
f 1290//922 1231//922 1230//922
f 1290//923 1230//923 1293//923
f 1293//924 1230//924 1229//924
f 1293//925 1229//925 1278//925
f 1278//926 1277//926 1292//926
f 1292//927 1277//927 1276//927
f 1292//928 1276//928 1294//928
f 1276//930 1275//930 1294//930
f 1294//931 1275//931 1274//931
f 1294//932 1274//932 1295//932
f 1270//937 1296//937 1297//937
f 1274//933 1273//933 1295//933
f 1295//934 1273//934 1272//934
f 1295//929 1272//929 1297//929
f 1297//935 1272//935 1271//935
f 1297//936 1271//936 1270//936
f 1270//938 1269//938 1296//938
f 1296//939 1269//939 1268//939
f 1296//940 1268//940 1298//940
f 1268//941 1267//941 1298//941
f 1298//942 1267//942 1266//942
f 1298//943 1266//943 1299//943
f 1266//944 1265//944 1299//944
f 1299//945 1265//945 1264//945
f 1299//946 1264//946 1300//946
f 1264//947 1263//947 1300//947
f 1300//948 1263//948 1262//948
f 1300//949 1262//949 1301//949
f 1262//950 1261//950 1301//950
f 1301//951 1261//951 1260//951
f 1301//952 1260//952 1302//952
f 1260//953 1259//953 1302//953
f 1302//954 1259//954 1258//954
f 1302//955 1258//955 1303//955
f 1258//956 1257//956 1303//956
f 1303//957 1257//957 1256//957
f 1303//958 1256//958 1280//958
f 1280//959 1256//959 1255//959
f 1280//960 1255//960 1254//960
f 1280//961 1279//961 1304//961
f 1281//962 1282//962 1305//962
f 1305//963 1306//963 1281//963
f 1281//964 1306//964 1307//964
f 1281//965 1307//965 1279//965
f 1279//966 1307//966 1308//966
f 1279//967 1308//967 1304//967
f 1284//968 1283//968 1309//968
f 1309//969 1310//969 1284//969
f 1284//970 1310//970 1311//970
f 1284//971 1311//971 1282//971
f 1282//972 1311//972 1312//972
f 1282//973 1312//973 1305//973
f 1285//974 1287//974 1313//974
f 1313//975 1314//975 1285//975
f 1285//976 1314//976 1315//976
f 1285//977 1315//977 1283//977
f 1283//978 1315//978 1316//978
f 1283//979 1316//979 1309//979
f 1286//980 1289//980 1317//980
f 1317//981 1318//981 1286//981
f 1286//982 1318//982 1319//982
f 1286//983 1319//983 1287//983
f 1287//984 1319//984 1320//984
f 1287//985 1320//985 1313//985
f 1288//986 1291//986 1321//986
f 1321//987 1322//987 1288//987
f 1288//988 1322//988 1323//988
f 1288//989 1323//989 1289//989
f 1289//990 1323//990 1324//990
f 1289//991 1324//991 1317//991
f 1293//754 1325//754 1326//754
f 1293//747 1326//747 1290//747
f 1326//992 1327//992 1290//992
f 1290//993 1327//993 1328//993
f 1290//994 1328//994 1291//994
f 1291//995 1328//995 1329//995
f 1291//996 1329//996 1321//996
f 1292//997 1330//997 1293//997
f 1293//998 1330//998 1331//998
f 1293//999 1331//999 1325//999
f 1294//1000 1295//1000 1332//1000
f 1332//1001 1333//1001 1294//1001
f 1294//1002 1333//1002 1334//1002
f 1294//756 1334//756 1292//756
f 1292//1003 1334//1003 1335//1003
f 1292//1004 1335//1004 1330//1004
f 1297//1005 1296//1005 1336//1005
f 1336//1006 1337//1006 1297//1006
f 1297//1007 1337//1007 1338//1007
f 1297//1008 1338//1008 1295//1008
f 1295//1009 1338//1009 1339//1009
f 1295//1010 1339//1010 1332//1010
f 1298//1011 1299//1011 1340//1011
f 1340//1012 1341//1012 1298//1012
f 1298//1013 1341//1013 1342//1013
f 1298//1014 1342//1014 1296//1014
f 1296//1015 1342//1015 1343//1015
f 1296//1016 1343//1016 1336//1016
f 1300//1017 1301//1017 1344//1017
f 1344//1018 1345//1018 1300//1018
f 1300//1019 1345//1019 1346//1019
f 1300//1020 1346//1020 1299//1020
f 1299//1021 1346//1021 1347//1021
f 1299//1022 1347//1022 1340//1022
f 1302//785 1303//785 1348//785
f 1348//1023 1349//1023 1302//1023
f 1302//1024 1349//1024 1350//1024
f 1302//1025 1350//1025 1301//1025
f 1301//1026 1350//1026 1351//1026
f 1301//1027 1351//1027 1344//1027
f 1304//1028 1352//1028 1280//1028
f 1280//1029 1352//1029 1353//1029
f 1280//1030 1353//1030 1303//1030
f 1303//1031 1353//1031 1354//1031
f 1303//1032 1354//1032 1348//1032
f 1328//1033 1327//1033 1355//1033
f 1355//1034 1327//1034 1326//1034
f 1355//280 1326//280 1356//280
f 1356//1035 1326//1035 1325//1035
f 1356//1036 1325//1036 1357//1036
f 1357//1037 1325//1037 1331//1037
f 1357//1038 1331//1038 1358//1038
f 1358//1039 1331//1039 1330//1039
f 1358//1040 1330//1040 1359//1040
f 1359//1041 1330//1041 1335//1041
f 1359//1042 1335//1042 1360//1042
f 1360//1043 1335//1043 1334//1043
f 1360//1044 1334//1044 1361//1044
f 1361//1045 1334//1045 1333//1045
f 1361//1046 1333//1046 1362//1046
f 1362//1047 1333//1047 1332//1047
f 1362//1048 1332//1048 1363//1048
f 1363//1049 1332//1049 1339//1049
f 1363//1050 1339//1050 1364//1050
f 1364//1051 1339//1051 1338//1051
f 1364//1052 1338//1052 1365//1052
f 1365//1053 1338//1053 1337//1053
f 1365//1054 1337//1054 1366//1054
f 1366//1055 1337//1055 1336//1055
f 1366//1056 1336//1056 1367//1056
f 1367//1057 1336//1057 1343//1057
f 1367//1058 1343//1058 1368//1058
f 1368//1059 1343//1059 1342//1059
f 1368//1060 1342//1060 1369//1060
f 1369//1061 1342//1061 1341//1061
f 1369//1062 1341//1062 1370//1062
f 1370//1063 1341//1063 1340//1063
f 1370//1064 1340//1064 1371//1064
f 1371//1065 1340//1065 1347//1065
f 1371//1066 1347//1066 1372//1066
f 1372//1067 1347//1067 1346//1067
f 1372//1068 1346//1068 1373//1068
f 1373//1069 1346//1069 1345//1069
f 1373//1070 1345//1070 1374//1070
f 1374//1071 1345//1071 1344//1071
f 1374//1072 1344//1072 1375//1072
f 1375//1073 1344//1073 1351//1073
f 1375//1074 1351//1074 1376//1074
f 1376//1075 1351//1075 1350//1075
f 1376//1076 1350//1076 1377//1076
f 1377//1077 1350//1077 1349//1077
f 1377//1078 1349//1078 1378//1078
f 1378//1079 1349//1079 1348//1079
f 1378//1080 1348//1080 1379//1080
f 1379//1081 1348//1081 1354//1081
f 1379//1082 1354//1082 1380//1082
f 1380//1083 1354//1083 1353//1083
f 1380//1084 1353//1084 1381//1084
f 1381//1085 1353//1085 1352//1085
f 1381//1086 1352//1086 1382//1086
f 1382//1087 1352//1087 1304//1087
f 1382//1088 1304//1088 1383//1088
f 1383//1089 1304//1089 1308//1089
f 1383//1090 1308//1090 1384//1090
f 1384//1091 1308//1091 1307//1091
f 1384//1092 1307//1092 1385//1092
f 1385//1093 1307//1093 1306//1093
f 1385//1094 1306//1094 1386//1094
f 1386//1095 1306//1095 1305//1095
f 1386//1096 1305//1096 1387//1096
f 1387//1097 1305//1097 1312//1097
f 1387//1098 1312//1098 1388//1098
f 1388//1099 1312//1099 1311//1099
f 1388//1100 1311//1100 1389//1100
f 1389//1101 1311//1101 1310//1101
f 1389//1102 1310//1102 1390//1102
f 1390//1103 1310//1103 1309//1103
f 1390//1104 1309//1104 1391//1104
f 1391//1105 1309//1105 1316//1105
f 1391//1106 1316//1106 1392//1106
f 1392//1107 1316//1107 1315//1107
f 1392//1108 1315//1108 1393//1108
f 1393//1109 1315//1109 1314//1109
f 1393//1110 1314//1110 1394//1110
f 1394//1111 1314//1111 1313//1111
f 1394//1112 1313//1112 1395//1112
f 1395//1113 1313//1113 1320//1113
f 1395//1114 1320//1114 1396//1114
f 1396//1115 1320//1115 1319//1115
f 1396//1116 1319//1116 1397//1116
f 1397//1117 1319//1117 1318//1117
f 1397//1118 1318//1118 1398//1118
f 1398//1119 1318//1119 1317//1119
f 1398//1120 1317//1120 1399//1120
f 1399//1121 1317//1121 1324//1121
f 1399//1122 1324//1122 1400//1122
f 1400//1123 1324//1123 1323//1123
f 1400//1124 1323//1124 1401//1124
f 1401//1125 1323//1125 1322//1125
f 1401//1126 1322//1126 1402//1126
f 1402//1127 1322//1127 1321//1127
f 1402//1128 1321//1128 1403//1128
f 1403//1129 1321//1129 1329//1129
f 1403//1130 1329//1130 1404//1130
f 1404//1131 1329//1131 1328//1131
f 1404//1132 1328//1132 1355//1132
f 1405//923 1406//923 1407//923
f 1408//923 1405//923 1409//923
f 1409//923 1405//923 1407//923
f 1409//923 1407//923 1410//923
f 1410//923 1407//923 1411//923
f 1412//639 1413//639 1381//639
f 1381//640 1382//640 1412//640
f 1412//641 1382//641 1383//641
f 1412//642 1383//642 1414//642
f 1383//643 1384//643 1414//643
f 1414//644 1384//644 1385//644
f 1414//645 1385//645 1415//645
f 1385//646 1386//646 1415//646
f 1415//647 1386//647 1387//647
f 1415//648 1387//648 1416//648
f 1387//649 1388//649 1416//649
f 1416//650 1388//650 1389//650
f 1416//651 1389//651 1417//651
f 1389//652 1390//652 1417//652
f 1417//653 1390//653 1391//653
f 1417//654 1391//654 1418//654
f 1391//655 1392//655 1418//655
f 1418//656 1392//656 1393//656
f 1418//657 1393//657 1419//657
f 1393//658 1394//658 1419//658
f 1419//659 1394//659 1395//659
f 1419//660 1395//660 1420//660
f 1395//661 1396//661 1420//661
f 1420//662 1396//662 1397//662
f 1420//663 1397//663 1421//663
f 1397//664 1398//664 1421//664
f 1421//665 1398//665 1399//665
f 1421//666 1399//666 1422//666
f 1399//667 1400//667 1422//667
f 1422//668 1400//668 1401//668
f 1422//669 1401//669 1423//669
f 1401//670 1402//670 1423//670
f 1423//671 1402//671 1403//671
f 1423//672 1403//672 1424//672
f 1403//673 1404//673 1424//673
f 1424//674 1404//674 1355//674
f 1424//675 1355//675 1425//675
f 1355//676 1356//676 1425//676
f 1425//677 1356//677 1357//677
f 1425//678 1357//678 1426//678
f 1357//679 1358//679 1426//679
f 1426//680 1358//680 1359//680
f 1426//681 1359//681 1427//681
f 1359//682 1360//682 1427//682
f 1427//683 1360//683 1361//683
f 1427//684 1361//684 1428//684
f 1361//685 1362//685 1428//685
f 1428//686 1362//686 1363//686
f 1428//687 1363//687 1429//687
f 1363//688 1364//688 1429//688
f 1429//689 1364//689 1365//689
f 1429//690 1365//690 1430//690
f 1365//691 1366//691 1430//691
f 1430//692 1366//692 1367//692
f 1430//693 1367//693 1431//693
f 1367//694 1368//694 1431//694
f 1431//695 1368//695 1369//695
f 1431//696 1369//696 1432//696
f 1369//697 1370//697 1432//697
f 1432//698 1370//698 1371//698
f 1432//699 1371//699 1433//699
f 1371//700 1372//700 1433//700
f 1433//701 1372//701 1373//701
f 1433//702 1373//702 1434//702
f 1373//703 1374//703 1434//703
f 1434//704 1374//704 1375//704
f 1434//705 1375//705 1435//705
f 1375//706 1376//706 1435//706
f 1435//707 1376//707 1377//707
f 1435//708 1377//708 1436//708
f 1377//709 1378//709 1436//709
f 1436//710 1378//710 1379//710
f 1436//711 1379//711 1413//711
f 1413//712 1379//712 1380//712
f 1413//173 1380//173 1381//173
f 1411//1133 1407//1133 1437//1133
f 1437//1133 1407//1133 1438//1133
f 1438//1133 1407//1133 1439//1133
f 1439//1133 1407//1133 1440//1133
f 1439//1133 1440//1133 1441//1133
f 1413//961 1412//961 1442//961
f 1414//962 1415//962 1443//962
f 1443//963 1444//963 1414//963
f 1414//964 1444//964 1445//964
f 1414//965 1445//965 1412//965
f 1412//966 1445//966 1446//966
f 1412//967 1446//967 1442//967
f 1416//968 1417//968 1447//968
f 1447//969 1448//969 1416//969
f 1416//970 1448//970 1449//970
f 1416//971 1449//971 1415//971
f 1415//972 1449//972 1450//972
f 1415//973 1450//973 1443//973
f 1418//974 1419//974 1451//974
f 1451//975 1452//975 1418//975
f 1418//976 1452//976 1453//976
f 1418//977 1453//977 1417//977
f 1417//978 1453//978 1454//978
f 1417//979 1454//979 1447//979
f 1420//980 1421//980 1455//980
f 1455//981 1456//981 1420//981
f 1420//982 1456//982 1457//982
f 1420//983 1457//983 1419//983
f 1419//984 1457//984 1458//984
f 1419//985 1458//985 1451//985
f 1422//986 1423//986 1459//986
f 1459//987 1460//987 1422//987
f 1422//988 1460//988 1461//988
f 1422//989 1461//989 1421//989
f 1421//990 1461//990 1462//990
f 1421//991 1462//991 1455//991
f 1425//754 1463//754 1464//754
f 1425//747 1464//747 1424//747
f 1464//992 1465//992 1424//992
f 1424//993 1465//993 1466//993
f 1424//994 1466//994 1423//994
f 1423//995 1466//995 1467//995
f 1423//996 1467//996 1459//996
f 1426//997 1468//997 1425//997
f 1425//998 1468//998 1469//998
f 1425//999 1469//999 1463//999
f 1427//1000 1428//1000 1470//1000
f 1470//1001 1471//1001 1427//1001
f 1427//1002 1471//1002 1472//1002
f 1427//756 1472//756 1426//756
f 1426//1003 1472//1003 1473//1003
f 1426//1004 1473//1004 1468//1004
f 1429//1005 1430//1005 1474//1005
f 1474//1006 1475//1006 1429//1006
f 1429//1007 1475//1007 1476//1007
f 1429//1008 1476//1008 1428//1008
f 1428//1009 1476//1009 1477//1009
f 1428//1010 1477//1010 1470//1010
f 1431//1011 1432//1011 1478//1011
f 1478//1012 1479//1012 1431//1012
f 1431//1013 1479//1013 1480//1013
f 1431//1014 1480//1014 1430//1014
f 1430//1015 1480//1015 1481//1015
f 1430//1016 1481//1016 1474//1016
f 1433//1017 1434//1017 1482//1017
f 1482//1018 1483//1018 1433//1018
f 1433//1019 1483//1019 1484//1019
f 1433//1020 1484//1020 1432//1020
f 1432//1021 1484//1021 1485//1021
f 1432//1022 1485//1022 1478//1022
f 1435//785 1436//785 1486//785
f 1486//1023 1487//1023 1435//1023
f 1435//1024 1487//1024 1488//1024
f 1435//1025 1488//1025 1434//1025
f 1434//1026 1488//1026 1489//1026
f 1434//1027 1489//1027 1482//1027
f 1442//1028 1490//1028 1413//1028
f 1413//1029 1490//1029 1491//1029
f 1413//1030 1491//1030 1436//1030
f 1436//1031 1491//1031 1492//1031
f 1436//1032 1492//1032 1486//1032
f 1493//1134 1441//1134 1440//1134
f 1440//1134 1494//1134 1495//1134
f 1493//1134 1440//1134 1496//1134
f 1496//1134 1440//1134 1495//1134
f 1496//1134 1495//1134 1497//1134
f 1466//1033 1465//1033 1498//1033
f 1498//1034 1465//1034 1464//1034
f 1498//280 1464//280 1499//280
f 1499//1035 1464//1035 1463//1035
f 1499//1036 1463//1036 1500//1036
f 1500//1037 1463//1037 1469//1037
f 1500//1038 1469//1038 1501//1038
f 1501//1039 1469//1039 1468//1039
f 1501//1040 1468//1040 1502//1040
f 1502//1041 1468//1041 1473//1041
f 1502//1042 1473//1042 1503//1042
f 1503//1043 1473//1043 1472//1043
f 1503//1044 1472//1044 1504//1044
f 1504//1045 1472//1045 1471//1045
f 1504//1046 1471//1046 1505//1046
f 1505//1047 1471//1047 1470//1047
f 1505//1048 1470//1048 1506//1048
f 1506//1049 1470//1049 1477//1049
f 1506//1050 1477//1050 1507//1050
f 1507//1051 1477//1051 1476//1051
f 1507//1052 1476//1052 1508//1052
f 1508//1053 1476//1053 1475//1053
f 1508//1054 1475//1054 1509//1054
f 1509//1055 1475//1055 1474//1055
f 1509//1056 1474//1056 1510//1056
f 1510//1057 1474//1057 1481//1057
f 1510//1058 1481//1058 1511//1058
f 1511//1059 1481//1059 1480//1059
f 1511//1060 1480//1060 1512//1060
f 1512//1061 1480//1061 1479//1061
f 1512//1135 1479//1135 1513//1135
f 1513//1063 1479//1063 1478//1063
f 1513//1064 1478//1064 1514//1064
f 1514//1065 1478//1065 1485//1065
f 1514//1066 1485//1066 1515//1066
f 1515//1067 1485//1067 1484//1067
f 1515//1068 1484//1068 1516//1068
f 1516//1069 1484//1069 1483//1069
f 1516//1070 1483//1070 1517//1070
f 1517//1071 1483//1071 1482//1071
f 1517//1072 1482//1072 1518//1072
f 1518//1073 1482//1073 1489//1073
f 1518//1074 1489//1074 1519//1074
f 1519//1075 1489//1075 1488//1075
f 1519//1076 1488//1076 1520//1076
f 1520//1077 1488//1077 1487//1077
f 1520//1078 1487//1078 1521//1078
f 1521//1079 1487//1079 1486//1079
f 1521//1080 1486//1080 1522//1080
f 1522//1081 1486//1081 1492//1081
f 1522//1082 1492//1082 1523//1082
f 1523//1083 1492//1083 1491//1083
f 1523//1084 1491//1084 1524//1084
f 1524//1085 1491//1085 1490//1085
f 1524//1086 1490//1086 1525//1086
f 1525//1087 1490//1087 1442//1087
f 1525//1088 1442//1088 1526//1088
f 1526//1089 1442//1089 1446//1089
f 1526//1090 1446//1090 1527//1090
f 1527//1091 1446//1091 1445//1091
f 1527//1092 1445//1092 1528//1092
f 1528//1093 1445//1093 1444//1093
f 1528//1094 1444//1094 1529//1094
f 1529//1095 1444//1095 1443//1095
f 1529//1096 1443//1096 1530//1096
f 1530//1097 1443//1097 1450//1097
f 1530//1098 1450//1098 1531//1098
f 1531//1099 1450//1099 1449//1099
f 1531//1100 1449//1100 1532//1100
f 1532//1101 1449//1101 1448//1101
f 1532//1102 1448//1102 1533//1102
f 1533//1103 1448//1103 1447//1103
f 1533//1104 1447//1104 1534//1104
f 1534//1105 1447//1105 1454//1105
f 1534//1106 1454//1106 1535//1106
f 1535//1107 1454//1107 1453//1107
f 1535//1108 1453//1108 1536//1108
f 1536//1109 1453//1109 1452//1109
f 1536//1110 1452//1110 1537//1110
f 1537//1111 1452//1111 1451//1111
f 1537//1112 1451//1112 1538//1112
f 1538//1113 1451//1113 1458//1113
f 1538//1114 1458//1114 1539//1114
f 1539//1115 1458//1115 1457//1115
f 1539//1116 1457//1116 1540//1116
f 1540//1117 1457//1117 1456//1117
f 1540//1118 1456//1118 1541//1118
f 1541//1119 1456//1119 1455//1119
f 1541//1120 1455//1120 1542//1120
f 1542//1121 1455//1121 1462//1121
f 1542//1122 1462//1122 1543//1122
f 1543//1123 1462//1123 1461//1123
f 1543//1124 1461//1124 1544//1124
f 1544//1125 1461//1125 1460//1125
f 1544//1126 1460//1126 1545//1126
f 1545//1127 1460//1127 1459//1127
f 1545//1128 1459//1128 1546//1128
f 1546//1136 1459//1136 1467//1136
f 1546//1130 1467//1130 1547//1130
f 1547//1137 1467//1137 1466//1137
f 1547//1132 1466//1132 1498//1132
f 1548//1138 1495//1138 1494//1138
f 1548//1139 1494//1139 1549//1139
f 1549//1140 1494//1140 1550//1140
f 1549//1141 1550//1141 1551//1141
f 1551//1142 1550//1142 1552//1142
f 1551//1143 1552//1143 1553//1143
f 1553//1144 1552//1144 1554//1144
f 1554//1145 1552//1145 1555//1145
f 1554//1146 1555//1146 1556//1146
f 1557//639 1558//639 1524//639
f 1524//640 1525//640 1557//640
f 1557//641 1525//641 1526//641
f 1557//642 1526//642 1559//642
f 1526//643 1527//643 1559//643
f 1559//644 1527//644 1528//644
f 1559//645 1528//645 1560//645
f 1528//646 1529//646 1560//646
f 1560//647 1529//647 1530//647
f 1560//648 1530//648 1561//648
f 1530//649 1531//649 1561//649
f 1561//650 1531//650 1532//650
f 1561//651 1532//651 1562//651
f 1532//652 1533//652 1562//652
f 1562//653 1533//653 1534//653
f 1562//654 1534//654 1563//654
f 1534//655 1535//655 1563//655
f 1563//656 1535//656 1536//656
f 1563//657 1536//657 1564//657
f 1536//658 1537//658 1564//658
f 1564//659 1537//659 1538//659
f 1564//660 1538//660 1565//660
f 1538//661 1539//661 1565//661
f 1565//662 1539//662 1540//662
f 1565//663 1540//663 1566//663
f 1540//664 1541//664 1566//664
f 1566//665 1541//665 1542//665
f 1566//666 1542//666 1567//666
f 1542//667 1543//667 1567//667
f 1567//668 1543//668 1544//668
f 1567//669 1544//669 1568//669
f 1544//670 1545//670 1568//670
f 1568//671 1545//671 1546//671
f 1568//672 1546//672 1569//672
f 1546//673 1547//673 1569//673
f 1569//674 1547//674 1498//674
f 1569//675 1498//675 1570//675
f 1498//676 1499//676 1570//676
f 1570//677 1499//677 1500//677
f 1570//678 1500//678 1571//678
f 1500//679 1501//679 1571//679
f 1571//680 1501//680 1502//680
f 1571//681 1502//681 1572//681
f 1502//682 1503//682 1572//682
f 1572//683 1503//683 1504//683
f 1572//684 1504//684 1573//684
f 1504//685 1505//685 1573//685
f 1573//686 1505//686 1506//686
f 1573//687 1506//687 1574//687
f 1506//688 1507//688 1574//688
f 1574//689 1507//689 1508//689
f 1574//690 1508//690 1575//690
f 1508//691 1509//691 1575//691
f 1575//692 1509//692 1510//692
f 1575//693 1510//693 1576//693
f 1510//694 1511//694 1576//694
f 1576//695 1511//695 1512//695
f 1576//696 1512//696 1577//696
f 1512//697 1513//697 1577//697
f 1577//698 1513//698 1514//698
f 1577//699 1514//699 1578//699
f 1514//700 1515//700 1578//700
f 1578//701 1515//701 1516//701
f 1578//702 1516//702 1579//702
f 1516//703 1517//703 1579//703
f 1579//704 1517//704 1518//704
f 1579//705 1518//705 1580//705
f 1518//706 1519//706 1580//706
f 1580//707 1519//707 1520//707
f 1580//708 1520//708 1581//708
f 1520//709 1521//709 1581//709
f 1581//710 1521//710 1522//710
f 1581//711 1522//711 1558//711
f 1558//712 1522//712 1523//712
f 1558//173 1523//173 1524//173
f 1582//1147 1583//1147 1584//1147
f 1555//1147 1582//1147 1556//1147
f 1556//1147 1582//1147 1584//1147
f 1556//1147 1584//1147 1585//1147
f 1558//961 1557//961 1586//961
f 1559//962 1560//962 1587//962
f 1587//963 1588//963 1559//963
f 1559//964 1588//964 1589//964
f 1559//965 1589//965 1557//965
f 1557//966 1589//966 1590//966
f 1557//967 1590//967 1586//967
f 1561//968 1562//968 1591//968
f 1591//969 1592//969 1561//969
f 1561//970 1592//970 1593//970
f 1561//971 1593//971 1560//971
f 1560//972 1593//972 1594//972
f 1560//973 1594//973 1587//973
f 1563//974 1564//974 1595//974
f 1595//975 1596//975 1563//975
f 1563//976 1596//976 1597//976
f 1563//977 1597//977 1562//977
f 1562//978 1597//978 1598//978
f 1562//979 1598//979 1591//979
f 1565//980 1566//980 1599//980
f 1599//981 1600//981 1565//981
f 1565//982 1600//982 1601//982
f 1565//983 1601//983 1564//983
f 1564//984 1601//984 1602//984
f 1564//985 1602//985 1595//985
f 1567//986 1568//986 1603//986
f 1603//987 1604//987 1567//987
f 1567//988 1604//988 1605//988
f 1567//989 1605//989 1566//989
f 1566//990 1605//990 1606//990
f 1566//991 1606//991 1599//991
f 1570//754 1607//754 1608//754
f 1570//747 1608//747 1569//747
f 1608//992 1609//992 1569//992
f 1569//993 1609//993 1610//993
f 1569//994 1610//994 1568//994
f 1568//995 1610//995 1611//995
f 1568//996 1611//996 1603//996
f 1571//997 1612//997 1570//997
f 1570//998 1612//998 1613//998
f 1570//999 1613//999 1607//999
f 1572//1000 1573//1000 1614//1000
f 1614//1001 1615//1001 1572//1001
f 1572//1002 1615//1002 1616//1002
f 1572//756 1616//756 1571//756
f 1571//1003 1616//1003 1617//1003
f 1571//1004 1617//1004 1612//1004
f 1574//1005 1575//1005 1618//1005
f 1618//1006 1619//1006 1574//1006
f 1574//1007 1619//1007 1620//1007
f 1574//1008 1620//1008 1573//1008
f 1573//1009 1620//1009 1621//1009
f 1573//1010 1621//1010 1614//1010
f 1576//1011 1577//1011 1622//1011
f 1622//1012 1623//1012 1576//1012
f 1576//1013 1623//1013 1624//1013
f 1576//1014 1624//1014 1575//1014
f 1575//1015 1624//1015 1625//1015
f 1575//1016 1625//1016 1618//1016
f 1578//1017 1579//1017 1626//1017
f 1626//1018 1627//1018 1578//1018
f 1578//1019 1627//1019 1628//1019
f 1578//1020 1628//1020 1577//1020
f 1577//1021 1628//1021 1629//1021
f 1577//1022 1629//1022 1622//1022
f 1580//785 1581//785 1630//785
f 1630//1023 1631//1023 1580//1023
f 1580//1024 1631//1024 1632//1024
f 1580//1025 1632//1025 1579//1025
f 1579//1026 1632//1026 1633//1026
f 1579//1027 1633//1027 1626//1027
f 1586//1028 1634//1028 1558//1028
f 1558//1029 1634//1029 1635//1029
f 1558//1030 1635//1030 1581//1030
f 1581//1031 1635//1031 1636//1031
f 1581//1032 1636//1032 1630//1032
f 1637//1148 1638//1148 1639//1148
f 1639//1148 1638//1148 1640//1148
f 1639//1148 1640//1148 1582//1148
f 1582//1148 1640//1148 1641//1148
f 1582//1148 1641//1148 1583//1148
f 1610//1033 1609//1033 1642//1033
f 1642//1034 1609//1034 1608//1034
f 1642//280 1608//280 1643//280
f 1643//1035 1608//1035 1607//1035
f 1643//1036 1607//1036 1644//1036
f 1644//1037 1607//1037 1613//1037
f 1644//1038 1613//1038 1645//1038
f 1645//1039 1613//1039 1612//1039
f 1645//1040 1612//1040 1646//1040
f 1646//1041 1612//1041 1617//1041
f 1646//1042 1617//1042 1647//1042
f 1647//1043 1617//1043 1616//1043
f 1647//1044 1616//1044 1648//1044
f 1648//1045 1616//1045 1615//1045
f 1648//1046 1615//1046 1649//1046
f 1649//1047 1615//1047 1614//1047
f 1649//1048 1614//1048 1650//1048
f 1650//1049 1614//1049 1621//1049
f 1650//1050 1621//1050 1651//1050
f 1651//1051 1621//1051 1620//1051
f 1651//1052 1620//1052 1652//1052
f 1652//1053 1620//1053 1619//1053
f 1652//1054 1619//1054 1653//1054
f 1653//1055 1619//1055 1618//1055
f 1653//1056 1618//1056 1654//1056
f 1654//1057 1618//1057 1625//1057
f 1654//1058 1625//1058 1655//1058
f 1655//1059 1625//1059 1624//1059
f 1655//1060 1624//1060 1656//1060
f 1656//1061 1624//1061 1623//1061
f 1656//1135 1623//1135 1657//1135
f 1657//1063 1623//1063 1622//1063
f 1657//1064 1622//1064 1658//1064
f 1658//1065 1622//1065 1629//1065
f 1658//1066 1629//1066 1659//1066
f 1659//1067 1629//1067 1628//1067
f 1659//1068 1628//1068 1660//1068
f 1660//1069 1628//1069 1627//1069
f 1660//1070 1627//1070 1661//1070
f 1661//1071 1627//1071 1626//1071
f 1661//1072 1626//1072 1662//1072
f 1662//1073 1626//1073 1633//1073
f 1662//1074 1633//1074 1663//1074
f 1663//1075 1633//1075 1632//1075
f 1663//1076 1632//1076 1664//1076
f 1664//1077 1632//1077 1631//1077
f 1664//1078 1631//1078 1665//1078
f 1665//1079 1631//1079 1630//1079
f 1665//1080 1630//1080 1666//1080
f 1666//1081 1630//1081 1636//1081
f 1666//1082 1636//1082 1667//1082
f 1667//1083 1636//1083 1635//1083
f 1667//1084 1635//1084 1668//1084
f 1668//1085 1635//1085 1634//1085
f 1668//1086 1634//1086 1669//1086
f 1669//1087 1634//1087 1586//1087
f 1669//1088 1586//1088 1670//1088
f 1670//1089 1586//1089 1590//1089
f 1670//1090 1590//1090 1671//1090
f 1671//1091 1590//1091 1589//1091
f 1671//1092 1589//1092 1672//1092
f 1672//1093 1589//1093 1588//1093
f 1672//1094 1588//1094 1673//1094
f 1673//1095 1588//1095 1587//1095
f 1673//1096 1587//1096 1674//1096
f 1674//1097 1587//1097 1594//1097
f 1674//1098 1594//1098 1675//1098
f 1675//1099 1594//1099 1593//1099
f 1675//1100 1593//1100 1676//1100
f 1676//1101 1593//1101 1592//1101
f 1676//1102 1592//1102 1677//1102
f 1677//1103 1592//1103 1591//1103
f 1677//1104 1591//1104 1678//1104
f 1678//1105 1591//1105 1598//1105
f 1678//1106 1598//1106 1679//1106
f 1679//1107 1598//1107 1597//1107
f 1679//1108 1597//1108 1680//1108
f 1680//1109 1597//1109 1596//1109
f 1680//1110 1596//1110 1681//1110
f 1681//1111 1596//1111 1595//1111
f 1681//1112 1595//1112 1682//1112
f 1682//1113 1595//1113 1602//1113
f 1682//1114 1602//1114 1683//1114
f 1683//1115 1602//1115 1601//1115
f 1683//1116 1601//1116 1684//1116
f 1684//1117 1601//1117 1600//1117
f 1684//1118 1600//1118 1685//1118
f 1685//1119 1600//1119 1599//1119
f 1685//1120 1599//1120 1686//1120
f 1686//1121 1599//1121 1606//1121
f 1686//1122 1606//1122 1687//1122
f 1687//1123 1606//1123 1605//1123
f 1687//1124 1605//1124 1688//1124
f 1688//1125 1605//1125 1604//1125
f 1688//1126 1604//1126 1689//1126
f 1689//1127 1604//1127 1603//1127
f 1689//1128 1603//1128 1690//1128
f 1690//1136 1603//1136 1611//1136
f 1690//1130 1611//1130 1691//1130
f 1691//1137 1611//1137 1610//1137
f 1691//1132 1610//1132 1642//1132
f 1692//1149 1693//1149 1694//1149
f 1695//1149 1692//1149 1639//1149
f 1639//1149 1692//1149 1694//1149
f 1639//1149 1694//1149 1637//1149
f 1696//639 1697//639 1668//639
f 1668//640 1669//640 1696//640
f 1696//641 1669//641 1670//641
f 1696//642 1670//642 1698//642
f 1670//643 1671//643 1698//643
f 1698//644 1671//644 1672//644
f 1698//645 1672//645 1699//645
f 1672//646 1673//646 1699//646
f 1699//647 1673//647 1674//647
f 1699//648 1674//648 1700//648
f 1674//649 1675//649 1700//649
f 1700//650 1675//650 1676//650
f 1700//651 1676//651 1701//651
f 1676//652 1677//652 1701//652
f 1701//653 1677//653 1678//653
f 1701//654 1678//654 1702//654
f 1678//655 1679//655 1702//655
f 1702//656 1679//656 1680//656
f 1702//657 1680//657 1703//657
f 1680//658 1681//658 1703//658
f 1703//659 1681//659 1682//659
f 1703//660 1682//660 1704//660
f 1682//661 1683//661 1704//661
f 1704//662 1683//662 1684//662
f 1704//663 1684//663 1705//663
f 1684//664 1685//664 1705//664
f 1705//665 1685//665 1686//665
f 1705//666 1686//666 1706//666
f 1686//667 1687//667 1706//667
f 1706//668 1687//668 1688//668
f 1706//669 1688//669 1707//669
f 1688//670 1689//670 1707//670
f 1707//671 1689//671 1690//671
f 1707//672 1690//672 1708//672
f 1690//673 1691//673 1708//673
f 1708//674 1691//674 1642//674
f 1708//675 1642//675 1709//675
f 1642//676 1643//676 1709//676
f 1709//677 1643//677 1644//677
f 1709//678 1644//678 1710//678
f 1644//679 1645//679 1710//679
f 1710//680 1645//680 1646//680
f 1710//681 1646//681 1711//681
f 1646//682 1647//682 1711//682
f 1711//683 1647//683 1648//683
f 1711//684 1648//684 1712//684
f 1648//685 1649//685 1712//685
f 1712//686 1649//686 1650//686
f 1712//687 1650//687 1713//687
f 1650//688 1651//688 1713//688
f 1713//689 1651//689 1652//689
f 1713//690 1652//690 1714//690
f 1652//691 1653//691 1714//691
f 1714//692 1653//692 1654//692
f 1714//693 1654//693 1715//693
f 1654//694 1655//694 1715//694
f 1715//695 1655//695 1656//695
f 1715//696 1656//696 1716//696
f 1656//697 1657//697 1716//697
f 1716//698 1657//698 1658//698
f 1716//699 1658//699 1717//699
f 1658//700 1659//700 1717//700
f 1717//701 1659//701 1660//701
f 1717//702 1660//702 1718//702
f 1660//703 1661//703 1718//703
f 1718//704 1661//704 1662//704
f 1718//705 1662//705 1719//705
f 1662//706 1663//706 1719//706
f 1719//707 1663//707 1664//707
f 1719//708 1664//708 1720//708
f 1664//709 1665//709 1720//709
f 1720//710 1665//710 1666//710
f 1720//711 1666//711 1697//711
f 1697//712 1666//712 1667//712
f 1697//173 1667//173 1668//173
f 1721//1150 1692//1150 1695//1150
f 1721//1151 1695//1151 1722//1151
f 1722//1152 1695//1152 1723//1152
f 1722//1153 1723//1153 1724//1153
f 1724//1154 1723//1154 1725//1154
f 1724//1155 1725//1155 1726//1155
f 1726//1156 1725//1156 1727//1156
f 1727//1157 1725//1157 1728//1157
f 1727//1158 1728//1158 1729//1158
f 1696//716 1730//716 1731//716
f 1696//713 1731//713 1697//713
f 1730//715 1696//715 1732//715
f 1732//714 1696//714 1698//714
f 1732//719 1698//719 1733//719
f 1733//718 1698//718 1734//718
f 1734//1159 1698//1159 1699//1159
f 1734//1160 1699//1160 1735//1160
f 1735//721 1699//721 1736//721
f 1736//720 1699//720 1700//720
f 1736//725 1700//725 1737//725
f 1737//724 1700//724 1738//724
f 1738//723 1700//723 1701//723
f 1738//728 1701//728 1739//728
f 1739//727 1701//727 1740//727
f 1740//726 1701//726 1702//726
f 1740//731 1702//731 1741//731
f 1741//730 1702//730 1742//730
f 1742//729 1702//729 1703//729
f 1742//1161 1703//1161 1743//1161
f 1743//733 1703//733 1744//733
f 1744//732 1703//732 1704//732
f 1744//737 1704//737 1745//737
f 1745//736 1704//736 1746//736
f 1746//735 1704//735 1705//735
f 1746//740 1705//740 1747//740
f 1747//739 1705//739 1748//739
f 1748//738 1705//738 1706//738
f 1748//743 1706//743 1749//743
f 1749//742 1706//742 1750//742
f 1750//1162 1706//1162 1707//1162
f 1750//746 1707//746 1751//746
f 1751//745 1707//745 1752//745
f 1752//744 1707//744 1708//744
f 1752//749 1708//749 1753//749
f 1753//748 1708//748 1754//748
f 1754//747 1708//747 1709//747
f 1754//754 1709//754 1755//754
f 1711//1163 1756//1163 1710//1163
f 1710//750 1756//750 1757//750
f 1710//997 1757//997 1709//997
f 1709//752 1757//752 1758//752
f 1709//753 1758//753 1755//753
f 1712//758 1759//758 1711//758
f 1711//757 1759//757 1760//757
f 1711//1164 1760//1164 1756//1164
f 1713//761 1761//761 1712//761
f 1712//760 1761//760 1762//760
f 1712//759 1762//759 1759//759
f 1714//764 1763//764 1713//764
f 1713//763 1763//763 1764//763
f 1713//762 1764//762 1761//762
f 1715//767 1765//767 1714//767
f 1714//766 1765//766 1766//766
f 1714//765 1766//765 1763//765
f 1716//770 1767//770 1715//770
f 1715//769 1767//769 1768//769
f 1715//768 1768//768 1765//768
f 1717//773 1769//773 1716//773
f 1716//772 1769//772 1770//772
f 1716//771 1770//771 1767//771
f 1718//776 1771//776 1717//776
f 1717//775 1771//775 1772//775
f 1717//774 1772//774 1769//774
f 1719//1165 1773//1165 1718//1165
f 1718//1166 1773//1166 1774//1166
f 1718//777 1774//777 1771//777
f 1720//1167 1775//1167 1719//1167
f 1719//787 1775//787 1776//787
f 1719//780 1776//780 1773//780
f 1731//781 1777//781 1697//781
f 1697//782 1777//782 1778//782
f 1697//783 1778//783 1720//783
f 1720//784 1778//784 1779//784
f 1720//1168 1779//1168 1775//1168
f 1729//1134 1728//1134 1780//1134
f 1781//1134 1729//1134 1782//1134
f 1782//1134 1729//1134 1780//1134
f 1782//1134 1780//1134 1783//1134
f 1783//1134 1780//1134 1784//1134
f 1755//788 1785//788 1754//788
f 1754//538 1785//538 1786//538
f 1754//539 1786//539 1753//539
f 1753//789 1786//789 1787//789
f 1753//790 1787//790 1752//790
f 1752//791 1787//791 1788//791
f 1752//792 1788//792 1751//792
f 1751//793 1788//793 1789//793
f 1751//794 1789//794 1750//794
f 1750//795 1789//795 1790//795
f 1750//796 1790//796 1749//796
f 1749//797 1790//797 1791//797
f 1749//798 1791//798 1748//798
f 1748//799 1791//799 1792//799
f 1748//800 1792//800 1747//800
f 1747//801 1792//801 1793//801
f 1747//802 1793//802 1746//802
f 1746//803 1793//803 1794//803
f 1746//804 1794//804 1745//804
f 1745//805 1794//805 1795//805
f 1745//806 1795//806 1744//806
f 1744//807 1795//807 1796//807
f 1744//808 1796//808 1743//808
f 1743//809 1796//809 1797//809
f 1743//810 1797//810 1742//810
f 1742//811 1797//811 1798//811
f 1742//812 1798//812 1741//812
f 1741//813 1798//813 1799//813
f 1741//814 1799//814 1740//814
f 1740//815 1799//815 1800//815
f 1740//816 1800//816 1739//816
f 1739//817 1800//817 1801//817
f 1739//818 1801//818 1738//818
f 1738//819 1801//819 1802//819
f 1738//820 1802//820 1737//820
f 1737//821 1802//821 1803//821
f 1737//822 1803//822 1736//822
f 1736//823 1803//823 1804//823
f 1736//824 1804//824 1735//824
f 1735//825 1804//825 1805//825
f 1735//826 1805//826 1734//826
f 1734//827 1805//827 1806//827
f 1734//828 1806//828 1733//828
f 1733//829 1806//829 1807//829
f 1733//830 1807//830 1732//830
f 1732//831 1807//831 1808//831
f 1732//832 1808//832 1730//832
f 1730//833 1808//833 1809//833
f 1730//834 1809//834 1731//834
f 1731//835 1809//835 1810//835
f 1731//836 1810//836 1777//836
f 1777//837 1810//837 1811//837
f 1777//838 1811//838 1778//838
f 1778//839 1811//839 1812//839
f 1778//840 1812//840 1779//840
f 1779//841 1812//841 1813//841
f 1779//842 1813//842 1775//842
f 1775//843 1813//843 1814//843
f 1775//844 1814//844 1776//844
f 1776//845 1814//845 1815//845
f 1776//846 1815//846 1773//846
f 1773//847 1815//847 1816//847
f 1773//848 1816//848 1774//848
f 1774//849 1816//849 1817//849
f 1774//850 1817//850 1771//850
f 1771//851 1817//851 1818//851
f 1771//852 1818//852 1772//852
f 1772//853 1818//853 1819//853
f 1772//854 1819//854 1769//854
f 1769//855 1819//855 1820//855
f 1769//856 1820//856 1770//856
f 1770//857 1820//857 1821//857
f 1770//858 1821//858 1767//858
f 1767//859 1821//859 1822//859
f 1767//860 1822//860 1768//860
f 1768//861 1822//861 1823//861
f 1768//862 1823//862 1765//862
f 1765//863 1823//863 1824//863
f 1765//864 1824//864 1766//864
f 1766//865 1824//865 1825//865
f 1766//866 1825//866 1763//866
f 1763//867 1825//867 1826//867
f 1763//868 1826//868 1764//868
f 1764//869 1826//869 1827//869
f 1764//870 1827//870 1761//870
f 1761//871 1827//871 1828//871
f 1761//872 1828//872 1762//872
f 1762//873 1828//873 1829//873
f 1762//874 1829//874 1759//874
f 1759//875 1829//875 1830//875
f 1759//876 1830//876 1760//876
f 1760//877 1830//877 1831//877
f 1760//878 1831//878 1756//878
f 1756//879 1831//879 1832//879
f 1756//880 1832//880 1757//880
f 1757//881 1832//881 1833//881
f 1757//882 1833//882 1758//882
f 1758//883 1833//883 1834//883
f 1758//884 1834//884 1755//884
f 1755//885 1834//885 1785//885
f 1784//1169 1780//1169 1835//1169
f 1835//1169 1780//1169 1836//1169
f 1836//1169 1780//1169 1837//1169
f 1837//1169 1780//1169 1838//1169
f 1837//1169 1838//1169 1839//1169
f 1840//1170 1841//1170 1842//1170
f 1840//1171 1842//1171 1843//1171
f 1843//1172 1842//1172 1844//1172
f 1843//1173 1844//1173 1845//1173
f 1845//1174 1844//1174 1846//1174
f 1845//1175 1846//1175 1847//1175
f 1847//1176 1846//1176 1848//1176
f 1848//1177 1846//1177 1406//1177
f 1848//1178 1406//1178 1405//1178
f 1849//1179 1850//1179 1851//1179
f 1849//1180 1851//1180 1852//1180
f 1852//1181 1851//1181 1853//1181
f 1852//1182 1853//1182 1854//1182
f 1854//1183 1853//1183 1855//1183
f 1854//1184 1855//1184 1856//1184
f 1856//1185 1855//1185 1857//1185
f 1857//1186 1855//1186 1858//1186
f 1857//1187 1858//1187 1859//1187
f 1860//886 1861//886 1810//886
f 1810//887 1809//887 1860//887
f 1860//888 1809//888 1808//888
f 1860//889 1808//889 1862//889
f 1808//890 1807//890 1862//890
f 1862//891 1807//891 1806//891
f 1862//892 1806//892 1863//892
f 1802//893 1864//893 1865//893
f 1806//894 1805//894 1863//894
f 1863//895 1805//895 1804//895
f 1863//896 1804//896 1865//896
f 1865//897 1804//897 1803//897
f 1865//898 1803//898 1802//898
f 1802//899 1801//899 1864//899
f 1864//900 1801//900 1800//900
f 1864//901 1800//901 1866//901
f 1796//902 1867//902 1868//902
f 1800//903 1799//903 1866//903
f 1866//904 1799//904 1798//904
f 1866//905 1798//905 1868//905
f 1868//906 1798//906 1797//906
f 1868//907 1797//907 1796//907
f 1792//908 1869//908 1870//908
f 1796//909 1795//909 1867//909
f 1867//910 1795//910 1794//910
f 1867//911 1794//911 1870//911
f 1870//912 1794//912 1793//912
f 1870//913 1793//913 1792//913
f 1788//914 1871//914 1872//914
f 1792//915 1791//915 1869//915
f 1869//916 1791//916 1790//916
f 1869//917 1790//917 1872//917
f 1872//918 1790//918 1789//918
f 1872//919 1789//919 1788//919
f 1834//920 1873//920 1874//920
f 1788//921 1787//921 1871//921
f 1871//922 1787//922 1786//922
f 1871//923 1786//923 1874//923
f 1874//924 1786//924 1785//924
f 1874//925 1785//925 1834//925
f 1834//926 1833//926 1873//926
f 1873//927 1833//927 1832//927
f 1873//928 1832//928 1875//928
f 1828//929 1876//929 1877//929
f 1832//930 1831//930 1875//930
f 1875//931 1831//931 1830//931
f 1875//932 1830//932 1877//932
f 1877//933 1830//933 1829//933
f 1877//934 1829//934 1828//934
f 1828//935 1827//935 1876//935
f 1876//936 1827//936 1826//936
f 1876//937 1826//937 1878//937
f 1826//938 1825//938 1878//938
f 1878//939 1825//939 1824//939
f 1878//940 1824//940 1879//940
f 1824//941 1823//941 1879//941
f 1879//942 1823//942 1822//942
f 1879//943 1822//943 1880//943
f 1822//944 1821//944 1880//944
f 1880//945 1821//945 1820//945
f 1880//946 1820//946 1881//946
f 1820//947 1819//947 1881//947
f 1881//948 1819//948 1818//948
f 1881//949 1818//949 1882//949
f 1818//950 1817//950 1882//950
f 1882//951 1817//951 1816//951
f 1882//952 1816//952 1883//952
f 1816//953 1815//953 1883//953
f 1883//954 1815//954 1814//954
f 1883//955 1814//955 1884//955
f 1814//956 1813//956 1884//956
f 1884//957 1813//957 1812//957
f 1884//958 1812//958 1861//958
f 1861//959 1812//959 1811//959
f 1861//960 1811//960 1810//960
f 1845//1188 1885//1188 1886//1188
f 1886//1188 1887//1188 1841//1188
f 1841//1188 1840//1188 1886//1188
f 1886//1188 1840//1188 1843//1188
f 1886//1188 1843//1188 1845//1188
f 1885//1189 1845//1189 1888//1189
f 1888//1189 1845//1189 1847//1189
f 1847//1189 1848//1189 1888//1189
f 1888//1189 1848//1189 1405//1189
f 1888//1189 1405//1189 1408//1189
f 1551//1190 1889//1190 1890//1190
f 1890//1190 1497//1190 1495//1190
f 1495//1190 1548//1190 1890//1190
f 1890//1190 1548//1190 1549//1190
f 1890//1190 1549//1190 1551//1190
f 1889//1191 1551//1191 1891//1191
f 1891//1191 1551//1191 1553//1191
f 1553//1191 1554//1191 1891//1191
f 1891//1191 1554//1191 1556//1191
f 1891//1191 1556//1191 1585//1191
f 1724//1192 1892//1192 1893//1192
f 1893//1192 1693//1192 1692//1192
f 1692//1192 1721//1192 1893//1192
f 1893//1192 1721//1192 1722//1192
f 1893//1192 1722//1192 1724//1192
f 1892//1193 1724//1193 1894//1193
f 1894//1193 1724//1193 1726//1193
f 1726//1193 1727//1193 1894//1193
f 1894//1193 1727//1193 1729//1193
f 1894//1193 1729//1193 1781//1193
f 1895//923 1839//923 1838//923
f 1838//923 1851//923 1850//923
f 1895//923 1838//923 1896//923
f 1896//923 1838//923 1850//923
f 1896//923 1850//923 1897//923
f 1854//1194 1898//1194 1899//1194
f 1899//1194 1897//1194 1850//1194
f 1850//1194 1849//1194 1899//1194
f 1899//1194 1849//1194 1852//1194
f 1899//1194 1852//1194 1854//1194
f 1898//1195 1854//1195 1900//1195
f 1900//1195 1854//1195 1856//1195
f 1856//1195 1857//1195 1900//1195
f 1900//1195 1857//1195 1859//1195
f 1900//1195 1859//1195 1901//1195
f 1841//1147 1887//1147 1902//1147
f 1842//1147 1841//1147 1903//1147
f 1903//1147 1841//1147 1902//1147
f 1903//1147 1902//1147 1904//1147
f 1905//1149 1906//1149 1907//1149
f 1858//1149 1905//1149 1859//1149
f 1859//1149 1905//1149 1907//1149
f 1859//1149 1907//1149 1901//1149
f 1639//1196 1846//1196 1695//1196
f 1695//1196 1846//1196 1723//1196
f 1440//1196 1407//1196 1494//1196
f 1494//1196 1407//1196 1406//1196
f 1494//1196 1406//1196 1550//1196
f 1550//1196 1406//1196 1846//1196
f 1550//1196 1846//1196 1552//1196
f 1552//1196 1846//1196 1639//1196
f 1552//1196 1639//1196 1555//1196
f 1555//1196 1639//1196 1582//1196
f 1903//1196 1905//1196 1842//1196
f 1842//1196 1905//1196 1858//1196
f 1842//1196 1858//1196 1844//1196
f 1844//1196 1858//1196 1855//1196
f 1844//1196 1855//1196 1846//1196
f 1846//1196 1855//1196 1725//1196
f 1846//1196 1725//1196 1723//1196
f 1851//1196 1838//1196 1780//1196
f 1855//1196 1853//1196 1725//1196
f 1725//1196 1853//1196 1851//1196
f 1725//1196 1851//1196 1728//1196
f 1728//1196 1851//1196 1780//1196
f 1860//716 1908//716 1909//716
f 1860//713 1909//713 1861//713
f 1908//715 1860//715 1910//715
f 1910//714 1860//714 1862//714
f 1910//719 1862//719 1911//719
f 1911//718 1862//718 1912//718
f 1912//1159 1862//1159 1863//1159
f 1912//1160 1863//1160 1913//1160
f 1913//721 1863//721 1914//721
f 1914//720 1863//720 1865//720
f 1914//725 1865//725 1915//725
f 1915//724 1865//724 1916//724
f 1916//723 1865//723 1864//723
f 1916//728 1864//728 1917//728
f 1917//727 1864//727 1918//727
f 1918//726 1864//726 1866//726
f 1918//731 1866//731 1919//731
f 1919//730 1866//730 1920//730
f 1920//729 1866//729 1868//729
f 1920//1161 1868//1161 1921//1161
f 1921//733 1868//733 1922//733
f 1922//732 1868//732 1867//732
f 1922//737 1867//737 1923//737
f 1923//736 1867//736 1924//736
f 1924//735 1867//735 1870//735
f 1924//740 1870//740 1925//740
f 1925//739 1870//739 1926//739
f 1926//738 1870//738 1869//738
f 1926//743 1869//743 1927//743
f 1927//742 1869//742 1928//742
f 1928//1162 1869//1162 1872//1162
f 1928//746 1872//746 1929//746
f 1929//745 1872//745 1930//745
f 1930//744 1872//744 1871//744
f 1930//749 1871//749 1931//749
f 1931//748 1871//748 1932//748
f 1932//747 1871//747 1874//747
f 1932//754 1874//754 1933//754
f 1875//1163 1934//1163 1873//1163
f 1873//750 1934//750 1935//750
f 1873//997 1935//997 1874//997
f 1874//752 1935//752 1936//752
f 1874//753 1936//753 1933//753
f 1877//758 1937//758 1875//758
f 1875//757 1937//757 1938//757
f 1875//1164 1938//1164 1934//1164
f 1876//761 1939//761 1877//761
f 1877//760 1939//760 1940//760
f 1877//759 1940//759 1937//759
f 1878//764 1941//764 1876//764
f 1876//763 1941//763 1942//763
f 1876//762 1942//762 1939//762
f 1879//767 1943//767 1878//767
f 1878//766 1943//766 1944//766
f 1878//765 1944//765 1941//765
f 1880//770 1945//770 1879//770
f 1879//769 1945//769 1946//769
f 1879//768 1946//768 1943//768
f 1881//773 1947//773 1880//773
f 1880//772 1947//772 1948//772
f 1880//771 1948//771 1945//771
f 1882//776 1949//776 1881//776
f 1881//775 1949//775 1950//775
f 1881//774 1950//774 1947//774
f 1883//1165 1951//1165 1882//1165
f 1882//1166 1951//1166 1952//1166
f 1882//777 1952//777 1949//777
f 1884//1167 1953//1167 1883//1167
f 1883//787 1953//787 1954//787
f 1883//780 1954//780 1951//780
f 1909//781 1955//781 1861//781
f 1861//782 1955//782 1956//782
f 1861//783 1956//783 1884//783
f 1884//784 1956//784 1957//784
f 1884//1168 1957//1168 1953//1168
f 1886//1196 1958//1196 1887//1196
f 1887//1196 1958//1196 1959//1196
f 1959//1196 1960//1196 1887//1196
f 1887//1196 1960//1196 1961//1196
f 1887//1196 1961//1196 1902//1196
f 1962//1196 1888//1196 1408//1196
f 1408//1196 1409//1196 1963//1196
f 1963//1196 1964//1196 1408//1196
f 1408//1196 1964//1196 1965//1196
f 1408//1196 1965//1196 1962//1196
f 1890//1196 1966//1196 1497//1196
f 1497//1196 1966//1196 1967//1196
f 1967//1196 1968//1196 1497//1196
f 1497//1196 1968//1196 1969//1196
f 1497//1196 1969//1196 1496//1196
f 1970//1196 1891//1196 1585//1196
f 1585//1196 1584//1196 1971//1196
f 1971//1196 1972//1196 1585//1196
f 1585//1196 1972//1196 1973//1196
f 1585//1196 1973//1196 1970//1196
f 1893//1196 1974//1196 1693//1196
f 1693//1196 1974//1196 1975//1196
f 1975//1196 1976//1196 1693//1196
f 1693//1196 1976//1196 1977//1196
f 1693//1196 1977//1196 1694//1196
f 1782//1196 1978//1196 1781//1196
f 1781//1196 1978//1196 1979//1196
f 1979//1196 1980//1196 1781//1196
f 1781//1196 1980//1196 1981//1196
f 1781//1196 1981//1196 1894//1196
f 1899//1196 1982//1196 1897//1196
f 1897//1196 1982//1196 1983//1196
f 1983//1196 1984//1196 1897//1196
f 1897//1196 1984//1196 1985//1196
f 1897//1196 1985//1196 1896//1196
f 1907//1196 1986//1196 1901//1196
f 1901//1196 1986//1196 1987//1196
f 1987//1196 1988//1196 1901//1196
f 1901//1196 1988//1196 1989//1196
f 1901//1196 1989//1196 1900//1196
f 1904//1197 1990//1197 1903//1197
f 1903//1197 1990//1197 1991//1197
f 1903//1197 1991//1197 1905//1197
f 1905//1197 1991//1197 1992//1197
f 1905//1197 1992//1197 1906//1197
f 1933//788 1993//788 1932//788
f 1932//538 1993//538 1994//538
f 1932//539 1994//539 1931//539
f 1931//789 1994//789 1995//789
f 1931//790 1995//790 1930//790
f 1930//791 1995//791 1996//791
f 1930//792 1996//792 1929//792
f 1929//793 1996//793 1997//793
f 1929//794 1997//794 1928//794
f 1928//795 1997//795 1998//795
f 1928//796 1998//796 1927//796
f 1927//797 1998//797 1999//797
f 1927//798 1999//798 1926//798
f 1926//799 1999//799 2000//799
f 1926//800 2000//800 1925//800
f 1925//801 2000//801 2001//801
f 1925//802 2001//802 1924//802
f 1924//803 2001//803 2002//803
f 1924//804 2002//804 1923//804
f 1923//805 2002//805 2003//805
f 1923//806 2003//806 1922//806
f 1922//807 2003//807 2004//807
f 1922//808 2004//808 1921//808
f 1921//809 2004//809 2005//809
f 1921//810 2005//810 1920//810
f 1920//811 2005//811 2006//811
f 1920//812 2006//812 1919//812
f 1919//813 2006//813 2007//813
f 1919//814 2007//814 1918//814
f 1918//815 2007//815 2008//815
f 1918//816 2008//816 1917//816
f 1917//817 2008//817 2009//817
f 1917//818 2009//818 1916//818
f 1916//819 2009//819 2010//819
f 1916//820 2010//820 1915//820
f 1915//821 2010//821 2011//821
f 1915//822 2011//822 1914//822
f 1914//823 2011//823 2012//823
f 1914//824 2012//824 1913//824
f 1913//825 2012//825 2013//825
f 1913//826 2013//826 1912//826
f 1912//827 2013//827 2014//827
f 1912//828 2014//828 1911//828
f 1911//829 2014//829 2015//829
f 1911//830 2015//830 1910//830
f 1910//831 2015//831 2016//831
f 1910//832 2016//832 1908//832
f 1908//833 2016//833 2017//833
f 1908//834 2017//834 1909//834
f 1909//835 2017//835 2018//835
f 1909//836 2018//836 1955//836
f 1955//837 2018//837 2019//837
f 1955//838 2019//838 1956//838
f 1956//839 2019//839 2020//839
f 1956//840 2020//840 1957//840
f 1957//841 2020//841 2021//841
f 1957//842 2021//842 1953//842
f 1953//843 2021//843 2022//843
f 1953//844 2022//844 1954//844
f 1954//845 2022//845 2023//845
f 1954//846 2023//846 1951//846
f 1951//847 2023//847 2024//847
f 1951//848 2024//848 1952//848
f 1952//849 2024//849 2025//849
f 1952//850 2025//850 1949//850
f 1949//851 2025//851 2026//851
f 1949//852 2026//852 1950//852
f 1950//853 2026//853 2027//853
f 1950//854 2027//854 1947//854
f 1947//855 2027//855 2028//855
f 1947//856 2028//856 1948//856
f 1948//857 2028//857 2029//857
f 1948//858 2029//858 1945//858
f 1945//859 2029//859 2030//859
f 1945//860 2030//860 1946//860
f 1946//861 2030//861 2031//861
f 1946//862 2031//862 1943//862
f 1943//863 2031//863 2032//863
f 1943//864 2032//864 1944//864
f 1944//865 2032//865 2033//865
f 1944//866 2033//866 1941//866
f 1941//867 2033//867 2034//867
f 1941//868 2034//868 1942//868
f 1942//869 2034//869 2035//869
f 1942//870 2035//870 1939//870
f 1939//871 2035//871 2036//871
f 1939//872 2036//872 1940//872
f 1940//873 2036//873 2037//873
f 1940//874 2037//874 1937//874
f 1937//875 2037//875 2038//875
f 1937//876 2038//876 1938//876
f 1938//877 2038//877 2039//877
f 1938//878 2039//878 1934//878
f 1934//879 2039//879 2040//879
f 1934//880 2040//880 1935//880
f 1935//881 2040//881 2041//881
f 1935//882 2041//882 1936//882
f 1936//883 2041//883 2042//883
f 1936//884 2042//884 1933//884
f 1933//885 2042//885 1993//885
f 2043//1198 2044//1198 2045//1198
f 1904//1199 1902//1199 1961//1199
f 1493//1200 1496//1200 1969//1200
f 1637//1201 1694//1201 1977//1201
f 1895//1202 1896//1202 1985//1202
f 1907//1203 1906//1203 2046//1203
f 2046//1204 1906//1204 2047//1204
f 2048//1205 2049//1205 1898//1205
f 1907//1206 2046//1206 1986//1206
f 1986//1207 2046//1207 2050//1207
f 1986//1208 2050//1208 1987//1208
f 1987//1209 2050//1209 2051//1209
f 1987//1210 2051//1210 1988//1210
f 1988//1211 2051//1211 2048//1211
f 1988//1212 2048//1212 1989//1212
f 1989//1213 2048//1213 1898//1213
f 1989//1214 1898//1214 1900//1214
f 2052//1215 1984//1215 2053//1215
f 2053//1216 1984//1216 1983//1216
f 2053//1217 1983//1217 2054//1217
f 2054//1218 1983//1218 1982//1218
f 2054//1219 1982//1219 2049//1219
f 2049//1220 1982//1220 1899//1220
f 2049//1221 1899//1221 1898//1221
f 1835//1222 1836//1222 2055//1222
f 2055//1223 1836//1223 1837//1223
f 2055//1224 1837//1224 2056//1224
f 2056//1225 1837//1225 1839//1225
f 2056//1226 1839//1226 2057//1226
f 2057//1227 1839//1227 1895//1227
f 2057//1228 1895//1228 2052//1228
f 2052//1229 1895//1229 1985//1229
f 2052//1230 1985//1230 1984//1230
f 1978//1231 1782//1231 1783//1231
f 1892//1232 2058//1232 2059//1232
f 1892//1233 2059//1233 1893//1233
f 1835//1234 2055//1234 1784//1234
f 1784//1235 2055//1235 2060//1235
f 1784//1236 2060//1236 1783//1236
f 1783//1237 2060//1237 2061//1237
f 1783//1238 2061//1238 1978//1238
f 1978//1239 2061//1239 2062//1239
f 1978//1240 2062//1240 1979//1240
f 1979//1241 2062//1241 2063//1241
f 1979//1242 2063//1242 1980//1242
f 1980//1243 2063//1243 2058//1243
f 1980//1244 2058//1244 1981//1244
f 1981//1245 2058//1245 1892//1245
f 1981//1246 1892//1246 1894//1246
f 1893//1247 2059//1247 1974//1247
f 1974//1248 2059//1248 2064//1248
f 1974//1249 2064//1249 1975//1249
f 1975//1250 2064//1250 2065//1250
f 1975//1251 2065//1251 1976//1251
f 1976//1252 2065//1252 2066//1252
f 1976//1253 2066//1253 1977//1253
f 1977//1254 2066//1254 1637//1254
f 1637//1255 2066//1255 2067//1255
f 1637//1256 2067//1256 1638//1256
f 1638//1257 2067//1257 2068//1257
f 1638//1258 2068//1258 1640//1258
f 1640//1259 2068//1259 2069//1259
f 1640//1260 2069//1260 1641//1260
f 1641//1261 2069//1261 1583//1261
f 1583//1262 2069//1262 2070//1262
f 1583//1263 2070//1263 1584//1263
f 2071//1264 2072//1264 1889//1264
f 1584//1265 2070//1265 1971//1265
f 1971//1266 2070//1266 2073//1266
f 1971//1267 2073//1267 1972//1267
f 1972//1268 2073//1268 2074//1268
f 1972//1269 2074//1269 1973//1269
f 1973//1270 2074//1270 2071//1270
f 1973//1271 2071//1271 1970//1271
f 1970//1272 2071//1272 1889//1272
f 1970//1273 1889//1273 1891//1273
f 2075//1274 1968//1274 2076//1274
f 2076//1275 1968//1275 1967//1275
f 2076//1276 1967//1276 2077//1276
f 2077//1277 1967//1277 1966//1277
f 2077//1278 1966//1278 2072//1278
f 2072//1279 1966//1279 1890//1279
f 2072//1280 1890//1280 1889//1280
f 1437//1281 1438//1281 2078//1281
f 2078//1282 1438//1282 1439//1282
f 2078//1283 1439//1283 2079//1283
f 2079//1284 1439//1284 1441//1284
f 2079//1285 1441//1285 2080//1285
f 2080//1286 1441//1286 1493//1286
f 2080//1287 1493//1287 2075//1287
f 2075//1288 1493//1288 1969//1288
f 2075//1289 1969//1289 1968//1289
f 1963//1290 1409//1290 1410//1290
f 1885//1291 2081//1291 2082//1291
f 1437//1292 2078//1292 1411//1292
f 1411//1293 2078//1293 2083//1293
f 1411//1294 2083//1294 1410//1294
f 1410//1295 2083//1295 2084//1295
f 1410//1296 2084//1296 1963//1296
f 1963//1297 2084//1297 2085//1297
f 1963//1298 2085//1298 1964//1298
f 1964//1299 2085//1299 2086//1299
f 1964//1300 2086//1300 1965//1300
f 1965//1301 2086//1301 2081//1301
f 1965//1302 2081//1302 1962//1302
f 1962//1303 2081//1303 1885//1303
f 1962//1304 1885//1304 1888//1304
f 2087//1305 1960//1305 2088//1305
f 2088//1306 1960//1306 1959//1306
f 2088//1307 1959//1307 2089//1307
f 2089//1308 1959//1308 1958//1308
f 2089//1309 1958//1309 2082//1309
f 2082//1310 1958//1310 1886//1310
f 2082//1311 1886//1311 1885//1311
f 1906//1312 1992//1312 2047//1312
f 2047//1313 1992//1313 1991//1313
f 2047//1314 1991//1314 2090//1314
f 2090//1315 1991//1315 1990//1315
f 2090//1316 1990//1316 2091//1316
f 2091//1317 1990//1317 1904//1317
f 2091//1318 1904//1318 2087//1318
f 2087//1319 1904//1319 1961//1319
f 2087//1320 1961//1320 1960//1320
f 2092//1321 2093//1321 2094//1321
f 2094//1322 2093//1322 2095//1322
f 2094//1323 2095//1323 2096//1323
f 2096//1324 2095//1324 2097//1324
f 2096//1325 2097//1325 2098//1325
f 2098//1326 2097//1326 2099//1326
f 2098//1327 2099//1327 2100//1327
f 2101//1328 2102//1328 2103//1328
f 2103//1329 2102//1329 2104//1329
f 2103//1330 2104//1330 2099//1330
f 2099//1331 2104//1331 2105//1331
f 2099//1332 2105//1332 2100//1332
f 2106//1333 2107//1333 2108//1333
f 2108//1334 2107//1334 2109//1334
f 2108//1335 2109//1335 2110//1335
f 2110//1336 2109//1336 2111//1336
f 2110//1337 2111//1337 2101//1337
f 2101//1338 2111//1338 2112//1338
f 2101//1339 2112//1339 2102//1339
f 2106//1340 2108//1340 2113//1340
f 2113//1341 2108//1341 2114//1341
f 2113//1342 2114//1342 2115//1342
f 2115//1343 2114//1343 2116//1343
f 2115//1344 2116//1344 2117//1344
f 2117//1345 2116//1345 2118//1345
f 2117//1346 2118//1346 2119//1346
f 2120//1347 2121//1347 2122//1347
f 2122//1348 2121//1348 2123//1348
f 2122//1349 2123//1349 2118//1349
f 2118//1350 2123//1350 2124//1350
f 2118//1351 2124//1351 2119//1351
f 2125//1352 2126//1352 2127//1352
f 2127//1353 2126//1353 2128//1353
f 2127//1354 2128//1354 2129//1354
f 2129//1355 2128//1355 2130//1355
f 2129//1356 2130//1356 2120//1356
f 2120//1357 2130//1357 2131//1357
f 2120//1358 2131//1358 2121//1358
f 2125//1359 2127//1359 2132//1359
f 2132//1360 2127//1360 2133//1360
f 2132//1361 2133//1361 2134//1361
f 2134//1362 2133//1362 2135//1362
f 2134//1363 2135//1363 2136//1363
f 2136//1364 2135//1364 2137//1364
f 2136//1365 2137//1365 2138//1365
f 2139//1366 2140//1366 2141//1366
f 2141//1367 2140//1367 2142//1367
f 2141//1368 2142//1368 2137//1368
f 2137//1369 2142//1369 2143//1369
f 2137//1370 2143//1370 2138//1370
f 2144//1371 2145//1371 2146//1371
f 2146//1372 2145//1372 2147//1372
f 2146//1373 2147//1373 2148//1373
f 2148//1374 2147//1374 2149//1374
f 2148//1375 2149//1375 2139//1375
f 2139//1376 2149//1376 2150//1376
f 2139//1377 2150//1377 2140//1377
f 2144//1378 2146//1378 2151//1378
f 2151//1379 2146//1379 2152//1379
f 2151//1380 2152//1380 2153//1380
f 2153//1381 2152//1381 2154//1381
f 2153//1382 2154//1382 2155//1382
f 2155//1383 2154//1383 2156//1383
f 2155//1384 2156//1384 2157//1384
f 2158//1385 2159//1385 2156//1385
f 2156//1386 2159//1386 2160//1386
f 2156//1387 2160//1387 2157//1387
f 2161//1388 2162//1388 2163//1388
f 2163//1389 2162//1389 2164//1389
f 2163//1390 2164//1390 2165//1390
f 2165//1391 2164//1391 2166//1391
f 2165//1392 2166//1392 2167//1392
f 2167//1393 2166//1393 2168//1393
f 2167//1394 2168//1394 2158//1394
f 2158//1395 2168//1395 2169//1395
f 2158//1396 2169//1396 2159//1396
f 2161//1397 2163//1397 2170//1397
f 2170//1398 2163//1398 2171//1398
f 2170//1399 2171//1399 2172//1399
f 2172//1400 2171//1400 2173//1400
f 2172//1401 2173//1401 2174//1401
f 2174//1402 2173//1402 2175//1402
f 2174//1403 2175//1403 2176//1403
f 2177//1404 2178//1404 2175//1404
f 2175//1405 2178//1405 2179//1405
f 2175//1406 2179//1406 2176//1406
f 2180//1407 2181//1407 2182//1407
f 2182//1408 2181//1408 2183//1408
f 2182//1409 2183//1409 2184//1409
f 2184//1410 2183//1410 2185//1410
f 2184//1411 2185//1411 2186//1411
f 2186//1412 2185//1412 2187//1412
f 2186//1413 2187//1413 2177//1413
f 2177//1414 2187//1414 2188//1414
f 2177//1415 2188//1415 2178//1415
f 2180//1416 2182//1416 2189//1416
f 2189//1417 2182//1417 2190//1417
f 2189//1418 2190//1418 2191//1418
f 2191//1419 2190//1419 2192//1419
f 2191//1420 2192//1420 2193//1420
f 2193//1421 2192//1421 2194//1421
f 2193//1422 2194//1422 2195//1422
f 2045//1423 2044//1423 2194//1423
f 2194//1424 2044//1424 2196//1424
f 2194//1425 2196//1425 2195//1425
f 2043//1426 2045//1426 2197//1426
f 2197//1427 2045//1427 2198//1427
f 2197//1428 2198//1428 2199//1428
f 2199//1429 2198//1429 2200//1429
f 2199//1430 2200//1430 2201//1430
f 2201//1431 2200//1431 2202//1431
f 2201//1432 2202//1432 2203//1432
f 2092//1433 2204//1433 2093//1433
f 2093//1434 2204//1434 2205//1434
f 2093//1435 2205//1435 2206//1435
f 2206//1436 2205//1436 2207//1436
f 2206//1437 2207//1437 2208//1437
f 2208//1438 2207//1438 2209//1438
f 2208//1439 2209//1439 2210//1439
f 2210//1440 2209//1440 2211//1440
f 2210//1441 2211//1441 2202//1441
f 2202//1442 2211//1442 2212//1442
f 2202//1443 2212//1443 2203//1443
f 2152//1444 2213//1444 2154//1444
f 2154//1445 2213//1445 2214//1445
f 2154//1446 2214//1446 2156//1446
f 2156//1447 2214//1447 2215//1447
f 2156//1448 2215//1448 2158//1448
f 2158//1449 2215//1449 2216//1449
f 2158//1450 2216//1450 2167//1450
f 2167//1451 2216//1451 2217//1451
f 2167//1452 2217//1452 2165//1452
f 2165//1453 2217//1453 2218//1453
f 2165//1454 2218//1454 2163//1454
f 2163//1455 2218//1455 2219//1455
f 2163//1456 2219//1456 2171//1456
f 2171//1457 2219//1457 2220//1457
f 2171//1458 2220//1458 2173//1458
f 2173//1459 2220//1459 2221//1459
f 2173//1460 2221//1460 2175//1460
f 2175//1461 2221//1461 2222//1461
f 2175//1462 2222//1462 2177//1462
f 2177//1463 2222//1463 2223//1463
f 2177//1464 2223//1464 2186//1464
f 2186//1465 2223//1465 2224//1465
f 2186//1466 2224//1466 2184//1466
f 2184//1467 2224//1467 2225//1467
f 2184//1468 2225//1468 2182//1468
f 2182//1469 2225//1469 2226//1469
f 2182//1470 2226//1470 2190//1470
f 2190//1471 2226//1471 2227//1471
f 2190//1472 2227//1472 2192//1472
f 2192//1473 2227//1473 2228//1473
f 2192//1474 2228//1474 2194//1474
f 2194//1475 2228//1475 2229//1475
f 2194//1476 2229//1476 2045//1476
f 2045//1477 2229//1477 2230//1477
f 2045//1478 2230//1478 2198//1478
f 2198//1479 2230//1479 2231//1479
f 2198//1480 2231//1480 2200//1480
f 2200//1481 2231//1481 2232//1481
f 2200//1482 2232//1482 2202//1482
f 2202//1483 2232//1483 2233//1483
f 2202//1484 2233//1484 2210//1484
f 2210//1485 2233//1485 2234//1485
f 2210//1486 2234//1486 2208//1486
f 2208//1487 2234//1487 2235//1487
f 2208//1488 2235//1488 2206//1488
f 2206//1489 2235//1489 2236//1489
f 2206//1490 2236//1490 2093//1490
f 2093//1491 2236//1491 2237//1491
f 2093//1492 2237//1492 2095//1492
f 2095//1493 2237//1493 2238//1493
f 2095//1494 2238//1494 2097//1494
f 2097//1495 2238//1495 2239//1495
f 2097//1496 2239//1496 2099//1496
f 2099//1497 2239//1497 2240//1497
f 2099//1498 2240//1498 2103//1498
f 2103//1499 2240//1499 2241//1499
f 2103//1500 2241//1500 2101//1500
f 2101//1501 2241//1501 2242//1501
f 2101//1502 2242//1502 2110//1502
f 2110//1503 2242//1503 2243//1503
f 2110//1504 2243//1504 2108//1504
f 2108//1505 2243//1505 2244//1505
f 2108//1506 2244//1506 2114//1506
f 2114//1507 2244//1507 2245//1507
f 2114//1508 2245//1508 2116//1508
f 2116//1509 2245//1509 2246//1509
f 2116//1510 2246//1510 2118//1510
f 2118//1511 2246//1511 2247//1511
f 2118//1512 2247//1512 2122//1512
f 2122//1513 2247//1513 2248//1513
f 2122//1514 2248//1514 2120//1514
f 2120//1515 2248//1515 2249//1515
f 2120//1516 2249//1516 2129//1516
f 2129//1517 2249//1517 2250//1517
f 2129//1518 2250//1518 2127//1518
f 2127//1519 2250//1519 2251//1519
f 2127//1520 2251//1520 2133//1520
f 2133//1521 2251//1521 2252//1521
f 2133//1522 2252//1522 2135//1522
f 2135//1523 2252//1523 2253//1523
f 2135//1524 2253//1524 2137//1524
f 2137//1525 2253//1525 2254//1525
f 2137//1526 2254//1526 2141//1526
f 2141//1527 2254//1527 2255//1527
f 2141//1528 2255//1528 2139//1528
f 2139//1529 2255//1529 2256//1529
f 2139//1530 2256//1530 2148//1530
f 2148//1531 2256//1531 2257//1531
f 2148//1532 2257//1532 2146//1532
f 2146//1533 2257//1533 2258//1533
f 2146//1534 2258//1534 2152//1534
f 2152//1535 2258//1535 2213//1535
f 2213//1536 2259//1536 2214//1536
f 2214//1537 2259//1537 2260//1537
f 2214//1538 2260//1538 2215//1538
f 2215//1539 2260//1539 2261//1539
f 2215//1540 2261//1540 2216//1540
f 2216//1541 2261//1541 2262//1541
f 2216//1542 2262//1542 2217//1542
f 2217//1543 2262//1543 2263//1543
f 2217//1544 2263//1544 2218//1544
f 2218//1545 2263//1545 2264//1545
f 2218//1546 2264//1546 2219//1546
f 2219//1547 2264//1547 2265//1547
f 2219//1548 2265//1548 2220//1548
f 2220//1549 2265//1549 2266//1549
f 2220//1550 2266//1550 2221//1550
f 2221//1551 2266//1551 2267//1551
f 2221//1552 2267//1552 2222//1552
f 2222//1553 2267//1553 2268//1553
f 2222//1554 2268//1554 2223//1554
f 2223//1555 2268//1555 2269//1555
f 2223//1556 2269//1556 2224//1556
f 2224//1557 2269//1557 2270//1557
f 2224//1558 2270//1558 2225//1558
f 2225//1559 2270//1559 2271//1559
f 2225//1560 2271//1560 2226//1560
f 2226//1561 2271//1561 2272//1561
f 2226//1562 2272//1562 2227//1562
f 2227//1563 2272//1563 2273//1563
f 2227//1564 2273//1564 2228//1564
f 2228//1565 2273//1565 2274//1565
f 2228//1566 2274//1566 2229//1566
f 2229//1567 2274//1567 2275//1567
f 2229//1568 2275//1568 2230//1568
f 2230//1569 2275//1569 2276//1569
f 2230//1570 2276//1570 2231//1570
f 2231//1571 2276//1571 2277//1571
f 2231//1572 2277//1572 2232//1572
f 2232//1573 2277//1573 2278//1573
f 2232//1574 2278//1574 2233//1574
f 2233//1575 2278//1575 2279//1575
f 2233//1576 2279//1576 2234//1576
f 2234//1577 2279//1577 2280//1577
f 2234//1578 2280//1578 2235//1578
f 2235//1579 2280//1579 2281//1579
f 2235//1580 2281//1580 2236//1580
f 2236//1581 2281//1581 2282//1581
f 2236//1582 2282//1582 2237//1582
f 2237//1583 2282//1583 2283//1583
f 2237//1584 2283//1584 2238//1584
f 2238//1585 2283//1585 2284//1585
f 2238//1586 2284//1586 2239//1586
f 2239//1587 2284//1587 2285//1587
f 2239//1588 2285//1588 2240//1588
f 2240//1589 2285//1589 2286//1589
f 2240//1590 2286//1590 2241//1590
f 2241//1591 2286//1591 2287//1591
f 2241//1592 2287//1592 2242//1592
f 2242//1593 2287//1593 2288//1593
f 2242//1594 2288//1594 2243//1594
f 2243//1595 2288//1595 2289//1595
f 2243//1596 2289//1596 2244//1596
f 2244//1597 2289//1597 2290//1597
f 2244//1598 2290//1598 2245//1598
f 2245//1599 2290//1599 2291//1599
f 2245//1600 2291//1600 2246//1600
f 2246//1601 2291//1601 2292//1601
f 2246//1602 2292//1602 2247//1602
f 2247//1603 2292//1603 2293//1603
f 2247//1604 2293//1604 2248//1604
f 2248//1605 2293//1605 2294//1605
f 2248//1606 2294//1606 2249//1606
f 2249//1607 2294//1607 2295//1607
f 2249//1608 2295//1608 2250//1608
f 2250//1609 2295//1609 2296//1609
f 2250//1610 2296//1610 2251//1610
f 2251//1611 2296//1611 2297//1611
f 2251//1612 2297//1612 2252//1612
f 2252//1613 2297//1613 2298//1613
f 2252//1614 2298//1614 2253//1614
f 2253//1615 2298//1615 2299//1615
f 2253//1616 2299//1616 2254//1616
f 2254//1617 2299//1617 2300//1617
f 2254//1618 2300//1618 2255//1618
f 2255//1619 2300//1619 2301//1619
f 2255//1620 2301//1620 2256//1620
f 2256//1621 2301//1621 2302//1621
f 2256//1622 2302//1622 2257//1622
f 2257//1623 2302//1623 2303//1623
f 2257//1624 2303//1624 2258//1624
f 2258//1625 2303//1625 2304//1625
f 2258//1626 2304//1626 2213//1626
f 2213//1627 2304//1627 2259//1627
f 2259//1628 2305//1628 2260//1628
f 2260//1629 2305//1629 2306//1629
f 2260//1630 2306//1630 2261//1630
f 2261//1631 2306//1631 2307//1631
f 2261//1632 2307//1632 2262//1632
f 2262//1633 2307//1633 2308//1633
f 2262//1634 2308//1634 2263//1634
f 2263//1635 2308//1635 2309//1635
f 2263//1636 2309//1636 2264//1636
f 2264//1637 2309//1637 2310//1637
f 2264//1638 2310//1638 2265//1638
f 2265//1639 2310//1639 2311//1639
f 2265//1640 2311//1640 2266//1640
f 2266//1641 2311//1641 2312//1641
f 2266//1642 2312//1642 2267//1642
f 2267//1643 2312//1643 2313//1643
f 2267//1644 2313//1644 2268//1644
f 2268//1645 2313//1645 2314//1645
f 2268//1646 2314//1646 2269//1646
f 2269//1647 2314//1647 2315//1647
f 2269//1648 2315//1648 2270//1648
f 2270//1649 2315//1649 2316//1649
f 2270//1650 2316//1650 2271//1650
f 2271//1651 2316//1651 2317//1651
f 2271//1652 2317//1652 2272//1652
f 2272//1653 2317//1653 2318//1653
f 2272//1654 2318//1654 2273//1654
f 2273//1655 2318//1655 2319//1655
f 2273//1656 2319//1656 2274//1656
f 2274//1657 2319//1657 2320//1657
f 2274//1658 2320//1658 2275//1658
f 2275//1659 2320//1659 2321//1659
f 2275//1660 2321//1660 2276//1660
f 2276//1661 2321//1661 2322//1661
f 2276//1662 2322//1662 2277//1662
f 2277//1663 2322//1663 2323//1663
f 2277//1664 2323//1664 2278//1664
f 2278//1665 2323//1665 2324//1665
f 2278//1666 2324//1666 2279//1666
f 2279//1667 2324//1667 2325//1667
f 2279//1668 2325//1668 2280//1668
f 2280//1669 2325//1669 2326//1669
f 2280//1670 2326//1670 2281//1670
f 2281//1671 2326//1671 2327//1671
f 2281//1672 2327//1672 2282//1672
f 2282//1673 2327//1673 2328//1673
f 2282//1674 2328//1674 2283//1674
f 2283//1675 2328//1675 2329//1675
f 2283//1676 2329//1676 2284//1676
f 2284//1677 2329//1677 2330//1677
f 2284//1678 2330//1678 2285//1678
f 2285//1679 2330//1679 2331//1679
f 2285//1680 2331//1680 2286//1680
f 2286//1681 2331//1681 2332//1681
f 2286//1682 2332//1682 2287//1682
f 2287//1683 2332//1683 2333//1683
f 2287//1684 2333//1684 2288//1684
f 2288//1685 2333//1685 2334//1685
f 2288//1686 2334//1686 2289//1686
f 2289//1687 2334//1687 2335//1687
f 2289//1688 2335//1688 2290//1688
f 2290//1689 2335//1689 2336//1689
f 2290//1690 2336//1690 2291//1690
f 2291//1691 2336//1691 2337//1691
f 2291//1692 2337//1692 2292//1692
f 2292//1693 2337//1693 2338//1693
f 2292//1694 2338//1694 2293//1694
f 2293//1695 2338//1695 2339//1695
f 2293//1696 2339//1696 2294//1696
f 2294//1697 2339//1697 2340//1697
f 2294//1698 2340//1698 2295//1698
f 2295//1699 2340//1699 2341//1699
f 2295//1700 2341//1700 2296//1700
f 2296//1701 2341//1701 2342//1701
f 2296//1702 2342//1702 2297//1702
f 2297//1703 2342//1703 2343//1703
f 2297//1704 2343//1704 2298//1704
f 2298//1705 2343//1705 2344//1705
f 2298//1706 2344//1706 2299//1706
f 2299//1707 2344//1707 2345//1707
f 2299//1708 2345//1708 2300//1708
f 2300//1709 2345//1709 2346//1709
f 2300//1710 2346//1710 2301//1710
f 2301//1711 2346//1711 2347//1711
f 2301//1712 2347//1712 2302//1712
f 2302//1713 2347//1713 2348//1713
f 2302//1714 2348//1714 2303//1714
f 2303//1715 2348//1715 2349//1715
f 2303//1716 2349//1716 2304//1716
f 2304//1717 2349//1717 2350//1717
f 2304//1718 2350//1718 2259//1718
f 2259//1719 2350//1719 2305//1719
f 2305//1720 2351//1720 2306//1720
f 2306//1721 2351//1721 2352//1721
f 2306//1722 2352//1722 2307//1722
f 2307//1723 2352//1723 2353//1723
f 2307//1724 2353//1724 2308//1724
f 2308//1725 2353//1725 2354//1725
f 2308//1726 2354//1726 2309//1726
f 2309//1727 2354//1727 2355//1727
f 2309//1728 2355//1728 2310//1728
f 2310//1729 2355//1729 2356//1729
f 2310//1730 2356//1730 2311//1730
f 2311//1731 2356//1731 2357//1731
f 2311//1732 2357//1732 2312//1732
f 2312//1733 2357//1733 2358//1733
f 2312//1734 2358//1734 2313//1734
f 2313//1735 2358//1735 2359//1735
f 2313//1736 2359//1736 2314//1736
f 2314//1737 2359//1737 2360//1737
f 2314//1738 2360//1738 2315//1738
f 2315//1739 2360//1739 2361//1739
f 2315//1740 2361//1740 2316//1740
f 2316//1741 2361//1741 2362//1741
f 2316//1742 2362//1742 2317//1742
f 2317//1743 2362//1743 2363//1743
f 2317//1744 2363//1744 2318//1744
f 2318//1745 2363//1745 2364//1745
f 2318//1746 2364//1746 2319//1746
f 2319//1747 2364//1747 2365//1747
f 2319//1748 2365//1748 2320//1748
f 2320//1749 2365//1749 2366//1749
f 2320//1750 2366//1750 2321//1750
f 2321//1751 2366//1751 2367//1751
f 2321//1752 2367//1752 2322//1752
f 2322//1753 2367//1753 2368//1753
f 2322//1754 2368//1754 2323//1754
f 2323//1755 2368//1755 2369//1755
f 2323//1756 2369//1756 2324//1756
f 2324//1757 2369//1757 2370//1757
f 2324//1758 2370//1758 2325//1758
f 2325//1759 2370//1759 2371//1759
f 2325//1760 2371//1760 2326//1760
f 2326//1761 2371//1761 2372//1761
f 2326//1762 2372//1762 2327//1762
f 2327//1763 2372//1763 2373//1763
f 2327//1764 2373//1764 2328//1764
f 2328//1765 2373//1765 2374//1765
f 2328//1766 2374//1766 2329//1766
f 2329//1767 2374//1767 2375//1767
f 2329//1768 2375//1768 2330//1768
f 2330//1769 2375//1769 2376//1769
f 2330//1770 2376//1770 2331//1770
f 2331//1771 2376//1771 2377//1771
f 2331//1772 2377//1772 2332//1772
f 2332//1773 2377//1773 2378//1773
f 2332//1774 2378//1774 2333//1774
f 2333//1775 2378//1775 2379//1775
f 2333//1776 2379//1776 2334//1776
f 2334//1777 2379//1777 2380//1777
f 2334//1778 2380//1778 2335//1778
f 2335//1779 2380//1779 2381//1779
f 2335//1780 2381//1780 2336//1780
f 2336//1781 2381//1781 2382//1781
f 2336//1782 2382//1782 2337//1782
f 2337//1783 2382//1783 2383//1783
f 2337//1784 2383//1784 2338//1784
f 2338//1785 2383//1785 2384//1785
f 2338//1786 2384//1786 2339//1786
f 2339//1787 2384//1787 2385//1787
f 2339//1788 2385//1788 2340//1788
f 2340//1789 2385//1789 2386//1789
f 2340//1790 2386//1790 2341//1790
f 2341//1791 2386//1791 2387//1791
f 2341//1792 2387//1792 2342//1792
f 2342//1793 2387//1793 2388//1793
f 2342//1794 2388//1794 2343//1794
f 2343//1795 2388//1795 2389//1795
f 2343//1796 2389//1796 2344//1796
f 2344//1797 2389//1797 2390//1797
f 2344//1798 2390//1798 2345//1798
f 2345//1799 2390//1799 2391//1799
f 2345//1800 2391//1800 2346//1800
f 2346//1801 2391//1801 2392//1801
f 2346//1802 2392//1802 2347//1802
f 2347//1803 2392//1803 2393//1803
f 2347//1804 2393//1804 2348//1804
f 2348//1805 2393//1805 2394//1805
f 2348//1806 2394//1806 2349//1806
f 2349//1807 2394//1807 2395//1807
f 2349//1808 2395//1808 2350//1808
f 2350//1809 2395//1809 2396//1809
f 2350//1810 2396//1810 2305//1810
f 2305//1811 2396//1811 2351//1811
f 2351//1812 2397//1812 2352//1812
f 2352//1813 2397//1813 2398//1813
f 2352//1814 2398//1814 2353//1814
f 2353//1815 2398//1815 2399//1815
f 2353//1816 2399//1816 2354//1816
f 2354//1817 2399//1817 2400//1817
f 2354//1818 2400//1818 2355//1818
f 2355//1819 2400//1819 2401//1819
f 2355//1820 2401//1820 2356//1820
f 2356//1821 2401//1821 2402//1821
f 2356//1822 2402//1822 2357//1822
f 2357//1823 2402//1823 2403//1823
f 2357//1824 2403//1824 2358//1824
f 2358//1825 2403//1825 2404//1825
f 2358//1826 2404//1826 2359//1826
f 2359//1827 2404//1827 2405//1827
f 2359//1828 2405//1828 2360//1828
f 2360//1829 2405//1829 2406//1829
f 2360//1830 2406//1830 2361//1830
f 2361//1831 2406//1831 2407//1831
f 2361//1832 2407//1832 2362//1832
f 2362//1833 2407//1833 2408//1833
f 2362//1834 2408//1834 2363//1834
f 2363//1835 2408//1835 2409//1835
f 2363//1836 2409//1836 2364//1836
f 2364//1837 2409//1837 2410//1837
f 2364//1838 2410//1838 2365//1838
f 2365//1839 2410//1839 2411//1839
f 2365//1840 2411//1840 2366//1840
f 2366//1841 2411//1841 2412//1841
f 2366//1842 2412//1842 2367//1842
f 2367//1843 2412//1843 2413//1843
f 2367//1844 2413//1844 2368//1844
f 2368//1845 2413//1845 2414//1845
f 2368//1846 2414//1846 2369//1846
f 2369//1847 2414//1847 2415//1847
f 2369//1848 2415//1848 2370//1848
f 2370//1849 2415//1849 2416//1849
f 2370//1850 2416//1850 2371//1850
f 2371//1851 2416//1851 2417//1851
f 2371//1852 2417//1852 2372//1852
f 2372//1853 2417//1853 2418//1853
f 2372//1854 2418//1854 2373//1854
f 2373//1855 2418//1855 2419//1855
f 2373//1856 2419//1856 2374//1856
f 2374//1857 2419//1857 2420//1857
f 2374//1858 2420//1858 2375//1858
f 2375//1859 2420//1859 2421//1859
f 2375//1860 2421//1860 2376//1860
f 2376//1861 2421//1861 2422//1861
f 2376//1862 2422//1862 2377//1862
f 2377//1863 2422//1863 2423//1863
f 2377//1864 2423//1864 2378//1864
f 2378//1865 2423//1865 2424//1865
f 2378//1866 2424//1866 2379//1866
f 2379//1867 2424//1867 2425//1867
f 2379//1868 2425//1868 2380//1868
f 2380//1869 2425//1869 2426//1869
f 2380//1870 2426//1870 2381//1870
f 2381//1871 2426//1871 2427//1871
f 2381//1872 2427//1872 2382//1872
f 2382//1873 2427//1873 2428//1873
f 2382//1874 2428//1874 2383//1874
f 2383//1875 2428//1875 2429//1875
f 2383//1876 2429//1876 2384//1876
f 2384//1877 2429//1877 2430//1877
f 2384//1878 2430//1878 2385//1878
f 2385//1879 2430//1879 2431//1879
f 2385//1880 2431//1880 2386//1880
f 2386//1881 2431//1881 2432//1881
f 2386//1882 2432//1882 2387//1882
f 2387//1883 2432//1883 2433//1883
f 2387//1884 2433//1884 2388//1884
f 2388//1885 2433//1885 2434//1885
f 2388//1886 2434//1886 2389//1886
f 2389//1887 2434//1887 2435//1887
f 2389//1888 2435//1888 2390//1888
f 2390//1889 2435//1889 2436//1889
f 2390//1890 2436//1890 2391//1890
f 2391//1891 2436//1891 2437//1891
f 2391//1892 2437//1892 2392//1892
f 2392//1893 2437//1893 2438//1893
f 2392//1894 2438//1894 2393//1894
f 2393//1895 2438//1895 2439//1895
f 2393//1896 2439//1896 2394//1896
f 2394//1897 2439//1897 2440//1897
f 2394//1898 2440//1898 2395//1898
f 2395//1899 2440//1899 2441//1899
f 2395//1900 2441//1900 2396//1900
f 2396//1901 2441//1901 2442//1901
f 2396//1902 2442//1902 2351//1902
f 2351//1903 2442//1903 2397//1903
f 2397//1904 2068//1904 2398//1904
f 2398//1905 2068//1905 2067//1905
f 2398//1906 2067//1906 2399//1906
f 2399//1907 2067//1907 2066//1907
f 2399//1908 2066//1908 2400//1908
f 2400//1909 2066//1909 2065//1909
f 2400//1910 2065//1910 2401//1910
f 2401//1911 2065//1911 2064//1911
f 2401//1912 2064//1912 2402//1912
f 2402//1913 2064//1913 2059//1913
f 2402//1914 2059//1914 2403//1914
f 2403//1915 2059//1915 2058//1915
f 2403//1916 2058//1916 2404//1916
f 2404//1917 2058//1917 2063//1917
f 2404//1918 2063//1918 2405//1918
f 2405//1919 2063//1919 2062//1919
f 2405//1920 2062//1920 2406//1920
f 2406//1921 2062//1921 2061//1921
f 2406//1922 2061//1922 2407//1922
f 2407//1923 2061//1923 2060//1923
f 2407//1924 2060//1924 2408//1924
f 2408//1925 2060//1925 2055//1925
f 2408//1926 2055//1926 2409//1926
f 2409//1927 2055//1927 2056//1927
f 2409//1928 2056//1928 2410//1928
f 2410//1929 2056//1929 2057//1929
f 2410//1930 2057//1930 2411//1930
f 2411//1931 2057//1931 2052//1931
f 2411//1932 2052//1932 2412//1932
f 2412//1933 2052//1933 2053//1933
f 2412//1934 2053//1934 2413//1934
f 2413//1935 2053//1935 2054//1935
f 2413//1936 2054//1936 2414//1936
f 2414//1937 2054//1937 2049//1937
f 2414//1938 2049//1938 2415//1938
f 2415//1939 2049//1939 2048//1939
f 2415//1940 2048//1940 2416//1940
f 2416//1941 2048//1941 2051//1941
f 2416//1942 2051//1942 2417//1942
f 2417//1943 2051//1943 2050//1943
f 2417//1944 2050//1944 2418//1944
f 2418//1945 2050//1945 2046//1945
f 2418//1946 2046//1946 2419//1946
f 2419//1947 2046//1947 2047//1947
f 2419//1948 2047//1948 2420//1948
f 2420//1949 2047//1949 2090//1949
f 2420//1950 2090//1950 2421//1950
f 2421//1951 2090//1951 2091//1951
f 2421//1952 2091//1952 2422//1952
f 2422//1953 2091//1953 2087//1953
f 2422//1954 2087//1954 2423//1954
f 2423//1955 2087//1955 2088//1955
f 2423//1956 2088//1956 2424//1956
f 2424//1957 2088//1957 2089//1957
f 2424//1958 2089//1958 2425//1958
f 2425//1959 2089//1959 2082//1959
f 2425//1960 2082//1960 2426//1960
f 2426//1961 2082//1961 2081//1961
f 2426//1962 2081//1962 2427//1962
f 2427//1963 2081//1963 2086//1963
f 2427//1964 2086//1964 2428//1964
f 2428//1965 2086//1965 2085//1965
f 2428//1966 2085//1966 2429//1966
f 2429//1967 2085//1967 2084//1967
f 2429//1968 2084//1968 2430//1968
f 2430//1969 2084//1969 2083//1969
f 2430//1970 2083//1970 2431//1970
f 2431//1971 2083//1971 2078//1971
f 2431//1972 2078//1972 2432//1972
f 2432//1973 2078//1973 2079//1973
f 2432//1974 2079//1974 2433//1974
f 2433//1975 2079//1975 2080//1975
f 2433//1976 2080//1976 2434//1976
f 2434//1977 2080//1977 2075//1977
f 2434//1978 2075//1978 2435//1978
f 2435//1979 2075//1979 2076//1979
f 2435//1980 2076//1980 2436//1980
f 2436//1981 2076//1981 2077//1981
f 2436//1982 2077//1982 2437//1982
f 2437//1983 2077//1983 2072//1983
f 2437//1984 2072//1984 2438//1984
f 2438//1985 2072//1985 2071//1985
f 2438//1986 2071//1986 2439//1986
f 2439//1987 2071//1987 2074//1987
f 2439//1988 2074//1988 2440//1988
f 2440//1989 2074//1989 2073//1989
f 2440//1990 2073//1990 2441//1990
f 2441//1991 2073//1991 2070//1991
f 2441//1992 2070//1992 2442//1992
f 2442//1993 2070//1993 2069//1993
f 2442//1994 2069//1994 2397//1994
f 2397//1995 2069//1995 2068//1995
f 2011//1996 2443//1996 2012//1996
f 2012//1997 2443//1997 2444//1997
f 2012//1998 2444//1998 2013//1998
f 2013//1999 2444//1999 2445//1999
f 2013//2000 2445//2000 2014//2000
f 2014//2001 2445//2001 2446//2001
f 2014//2002 2446//2002 2015//2002
f 2007//2003 2447//2003 2008//2003
f 2008//2004 2447//2004 2448//2004
f 2008//2005 2448//2005 2009//2005
f 2009//2006 2448//2006 2449//2006
f 2009//2007 2449//2007 2010//2007
f 2010//2008 2449//2008 2450//2008
f 2010//2009 2450//2009 2011//2009
f 2011//2010 2450//2010 2451//2010
f 2011//2011 2451//2011 2443//2011
f 2003//2012 2452//2012 2004//2012
f 2004//2013 2452//2013 2453//2013
f 2004//2014 2453//2014 2005//2014
f 2005//2015 2453//2015 2454//2015
f 2005//2016 2454//2016 2006//2016
f 2006//2017 2454//2017 2455//2017
f 2006//2018 2455//2018 2007//2018
f 2007//2019 2455//2019 2456//2019
f 2007//2020 2456//2020 2447//2020
f 1999//2021 2457//2021 2000//2021
f 2000//2022 2457//2022 2458//2022
f 2000//2023 2458//2023 2001//2023
f 2001//2024 2458//2024 2459//2024
f 2001//2025 2459//2025 2002//2025
f 2002//2026 2459//2026 2460//2026
f 2002//2027 2460//2027 2003//2027
f 2003//2028 2460//2028 2461//2028
f 2003//2029 2461//2029 2452//2029
f 1995//2030 2462//2030 1996//2030
f 1996//2031 2462//2031 2463//2031
f 1996//2032 2463//2032 1997//2032
f 1997//2033 2463//2033 2464//2033
f 1997//2034 2464//2034 1998//2034
f 1998//2035 2464//2035 2465//2035
f 1998//2036 2465//2036 1999//2036
f 1999//2037 2465//2037 2466//2037
f 1999//2038 2466//2038 2457//2038
f 2041//2039 2467//2039 2042//2039
f 2042//2040 2467//2040 2468//2040
f 2042//2041 2468//2041 1993//2041
f 1993//2042 2468//2042 2469//2042
f 1993//2043 2469//2043 1994//2043
f 1994//2044 2469//2044 2470//2044
f 1994//2045 2470//2045 1995//2045
f 1995//2046 2470//2046 2471//2046
f 1995//2047 2471//2047 2462//2047
f 2037//2048 2472//2048 2038//2048
f 2038//2049 2472//2049 2473//2049
f 2038//2050 2473//2050 2039//2050
f 2039//2051 2473//2051 2474//2051
f 2039//2052 2474//2052 2040//2052
f 2040//2053 2474//2053 2475//2053
f 2040//2054 2475//2054 2041//2054
f 2041//2055 2475//2055 2476//2055
f 2041//2056 2476//2056 2467//2056
f 2033//2057 2477//2057 2034//2057
f 2034//2058 2477//2058 2478//2058
f 2034//2059 2478//2059 2035//2059
f 2035//2060 2478//2060 2479//2060
f 2035//2061 2479//2061 2036//2061
f 2036//2062 2479//2062 2480//2062
f 2036//2063 2480//2063 2037//2063
f 2037//2064 2480//2064 2481//2064
f 2037//2065 2481//2065 2472//2065
f 2029//2066 2482//2066 2030//2066
f 2030//2067 2482//2067 2483//2067
f 2030//2068 2483//2068 2031//2068
f 2031//2069 2483//2069 2484//2069
f 2031//2070 2484//2070 2032//2070
f 2032//2071 2484//2071 2485//2071
f 2032//2072 2485//2072 2033//2072
f 2033//2073 2485//2073 2486//2073
f 2033//2074 2486//2074 2477//2074
f 2025//2075 2487//2075 2026//2075
f 2026//2076 2487//2076 2488//2076
f 2026//2077 2488//2077 2027//2077
f 2027//2078 2488//2078 2489//2078
f 2027//2079 2489//2079 2028//2079
f 2028//2080 2489//2080 2490//2080
f 2028//2081 2490//2081 2029//2081
f 2029//2082 2490//2082 2491//2082
f 2029//2083 2491//2083 2482//2083
f 2021//2084 2492//2084 2022//2084
f 2022//2085 2492//2085 2493//2085
f 2022//2086 2493//2086 2023//2086
f 2023//2087 2493//2087 2494//2087
f 2023//2088 2494//2088 2024//2088
f 2024//2089 2494//2089 2495//2089
f 2024//2090 2495//2090 2025//2090
f 2025//2091 2495//2091 2496//2091
f 2025//2092 2496//2092 2487//2092
f 2446//2093 2497//2093 2015//2093
f 2015//2094 2497//2094 2498//2094
f 2015//2095 2498//2095 2016//2095
f 2016//2096 2498//2096 2499//2096
f 2016//2097 2499//2097 2017//2097
f 2017//2098 2499//2098 2500//2098
f 2017//2099 2500//2099 2018//2099
f 2018//2100 2500//2100 2501//2100
f 2018//2101 2501//2101 2019//2101
f 2019//2102 2501//2102 2502//2102
f 2019//959 2502//959 2020//959
f 2020//2103 2502//2103 2503//2103
f 2020//2104 2503//2104 2021//2104
f 2021//2105 2503//2105 2504//2105
f 2021//2106 2504//2106 2492//2106
f 2100//2107 2105//2107 2505//2107
f 2119//2108 2124//2108 2506//2108
f 2138//2109 2143//2109 2507//2109
f 2157//2110 2160//2110 2508//2110
f 2176//2111 2179//2111 2509//2111
f 2195//2112 2196//2112 2510//2112
f 2511//2113 2212//2113 2512//2113
f 2512//2114 2212//2114 2211//2114
f 2513//2115 2199//2115 2201//2115
f 2513//2116 2201//2116 2511//2116
f 2511//2117 2201//2117 2203//2117
f 2511//2118 2203//2118 2212//2118
f 2199//2119 2513//2119 2197//2119
f 2197//2120 2513//2120 2514//2120
f 2197//2121 2514//2121 2043//2121
f 2510//2122 2196//2122 2514//2122
f 2514//2123 2196//2123 2044//2123
f 2514//2124 2044//2124 2043//2124
f 2195//2125 2510//2125 2193//2125
f 2193//2126 2510//2126 2515//2126
f 2193//2127 2515//2127 2191//2127
f 2516//2128 2185//2128 2183//2128
f 2516//2129 2183//2129 2517//2129
f 2183//2130 2181//2130 2517//2130
f 2517//2131 2181//2131 2180//2131
f 2517//2132 2180//2132 2515//2132
f 2515//2133 2180//2133 2189//2133
f 2515//2134 2189//2134 2191//2134
f 2185//2135 2516//2135 2187//2135
f 2187//2136 2516//2136 2518//2136
f 2187//2137 2518//2137 2188//2137
f 2509//2138 2179//2138 2518//2138
f 2518//2139 2179//2139 2178//2139
f 2518//2140 2178//2140 2188//2140
f 2176//2141 2509//2141 2174//2141
f 2174//2142 2509//2142 2519//2142
f 2174//2143 2519//2143 2172//2143
f 2520//2144 2166//2144 2164//2144
f 2520//2145 2164//2145 2521//2145
f 2164//2146 2162//2146 2521//2146
f 2521//2147 2162//2147 2161//2147
f 2521//2148 2161//2148 2519//2148
f 2519//2149 2161//2149 2170//2149
f 2519//2150 2170//2150 2172//2150
f 2166//2151 2520//2151 2168//2151
f 2168//2152 2520//2152 2522//2152
f 2168//2153 2522//2153 2169//2153
f 2508//2154 2160//2154 2522//2154
f 2522//2155 2160//2155 2159//2155
f 2522//2156 2159//2156 2169//2156
f 2157//2157 2508//2157 2155//2157
f 2155//2158 2508//2158 2523//2158
f 2155//2159 2523//2159 2153//2159
f 2524//2160 2149//2160 2147//2160
f 2524//2161 2147//2161 2525//2161
f 2147//2162 2145//2162 2525//2162
f 2525//2163 2145//2163 2144//2163
f 2525//2164 2144//2164 2523//2164
f 2523//2165 2144//2165 2151//2165
f 2523//2166 2151//2166 2153//2166
f 2149//2167 2524//2167 2150//2167
f 2150//2168 2524//2168 2526//2168
f 2150//2169 2526//2169 2140//2169
f 2507//2170 2143//2170 2526//2170
f 2526//2171 2143//2171 2142//2171
f 2526//2172 2142//2172 2140//2172
f 2138//2173 2507//2173 2136//2173
f 2136//2174 2507//2174 2527//2174
f 2136//2175 2527//2175 2134//2175
f 2134//2176 2527//2176 2132//2176
f 2132//2177 2527//2177 2528//2177
f 2132//2178 2528//2178 2125//2178
f 2529//2179 2130//2179 2128//2179
f 2529//2180 2128//2180 2528//2180
f 2528//2181 2128//2181 2126//2181
f 2528//2182 2126//2182 2125//2182
f 2130//2183 2529//2183 2131//2183
f 2131//2184 2529//2184 2530//2184
f 2131//2185 2530//2185 2121//2185
f 2506//2186 2124//2186 2530//2186
f 2530//2187 2124//2187 2123//2187
f 2530//2188 2123//2188 2121//2188
f 2119//2189 2506//2189 2117//2189
f 2117//2190 2506//2190 2531//2190
f 2117//2191 2531//2191 2115//2191
f 2115//2192 2531//2192 2113//2192
f 2113//2193 2531//2193 2532//2193
f 2113//2194 2532//2194 2106//2194
f 2533//2195 2111//2195 2109//2195
f 2533//2196 2109//2196 2532//2196
f 2532//2197 2109//2197 2107//2197
f 2532//2198 2107//2198 2106//2198
f 2111//2199 2533//2199 2112//2199
f 2112//2200 2533//2200 2534//2200
f 2112//2201 2534//2201 2102//2201
f 2505//2202 2105//2202 2534//2202
f 2534//2203 2105//2203 2104//2203
f 2534//2204 2104//2204 2102//2204
f 2100//2205 2505//2205 2098//2205
f 2098//2206 2505//2206 2535//2206
f 2098//2207 2535//2207 2096//2207
f 2096//2208 2535//2208 2094//2208
f 2094//2209 2535//2209 2536//2209
f 2094//2210 2536//2210 2092//2210
f 2211//2211 2209//2211 2512//2211
f 2512//2212 2209//2212 2207//2212
f 2512//2213 2207//2213 2537//2213
f 2537//2214 2207//2214 2205//2214
f 2537//2215 2205//2215 2536//2215
f 2536//2216 2205//2216 2204//2216
f 2536//2217 2204//2217 2092//2217
f 2538//2218 2539//2218 2540//2218
f 2541//2219 2542//2219 2543//2219
f 2544//2220 2545//2220 2546//2220
f 2547//2221 2548//2221 2549//2221
f 2550//2222 2551//2222 2504//2222
f 2504//2223 2551//2223 2492//2223
f 2492//2224 2551//2224 2552//2224
f 2492//2225 2552//2225 2493//2225
f 2493//2226 2552//2226 2494//2226
f 2494//2227 2552//2227 2553//2227
f 2494//2228 2553//2228 2495//2228
f 2495//2229 2553//2229 2496//2229
f 2496//2230 2553//2230 2554//2230
f 2496//2231 2554//2231 2487//2231
f 2487//2232 2554//2232 2555//2232
f 2487//2233 2555//2233 2488//2233
f 2488//2234 2555//2234 2489//2234
f 2489//2235 2555//2235 2556//2235
f 2489//2236 2556//2236 2490//2236
f 2490//2237 2556//2237 2491//2237
f 2491//2238 2556//2238 2557//2238
f 2491//2239 2557//2239 2482//2239
f 2482//2240 2557//2240 2558//2240
f 2482//2241 2558//2241 2483//2241
f 2483//2242 2558//2242 2484//2242
f 2484//2243 2558//2243 2559//2243
f 2484//2244 2559//2244 2485//2244
f 2485//2245 2559//2245 2486//2245
f 2486//2246 2559//2246 2560//2246
f 2486//2247 2560//2247 2477//2247
f 2477//2248 2560//2248 2561//2248
f 2477//2249 2561//2249 2478//2249
f 2478//2250 2561//2250 2479//2250
f 2479//2251 2561//2251 2562//2251
f 2479//2252 2562//2252 2480//2252
f 2480//2253 2562//2253 2481//2253
f 2481//2254 2562//2254 2563//2254
f 2481//2255 2563//2255 2472//2255
f 2472//2256 2563//2256 2564//2256
f 2472//2257 2564//2257 2473//2257
f 2469//2258 2468//2258 2565//2258
f 2565//2259 2468//2259 2467//2259
f 2565//2260 2467//2260 2566//2260
f 2566//2261 2467//2261 2476//2261
f 2566//2262 2476//2262 2567//2262
f 2567//2263 2476//2263 2475//2263
f 2567//2264 2475//2264 2564//2264
f 2564//2265 2475//2265 2474//2265
f 2564//2266 2474//2266 2473//2266
f 2469//2267 2565//2267 2470//2267
f 2470//2268 2565//2268 2568//2268
f 2470//2269 2568//2269 2471//2269
f 2471//2270 2568//2270 2569//2270
f 2471//2271 2569//2271 2462//2271
f 2462//2272 2569//2272 2570//2272
f 2462//2273 2570//2273 2463//2273
f 2459//2274 2458//2274 2571//2274
f 2571//2275 2458//2275 2457//2275
f 2571//2276 2457//2276 2572//2276
f 2572//2277 2457//2277 2466//2277
f 2572//2278 2466//2278 2573//2278
f 2573//2279 2466//2279 2465//2279
f 2573//2280 2465//2280 2570//2280
f 2570//2281 2465//2281 2464//2281
f 2570//2282 2464//2282 2463//2282
f 2459//2283 2571//2283 2460//2283
f 2460//2284 2571//2284 2574//2284
f 2460//2285 2574//2285 2461//2285
f 2461//2286 2574//2286 2575//2286
f 2461//2287 2575//2287 2452//2287
f 2452//2288 2575//2288 2576//2288
f 2452//2289 2576//2289 2453//2289
f 2449//2290 2448//2290 2577//2290
f 2577//2291 2448//2291 2447//2291
f 2577//2292 2447//2292 2578//2292
f 2578//2293 2447//2293 2456//2293
f 2578//2294 2456//2294 2579//2294
f 2579//2295 2456//2295 2455//2295
f 2579//2296 2455//2296 2576//2296
f 2576//2297 2455//2297 2454//2297
f 2576//2298 2454//2298 2453//2298
f 2449//2299 2577//2299 2450//2299
f 2450//2300 2577//2300 2580//2300
f 2450//2301 2580//2301 2451//2301
f 2451//2302 2580//2302 2581//2302
f 2451//2303 2581//2303 2443//2303
f 2443//2304 2581//2304 2582//2304
f 2443//2305 2582//2305 2444//2305
f 2583//2306 2498//2306 2584//2306
f 2584//2307 2498//2307 2497//2307
f 2584//2308 2497//2308 2585//2308
f 2585//2309 2497//2309 2446//2309
f 2585//2310 2446//2310 2582//2310
f 2582//2311 2446//2311 2445//2311
f 2582//2312 2445//2312 2444//2312
f 2501//2313 2500//2313 2583//2313
f 2583//2314 2500//2314 2499//2314
f 2583//2315 2499//2315 2498//2315
f 2504//2316 2503//2316 2550//2316
f 2550//2317 2503//2317 2502//2317
f 2550//2318 2502//2318 2586//2318
f 2586//2319 2502//2319 2501//2319
f 2586//2320 2501//2320 2587//2320
f 2587//2321 2501//2321 2583//2321
f 2588//2322 2589//2322 2590//2322
f 2588//2323 2590//2323 2591//2323
f 2549//2324 2548//2324 2588//2324
f 2588//2322 2548//2322 2592//2322
f 2588//2322 2592//2322 2589//2322
f 2547//2221 2549//2221 2593//2221
f 2593//2325 2549//2325 2594//2325
f 2593//2326 2594//2326 2595//2326
f 2596//2327 2597//2327 2598//2327
f 2596//2328 2598//2328 2599//2328
f 2598//2329 2600//2329 2599//2329
f 2599//2329 2600//2329 2601//2329
f 2599//2330 2601//2330 2594//2330
f 2594//2326 2601//2326 2602//2326
f 2594//2326 2602//2326 2595//2326
f 2603//2331 2604//2331 2605//2331
f 2603//2332 2605//2332 2606//2332
f 2605//2333 2607//2333 2606//2333
f 2606//2333 2607//2333 2608//2333
f 2606//2334 2608//2334 2596//2334
f 2596//2327 2608//2327 2609//2327
f 2596//2327 2609//2327 2597//2327
f 2546//2335 2545//2335 2603//2335
f 2603//2331 2545//2331 2610//2331
f 2603//2331 2610//2331 2604//2331
f 2544//2220 2546//2220 2611//2220
f 2611//2336 2546//2336 2612//2336
f 2611//2337 2612//2337 2613//2337
f 2614//2338 2615//2338 2612//2338
f 2612//2337 2615//2337 2616//2337
f 2612//2337 2616//2337 2613//2337
f 2617//2339 2618//2339 2619//2339
f 2619//2339 2618//2339 2620//2339
f 2619//2340 2620//2340 2614//2340
f 2614//2341 2620//2341 2621//2341
f 2614//2341 2621//2341 2615//2341
f 2617//2339 2619//2339 2622//2339
f 2622//2342 2619//2342 2623//2342
f 2622//2343 2623//2343 2624//2343
f 2624//2344 2623//2344 2625//2344
f 2624//2345 2625//2345 2626//2345
f 2627//2346 2628//2346 2629//2346
f 2629//2346 2628//2346 2630//2346
f 2629//2347 2630//2347 2625//2347
f 2625//2345 2630//2345 2631//2345
f 2625//2345 2631//2345 2626//2345
f 2627//2346 2629//2346 2632//2346
f 2632//2348 2629//2348 2633//2348
f 2632//2349 2633//2349 2634//2349
f 2634//2349 2633//2349 2635//2349
f 2635//2350 2633//2350 2636//2350
f 2635//2351 2636//2351 2637//2351
f 2638//2352 2639//2352 2640//2352
f 2638//2353 2640//2353 2636//2353
f 2636//2351 2640//2351 2641//2351
f 2636//2351 2641//2351 2637//2351
f 2639//2352 2638//2352 2642//2352
f 2642//2354 2638//2354 2643//2354
f 2642//2355 2643//2355 2644//2355
f 2645//2356 2646//2356 2647//2356
f 2645//2357 2647//2357 2643//2357
f 2643//2355 2647//2355 2648//2355
f 2643//2355 2648//2355 2644//2355
f 2646//2356 2645//2356 2649//2356
f 2649//2358 2645//2358 2650//2358
f 2649//2359 2650//2359 2651//2359
f 2543//2360 2542//2360 2650//2360
f 2650//2359 2542//2359 2652//2359
f 2650//2359 2652//2359 2651//2359
f 2541//2219 2543//2219 2653//2219
f 2653//2361 2543//2361 2654//2361
f 2653//2362 2654//2362 2655//2362
f 2656//2363 2657//2363 2658//2363
f 2656//2364 2658//2364 2659//2364
f 2658//2365 2660//2365 2659//2365
f 2659//2365 2660//2365 2661//2365
f 2659//2366 2661//2366 2654//2366
f 2654//2362 2661//2362 2662//2362
f 2654//2362 2662//2362 2655//2362
f 2663//2367 2664//2367 2665//2367
f 2663//2368 2665//2368 2666//2368
f 2665//2369 2667//2369 2666//2369
f 2666//2369 2667//2369 2668//2369
f 2666//2370 2668//2370 2656//2370
f 2656//2363 2668//2363 2669//2363
f 2656//2363 2669//2363 2657//2363
f 2540//2371 2539//2371 2663//2371
f 2663//2367 2539//2367 2670//2367
f 2663//2367 2670//2367 2664//2367
f 2538//2218 2540//2218 2671//2218
f 2671//2372 2540//2372 2672//2372
f 2671//2373 2672//2373 2673//2373
f 2674//2374 2675//2374 2672//2374
f 2672//2373 2675//2373 2676//2373
f 2672//2373 2676//2373 2673//2373
f 2677//2375 2678//2375 2679//2375
f 2679//2375 2678//2375 2680//2375
f 2679//2376 2680//2376 2674//2376
f 2674//2377 2680//2377 2681//2377
f 2674//2377 2681//2377 2675//2377
f 2677//2375 2679//2375 2682//2375
f 2682//2378 2679//2378 2683//2378
f 2682//2379 2683//2379 2684//2379
f 2684//2380 2683//2380 2685//2380
f 2684//2381 2685//2381 2686//2381
f 2687//2382 2688//2382 2689//2382
f 2689//2382 2688//2382 2690//2382
f 2689//2383 2690//2383 2685//2383
f 2685//2381 2690//2381 2691//2381
f 2685//2381 2691//2381 2686//2381
f 2687//2382 2689//2382 2692//2382
f 2692//2384 2689//2384 2693//2384
f 2692//2385 2693//2385 2694//2385
f 2694//2385 2693//2385 2695//2385
f 2695//2386 2693//2386 2696//2386
f 2695//2387 2696//2387 2697//2387
f 2698//2388 2699//2388 2700//2388
f 2698//2389 2700//2389 2696//2389
f 2696//2387 2700//2387 2701//2387
f 2696//2387 2701//2387 2697//2387
f 2699//2388 2698//2388 2702//2388
f 2702//2390 2698//2390 2703//2390
f 2702//2391 2703//2391 2704//2391
f 2590//2392 2705//2392 2591//2392
f 2591//2392 2705//2392 2706//2392
f 2591//2393 2706//2393 2703//2393
f 2703//2391 2706//2391 2707//2391
f 2703//2391 2707//2391 2704//2391
f 2643//2394 2708//2394 2645//2394
f 2645//2395 2708//2395 2709//2395
f 2645//2396 2709//2396 2650//2396
f 2650//2397 2709//2397 2710//2397
f 2650//2398 2710//2398 2543//2398
f 2543//2399 2710//2399 2711//2399
f 2543//2400 2711//2400 2654//2400
f 2654//2401 2711//2401 2712//2401
f 2654//2402 2712//2402 2659//2402
f 2659//2403 2712//2403 2713//2403
f 2659//2404 2713//2404 2656//2404
f 2656//2405 2713//2405 2714//2405
f 2656//2406 2714//2406 2666//2406
f 2666//2407 2714//2407 2715//2407
f 2666//2408 2715//2408 2663//2408
f 2663//2409 2715//2409 2716//2409
f 2663//2410 2716//2410 2540//2410
f 2540//2411 2716//2411 2717//2411
f 2540//2412 2717//2412 2672//2412
f 2672//2413 2717//2413 2718//2413
f 2672//2414 2718//2414 2674//2414
f 2674//2415 2718//2415 2719//2415
f 2674//2416 2719//2416 2679//2416
f 2679//2417 2719//2417 2720//2417
f 2679//2418 2720//2418 2683//2418
f 2683//2419 2720//2419 2721//2419
f 2683//2420 2721//2420 2685//2420
f 2685//2421 2721//2421 2722//2421
f 2685//2422 2722//2422 2689//2422
f 2689//2423 2722//2423 2723//2423
f 2689//2424 2723//2424 2693//2424
f 2693//2425 2723//2425 2724//2425
f 2693//2426 2724//2426 2696//2426
f 2696//2427 2724//2427 2725//2427
f 2696//2428 2725//2428 2698//2428
f 2698//2429 2725//2429 2726//2429
f 2698//2430 2726//2430 2703//2430
f 2703//2431 2726//2431 2727//2431
f 2703//2432 2727//2432 2591//2432
f 2591//2433 2727//2433 2728//2433
f 2591//2434 2728//2434 2588//2434
f 2588//2435 2728//2435 2729//2435
f 2588//2436 2729//2436 2549//2436
f 2549//2437 2729//2437 2730//2437
f 2549//2438 2730//2438 2594//2438
f 2594//2439 2730//2439 2731//2439
f 2594//2440 2731//2440 2599//2440
f 2599//2441 2731//2441 2732//2441
f 2599//2442 2732//2442 2596//2442
f 2596//2443 2732//2443 2733//2443
f 2596//2444 2733//2444 2606//2444
f 2606//2445 2733//2445 2734//2445
f 2606//2446 2734//2446 2603//2446
f 2603//2447 2734//2447 2735//2447
f 2603//2448 2735//2448 2546//2448
f 2546//2449 2735//2449 2736//2449
f 2546//2450 2736//2450 2612//2450
f 2612//2451 2736//2451 2737//2451
f 2612//2452 2737//2452 2614//2452
f 2614//2453 2737//2453 2738//2453
f 2614//2454 2738//2454 2619//2454
f 2619//2455 2738//2455 2739//2455
f 2619//2456 2739//2456 2623//2456
f 2623//2457 2739//2457 2740//2457
f 2623//2458 2740//2458 2625//2458
f 2625//2459 2740//2459 2741//2459
f 2625//2460 2741//2460 2629//2460
f 2629//2461 2741//2461 2742//2461
f 2629//2462 2742//2462 2633//2462
f 2633//2463 2742//2463 2743//2463
f 2633//2464 2743//2464 2636//2464
f 2636//2465 2743//2465 2744//2465
f 2636//2466 2744//2466 2638//2466
f 2638//2467 2744//2467 2745//2467
f 2638//2468 2745//2468 2643//2468
f 2643//2469 2745//2469 2708//2469
f 2745//2470 2746//2470 2708//2470
f 2708//2471 2746//2471 2747//2471
f 2708//2472 2747//2472 2709//2472
f 2709//2473 2747//2473 2748//2473
f 2709//2474 2748//2474 2710//2474
f 2710//2475 2748//2475 2749//2475
f 2710//2476 2749//2476 2711//2476
f 2711//2477 2749//2477 2750//2477
f 2711//2478 2750//2478 2712//2478
f 2712//2479 2750//2479 2751//2479
f 2712//2480 2751//2480 2713//2480
f 2713//2481 2751//2481 2752//2481
f 2713//2482 2752//2482 2714//2482
f 2714//2483 2752//2483 2753//2483
f 2714//2484 2753//2484 2715//2484
f 2715//2485 2753//2485 2754//2485
f 2715//2486 2754//2486 2716//2486
f 2716//2487 2754//2487 2755//2487
f 2716//2488 2755//2488 2717//2488
f 2717//2489 2755//2489 2756//2489
f 2717//2490 2756//2490 2718//2490
f 2718//2491 2756//2491 2757//2491
f 2718//2492 2757//2492 2719//2492
f 2719//2493 2757//2493 2758//2493
f 2719//2494 2758//2494 2720//2494
f 2720//2495 2758//2495 2759//2495
f 2720//2496 2759//2496 2721//2496
f 2721//2497 2759//2497 2760//2497
f 2721//2498 2760//2498 2722//2498
f 2722//2499 2760//2499 2761//2499
f 2722//2500 2761//2500 2723//2500
f 2723//2501 2761//2501 2762//2501
f 2723//2502 2762//2502 2724//2502
f 2724//2503 2762//2503 2763//2503
f 2724//2504 2763//2504 2725//2504
f 2725//2505 2763//2505 2764//2505
f 2725//2506 2764//2506 2726//2506
f 2726//2507 2764//2507 2765//2507
f 2726//2508 2765//2508 2727//2508
f 2727//2509 2765//2509 2766//2509
f 2727//2510 2766//2510 2728//2510
f 2728//2511 2766//2511 2767//2511
f 2728//2512 2767//2512 2729//2512
f 2729//2513 2767//2513 2768//2513
f 2729//2514 2768//2514 2730//2514
f 2730//2515 2768//2515 2769//2515
f 2730//2516 2769//2516 2731//2516
f 2731//2517 2769//2517 2770//2517
f 2731//2518 2770//2518 2732//2518
f 2732//2519 2770//2519 2771//2519
f 2732//2520 2771//2520 2733//2520
f 2733//2521 2771//2521 2772//2521
f 2733//2522 2772//2522 2734//2522
f 2734//2523 2772//2523 2773//2523
f 2734//2524 2773//2524 2735//2524
f 2735//2525 2773//2525 2774//2525
f 2735//2526 2774//2526 2736//2526
f 2736//2527 2774//2527 2775//2527
f 2736//2528 2775//2528 2737//2528
f 2737//2529 2775//2529 2776//2529
f 2737//2530 2776//2530 2738//2530
f 2738//2531 2776//2531 2777//2531
f 2738//2532 2777//2532 2739//2532
f 2739//2533 2777//2533 2778//2533
f 2739//2534 2778//2534 2740//2534
f 2740//2535 2778//2535 2779//2535
f 2740//2536 2779//2536 2741//2536
f 2741//2537 2779//2537 2780//2537
f 2741//2538 2780//2538 2742//2538
f 2742//2539 2780//2539 2781//2539
f 2742//2540 2781//2540 2743//2540
f 2743//2541 2781//2541 2782//2541
f 2743//2542 2782//2542 2744//2542
f 2744//2543 2782//2543 2783//2543
f 2744//2544 2783//2544 2745//2544
f 2745//2545 2783//2545 2746//2545
f 2783//2546 2586//2546 2746//2546
f 2746//2547 2586//2547 2587//2547
f 2746//2548 2587//2548 2747//2548
f 2747//2549 2587//2549 2583//2549
f 2747//2550 2583//2550 2748//2550
f 2748//2551 2583//2551 2584//2551
f 2748//2552 2584//2552 2749//2552
f 2749//2553 2584//2553 2585//2553
f 2749//2554 2585//2554 2750//2554
f 2750//2555 2585//2555 2582//2555
f 2750//2556 2582//2556 2751//2556
f 2751//2557 2582//2557 2581//2557
f 2751//2558 2581//2558 2752//2558
f 2752//2559 2581//2559 2580//2559
f 2752//2560 2580//2560 2753//2560
f 2753//2561 2580//2561 2577//2561
f 2753//2562 2577//2562 2754//2562
f 2754//2563 2577//2563 2578//2563
f 2754//2564 2578//2564 2755//2564
f 2755//2565 2578//2565 2579//2565
f 2755//2566 2579//2566 2756//2566
f 2756//2567 2579//2567 2576//2567
f 2756//2568 2576//2568 2757//2568
f 2757//2569 2576//2569 2575//2569
f 2757//2570 2575//2570 2758//2570
f 2758//2571 2575//2571 2574//2571
f 2758//2572 2574//2572 2759//2572
f 2759//2573 2574//2573 2571//2573
f 2759//2574 2571//2574 2760//2574
f 2760//2575 2571//2575 2572//2575
f 2760//2576 2572//2576 2761//2576
f 2761//2577 2572//2577 2573//2577
f 2761//2578 2573//2578 2762//2578
f 2762//2579 2573//2579 2570//2579
f 2762//2580 2570//2580 2763//2580
f 2763//2581 2570//2581 2569//2581
f 2763//2582 2569//2582 2764//2582
f 2764//2583 2569//2583 2568//2583
f 2764//2584 2568//2584 2765//2584
f 2765//2585 2568//2585 2565//2585
f 2765//2586 2565//2586 2766//2586
f 2766//2587 2565//2587 2566//2587
f 2766//2588 2566//2588 2767//2588
f 2767//2589 2566//2589 2567//2589
f 2767//2590 2567//2590 2768//2590
f 2768//2591 2567//2591 2564//2591
f 2768//2592 2564//2592 2769//2592
f 2769//2593 2564//2593 2563//2593
f 2769//2594 2563//2594 2770//2594
f 2770//2595 2563//2595 2562//2595
f 2770//2596 2562//2596 2771//2596
f 2771//2597 2562//2597 2561//2597
f 2771//2598 2561//2598 2772//2598
f 2772//2599 2561//2599 2560//2599
f 2772//2600 2560//2600 2773//2600
f 2773//2601 2560//2601 2559//2601
f 2773//2602 2559//2602 2774//2602
f 2774//2603 2559//2603 2558//2603
f 2774//2604 2558//2604 2775//2604
f 2775//2605 2558//2605 2557//2605
f 2775//2606 2557//2606 2776//2606
f 2776//2607 2557//2607 2556//2607
f 2776//2608 2556//2608 2777//2608
f 2777//2609 2556//2609 2555//2609
f 2777//2610 2555//2610 2778//2610
f 2778//2611 2555//2611 2554//2611
f 2778//2612 2554//2612 2779//2612
f 2779//2613 2554//2613 2553//2613
f 2779//2614 2553//2614 2780//2614
f 2780//2615 2553//2615 2552//2615
f 2780//2616 2552//2616 2781//2616
f 2781//2617 2552//2617 2551//2617
f 2781//2618 2551//2618 2782//2618
f 2782//2619 2551//2619 2550//2619
f 2782//2620 2550//2620 2783//2620
f 2783//2621 2550//2621 2586//2621
f 2541//1 2511//1 2542//1
f 2542//1 2511//1 2512//1
f 2542//1 2512//1 2652//1
f 2652//1 2512//1 2651//1
f 2541//1 2653//1 2511//1
f 2511//1 2653//1 2655//1
f 2511//1 2655//1 2513//1
f 2607//1 2528//1 2608//1
f 2608//1 2528//1 2527//1
f 2608//1 2527//1 2609//1
f 2609//1 2527//1 2597//1
f 2618//1 2617//1 2531//1
f 2531//1 2617//1 2622//1
f 2531//1 2622//1 2532//1
f 2532//1 2622//1 2624//1
f 2532//1 2624//1 2533//1
f 2533//1 2624//1 2626//1
f 2533//1 2626//1 2631//1
f 2644//1 2648//1 2536//1
f 2632//1 2634//1 2534//1
f 2534//1 2634//1 2505//1
f 2641//1 2535//1 2637//1
f 2637//1 2535//1 2505//1
f 2637//1 2505//1 2635//1
f 2635//1 2505//1 2634//1
f 2536//1 2648//1 2537//1
f 2680//1 2678//1 2518//1
f 2518//1 2678//1 2509//1
f 2684//1 2519//1 2682//1
f 2682//1 2519//1 2509//1
f 2682//1 2509//1 2677//1
f 2677//1 2509//1 2678//1
f 2592//1 2548//1 2524//1
f 2524//1 2548//1 2547//1
f 2524//1 2547//1 2526//1
f 2526//1 2547//1 2593//1
f 2526//1 2593//1 2595//1
f 2595//1 2602//1 2526//1
f 2526//1 2602//1 2601//1
f 2526//1 2601//1 2507//1
f 2507//1 2601//1 2600//1
f 2507//1 2600//1 2527//1
f 2527//1 2600//1 2598//1
f 2527//1 2598//1 2597//1
f 2631//1 2630//1 2533//1
f 2533//1 2630//1 2628//1
f 2533//1 2628//1 2534//1
f 2534//1 2628//1 2627//1
f 2534//1 2627//1 2632//1
f 2648//1 2647//1 2537//1
f 2537//1 2647//1 2646//1
f 2537//1 2646//1 2512//1
f 2512//1 2646//1 2649//1
f 2512//1 2649//1 2651//1
f 2660//1 2514//1 2661//1
f 2661//1 2514//1 2513//1
f 2661//1 2513//1 2662//1
f 2662//1 2513//1 2655//1
f 2690//1 2521//1 2691//1
f 2691//1 2521//1 2519//1
f 2691//1 2519//1 2686//1
f 2686//1 2519//1 2684//1
f 2669//1 2510//1 2657//1
f 2657//1 2510//1 2514//1
f 2657//1 2514//1 2658//1
f 2658//1 2514//1 2660//1
f 2690//1 2688//1 2521//1
f 2521//1 2688//1 2687//1
f 2521//1 2687//1 2520//1
f 2520//1 2687//1 2692//1
f 2520//1 2692//1 2694//1
f 2592//1 2524//1 2589//1
f 2589//1 2524//1 2525//1
f 2589//1 2525//1 2590//1
f 2616//1 2615//1 2506//1
f 2506//1 2615//1 2621//1
f 2506//1 2621//1 2531//1
f 2531//1 2621//1 2620//1
f 2531//1 2620//1 2618//1
f 2641//1 2640//1 2535//1
f 2535//1 2640//1 2639//1
f 2535//1 2639//1 2536//1
f 2536//1 2639//1 2642//1
f 2536//1 2642//1 2644//1
f 2673//1 2676//1 2516//1
f 2516//1 2676//1 2675//1
f 2516//1 2675//1 2518//1
f 2518//1 2675//1 2681//1
f 2518//1 2681//1 2680//1
f 2616//1 2506//1 2613//1
f 2613//1 2506//1 2530//1
f 2613//1 2530//1 2611//1
f 2699//1 2702//1 2508//1
f 2508//1 2702//1 2704//1
f 2508//1 2704//1 2523//1
f 2607//1 2605//1 2528//1
f 2528//1 2605//1 2604//1
f 2528//1 2604//1 2529//1
f 2669//1 2668//1 2510//1
f 2510//1 2668//1 2667//1
f 2510//1 2667//1 2515//1
f 2515//1 2667//1 2665//1
f 2515//1 2665//1 2664//1
f 2664//1 2670//1 2515//1
f 2515//1 2670//1 2539//1
f 2515//1 2539//1 2517//1
f 2517//1 2539//1 2538//1
f 2517//1 2538//1 2516//1
f 2516//1 2538//1 2671//1
f 2516//1 2671//1 2673//1
f 2694//1 2695//1 2520//1
f 2520//1 2695//1 2697//1
f 2520//1 2697//1 2522//1
f 2522//1 2697//1 2701//1
f 2522//1 2701//1 2508//1
f 2508//1 2701//1 2700//1
f 2508//1 2700//1 2699//1
f 2704//1 2707//1 2523//1
f 2523//1 2707//1 2706//1
f 2523//1 2706//1 2525//1
f 2525//1 2706//1 2705//1
f 2525//1 2705//1 2590//1
f 2604//1 2610//1 2529//1
f 2529//1 2610//1 2545//1
f 2529//1 2545//1 2530//1
f 2530//1 2545//1 2544//1
f 2530//1 2544//1 2611//1
f 2784//2622 2785//2622 2786//2622
f 2786//2622 2785//2622 2787//2622
f 2785//2623 2784//2623 2788//2623
f 2788//2623 2784//2623 2789//2623
f 2787//2624 2790//2624 2786//2624
f 2786//2624 2790//2624 2791//2624
f 2792//2624 2788//2624 2793//2624
f 2793//2624 2788//2624 2789//2624
f 2794//2623 2795//2623 2790//2623
f 2790//2623 2795//2623 2791//2623
f 2796//2622 2797//2622 2793//2622
f 2793//2622 2797//2622 2792//2622
f 2795//2622 2794//2622 2798//2622
f 2798//2622 2794//2622 2799//2622
f 2797//2623 2796//2623 2800//2623
f 2800//2623 2796//2623 2801//2623
f 2799//2624 2802//2624 2798//2624
f 2798//2624 2802//2624 2803//2624
f 2804//2624 2800//2624 2805//2624
f 2805//2624 2800//2624 2801//2624
f 2806//2623 2807//2623 2802//2623
f 2802//2623 2807//2623 2803//2623
f 2808//2622 2809//2622 2805//2622
f 2805//2622 2809//2622 2804//2622
f 2807//2622 2806//2622 2810//2622
f 2810//2622 2806//2622 2811//2622
f 2809//2623 2808//2623 2812//2623
f 2812//2623 2808//2623 2813//2623
f 2814//2624 2815//2624 2811//2624
f 2811//2624 2815//2624 2810//2624
f 2816//2624 2812//2624 2817//2624
f 2817//2624 2812//2624 2813//2624
f 2818//2623 2815//2623 2819//2623
f 2819//2623 2815//2623 2814//2623
f 2820//2622 2821//2622 2817//2622
f 2817//2622 2821//2622 2816//2622
f 2822//2622 2823//2622 2819//2622
f 2819//2622 2823//2622 2818//2622
f 2821//2623 2820//2623 2824//2623
f 2824//2623 2820//2623 2825//2623
f 2822//2624 2826//2624 2823//2624
f 2823//2624 2826//2624 2827//2624
f 2828//2624 2824//2624 2829//2624
f 2829//2624 2824//2624 2825//2624
f 2830//2623 2827//2623 2831//2623
f 2831//2623 2827//2623 2826//2623
f 2832//2622 2833//2622 2829//2622
f 2829//2622 2833//2622 2828//2622
f 2834//2622 2835//2622 2831//2622
f 2831//2622 2835//2622 2830//2622
f 2833//2623 2832//2623 2836//2623
f 2836//2623 2832//2623 2837//2623
f 2834//2624 2838//2624 2835//2624
f 2835//2624 2838//2624 2839//2624
f 2840//2624 2836//2624 2841//2624
f 2841//2624 2836//2624 2837//2624
f 2842//2623 2839//2623 2843//2623
f 2843//2623 2839//2623 2838//2623
f 2844//2622 2845//2622 2841//2622
f 2841//2622 2845//2622 2840//2622
f 2846//2622 2847//2622 2843//2622
f 2843//2622 2847//2622 2842//2622
f 2845//2623 2844//2623 2848//2623
f 2848//2623 2844//2623 2849//2623
f 2846//2624 2850//2624 2847//2624
f 2847//2624 2850//2624 2851//2624
f 2852//2624 2848//2624 2853//2624
f 2853//2624 2848//2624 2849//2624
f 2854//2623 2851//2623 2855//2623
f 2855//2623 2851//2623 2850//2623
f 2856//2622 2857//2622 2853//2622
f 2853//2622 2857//2622 2852//2622
f 2858//2622 2859//2622 2855//2622
f 2855//2622 2859//2622 2854//2622
f 2857//2623 2856//2623 2860//2623
f 2860//2623 2856//2623 2861//2623
f 2858//2624 2862//2624 2859//2624
f 2859//2624 2862//2624 2863//2624
f 2864//2624 2860//2624 2865//2624
f 2865//2624 2860//2624 2861//2624
f 2866//2623 2863//2623 2867//2623
f 2867//2623 2863//2623 2862//2623
f 2868//2622 2869//2622 2865//2622
f 2865//2622 2869//2622 2864//2622
f 2870//2622 2871//2622 2867//2622
f 2867//2622 2871//2622 2866//2622
f 2869//2623 2868//2623 2872//2623
f 2872//2623 2868//2623 2873//2623
f 2870//2624 2874//2624 2871//2624
f 2871//2624 2874//2624 2875//2624
f 2876//2624 2872//2624 2877//2624
f 2877//2624 2872//2624 2873//2624
f 2878//2623 2875//2623 2879//2623
f 2879//2623 2875//2623 2874//2623
f 2880//2622 2881//2622 2877//2622
f 2877//2622 2881//2622 2876//2622
f 2882//2622 2883//2622 2879//2622
f 2879//2622 2883//2622 2878//2622
f 2881//2623 2880//2623 2884//2623
f 2884//2623 2880//2623 2885//2623
f 2882//2624 2886//2624 2883//2624
f 2883//2624 2886//2624 2887//2624
f 2888//2624 2884//2624 2889//2624
f 2889//2624 2884//2624 2885//2624
f 2890//2623 2887//2623 2891//2623
f 2891//2623 2887//2623 2886//2623
f 2892//2622 2893//2622 2889//2622
f 2889//2622 2893//2622 2888//2622
f 2894//2622 2895//2622 2891//2622
f 2891//2622 2895//2622 2890//2622
f 2893//2623 2892//2623 2896//2623
f 2896//2623 2892//2623 2897//2623
f 2894//2624 2898//2624 2895//2624
f 2895//2624 2898//2624 2899//2624
f 2900//2624 2896//2624 2901//2624
f 2901//2624 2896//2624 2897//2624
f 2902//2623 2899//2623 2903//2623
f 2903//2623 2899//2623 2898//2623
f 2904//2622 2905//2622 2901//2622
f 2901//2622 2905//2622 2900//2622
f 2906//2622 2907//2622 2903//2622
f 2903//2622 2907//2622 2902//2622
f 2905//2623 2904//2623 2908//2623
f 2908//2623 2904//2623 2909//2623
f 2910//2624 2908//2624 2911//2624
f 2911//2624 2908//2624 2909//2624
f 2912//2625 2913//2625 2914//2625
f 2912//2626 2914//2626 2915//2626
f 2915//2627 2914//2627 2916//2627
f 2915//2628 2916//2628 2917//2628
f 2918//2629 2919//2629 2920//2629
f 2918//2630 2920//2630 2921//2630
f 2921//2631 2920//2631 2922//2631
f 2921//2632 2922//2632 2923//2632
f 2924//2633 2925//2633 2926//2633
f 2924//2634 2926//2634 2927//2634
f 2927//2635 2926//2635 2928//2635
f 2927//2636 2928//2636 2929//2636
f 2929//2637 2928//2637 2907//2637
f 2929//2638 2907//2638 2906//2638
f 2866//2639 2871//2639 2875//2639
f 2847//2639 2851//2639 2842//2639
f 2842//2639 2851//2639 2854//2639
f 2883//2639 2887//2639 2878//2639
f 2878//2639 2887//2639 2890//2639
f 2878//2639 2890//2639 2930//2639
f 2868//2639 2865//2639 2861//2639
f 2796//2639 2793//2639 2789//2639
f 2807//2639 2810//2639 2815//2639
f 2926//2639 2925//2639 2928//2639
f 2928//2639 2925//2639 2902//2639
f 2928//2639 2902//2639 2907//2639
f 2911//2639 2909//2639 2931//2639
f 2931//2639 2909//2639 2904//2639
f 2832//2639 2829//2639 2825//2639
f 2805//2639 2801//2639 2808//2639
f 2808//2639 2801//2639 2796//2639
f 2823//2639 2827//2639 2818//2639
f 2818//2639 2827//2639 2830//2639
f 2818//2639 2830//2639 2932//2639
f 2841//2639 2837//2639 2844//2639
f 2844//2639 2837//2639 2832//2639
f 2798//2639 2803//2639 2795//2639
f 2795//2639 2803//2639 2807//2639
f 2786//2639 2791//2639 2784//2639
f 2784//2639 2791//2639 2795//2639
f 2784//2639 2795//2639 2932//2639
f 2932//2639 2795//2639 2807//2639
f 2932//2639 2807//2639 2818//2639
f 2818//2639 2807//2639 2815//2639
f 2853//2639 2849//2639 2856//2639
f 2856//2639 2849//2639 2844//2639
f 2856//2639 2844//2639 2932//2639
f 2932//2639 2844//2639 2832//2639
f 2932//2639 2832//2639 2820//2639
f 2820//2639 2832//2639 2825//2639
f 2817//2639 2813//2639 2820//2639
f 2820//2639 2813//2639 2808//2639
f 2820//2639 2808//2639 2932//2639
f 2932//2639 2808//2639 2796//2639
f 2932//2639 2796//2639 2784//2639
f 2784//2639 2796//2639 2789//2639
f 2877//2639 2873//2639 2880//2639
f 2880//2639 2873//2639 2868//2639
f 2859//2639 2863//2639 2854//2639
f 2854//2639 2863//2639 2866//2639
f 2889//2639 2885//2639 2892//2639
f 2892//2639 2885//2639 2880//2639
f 2933//2639 2934//2639 2935//2639
f 2861//2639 2856//2639 2868//2639
f 2868//2639 2856//2639 2932//2639
f 2868//2639 2932//2639 2880//2639
f 2880//2639 2932//2639 2931//2639
f 2880//2639 2931//2639 2892//2639
f 2892//2639 2931//2639 2904//2639
f 2892//2639 2904//2639 2897//2639
f 2897//2639 2904//2639 2901//2639
f 2935//2639 2934//2639 2936//2639
f 2936//2639 2934//2639 2937//2639
f 2936//2639 2937//2639 2938//2639
f 2939//2639 2940//2639 2932//2639
f 2935//2639 2941//2639 2933//2639
f 2933//2639 2941//2639 2942//2639
f 2933//2639 2942//2639 2943//2639
f 2943//2639 2942//2639 2944//2639
f 2875//2639 2878//2639 2866//2639
f 2866//2639 2878//2639 2930//2639
f 2866//2639 2930//2639 2854//2639
f 2854//2639 2930//2639 2945//2639
f 2854//2639 2945//2639 2946//2639
f 2947//2639 2948//2639 2949//2639
f 2949//2639 2948//2639 2950//2639
f 2949//2639 2950//2639 2951//2639
f 2951//2639 2950//2639 2952//2639
f 2951//2639 2952//2639 2953//2639
f 2953//2639 2952//2639 2954//2639
f 2953//2639 2954//2639 2955//2639
f 2955//2639 2954//2639 2956//2639
f 2955//2639 2956//2639 2957//2639
f 2957//2639 2956//2639 2958//2639
f 2937//2639 2959//2639 2938//2639
f 2938//2639 2959//2639 2960//2639
f 2938//2639 2960//2639 2961//2639
f 2961//2639 2960//2639 2962//2639
f 2961//2639 2962//2639 2958//2639
f 2958//2639 2962//2639 2963//2639
f 2958//2639 2963//2639 2957//2639
f 2944//2639 2964//2639 2943//2639
f 2943//2639 2964//2639 2965//2639
f 2943//2639 2965//2639 2966//2639
f 2966//2639 2965//2639 2967//2639
f 2966//2639 2967//2639 2932//2639
f 2946//2639 2939//2639 2854//2639
f 2854//2639 2939//2639 2932//2639
f 2854//2639 2932//2639 2842//2639
f 2842//2639 2932//2639 2830//2639
f 2842//2639 2830//2639 2839//2639
f 2839//2639 2830//2639 2835//2639
f 2895//2639 2899//2639 2890//2639
f 2890//2639 2899//2639 2902//2639
f 2890//2639 2902//2639 2930//2639
f 2930//2639 2902//2639 2925//2639
f 2930//2639 2925//2639 2968//2639
f 2968//2639 2925//2639 2922//2639
f 2966//2639 2969//2639 2913//2639
f 2913//2639 2969//2639 2970//2639
f 2913//2639 2970//2639 2914//2639
f 2914//2639 2970//2639 2971//2639
f 2914//2639 2971//2639 2916//2639
f 2916//2639 2971//2639 2968//2639
f 2916//2639 2968//2639 2919//2639
f 2919//2639 2968//2639 2922//2639
f 2919//2639 2922//2639 2920//2639
f 2932//2639 2972//2639 2931//2639
f 2931//2639 2972//2639 2973//2639
f 2931//2639 2973//2639 2974//2639
f 2974//2639 2973//2639 2975//2639
f 2974//2639 2975//2639 2947//2639
f 2940//2639 2976//2639 2932//2639
f 2932//2639 2976//2639 2977//2639
f 2932//2639 2977//2639 2966//2639
f 2966//2639 2977//2639 2978//2639
f 2966//2639 2978//2639 2969//2639
f 2975//2639 2979//2639 2947//2639
f 2947//2639 2979//2639 2980//2639
f 2947//2639 2980//2639 2948//2639
f 2948//2639 2980//2639 2981//2639
f 2948//2639 2981//2639 2942//2639
f 2942//2639 2981//2639 2982//2639
f 2942//2639 2982//2639 2944//2639
f 2983//2640 2930//2640 2984//2640
f 2984//2641 2930//2641 2968//2641
f 2984//2642 2968//2642 2985//2642
f 2985//2643 2968//2643 2971//2643
f 2985//2644 2971//2644 2986//2644
f 2986//2645 2971//2645 2970//2645
f 2986//2646 2970//2646 2987//2646
f 2987//2647 2970//2647 2969//2647
f 2987//2648 2969//2648 2988//2648
f 2988//2649 2969//2649 2978//2649
f 2988//2650 2978//2650 2989//2650
f 2989//2651 2978//2651 2977//2651
f 2989//2652 2977//2652 2990//2652
f 2990//2653 2977//2653 2976//2653
f 2990//2654 2976//2654 2991//2654
f 2991//2655 2976//2655 2940//2655
f 2991//2656 2940//2656 2992//2656
f 2992//2657 2940//2657 2939//2657
f 2992//2658 2939//2658 2993//2658
f 2993//2659 2939//2659 2946//2659
f 2993//2660 2946//2660 2994//2660
f 2994//2661 2946//2661 2945//2661
f 2994//2662 2945//2662 2983//2662
f 2983//2663 2945//2663 2930//2663
f 2995//2640 2942//2640 2996//2640
f 2996//2641 2942//2641 2941//2641
f 2996//2642 2941//2642 2997//2642
f 2997//2643 2941//2643 2935//2643
f 2997//2644 2935//2644 2998//2644
f 2998//2645 2935//2645 2936//2645
f 2998//2646 2936//2646 2999//2646
f 2999//2647 2936//2647 2938//2647
f 2999//2648 2938//2648 3000//2648
f 3000//2649 2938//2649 2961//2649
f 3000//2650 2961//2650 3001//2650
f 3001//2651 2961//2651 2958//2651
f 3001//2652 2958//2652 3002//2652
f 3002//2653 2958//2653 2956//2653
f 3002//2654 2956//2654 3003//2654
f 3003//2655 2956//2655 2954//2655
f 3003//2656 2954//2656 3004//2656
f 3004//2657 2954//2657 2952//2657
f 3004//2658 2952//2658 3005//2658
f 3005//2659 2952//2659 2950//2659
f 3005//2660 2950//2660 3006//2660
f 3006//2661 2950//2661 2948//2661
f 3006//2662 2948//2662 2995//2662
f 2995//2663 2948//2663 2942//2663
f 3007//2640 2932//2640 3008//2640
f 3008//2641 2932//2641 2967//2641
f 3008//2642 2967//2642 3009//2642
f 3009//2643 2967//2643 2965//2643
f 3009//2644 2965//2644 3010//2644
f 3010//2645 2965//2645 2964//2645
f 3010//2646 2964//2646 3011//2646
f 3011//2647 2964//2647 2944//2647
f 3011//2648 2944//2648 3012//2648
f 3012//2649 2944//2649 2982//2649
f 3012//2650 2982//2650 3013//2650
f 3013//2651 2982//2651 2981//2651
f 3013//2652 2981//2652 3014//2652
f 3014//2653 2981//2653 2980//2653
f 3014//2654 2980//2654 3015//2654
f 3015//2655 2980//2655 2979//2655
f 3015//2656 2979//2656 3016//2656
f 3016//2657 2979//2657 2975//2657
f 3016//2658 2975//2658 3017//2658
f 3017//2659 2975//2659 2973//2659
f 3017//2660 2973//2660 3018//2660
f 3018//2661 2973//2661 2972//2661
f 3018//2662 2972//2662 3007//2662
f 3007//2663 2972//2663 2932//2663
f 2931//2664 3019//2664 2911//2664
f 2911//2664 3019//2664 2910//2664
f 3020//2624 3019//2624 2974//2624
f 2974//2624 3019//2624 2931//2624
f 3020//2665 2974//2665 2947//2665
f 3020//2666 2947//2666 3021//2666
f 3021//2667 2947//2667 2949//2667
f 3021//2668 2949//2668 3022//2668
f 3023//2669 3022//2669 2951//2669
f 2951//2669 3022//2669 2949//2669
f 3023//2670 2951//2670 2953//2670
f 3023//2671 2953//2671 3024//2671
f 3024//2672 2953//2672 2955//2672
f 3024//2673 2955//2673 3025//2673
f 3025//2674 2955//2674 2957//2674
f 3025//2675 2957//2675 3026//2675
f 3026//2676 2957//2676 2963//2676
f 3026//2677 2963//2677 3027//2677
f 3027//2678 2963//2678 2962//2678
f 3027//2679 2962//2679 3028//2679
f 3028//2680 2962//2680 2960//2680
f 3028//2681 2960//2681 3029//2681
f 3029//2682 2960//2682 2959//2682
f 3029//2683 2959//2683 3030//2683
f 3030//2684 2959//2684 2937//2684
f 3030//2685 2937//2685 3031//2685
f 3031//2686 2937//2686 2934//2686
f 3031//2687 2934//2687 3032//2687
f 3032//2688 2934//2688 3033//2688
f 3033//2688 2934//2688 2933//2688
f 2966//2689 3034//2689 2943//2689
f 2943//2690 3034//2690 3035//2690
f 2943//2691 3035//2691 2933//2691
f 2933//2692 3035//2692 3033//2692
f 2913//2693 2912//2693 2966//2693
f 2966//2693 2912//2693 3034//2693
f 2917//2694 2916//2694 2918//2694
f 2918//2694 2916//2694 2919//2694
f 2923//2695 2922//2695 2924//2695
f 2924//2695 2922//2695 2925//2695
f 2891//2696 2886//2696 2882//2696
f 2912//2696 2915//2696 2879//2696
f 2879//2696 2915//2696 2917//2696
f 2921//2696 2923//2696 2918//2696
f 2918//2696 2923//2696 2917//2696
f 2898//2696 2894//2696 2903//2696
f 2903//2696 2894//2696 2891//2696
f 2994//2696 2983//2696 2867//2696
f 2857//2696 2860//2696 2864//2696
f 2908//2696 2910//2696 2905//2696
f 2905//2696 2910//2696 3019//2696
f 2882//2696 2879//2696 2891//2696
f 2891//2696 2879//2696 2917//2696
f 2891//2696 2917//2696 2903//2696
f 2903//2696 2917//2696 2923//2696
f 2903//2696 2923//2696 2924//2696
f 2806//2696 2802//2696 2799//2696
f 2924//2696 2927//2696 2903//2696
f 2903//2696 2927//2696 2929//2696
f 2903//2696 2929//2696 2906//2696
f 3002//2696 3003//2696 3024//2696
f 2990//2696 2991//2696 2843//2696
f 2843//2696 2991//2696 2992//2696
f 2788//2696 2792//2696 2785//2696
f 2785//2696 2792//2696 2797//2696
f 3008//2696 3019//2696 3007//2696
f 3007//2696 3019//2696 3018//2696
f 2993//2696 2994//2696 2855//2696
f 2855//2696 2994//2696 2867//2696
f 2855//2696 2867//2696 2858//2696
f 2858//2696 2867//2696 2862//2696
f 2826//2696 2822//2696 2831//2696
f 2831//2696 2822//2696 2819//2696
f 2790//2696 2787//2696 2794//2696
f 2794//2696 2787//2696 2785//2696
f 2794//2696 2785//2696 2989//2696
f 2989//2696 2785//2696 2797//2696
f 2881//2696 2884//2696 2888//2696
f 3024//2696 3025//2696 3002//2696
f 3002//2696 3025//2696 3026//2696
f 3002//2696 3026//2696 3001//2696
f 3001//2696 3026//2696 3027//2696
f 3001//2696 3027//2696 3000//2696
f 2850//2696 2846//2696 2855//2696
f 2855//2696 2846//2696 2843//2696
f 2855//2696 2843//2696 2993//2696
f 2993//2696 2843//2696 2992//2696
f 2814//2696 2811//2696 2819//2696
f 2819//2696 2811//2696 2806//2696
f 2838//2696 2834//2696 2843//2696
f 2843//2696 2834//2696 2831//2696
f 2843//2696 2831//2696 2990//2696
f 2990//2696 2831//2696 2819//2696
f 2990//2696 2819//2696 2989//2696
f 2989//2696 2819//2696 2806//2696
f 2989//2696 2806//2696 2794//2696
f 2794//2696 2806//2696 2799//2696
f 2812//2696 2816//2696 2809//2696
f 2809//2696 2816//2696 2821//2696
f 2821//2696 2824//2696 2828//2696
f 2872//2696 2876//2696 2869//2696
f 2869//2696 2876//2696 2881//2696
f 2896//2696 2900//2696 2893//2696
f 2893//2696 2900//2696 2905//2696
f 2893//2696 2905//2696 3010//2696
f 3010//2696 2905//2696 3019//2696
f 3010//2696 3019//2696 3009//2696
f 3009//2696 3019//2696 3008//2696
f 3018//2696 3019//2696 3017//2696
f 3017//2696 3019//2696 3020//2696
f 3017//2696 3020//2696 3016//2696
f 3005//2696 3006//2696 3033//2696
f 3006//2696 2995//2696 3033//2696
f 3033//2696 2995//2696 2996//2696
f 3033//2696 2996//2696 3032//2696
f 3032//2696 2996//2696 2997//2696
f 3032//2696 2997//2696 3031//2696
f 3031//2696 2997//2696 2998//2696
f 3031//2696 2998//2696 3030//2696
f 3030//2696 2998//2696 2999//2696
f 3030//2696 2999//2696 3029//2696
f 3029//2696 2999//2696 3000//2696
f 3029//2696 3000//2696 3028//2696
f 3028//2696 3000//2696 3027//2696
f 2848//2696 2852//2696 2845//2696
f 2845//2696 2852//2696 2857//2696
f 2888//2696 2893//2696 2881//2696
f 2881//2696 2893//2696 3010//2696
f 2881//2696 3010//2696 2869//2696
f 2869//2696 3010//2696 2989//2696
f 3016//2696 3020//2696 3015//2696
f 3015//2696 3020//2696 3021//2696
f 3015//2696 3021//2696 3014//2696
f 3014//2696 3021//2696 3022//2696
f 3014//2696 3022//2696 3013//2696
f 3013//2696 3022//2696 3023//2696
f 3013//2696 3023//2696 3012//2696
f 3012//2696 3023//2696 3024//2696
f 3012//2696 3024//2696 3011//2696
f 3003//2696 3004//2696 3024//2696
f 3024//2696 3004//2696 3005//2696
f 3024//2696 3005//2696 3035//2696
f 3035//2696 3005//2696 3033//2696
f 2985//2696 2986//2696 2912//2696
f 2912//2696 2986//2696 2987//2696
f 2912//2696 2987//2696 3034//2696
f 3034//2696 2987//2696 2988//2696
f 3034//2696 2988//2696 3035//2696
f 3035//2696 2988//2696 2989//2696
f 3035//2696 2989//2696 3024//2696
f 3024//2696 2989//2696 3010//2696
f 3024//2696 3010//2696 3011//2696
f 2800//2696 2804//2696 2797//2696
f 2797//2696 2804//2696 2809//2696
f 2797//2696 2809//2696 2989//2696
f 2989//2696 2809//2696 2821//2696
f 2989//2696 2821//2696 2833//2696
f 2833//2696 2821//2696 2828//2696
f 2836//2696 2840//2696 2833//2696
f 2833//2696 2840//2696 2845//2696
f 2833//2696 2845//2696 2989//2696
f 2989//2696 2845//2696 2857//2696
f 2989//2696 2857//2696 2869//2696
f 2869//2696 2857//2696 2864//2696
f 2879//2696 2874//2696 2870//2696
f 2870//2696 2867//2696 2879//2696
f 2879//2696 2867//2696 2983//2696
f 2879//2696 2983//2696 2912//2696
f 2912//2696 2983//2696 2984//2696
f 2912//2696 2984//2696 2985//2696
f 2785//2622 3036//2622 2787//2622
f 2787//2622 3036//2622 3037//2622
f 3036//2623 2785//2623 3038//2623
f 3038//2623 2785//2623 2788//2623
f 3037//2624 3039//2624 2787//2624
f 2787//2624 3039//2624 2790//2624
f 3040//2624 3038//2624 2792//2624
f 2792//2624 3038//2624 2788//2624
f 3041//2623 2794//2623 3039//2623
f 3039//2623 2794//2623 2790//2623
f 2797//2622 3042//2622 2792//2622
f 2792//2622 3042//2622 3040//2622
f 2794//2622 3041//2622 2799//2622
f 2799//2622 3041//2622 3043//2622
f 3042//2623 2797//2623 3044//2623
f 3044//2623 2797//2623 2800//2623
f 3043//2624 3045//2624 2799//2624
f 2799//2624 3045//2624 2802//2624
f 3046//2624 3044//2624 2804//2624
f 2804//2624 3044//2624 2800//2624
f 3047//2623 2806//2623 3045//2623
f 3045//2623 2806//2623 2802//2623
f 2809//2622 3048//2622 2804//2622
f 2804//2622 3048//2622 3046//2622
f 2806//2622 3047//2622 2811//2622
f 2811//2622 3047//2622 3049//2622
f 3048//2623 2809//2623 3050//2623
f 3050//2623 2809//2623 2812//2623
f 3051//2624 2814//2624 3049//2624
f 3049//2624 2814//2624 2811//2624
f 3052//2624 3050//2624 2816//2624
f 2816//2624 3050//2624 2812//2624
f 2819//2623 2814//2623 3053//2623
f 3053//2623 2814//2623 3051//2623
f 2821//2622 3054//2622 2816//2622
f 2816//2622 3054//2622 3052//2622
f 3055//2622 2822//2622 3053//2622
f 3053//2622 2822//2622 2819//2622
f 3054//2623 2821//2623 3056//2623
f 3056//2623 2821//2623 2824//2623
f 3055//2624 3057//2624 2822//2624
f 2822//2624 3057//2624 2826//2624
f 3058//2624 3056//2624 2828//2624
f 2828//2624 3056//2624 2824//2624
f 2831//2623 2826//2623 3059//2623
f 3059//2623 2826//2623 3057//2623
f 2833//2622 3060//2622 2828//2622
f 2828//2622 3060//2622 3058//2622
f 3061//2622 2834//2622 3059//2622
f 3059//2622 2834//2622 2831//2622
f 3060//2623 2833//2623 3062//2623
f 3062//2623 2833//2623 2836//2623
f 3061//2624 3063//2624 2834//2624
f 2834//2624 3063//2624 2838//2624
f 3064//2624 3062//2624 2840//2624
f 2840//2624 3062//2624 2836//2624
f 2843//2623 2838//2623 3065//2623
f 3065//2623 2838//2623 3063//2623
f 2845//2622 3066//2622 2840//2622
f 2840//2622 3066//2622 3064//2622
f 3067//2622 2846//2622 3065//2622
f 3065//2622 2846//2622 2843//2622
f 3066//2623 2845//2623 3068//2623
f 3068//2623 2845//2623 2848//2623
f 3067//2624 3069//2624 2846//2624
f 2846//2624 3069//2624 2850//2624
f 3070//2624 3068//2624 2852//2624
f 2852//2624 3068//2624 2848//2624
f 2855//2623 2850//2623 3071//2623
f 3071//2623 2850//2623 3069//2623
f 2857//2622 3072//2622 2852//2622
f 2852//2622 3072//2622 3070//2622
f 3073//2622 2858//2622 3071//2622
f 3071//2622 2858//2622 2855//2622
f 3072//2623 2857//2623 3074//2623
f 3074//2623 2857//2623 2860//2623
f 3073//2624 3075//2624 2858//2624
f 2858//2624 3075//2624 2862//2624
f 3076//2624 3074//2624 2864//2624
f 2864//2624 3074//2624 2860//2624
f 2867//2623 2862//2623 3077//2623
f 3077//2623 2862//2623 3075//2623
f 2869//2622 3078//2622 2864//2622
f 2864//2622 3078//2622 3076//2622
f 3079//2622 2870//2622 3077//2622
f 3077//2622 2870//2622 2867//2622
f 3078//2623 2869//2623 3080//2623
f 3080//2623 2869//2623 2872//2623
f 3079//2624 3081//2624 2870//2624
f 2870//2624 3081//2624 2874//2624
f 3082//2624 3080//2624 2876//2624
f 2876//2624 3080//2624 2872//2624
f 2879//2623 2874//2623 3083//2623
f 3083//2623 2874//2623 3081//2623
f 2881//2622 3084//2622 2876//2622
f 2876//2622 3084//2622 3082//2622
f 3085//2622 2882//2622 3083//2622
f 3083//2622 2882//2622 2879//2622
f 3084//2623 2881//2623 3086//2623
f 3086//2623 2881//2623 2884//2623
f 3085//2624 3087//2624 2882//2624
f 2882//2624 3087//2624 2886//2624
f 3088//2624 3086//2624 2888//2624
f 2888//2624 3086//2624 2884//2624
f 2891//2623 2886//2623 3089//2623
f 3089//2623 2886//2623 3087//2623
f 2893//2622 3090//2622 2888//2622
f 2888//2622 3090//2622 3088//2622
f 3091//2622 2894//2622 3089//2622
f 3089//2622 2894//2622 2891//2622
f 3090//2623 2893//2623 3092//2623
f 3092//2623 2893//2623 2896//2623
f 3091//2624 3093//2624 2894//2624
f 2894//2624 3093//2624 2898//2624
f 3094//2624 3092//2624 2900//2624
f 2900//2624 3092//2624 2896//2624
f 2903//2623 2898//2623 3095//2623
f 3095//2623 2898//2623 3093//2623
f 2905//2622 3096//2622 2900//2622
f 2900//2622 3096//2622 3094//2622
f 3097//2622 2906//2622 3095//2622
f 3095//2622 2906//2622 2903//2622
f 3096//2623 2905//2623 3098//2623
f 3098//2623 2905//2623 2908//2623
f 3099//2624 3098//2624 2910//2624
f 2910//2624 3098//2624 2908//2624
f 3100//2625 2912//2625 2915//2625
f 3100//2626 2915//2626 3101//2626
f 3101//2627 2915//2627 2917//2627
f 3101//2628 2917//2628 3102//2628
f 3103//2629 2918//2629 2921//2629
f 3103//2630 2921//2630 3104//2630
f 3104//2631 2921//2631 2923//2631
f 3104//2632 2923//2632 3105//2632
f 3106//2633 2924//2633 2927//2633
f 3106//2634 2927//2634 3107//2634
f 3107//2635 2927//2635 2929//2635
f 3107//2636 2929//2636 3108//2636
f 3108//2637 2929//2637 2906//2637
f 3108//2638 2906//2638 3097//2638
f 2867//2697 2870//2697 2874//2697
f 2846//2697 2850//2697 2843//2697
f 2843//2697 2850//2697 2855//2697
f 2882//2697 2886//2697 2879//2697
f 2879//2697 2886//2697 2891//2697
f 2879//2697 2891//2697 2983//2697
f 2869//2697 2864//2697 2860//2697
f 2797//2697 2792//2697 2788//2697
f 2806//2697 2811//2697 2814//2697
f 2927//2697 2924//2697 2929//2697
f 2929//2697 2924//2697 2903//2697
f 2929//2697 2903//2697 2906//2697
f 2910//2697 2908//2697 3019//2697
f 3019//2697 2908//2697 2905//2697
f 2833//2697 2828//2697 2824//2697
f 2804//2697 2800//2697 2809//2697
f 2809//2697 2800//2697 2797//2697
f 2822//2697 2826//2697 2819//2697
f 2819//2697 2826//2697 2831//2697
f 2819//2697 2831//2697 3007//2697
f 2840//2697 2836//2697 2845//2697
f 2845//2697 2836//2697 2833//2697
f 2799//2697 2802//2697 2794//2697
f 2794//2697 2802//2697 2806//2697
f 2787//2697 2790//2697 2785//2697
f 2785//2697 2790//2697 2794//2697
f 2785//2697 2794//2697 3007//2697
f 3007//2697 2794//2697 2806//2697
f 3007//2697 2806//2697 2819//2697
f 2819//2697 2806//2697 2814//2697
f 2852//2697 2848//2697 2857//2697
f 2857//2697 2848//2697 2845//2697
f 2857//2697 2845//2697 3007//2697
f 3007//2697 2845//2697 2833//2697
f 3007//2697 2833//2697 2821//2697
f 2821//2697 2833//2697 2824//2697
f 2816//2697 2812//2697 2821//2697
f 2821//2697 2812//2697 2809//2697
f 2821//2697 2809//2697 3007//2697
f 3007//2697 2809//2697 2797//2697
f 3007//2697 2797//2697 2785//2697
f 2785//2697 2797//2697 2788//2697
f 2876//2697 2872//2697 2881//2697
f 2881//2697 2872//2697 2869//2697
f 2858//2697 2862//2697 2855//2697
f 2855//2697 2862//2697 2867//2697
f 2888//2697 2884//2697 2893//2697
f 2893//2697 2884//2697 2881//2697
f 3033//2697 3032//2697 2997//2697
f 2860//2697 2857//2697 2869//2697
f 2869//2697 2857//2697 3007//2697
f 2869//2697 3007//2697 2881//2697
f 2881//2697 3007//2697 3019//2697
f 2881//2697 3019//2697 2893//2697
f 2893//2697 3019//2697 2905//2697
f 2893//2697 2905//2697 2896//2697
f 2896//2697 2905//2697 2900//2697
f 2997//2697 3032//2697 2998//2697
f 2998//2697 3032//2697 3031//2697
f 2998//2697 3031//2697 2999//2697
f 2992//2697 2991//2697 3007//2697
f 2997//2697 2996//2697 3033//2697
f 3033//2697 2996//2697 2995//2697
f 3033//2697 2995//2697 3035//2697
f 3035//2697 2995//2697 3011//2697
f 2874//2697 2879//2697 2867//2697
f 2867//2697 2879//2697 2983//2697
f 2867//2697 2983//2697 2855//2697
f 2855//2697 2983//2697 2994//2697
f 2855//2697 2994//2697 2993//2697
f 3021//2697 3006//2697 3022//2697
f 3022//2697 3006//2697 3005//2697
f 3022//2697 3005//2697 3023//2697
f 3023//2697 3005//2697 3004//2697
f 3023//2697 3004//2697 3024//2697
f 3024//2697 3004//2697 3003//2697
f 3024//2697 3003//2697 3025//2697
f 3025//2697 3003//2697 3002//2697
f 3025//2697 3002//2697 3026//2697
f 3026//2697 3002//2697 3001//2697
f 3031//2697 3030//2697 2999//2697
f 2999//2697 3030//2697 3029//2697
f 2999//2697 3029//2697 3000//2697
f 3000//2697 3029//2697 3028//2697
f 3000//2697 3028//2697 3001//2697
f 3001//2697 3028//2697 3027//2697
f 3001//2697 3027//2697 3026//2697
f 3011//2697 3010//2697 3035//2697
f 3035//2697 3010//2697 3009//2697
f 3035//2697 3009//2697 3034//2697
f 3034//2697 3009//2697 3008//2697
f 3034//2697 3008//2697 3007//2697
f 2993//2697 2992//2697 2855//2697
f 2855//2697 2992//2697 3007//2697
f 2855//2697 3007//2697 2843//2697
f 2843//2697 3007//2697 2831//2697
f 2843//2697 2831//2697 2838//2697
f 2838//2697 2831//2697 2834//2697
f 2894//2697 2898//2697 2891//2697
f 2891//2697 2898//2697 2903//2697
f 2891//2697 2903//2697 2983//2697
f 2983//2697 2903//2697 2924//2697
f 2983//2697 2924//2697 2984//2697
f 2984//2697 2924//2697 2923//2697
f 3034//2697 2987//2697 2912//2697
f 2912//2697 2987//2697 2986//2697
f 2912//2697 2986//2697 2915//2697
f 2915//2697 2986//2697 2985//2697
f 2915//2697 2985//2697 2917//2697
f 2917//2697 2985//2697 2984//2697
f 2917//2697 2984//2697 2918//2697
f 2918//2697 2984//2697 2923//2697
f 2918//2697 2923//2697 2921//2697
f 3007//2697 3018//2697 3019//2697
f 3019//2697 3018//2697 3017//2697
f 3019//2697 3017//2697 3020//2697
f 3020//2697 3017//2697 3016//2697
f 3020//2697 3016//2697 3021//2697
f 2991//2697 2990//2697 3007//2697
f 3007//2697 2990//2697 2989//2697
f 3007//2697 2989//2697 3034//2697
f 3034//2697 2989//2697 2988//2697
f 3034//2697 2988//2697 2987//2697
f 3016//2697 3015//2697 3021//2697
f 3021//2697 3015//2697 3014//2697
f 3021//2697 3014//2697 3006//2697
f 3006//2697 3014//2697 3013//2697
f 3006//2697 3013//2697 2995//2697
f 2995//2697 3013//2697 3012//2697
f 2995//2697 3012//2697 3011//2697
f 3109//2640 2983//2640 3110//2640
f 3110//2641 2983//2641 2984//2641
f 3110//2642 2984//2642 3111//2642
f 3111//2643 2984//2643 2985//2643
f 3111//2644 2985//2644 3112//2644
f 3112//2645 2985//2645 2986//2645
f 3112//2646 2986//2646 3113//2646
f 3113//2647 2986//2647 2987//2647
f 3113//2648 2987//2648 3114//2648
f 3114//2649 2987//2649 2988//2649
f 3114//2650 2988//2650 3115//2650
f 3115//2651 2988//2651 2989//2651
f 3115//2652 2989//2652 3116//2652
f 3116//2653 2989//2653 2990//2653
f 3116//2654 2990//2654 3117//2654
f 3117//2655 2990//2655 2991//2655
f 3117//2656 2991//2656 3118//2656
f 3118//2657 2991//2657 2992//2657
f 3118//2658 2992//2658 3119//2658
f 3119//2659 2992//2659 2993//2659
f 3119//2660 2993//2660 3120//2660
f 3120//2661 2993//2661 2994//2661
f 3120//2662 2994//2662 3109//2662
f 3109//2663 2994//2663 2983//2663
f 3121//2640 2995//2640 3122//2640
f 3122//2641 2995//2641 2996//2641
f 3122//2642 2996//2642 3123//2642
f 3123//2643 2996//2643 2997//2643
f 3123//2644 2997//2644 3124//2644
f 3124//2645 2997//2645 2998//2645
f 3124//2646 2998//2646 3125//2646
f 3125//2647 2998//2647 2999//2647
f 3125//2648 2999//2648 3126//2648
f 3126//2649 2999//2649 3000//2649
f 3126//2650 3000//2650 3127//2650
f 3127//2651 3000//2651 3001//2651
f 3127//2652 3001//2652 3128//2652
f 3128//2653 3001//2653 3002//2653
f 3128//2654 3002//2654 3129//2654
f 3129//2655 3002//2655 3003//2655
f 3129//2656 3003//2656 3130//2656
f 3130//2657 3003//2657 3004//2657
f 3130//2658 3004//2658 3131//2658
f 3131//2659 3004//2659 3005//2659
f 3131//2660 3005//2660 3132//2660
f 3132//2661 3005//2661 3006//2661
f 3132//2662 3006//2662 3121//2662
f 3121//2663 3006//2663 2995//2663
f 3133//2640 3007//2640 3134//2640
f 3134//2641 3007//2641 3008//2641
f 3134//2642 3008//2642 3135//2642
f 3135//2643 3008//2643 3009//2643
f 3135//2644 3009//2644 3136//2644
f 3136//2645 3009//2645 3010//2645
f 3136//2646 3010//2646 3137//2646
f 3137//2647 3010//2647 3011//2647
f 3137//2648 3011//2648 3138//2648
f 3138//2649 3011//2649 3012//2649
f 3138//2650 3012//2650 3139//2650
f 3139//2651 3012//2651 3013//2651
f 3139//2652 3013//2652 3140//2652
f 3140//2653 3013//2653 3014//2653
f 3140//2654 3014//2654 3141//2654
f 3141//2655 3014//2655 3015//2655
f 3141//2656 3015//2656 3142//2656
f 3142//2657 3015//2657 3016//2657
f 3142//2658 3016//2658 3143//2658
f 3143//2659 3016//2659 3017//2659
f 3143//2660 3017//2660 3144//2660
f 3144//2661 3017//2661 3018//2661
f 3144//2662 3018//2662 3133//2662
f 3133//2663 3018//2663 3007//2663
f 3019//2664 3145//2664 2910//2664
f 2910//2664 3145//2664 3099//2664
f 3146//2624 3145//2624 3020//2624
f 3020//2624 3145//2624 3019//2624
f 3146//2665 3020//2665 3021//2665
f 3146//2666 3021//2666 3147//2666
f 3147//2667 3021//2667 3022//2667
f 3147//2668 3022//2668 3148//2668
f 3149//2669 3148//2669 3023//2669
f 3023//2669 3148//2669 3022//2669
f 3149//2670 3023//2670 3024//2670
f 3149//2671 3024//2671 3150//2671
f 3150//2672 3024//2672 3025//2672
f 3150//2673 3025//2673 3151//2673
f 3151//2674 3025//2674 3026//2674
f 3151//2675 3026//2675 3152//2675
f 3152//2676 3026//2676 3027//2676
f 3152//2677 3027//2677 3153//2677
f 3153//2678 3027//2678 3028//2678
f 3153//2679 3028//2679 3154//2679
f 3154//2680 3028//2680 3029//2680
f 3154//2681 3029//2681 3155//2681
f 3155//2682 3029//2682 3030//2682
f 3155//2683 3030//2683 3156//2683
f 3156//2684 3030//2684 3031//2684
f 3156//2685 3031//2685 3157//2685
f 3157//2686 3031//2686 3032//2686
f 3157//2687 3032//2687 3158//2687
f 3158//2688 3032//2688 3159//2688
f 3159//2688 3032//2688 3033//2688
f 3034//2689 3160//2689 3035//2689
f 3035//2690 3160//2690 3161//2690
f 3035//2691 3161//2691 3033//2691
f 3033//2692 3161//2692 3159//2692
f 2912//2693 3100//2693 3034//2693
f 3034//2693 3100//2693 3160//2693
f 3102//2694 2917//2694 3103//2694
f 3103//2694 2917//2694 2918//2694
f 3105//2695 2923//2695 3106//2695
f 3106//2695 2923//2695 2924//2695
f 3089//2698 3087//2698 3085//2698
f 3100//2698 3101//2698 3083//2698
f 3083//2698 3101//2698 3102//2698
f 3104//2698 3105//2698 3103//2698
f 3103//2698 3105//2698 3102//2698
f 3093//2698 3091//2698 3095//2698
f 3095//2698 3091//2698 3089//2698
f 3120//2698 3109//2698 3077//2698
f 3072//2698 3074//2698 3076//2698
f 3098//2698 3099//2698 3096//2698
f 3096//2698 3099//2698 3145//2698
f 3085//2698 3083//2698 3089//2698
f 3089//2698 3083//2698 3102//2698
f 3089//2698 3102//2698 3095//2698
f 3095//2698 3102//2698 3105//2698
f 3095//2698 3105//2698 3106//2698
f 3047//2698 3045//2698 3043//2698
f 3106//2698 3107//2698 3095//2698
f 3095//2698 3107//2698 3108//2698
f 3095//2698 3108//2698 3097//2698
f 3128//2698 3129//2698 3150//2698
f 3116//2698 3117//2698 3065//2698
f 3065//2698 3117//2698 3118//2698
f 3038//2698 3040//2698 3036//2698
f 3036//2698 3040//2698 3042//2698
f 3134//2698 3145//2698 3133//2698
f 3133//2698 3145//2698 3144//2698
f 3119//2698 3120//2698 3071//2698
f 3071//2698 3120//2698 3077//2698
f 3071//2698 3077//2698 3073//2698
f 3073//2698 3077//2698 3075//2698
f 3057//2698 3055//2698 3059//2698
f 3059//2698 3055//2698 3053//2698
f 3039//2698 3037//2698 3041//2698
f 3041//2698 3037//2698 3036//2698
f 3041//2698 3036//2698 3115//2698
f 3115//2698 3036//2698 3042//2698
f 3084//2698 3086//2698 3088//2698
f 3150//2698 3151//2698 3128//2698
f 3128//2698 3151//2698 3152//2698
f 3128//2698 3152//2698 3127//2698
f 3127//2698 3152//2698 3153//2698
f 3127//2698 3153//2698 3126//2698
f 3069//2698 3067//2698 3071//2698
f 3071//2698 3067//2698 3065//2698
f 3071//2698 3065//2698 3119//2698
f 3119//2698 3065//2698 3118//2698
f 3051//2698 3049//2698 3053//2698
f 3053//2698 3049//2698 3047//2698
f 3063//2698 3061//2698 3065//2698
f 3065//2698 3061//2698 3059//2698
f 3065//2698 3059//2698 3116//2698
f 3116//2698 3059//2698 3053//2698
f 3116//2698 3053//2698 3115//2698
f 3115//2698 3053//2698 3047//2698
f 3115//2698 3047//2698 3041//2698
f 3041//2698 3047//2698 3043//2698
f 3050//2698 3052//2698 3048//2698
f 3048//2698 3052//2698 3054//2698
f 3054//2698 3056//2698 3058//2698
f 3080//2698 3082//2698 3078//2698
f 3078//2698 3082//2698 3084//2698
f 3092//2698 3094//2698 3090//2698
f 3090//2698 3094//2698 3096//2698
f 3090//2698 3096//2698 3136//2698
f 3136//2698 3096//2698 3145//2698
f 3136//2698 3145//2698 3135//2698
f 3135//2698 3145//2698 3134//2698
f 3144//2698 3145//2698 3143//2698
f 3143//2698 3145//2698 3146//2698
f 3143//2698 3146//2698 3142//2698
f 3131//2698 3132//2698 3159//2698
f 3132//2698 3121//2698 3159//2698
f 3159//2698 3121//2698 3122//2698
f 3159//2698 3122//2698 3158//2698
f 3158//2698 3122//2698 3123//2698
f 3158//2698 3123//2698 3157//2698
f 3157//2698 3123//2698 3124//2698
f 3157//2698 3124//2698 3156//2698
f 3156//2698 3124//2698 3125//2698
f 3156//2698 3125//2698 3155//2698
f 3155//2698 3125//2698 3126//2698
f 3155//2698 3126//2698 3154//2698
f 3154//2698 3126//2698 3153//2698
f 3068//2698 3070//2698 3066//2698
f 3066//2698 3070//2698 3072//2698
f 3088//2698 3090//2698 3084//2698
f 3084//2698 3090//2698 3136//2698
f 3084//2698 3136//2698 3078//2698
f 3078//2698 3136//2698 3115//2698
f 3142//2698 3146//2698 3141//2698
f 3141//2698 3146//2698 3147//2698
f 3141//2698 3147//2698 3140//2698
f 3140//2698 3147//2698 3148//2698
f 3140//2698 3148//2698 3139//2698
f 3139//2698 3148//2698 3149//2698
f 3139//2698 3149//2698 3138//2698
f 3138//2698 3149//2698 3150//2698
f 3138//2698 3150//2698 3137//2698
f 3129//2698 3130//2698 3150//2698
f 3150//2698 3130//2698 3131//2698
f 3150//2698 3131//2698 3161//2698
f 3161//2698 3131//2698 3159//2698
f 3111//2698 3112//2698 3100//2698
f 3100//2698 3112//2698 3113//2698
f 3100//2698 3113//2698 3160//2698
f 3160//2698 3113//2698 3114//2698
f 3160//2698 3114//2698 3161//2698
f 3161//2698 3114//2698 3115//2698
f 3161//2698 3115//2698 3150//2698
f 3150//2698 3115//2698 3136//2698
f 3150//2698 3136//2698 3137//2698
f 3044//2698 3046//2698 3042//2698
f 3042//2698 3046//2698 3048//2698
f 3042//2698 3048//2698 3115//2698
f 3115//2698 3048//2698 3054//2698
f 3115//2698 3054//2698 3060//2698
f 3060//2698 3054//2698 3058//2698
f 3062//2698 3064//2698 3060//2698
f 3060//2698 3064//2698 3066//2698
f 3060//2698 3066//2698 3115//2698
f 3115//2698 3066//2698 3072//2698
f 3115//2698 3072//2698 3078//2698
f 3078//2698 3072//2698 3076//2698
f 3083//2698 3081//2698 3079//2698
f 3079//2698 3077//2698 3083//2698
f 3083//2698 3077//2698 3109//2698
f 3083//2698 3109//2698 3100//2698
f 3100//2698 3109//2698 3110//2698
f 3100//2698 3110//2698 3111//2698
f 3162//2699 3163//2699 3164//2699
f 3163//2700 3165//2700 3166//2700
f 3167//2701 3168//2701 3169//2701
f 3169//2702 3168//2702 3170//2702
f 3169//2703 3170//2703 3171//2703
f 3163//2704 3166//2704 3164//2704
f 3164//2705 3166//2705 3172//2705
f 3164//2706 3172//2706 3170//2706
f 3170//2707 3172//2707 3173//2707
f 3170//2708 3173//2708 3171//2708
f 3168//2709 3174//2709 3170//2709
f 3170//2710 3174//2710 3175//2710
f 3170//2711 3175//2711 3164//2711
f 3164//2712 3175//2712 3176//2712
f 3164//2713 3176//2713 3162//2713
f 3162//2714 3176//2714 3177//2714
f 3178//2715 3177//2715 3176//2715
f 3179//2716 3180//2716 3181//2716
f 3181//2717 3180//2717 3182//2717
f 3183//2718 3184//2718 3185//2718
f 3185//2719 3184//2719 3186//2719
f 3185//2720 3186//2720 3174//2720
f 3184//2721 3187//2721 3186//2721
f 3186//2722 3187//2722 3188//2722
f 3186//2723 3188//2723 3182//2723
f 3182//2724 3188//2724 3189//2724
f 3182//2725 3189//2725 3181//2725
f 3180//2726 3178//2726 3182//2726
f 3182//2727 3178//2727 3176//2727
f 3182//2728 3176//2728 3186//2728
f 3186//2729 3176//2729 3175//2729
f 3186//2730 3175//2730 3174//2730
f 3190//2731 3191//2731 3192//2731
f 3190//2732 3192//2732 3193//2732
f 3193//2733 3192//2733 3194//2733
f 3193//2734 3194//2734 3195//2734
f 3179//2735 3196//2735 3180//2735
f 3180//2736 3196//2736 3197//2736
f 3180//2737 3197//2737 3198//2737
f 3177//2738 3178//2738 3199//2738
f 3177//2739 3199//2739 3162//2739
f 3162//2740 3199//2740 3200//2740
f 3162//2741 3200//2741 3163//2741
f 3163//2742 3200//2742 3201//2742
f 3163//2743 3201//2743 3165//2743
f 3195//2744 3202//2744 3193//2744
f 3193//2745 3202//2745 3203//2745
f 3193//2746 3203//2746 3204//2746
f 3205//2747 3206//2747 3204//2747
f 3204//2748 3206//2748 3207//2748
f 3204//2749 3207//2749 3193//2749
f 3193//2750 3207//2750 3208//2750
f 3193//2751 3208//2751 3190//2751
f 3209//2752 3210//2752 3200//2752
f 3200//2753 3210//2753 3211//2753
f 3200//2754 3211//2754 3201//2754
f 3197//2755 3212//2755 3198//2755
f 3198//2756 3212//2756 3213//2756
f 3198//2757 3213//2757 3194//2757
f 3194//2758 3213//2758 3214//2758
f 3194//2759 3214//2759 3195//2759
f 3191//2760 3209//2760 3192//2760
f 3192//2761 3209//2761 3200//2761
f 3192//2762 3200//2762 3194//2762
f 3194//2763 3200//2763 3199//2763
f 3194//2764 3199//2764 3198//2764
f 3198//2765 3199//2765 3178//2765
f 3198//2766 3178//2766 3180//2766
f 3215//2767 3216//2767 3217//2767
f 3218//2768 3219//2768 3220//2768
f 3220//2769 3219//2769 3215//2769
f 3215//2770 3217//2770 3220//2770
f 3220//2771 3217//2771 3221//2771
f 3220//2772 3221//2772 3222//2772
f 3223//2773 3224//2773 3225//2773
f 3225//2774 3224//2774 3226//2774
f 3225//2775 3226//2775 3227//2775
f 3228//2776 3229//2776 3230//2776
f 3228//2777 3230//2777 3231//2777
f 3231//2778 3230//2778 3232//2778
f 3231//2779 3232//2779 3233//2779
f 3233//2780 3232//2780 3234//2780
f 3233//2781 3234//2781 3235//2781
f 3222//2782 3236//2782 3220//2782
f 3220//2783 3236//2783 3237//2783
f 3220//2784 3237//2784 3238//2784
f 3218//2785 3220//2785 3239//2785
f 3239//2786 3220//2786 3238//2786
f 3239//2787 3238//2787 3240//2787
f 3241//2788 3242//2788 3232//2788
f 3232//2789 3242//2789 3243//2789
f 3232//2790 3243//2790 3234//2790
f 3226//2791 3244//2791 3227//2791
f 3227//2792 3244//2792 3245//2792
f 3227//2793 3245//2793 3221//2793
f 3221//2794 3245//2794 3246//2794
f 3221//2795 3246//2795 3222//2795
f 3216//2796 3241//2796 3217//2796
f 3217//2797 3241//2797 3232//2797
f 3217//2798 3232//2798 3221//2798
f 3221//2799 3232//2799 3230//2799
f 3221//2800 3230//2800 3227//2800
f 3227//2801 3230//2801 3229//2801
f 3227//2802 3229//2802 3225//2802
f 3231//2803 3233//2803 3247//2803
f 3233//2804 3235//2804 3248//2804
f 3249//2805 3250//2805 3251//2805
f 3251//2806 3250//2806 3252//2806
f 3251//2807 3252//2807 3253//2807
f 3233//2808 3248//2808 3247//2808
f 3247//2809 3248//2809 3254//2809
f 3247//2810 3254//2810 3252//2810
f 3252//2811 3254//2811 3255//2811
f 3252//2812 3255//2812 3253//2812
f 3250//2813 3256//2813 3252//2813
f 3252//2814 3256//2814 3257//2814
f 3252//2815 3257//2815 3247//2815
f 3247//2816 3257//2816 3258//2816
f 3247//2817 3258//2817 3231//2817
f 3231//2818 3258//2818 3228//2818
f 3229//2819 3228//2819 3258//2819
f 3223//2820 3225//2820 3259//2820
f 3259//2821 3225//2821 3260//2821
f 3261//2822 3262//2822 3263//2822
f 3263//2823 3262//2823 3264//2823
f 3263//2824 3264//2824 3256//2824
f 3262//2825 3265//2825 3264//2825
f 3264//2826 3265//2826 3266//2826
f 3264//2827 3266//2827 3260//2827
f 3260//2828 3266//2828 3267//2828
f 3260//2829 3267//2829 3259//2829
f 3225//2830 3229//2830 3260//2830
f 3260//2831 3229//2831 3258//2831
f 3260//2832 3258//2832 3264//2832
f 3264//2833 3258//2833 3257//2833
f 3264//2834 3257//2834 3256//2834
f 3268//2835 3269//2835 3270//2835
f 3268//2836 3270//2836 3271//2836
f 3271//2837 3270//2837 3272//2837
f 3271//2838 3272//2838 3273//2838
f 3274//2839 3275//2839 3276//2839
f 3276//2840 3275//2840 3277//2840
f 3276//2841 3277//2841 3278//2841
f 3279//2842 3280//2842 3281//2842
f 3279//2843 3281//2843 3282//2843
f 3282//2844 3281//2844 3283//2844
f 3282//2845 3283//2845 3284//2845
f 3284//2846 3283//2846 3285//2846
f 3284//2847 3285//2847 3286//2847
f 3273//2848 3287//2848 3271//2848
f 3271//2849 3287//2849 3288//2849
f 3271//2850 3288//2850 3289//2850
f 3290//2851 3291//2851 3289//2851
f 3289//2852 3291//2852 3292//2852
f 3289//2853 3292//2853 3271//2853
f 3271//2854 3292//2854 3293//2854
f 3271//2855 3293//2855 3268//2855
f 3294//2856 3295//2856 3283//2856
f 3283//2857 3295//2857 3296//2857
f 3283//2858 3296//2858 3285//2858
f 3277//2859 3297//2859 3278//2859
f 3278//2860 3297//2860 3298//2860
f 3278//2861 3298//2861 3272//2861
f 3272//2862 3298//2862 3299//2862
f 3272//2863 3299//2863 3273//2863
f 3269//2864 3294//2864 3270//2864
f 3270//2865 3294//2865 3283//2865
f 3270//2866 3283//2866 3272//2866
f 3272//2867 3283//2867 3281//2867
f 3272//2868 3281//2868 3278//2868
f 3278//2869 3281//2869 3280//2869
f 3278//2870 3280//2870 3276//2870
f 3282//2871 3284//2871 3300//2871
f 3284//2872 3286//2872 3301//2872
f 3302//2873 3303//2873 3304//2873
f 3304//2874 3303//2874 3305//2874
f 3304//2875 3305//2875 3306//2875
f 3284//2876 3301//2876 3300//2876
f 3300//2877 3301//2877 3307//2877
f 3300//2878 3307//2878 3305//2878
f 3305//2879 3307//2879 3308//2879
f 3305//2880 3308//2880 3306//2880
f 3303//2881 3309//2881 3305//2881
f 3305//2882 3309//2882 3310//2882
f 3305//2883 3310//2883 3300//2883
f 3300//2884 3310//2884 3311//2884
f 3300//2885 3311//2885 3282//2885
f 3282//2886 3311//2886 3279//2886
f 3280//2887 3279//2887 3311//2887
f 3274//2888 3276//2888 3312//2888
f 3312//2889 3276//2889 3313//2889
f 3314//2890 3315//2890 3316//2890
f 3316//2891 3315//2891 3317//2891
f 3316//2892 3317//2892 3309//2892
f 3315//2893 3318//2893 3317//2893
f 3317//2894 3318//2894 3319//2894
f 3317//2895 3319//2895 3313//2895
f 3313//2896 3319//2896 3320//2896
f 3313//2897 3320//2897 3312//2897
f 3276//2898 3280//2898 3313//2898
f 3313//2899 3280//2899 3311//2899
f 3313//2900 3311//2900 3317//2900
f 3317//2901 3311//2901 3310//2901
f 3317//2902 3310//2902 3309//2902
f 3321//2903 3322//2903 3323//2903
f 3322//2904 3324//2904 3325//2904
f 3326//2905 3327//2905 3328//2905
f 3328//2906 3327//2906 3329//2906
f 3328//2907 3329//2907 3330//2907
f 3322//2908 3325//2908 3323//2908
f 3323//2909 3325//2909 3331//2909
f 3323//2910 3331//2910 3329//2910
f 3329//2911 3331//2911 3332//2911
f 3329//2912 3332//2912 3330//2912
f 3327//2913 3333//2913 3329//2913
f 3329//2914 3333//2914 3334//2914
f 3329//2915 3334//2915 3323//2915
f 3323//2916 3334//2916 3335//2916
f 3323//2917 3335//2917 3321//2917
f 3321//2918 3335//2918 3336//2918
f 3337//2919 3338//2919 3339//2919
f 3337//2920 3339//2920 3340//2920
f 3340//2921 3339//2921 3341//2921
f 3340//2922 3341//2922 3342//2922
f 3343//2923 3344//2923 3345//2923
f 3345//2924 3344//2924 3346//2924
f 3345//2925 3346//2925 3347//2925
f 3336//2926 3348//2926 3349//2926
f 3336//2927 3349//2927 3321//2927
f 3321//2928 3349//2928 3350//2928
f 3321//2929 3350//2929 3322//2929
f 3322//2930 3350//2930 3351//2930
f 3322//2931 3351//2931 3324//2931
f 3342//2932 3352//2932 3340//2932
f 3340//2933 3352//2933 3353//2933
f 3340//2934 3353//2934 3354//2934
f 3355//2935 3356//2935 3354//2935
f 3354//2936 3356//2936 3357//2936
f 3354//2937 3357//2937 3340//2937
f 3340//2938 3357//2938 3358//2938
f 3340//2939 3358//2939 3337//2939
f 3359//2940 3360//2940 3350//2940
f 3350//2941 3360//2941 3361//2941
f 3350//2942 3361//2942 3351//2942
f 3346//2943 3362//2943 3347//2943
f 3347//2944 3362//2944 3363//2944
f 3347//2945 3363//2945 3341//2945
f 3341//2946 3363//2946 3364//2946
f 3341//2947 3364//2947 3342//2947
f 3338//2948 3359//2948 3339//2948
f 3339//2949 3359//2949 3350//2949
f 3339//2950 3350//2950 3341//2950
f 3341//2951 3350//2951 3349//2951
f 3341//2952 3349//2952 3347//2952
f 3347//2953 3349//2953 3348//2953
f 3347//2954 3348//2954 3345//2954
f 3348//2955 3336//2955 3335//2955
f 3343//2956 3345//2956 3365//2956
f 3365//2957 3345//2957 3366//2957
f 3367//2958 3368//2958 3369//2958
f 3369//2959 3368//2959 3370//2959
f 3369//2960 3370//2960 3333//2960
f 3368//2961 3371//2961 3370//2961
f 3370//2962 3371//2962 3372//2962
f 3370//2963 3372//2963 3366//2963
f 3366//2964 3372//2964 3373//2964
f 3366//2965 3373//2965 3365//2965
f 3345//2966 3348//2966 3366//2966
f 3366//2967 3348//2967 3335//2967
f 3366//2968 3335//2968 3370//2968
f 3370//2969 3335//2969 3334//2969
f 3370//2970 3334//2970 3333//2970
f 3374//2971 3375//2971 3376//2971
f 3375//2972 3377//2972 3378//2972
f 3379//2973 3380//2973 3381//2973
f 3381//2974 3380//2974 3382//2974
f 3381//2975 3382//2975 3383//2975
f 3375//2976 3378//2976 3376//2976
f 3376//2977 3378//2977 3384//2977
f 3376//2978 3384//2978 3382//2978
f 3382//2979 3384//2979 3385//2979
f 3382//2980 3385//2980 3383//2980
f 3380//2981 3386//2981 3382//2981
f 3382//2982 3386//2982 3387//2982
f 3382//2983 3387//2983 3376//2983
f 3376//2984 3387//2984 3388//2984
f 3376//2985 3388//2985 3374//2985
f 3374//2986 3388//2986 3389//2986
f 3390//2987 3391//2987 3392//2987
f 3393//2988 3394//2988 3395//2988
f 3395//2989 3394//2989 3390//2989
f 3390//2990 3392//2990 3395//2990
f 3395//2991 3392//2991 3396//2991
f 3395//2992 3396//2992 3397//2992
f 3398//2993 3399//2993 3400//2993
f 3400//2994 3399//2994 3401//2994
f 3400//2995 3401//2995 3402//2995
f 3389//2996 3403//2996 3404//2996
f 3389//2997 3404//2997 3374//2997
f 3374//2998 3404//2998 3405//2998
f 3374//2999 3405//2999 3375//2999
f 3375//3000 3405//3000 3406//3000
f 3375//3001 3406//3001 3377//3001
f 3397//3002 3407//3002 3395//3002
f 3395//3003 3407//3003 3408//3003
f 3395//3004 3408//3004 3409//3004
f 3393//3005 3395//3005 3410//3005
f 3410//3006 3395//3006 3409//3006
f 3410//3007 3409//3007 3411//3007
f 3412//3008 3413//3008 3405//3008
f 3405//3009 3413//3009 3414//3009
f 3405//3010 3414//3010 3406//3010
f 3401//3011 3415//3011 3402//3011
f 3402//3012 3415//3012 3416//3012
f 3402//3013 3416//3013 3396//3013
f 3396//3014 3416//3014 3417//3014
f 3396//3015 3417//3015 3397//3015
f 3391//3016 3412//3016 3392//3016
f 3392//3017 3412//3017 3405//3017
f 3392//3018 3405//3018 3396//3018
f 3396//3019 3405//3019 3404//3019
f 3396//3020 3404//3020 3402//3020
f 3402//3021 3404//3021 3403//3021
f 3402//3022 3403//3022 3400//3022
f 3403//3023 3389//3023 3388//3023
f 3398//3024 3400//3024 3418//3024
f 3418//3025 3400//3025 3419//3025
f 3420//3026 3421//3026 3422//3026
f 3422//3027 3421//3027 3423//3027
f 3422//3028 3423//3028 3386//3028
f 3421//3029 3424//3029 3423//3029
f 3423//3030 3424//3030 3425//3030
f 3423//3031 3425//3031 3419//3031
f 3419//3032 3425//3032 3426//3032
f 3419//3033 3426//3033 3418//3033
f 3400//3034 3403//3034 3419//3034
f 3419//3035 3403//3035 3388//3035
f 3419//3036 3388//3036 3423//3036
f 3423//3037 3388//3037 3387//3037
f 3423//3038 3387//3038 3386//3038
f 3427//3039 3428//3039 3429//3039
f 3430//3040 3431//3040 3432//3040
f 3432//3041 3431//3041 3427//3041
f 3427//3042 3429//3042 3432//3042
f 3432//3043 3429//3043 3433//3043
f 3432//3044 3433//3044 3434//3044
f 3435//3045 3436//3045 3437//3045
f 3437//3046 3436//3046 3438//3046
f 3437//3047 3438//3047 3439//3047
f 3440//3048 3441//3048 3442//3048
f 3440//3049 3442//3049 3443//3049
f 3443//3050 3442//3050 3444//3050
f 3443//3051 3444//3051 3445//3051
f 3445//3052 3444//3052 3446//3052
f 3445//3053 3446//3053 3447//3053
f 3434//3054 3448//3054 3432//3054
f 3432//3055 3448//3055 3449//3055
f 3432//3056 3449//3056 3450//3056
f 3430//3057 3432//3057 3451//3057
f 3451//3058 3432//3058 3450//3058
f 3451//3059 3450//3059 3452//3059
f 3453//3060 3454//3060 3444//3060
f 3444//3061 3454//3061 3455//3061
f 3444//3062 3455//3062 3446//3062
f 3438//3063 3456//3063 3439//3063
f 3439//3064 3456//3064 3457//3064
f 3439//3065 3457//3065 3433//3065
f 3433//3066 3457//3066 3458//3066
f 3433//3067 3458//3067 3434//3067
f 3428//3068 3453//3068 3429//3068
f 3429//3069 3453//3069 3444//3069
f 3429//3070 3444//3070 3433//3070
f 3433//3071 3444//3071 3442//3071
f 3433//3072 3442//3072 3439//3072
f 3439//3073 3442//3073 3441//3073
f 3439//3074 3441//3074 3437//3074
f 3443//3075 3445//3075 3459//3075
f 3445//3076 3447//3076 3460//3076
f 3461//3077 3462//3077 3463//3077
f 3463//3078 3462//3078 3464//3078
f 3463//3079 3464//3079 3465//3079
f 3445//3080 3460//3080 3459//3080
f 3459//3081 3460//3081 3466//3081
f 3459//3082 3466//3082 3464//3082
f 3464//3083 3466//3083 3467//3083
f 3464//3084 3467//3084 3465//3084
f 3462//3085 3468//3085 3464//3085
f 3464//3086 3468//3086 3469//3086
f 3464//3087 3469//3087 3459//3087
f 3459//3088 3469//3088 3470//3088
f 3459//3089 3470//3089 3443//3089
f 3443//3090 3470//3090 3440//3090
f 3441//3091 3440//3091 3470//3091
f 3435//3092 3437//3092 3471//3092
f 3471//3093 3437//3093 3472//3093
f 3473//3094 3474//3094 3475//3094
f 3475//3095 3474//3095 3476//3095
f 3475//3096 3476//3096 3468//3096
f 3474//3097 3477//3097 3476//3097
f 3476//3098 3477//3098 3478//3098
f 3476//3099 3478//3099 3472//3099
f 3472//3100 3478//3100 3479//3100
f 3472//3101 3479//3101 3471//3101
f 3437//3102 3441//3102 3472//3102
f 3472//3103 3441//3103 3470//3103
f 3472//3104 3470//3104 3476//3104
f 3476//3105 3470//3105 3469//3105
f 3476//3106 3469//3106 3468//3106
f 3480//3107 3481//3107 3482//3107
f 3483//3108 3484//3108 3485//3108
f 3486//3109 3487//3109 3488//3109
f 3488//3110 3487//3110 3489//3110
f 3488//3111 3489//3111 3490//3111
f 3491//3112 3492//3112 3493//3112
f 3493//3113 3492//3113 3494//3113
f 3493//3114 3494//3114 3495//3114
f 3495//3115 3494//3115 3496//3115
f 3473//3116 3483//3116 3474//3116
f 3474//3117 3483//3117 3477//3117
f 3497//3118 3498//3118 3480//3118
f 3480//3118 3498//3118 3499//3118
f 3480//3119 3499//3119 3481//3119
f 3496//3120 3490//3120 3495//3120
f 3495//3121 3490//3121 3489//3121
f 3495//3122 3489//3122 3500//3122
f 3500//3123 3489//3123 3501//3123
f 3500//3124 3501//3124 3502//3124
f 3477//3125 3483//3125 3478//3125
f 3478//3126 3483//3126 3485//3126
f 3478//3127 3485//3127 3479//3127
f 3479//3128 3485//3128 3471//3128
f 3471//3129 3485//3129 3503//3129
f 3471//3130 3503//3130 3482//3130
f 3457//3131 3504//3131 3458//3131
f 3458//3132 3504//3132 3505//3132
f 3458//3133 3505//3133 3434//3133
f 3434//3134 3505//3134 3448//3134
f 3449//3135 3506//3135 3450//3135
f 3450//3136 3506//3136 3507//3136
f 3450//3137 3507//3137 3452//3137
f 3499//3138 3508//3138 3481//3138
f 3481//3138 3508//3138 3509//3138
f 3481//3139 3509//3139 3506//3139
f 3506//3140 3509//3140 3510//3140
f 3506//3140 3510//3140 3507//3140
f 3457//3141 3456//3141 3504//3141
f 3504//3142 3456//3142 3438//3142
f 3504//3143 3438//3143 3511//3143
f 3511//3144 3438//3144 3436//3144
f 3511//3145 3436//3145 3435//3145
f 3484//3146 3491//3146 3485//3146
f 3485//3147 3491//3147 3493//3147
f 3485//3148 3493//3148 3503//3148
f 3503//3149 3493//3149 3495//3149
f 3503//3150 3495//3150 3482//3150
f 3482//3151 3495//3151 3500//3151
f 3482//3152 3500//3152 3480//3152
f 3480//3153 3500//3153 3502//3153
f 3480//3154 3502//3154 3497//3154
f 3497//3155 3502//3155 3512//3155
f 3497//3156 3512//3156 3513//3156
f 3435//3157 3471//3157 3511//3157
f 3511//3158 3471//3158 3482//3158
f 3511//3159 3482//3159 3504//3159
f 3504//3160 3482//3160 3481//3160
f 3504//3161 3481//3161 3505//3161
f 3505//3162 3481//3162 3506//3162
f 3505//3163 3506//3163 3448//3163
f 3448//3164 3506//3164 3449//3164
f 3514//3165 3513//3165 3512//3165
f 3486//3166 3515//3166 3516//3166
f 3517//3167 3514//3167 3518//3167
f 3518//3168 3514//3168 3512//3168
f 3518//3169 3512//3169 3519//3169
f 3519//3170 3512//3170 3502//3170
f 3519//3171 3502//3171 3520//3171
f 3520//3172 3502//3172 3501//3172
f 3520//3173 3501//3173 3521//3173
f 3486//3174 3516//3174 3487//3174
f 3487//3175 3516//3175 3522//3175
f 3487//3176 3522//3176 3489//3176
f 3489//3177 3522//3177 3523//3177
f 3489//3178 3523//3178 3501//3178
f 3501//3179 3523//3179 3524//3179
f 3501//3180 3524//3180 3521//3180
f 3525//3181 3526//3181 3527//3181
f 3169//3182 3171//3182 3528//3182
f 3167//3183 3169//3183 3529//3183
f 3529//3184 3169//3184 3528//3184
f 3529//3185 3528//3185 3530//3185
f 3530//3186 3528//3186 3531//3186
f 3532//3187 3533//3187 3526//3187
f 3526//3188 3533//3188 3534//3188
f 3523//3189 3522//3189 3525//3189
f 3525//3190 3522//3190 3516//3190
f 3532//3191 3526//3191 3535//3191
f 3535//3192 3526//3192 3525//3192
f 3535//3193 3525//3193 3536//3193
f 3536//3194 3525//3194 3516//3194
f 3536//3195 3516//3195 3515//3195
f 3537//3196 3210//3196 3538//3196
f 3538//3197 3210//3197 3209//3197
f 3538//3198 3209//3198 3191//3198
f 3191//3199 3190//3199 3538//3199
f 3538//3200 3190//3200 3208//3200
f 3538//3201 3208//3201 3539//3201
f 3539//3202 3208//3202 3207//3202
f 3539//3203 3207//3203 3540//3203
f 3540//3204 3207//3204 3206//3204
f 3540//3205 3206//3205 3205//3205
f 3541//3206 3527//3206 3542//3206
f 3542//3207 3527//3207 3526//3207
f 3542//3208 3526//3208 3528//3208
f 3528//3209 3526//3209 3534//3209
f 3528//3210 3534//3210 3531//3210
f 3171//3211 3173//3211 3528//3211
f 3528//3212 3173//3212 3172//3212
f 3528//3213 3172//3213 3542//3213
f 3542//3214 3172//3214 3166//3214
f 3542//3215 3166//3215 3541//3215
f 3541//3216 3166//3216 3165//3216
f 3541//3217 3165//3217 3201//3217
f 3517//3218 3518//3218 3543//3218
f 3543//3219 3518//3219 3544//3219
f 3545//3220 3546//3220 3547//3220
f 3547//3220 3546//3220 3548//3220
f 3547//3221 3548//3221 3544//3221
f 3544//3222 3548//3222 3549//3222
f 3544//3222 3549//3222 3543//3222
f 3518//3223 3519//3223 3544//3223
f 3544//3224 3519//3224 3520//3224
f 3544//3225 3520//3225 3550//3225
f 3550//3226 3520//3226 3521//3226
f 3550//3227 3521//3227 3524//3227
f 3537//3228 3527//3228 3210//3228
f 3210//3229 3527//3229 3541//3229
f 3210//3230 3541//3230 3211//3230
f 3211//3231 3541//3231 3201//3231
f 3540//3232 3551//3232 3539//3232
f 3539//3232 3551//3232 3545//3232
f 3539//3233 3545//3233 3538//3233
f 3538//3234 3545//3234 3547//3234
f 3538//3235 3547//3235 3537//3235
f 3537//3236 3547//3236 3544//3236
f 3537//3237 3544//3237 3527//3237
f 3527//3238 3544//3238 3550//3238
f 3527//3239 3550//3239 3525//3239
f 3525//3240 3550//3240 3524//3240
f 3525//3241 3524//3241 3523//3241
f 3552//3242 3553//3242 3554//3242
f 3554//3243 3553//3243 3555//3243
f 3554//3244 3555//3244 3556//3244
f 3557//3245 3558//3245 3559//3245
f 3559//3246 3558//3246 3560//3246
f 3559//3247 3560//3247 3561//3247
f 3560//3248 3562//3248 3561//3248
f 3561//3249 3562//3249 3563//3249
f 3561//3250 3563//3250 3564//3250
f 3564//3251 3563//3251 3565//3251
f 3564//3252 3565//3252 3566//3252
f 3566//3253 3565//3253 3567//3253
f 3566//3254 3567//3254 3568//3254
f 3568//3255 3567//3255 3556//3255
f 3568//3256 3556//3256 3569//3256
f 3569//3257 3556//3257 3555//3257
f 3570//3258 3571//3258 3572//3258
f 3573//3259 3183//3259 3185//3259
f 3574//3260 3575//3260 3576//3260
f 3577//3261 3578//3261 3579//3261
f 3579//3262 3578//3262 3580//3262
f 3579//3263 3580//3263 3581//3263
f 3581//3264 3580//3264 3582//3264
f 3581//3265 3582//3265 3583//3265
f 3573//3266 3185//3266 3584//3266
f 3585//3267 3586//3267 3587//3267
f 3560//3268 3558//3268 3588//3268
f 3588//3269 3558//3269 3589//3269
f 3588//3270 3589//3270 3590//3270
f 3575//3271 3577//3271 3576//3271
f 3576//3272 3577//3272 3579//3272
f 3576//3273 3579//3273 3591//3273
f 3591//3274 3579//3274 3581//3274
f 3556//3275 3581//3275 3554//3275
f 3554//3276 3581//3276 3583//3276
f 3554//3277 3583//3277 3552//3277
f 3586//3278 3584//3278 3587//3278
f 3587//3279 3584//3279 3185//3279
f 3587//3280 3185//3280 3592//3280
f 3592//3281 3185//3281 3174//3281
f 3592//3282 3174//3282 3168//3282
f 3567//3283 3565//3283 3593//3283
f 3593//3284 3565//3284 3563//3284
f 3593//3285 3563//3285 3588//3285
f 3588//3286 3563//3286 3562//3286
f 3588//3287 3562//3287 3560//3287
f 3556//3288 3567//3288 3581//3288
f 3581//3289 3567//3289 3593//3289
f 3581//3290 3593//3290 3591//3290
f 3591//3291 3593//3291 3588//3291
f 3591//3292 3588//3292 3572//3292
f 3572//3293 3588//3293 3590//3293
f 3572//3294 3590//3294 3570//3294
f 3167//3295 3574//3295 3168//3295
f 3168//3296 3574//3296 3576//3296
f 3168//3297 3576//3297 3592//3297
f 3592//3298 3576//3298 3591//3298
f 3592//3299 3591//3299 3587//3299
f 3587//3300 3591//3300 3572//3300
f 3587//3301 3572//3301 3585//3301
f 3585//3302 3572//3302 3571//3302
f 3594//3303 3595//3303 3596//3303
f 3597//3304 3598//3304 3599//3304
f 3600//3305 3601//3305 3602//3305
f 3602//3306 3601//3306 3603//3306
f 3602//3307 3603//3307 3604//3307
f 3605//3308 3606//3308 3607//3308
f 3607//3309 3606//3309 3608//3309
f 3607//3310 3608//3310 3609//3310
f 3609//3311 3608//3311 3610//3311
f 3183//3312 3597//3312 3184//3312
f 3184//3313 3597//3313 3187//3313
f 3611//3314 3612//3314 3594//3314
f 3594//3314 3612//3314 3613//3314
f 3594//3315 3613//3315 3595//3315
f 3610//3316 3604//3316 3609//3316
f 3609//3317 3604//3317 3603//3317
f 3609//3318 3603//3318 3614//3318
f 3614//3319 3603//3319 3615//3319
f 3614//3320 3615//3320 3616//3320
f 3187//3321 3597//3321 3188//3321
f 3188//3322 3597//3322 3599//3322
f 3188//3323 3599//3323 3189//3323
f 3189//3324 3599//3324 3181//3324
f 3181//3325 3599//3325 3617//3325
f 3181//3326 3617//3326 3596//3326
f 3213//3327 3618//3327 3214//3327
f 3214//3328 3618//3328 3619//3328
f 3214//3329 3619//3329 3195//3329
f 3195//3330 3619//3330 3202//3330
f 3203//3331 3620//3331 3204//3331
f 3204//3332 3620//3332 3621//3332
f 3204//3333 3621//3333 3205//3333
f 3613//3334 3622//3334 3595//3334
f 3595//3334 3622//3334 3623//3334
f 3595//3335 3623//3335 3620//3335
f 3620//3336 3623//3336 3624//3336
f 3620//3336 3624//3336 3621//3336
f 3213//3337 3212//3337 3618//3337
f 3618//3338 3212//3338 3197//3338
f 3618//3339 3197//3339 3625//3339
f 3625//3340 3197//3340 3196//3340
f 3625//3341 3196//3341 3179//3341
f 3598//3342 3605//3342 3599//3342
f 3599//3343 3605//3343 3607//3343
f 3599//3344 3607//3344 3617//3344
f 3617//3345 3607//3345 3609//3345
f 3617//3346 3609//3346 3596//3346
f 3596//3347 3609//3347 3614//3347
f 3596//3348 3614//3348 3594//3348
f 3594//3349 3614//3349 3616//3349
f 3594//3350 3616//3350 3611//3350
f 3611//3351 3616//3351 3626//3351
f 3611//3352 3626//3352 3627//3352
f 3179//3353 3181//3353 3625//3353
f 3625//3354 3181//3354 3596//3354
f 3625//3355 3596//3355 3618//3355
f 3618//3356 3596//3356 3595//3356
f 3618//3357 3595//3357 3619//3357
f 3619//3358 3595//3358 3620//3358
f 3619//3359 3620//3359 3202//3359
f 3202//3360 3620//3360 3203//3360
f 3628//3361 3627//3361 3626//3361
f 3600//3362 3629//3362 3630//3362
f 3631//3363 3628//3363 3632//3363
f 3632//3364 3628//3364 3626//3364
f 3632//3365 3626//3365 3633//3365
f 3633//3366 3626//3366 3616//3366
f 3600//3367 3630//3367 3601//3367
f 3601//3368 3630//3368 3634//3368
f 3601//3369 3634//3369 3603//3369
f 3634//3370 3635//3370 3603//3370
f 3603//3371 3635//3371 3636//3371
f 3603//3372 3636//3372 3615//3372
f 3615//3373 3636//3373 3637//3373
f 3615//3374 3637//3374 3616//3374
f 3616//3375 3637//3375 3638//3375
f 3616//3376 3638//3376 3633//3376
f 3639//3377 3640//3377 3641//3377
f 3251//3378 3253//3378 3642//3378
f 3249//3379 3251//3379 3643//3379
f 3643//3380 3251//3380 3642//3380
f 3643//3381 3642//3381 3644//3381
f 3644//3382 3642//3382 3645//3382
f 3646//3383 3647//3383 3640//3383
f 3640//3384 3647//3384 3648//3384
f 3635//3385 3634//3385 3639//3385
f 3639//3386 3634//3386 3630//3386
f 3646//3387 3640//3387 3649//3387
f 3649//3388 3640//3388 3639//3388
f 3649//3389 3639//3389 3650//3389
f 3650//3390 3639//3390 3630//3390
f 3650//3391 3630//3391 3629//3391
f 3651//3392 3242//3392 3652//3392
f 3652//3393 3242//3393 3241//3393
f 3652//3394 3241//3394 3216//3394
f 3216//3395 3215//3395 3652//3395
f 3652//3396 3215//3396 3219//3396
f 3652//3397 3219//3397 3653//3397
f 3653//3398 3219//3398 3218//3398
f 3653//3399 3218//3399 3654//3399
f 3654//3400 3218//3400 3239//3400
f 3654//3401 3239//3401 3240//3401
f 3655//3402 3641//3402 3656//3402
f 3656//3403 3641//3403 3640//3403
f 3656//3404 3640//3404 3642//3404
f 3642//3405 3640//3405 3648//3405
f 3642//3406 3648//3406 3645//3406
f 3253//3407 3255//3407 3642//3407
f 3642//3408 3255//3408 3254//3408
f 3642//3409 3254//3409 3656//3409
f 3656//3410 3254//3410 3248//3410
f 3656//3411 3248//3411 3655//3411
f 3655//3412 3248//3412 3235//3412
f 3655//3413 3235//3413 3234//3413
f 3631//3414 3632//3414 3657//3414
f 3657//3415 3632//3415 3658//3415
f 3659//3416 3660//3416 3661//3416
f 3661//3416 3660//3416 3662//3416
f 3661//3417 3662//3417 3658//3417
f 3658//3418 3662//3418 3663//3418
f 3658//3418 3663//3418 3657//3418
f 3632//3419 3633//3419 3658//3419
f 3658//3420 3633//3420 3638//3420
f 3658//3421 3638//3421 3664//3421
f 3664//3422 3638//3422 3637//3422
f 3664//3423 3637//3423 3636//3423
f 3651//3424 3641//3424 3242//3424
f 3242//3425 3641//3425 3655//3425
f 3242//3426 3655//3426 3243//3426
f 3243//3427 3655//3427 3234//3427
f 3654//3428 3665//3428 3653//3428
f 3653//3428 3665//3428 3659//3428
f 3653//3429 3659//3429 3652//3429
f 3652//3430 3659//3430 3661//3430
f 3652//3431 3661//3431 3651//3431
f 3651//3432 3661//3432 3658//3432
f 3651//3433 3658//3433 3641//3433
f 3641//3434 3658//3434 3664//3434
f 3641//3435 3664//3435 3639//3435
f 3639//3436 3664//3436 3636//3436
f 3639//3437 3636//3437 3635//3437
f 3666//3438 3667//3438 3668//3438
f 3666//3439 3668//3439 3669//3439
f 3670//3440 3671//3440 3672//3440
f 3672//3441 3671//3441 3673//3441
f 3672//3442 3673//3442 3669//3442
f 3674//3443 3675//3443 3670//3443
f 3670//3444 3675//3444 3676//3444
f 3670//3445 3676//3445 3671//3445
f 3557//3446 3559//3446 3677//3446
f 3677//3447 3559//3447 3678//3447
f 3677//3448 3678//3448 3679//3448
f 3679//3449 3678//3449 3680//3449
f 3681//3450 3682//3450 3683//3450
f 3684//3451 3685//3451 3686//3451
f 3687//3452 3674//3452 3688//3452
f 3688//3453 3674//3453 3670//3453
f 3688//3454 3670//3454 3689//3454
f 3689//3455 3670//3455 3672//3455
f 3569//3456 3555//3456 3688//3456
f 3688//3457 3555//3457 3553//3457
f 3688//3458 3553//3458 3687//3458
f 3559//3459 3561//3459 3678//3459
f 3678//3460 3561//3460 3564//3460
f 3678//3461 3564//3461 3690//3461
f 3690//3462 3564//3462 3566//3462
f 3690//3463 3566//3463 3568//3463
f 3668//3464 3691//3464 3692//3464
f 3692//3465 3691//3465 3684//3465
f 3692//3466 3684//3466 3681//3466
f 3681//3467 3684//3467 3686//3467
f 3681//3468 3686//3468 3682//3468
f 3669//3469 3668//3469 3672//3469
f 3672//3470 3668//3470 3692//3470
f 3672//3471 3692//3471 3689//3471
f 3689//3472 3692//3472 3681//3472
f 3689//3473 3681//3473 3693//3473
f 3693//3474 3681//3474 3683//3474
f 3693//3475 3683//3475 3694//3475
f 3694//3476 3680//3476 3693//3476
f 3693//3477 3680//3477 3678//3477
f 3693//3478 3678//3478 3689//3478
f 3689//3479 3678//3479 3690//3479
f 3689//3480 3690//3480 3688//3480
f 3688//3481 3690//3481 3568//3481
f 3688//3482 3568//3482 3569//3482
f 3695//3483 3696//3483 3697//3483
f 3698//3484 3699//3484 3700//3484
f 3701//3485 3702//3485 3703//3485
f 3703//3486 3702//3486 3704//3486
f 3703//3487 3704//3487 3705//3487
f 3706//3488 3707//3488 3708//3488
f 3708//3489 3707//3489 3709//3489
f 3708//3490 3709//3490 3710//3490
f 3710//3491 3709//3491 3711//3491
f 3261//3492 3698//3492 3262//3492
f 3262//3493 3698//3493 3265//3493
f 3712//3494 3713//3494 3695//3494
f 3695//3494 3713//3494 3714//3494
f 3695//3495 3714//3495 3696//3495
f 3711//3496 3705//3496 3710//3496
f 3710//3497 3705//3497 3704//3497
f 3710//3498 3704//3498 3715//3498
f 3715//3499 3704//3499 3716//3499
f 3715//3500 3716//3500 3717//3500
f 3265//3501 3698//3501 3266//3501
f 3266//3502 3698//3502 3700//3502
f 3266//3503 3700//3503 3267//3503
f 3267//3504 3700//3504 3259//3504
f 3259//3505 3700//3505 3718//3505
f 3259//3506 3718//3506 3697//3506
f 3245//3507 3719//3507 3246//3507
f 3246//3508 3719//3508 3720//3508
f 3246//3509 3720//3509 3222//3509
f 3222//3510 3720//3510 3236//3510
f 3237//3511 3721//3511 3238//3511
f 3238//3512 3721//3512 3722//3512
f 3238//3513 3722//3513 3240//3513
f 3714//3514 3723//3514 3696//3514
f 3696//3514 3723//3514 3724//3514
f 3696//3515 3724//3515 3721//3515
f 3721//3516 3724//3516 3725//3516
f 3721//3516 3725//3516 3722//3516
f 3245//3517 3244//3517 3719//3517
f 3719//3518 3244//3518 3226//3518
f 3719//3519 3226//3519 3726//3519
f 3726//3520 3226//3520 3224//3520
f 3726//3521 3224//3521 3223//3521
f 3699//3522 3706//3522 3700//3522
f 3700//3523 3706//3523 3708//3523
f 3700//3524 3708//3524 3718//3524
f 3718//3525 3708//3525 3710//3525
f 3718//3526 3710//3526 3697//3526
f 3697//3527 3710//3527 3715//3527
f 3697//3528 3715//3528 3695//3528
f 3695//3529 3715//3529 3717//3529
f 3695//3530 3717//3530 3712//3530
f 3712//3531 3717//3531 3727//3531
f 3712//3532 3727//3532 3728//3532
f 3223//3533 3259//3533 3726//3533
f 3726//3534 3259//3534 3697//3534
f 3726//3535 3697//3535 3719//3535
f 3719//3536 3697//3536 3696//3536
f 3719//3537 3696//3537 3720//3537
f 3720//3538 3696//3538 3721//3538
f 3720//3539 3721//3539 3236//3539
f 3236//3540 3721//3540 3237//3540
f 3729//3541 3728//3541 3727//3541
f 3730//3542 3729//3542 3731//3542
f 3731//3543 3729//3543 3727//3543
f 3731//3544 3727//3544 3732//3544
f 3732//3545 3727//3545 3717//3545
f 3732//3546 3717//3546 3733//3546
f 3733//3547 3717//3547 3716//3547
f 3733//3548 3716//3548 3734//3548
f 3734//3549 3716//3549 3735//3549
f 3735//3550 3716//3550 3736//3550
f 3736//3551 3716//3551 3704//3551
f 3736//3552 3704//3552 3737//3552
f 3737//3553 3704//3553 3702//3553
f 3737//3554 3702//3554 3738//3554
f 3738//3555 3702//3555 3701//3555
f 3738//3556 3701//3556 3739//3556
f 3740//3557 3741//3557 3742//3557
f 3304//3558 3306//3558 3743//3558
f 3302//3559 3304//3559 3744//3559
f 3744//3560 3304//3560 3743//3560
f 3744//3561 3743//3561 3745//3561
f 3745//3562 3743//3562 3746//3562
f 3747//3563 3748//3563 3741//3563
f 3741//3564 3748//3564 3749//3564
f 3736//3565 3737//3565 3740//3565
f 3740//3566 3737//3566 3738//3566
f 3747//3567 3741//3567 3750//3567
f 3750//3568 3741//3568 3740//3568
f 3750//3569 3740//3569 3751//3569
f 3751//3570 3740//3570 3738//3570
f 3751//3571 3738//3571 3739//3571
f 3752//3572 3295//3572 3753//3572
f 3753//3573 3295//3573 3294//3573
f 3753//3574 3294//3574 3269//3574
f 3269//3575 3268//3575 3753//3575
f 3753//3576 3268//3576 3293//3576
f 3753//3577 3293//3577 3754//3577
f 3754//3578 3293//3578 3292//3578
f 3754//3579 3292//3579 3755//3579
f 3755//3580 3292//3580 3291//3580
f 3755//3581 3291//3581 3290//3581
f 3756//3582 3742//3582 3757//3582
f 3757//3583 3742//3583 3741//3583
f 3757//3584 3741//3584 3743//3584
f 3743//3585 3741//3585 3749//3585
f 3743//3586 3749//3586 3746//3586
f 3306//3587 3308//3587 3743//3587
f 3743//3588 3308//3588 3307//3588
f 3743//3589 3307//3589 3757//3589
f 3757//3590 3307//3590 3301//3590
f 3757//3591 3301//3591 3756//3591
f 3756//3592 3301//3592 3286//3592
f 3756//3593 3286//3593 3285//3593
f 3730//3594 3731//3594 3758//3594
f 3758//3595 3731//3595 3759//3595
f 3760//3596 3761//3596 3762//3596
f 3762//3596 3761//3596 3763//3596
f 3762//3597 3763//3597 3759//3597
f 3759//3598 3763//3598 3764//3598
f 3759//3598 3764//3598 3758//3598
f 3731//3599 3732//3599 3759//3599
f 3759//3600 3732//3600 3733//3600
f 3759//3601 3733//3601 3765//3601
f 3765//3602 3733//3602 3734//3602
f 3765//3603 3734//3603 3735//3603
f 3752//3604 3742//3604 3295//3604
f 3295//3605 3742//3605 3756//3605
f 3295//3606 3756//3606 3296//3606
f 3296//3607 3756//3607 3285//3607
f 3755//3608 3766//3608 3754//3608
f 3754//3608 3766//3608 3760//3608
f 3754//3609 3760//3609 3753//3609
f 3753//3610 3760//3610 3762//3610
f 3753//3611 3762//3611 3752//3611
f 3752//3612 3762//3612 3759//3612
f 3752//3613 3759//3613 3742//3613
f 3742//3614 3759//3614 3765//3614
f 3742//3615 3765//3615 3740//3615
f 3740//3616 3765//3616 3735//3616
f 3740//3617 3735//3617 3736//3617
f 3767//3618 3768//3618 3769//3618
f 3767//3619 3769//3619 3770//3619
f 3771//3620 3772//3620 3773//3620
f 3773//3621 3772//3621 3774//3621
f 3773//3622 3774//3622 3770//3622
f 3775//3623 3776//3623 3771//3623
f 3771//3624 3776//3624 3777//3624
f 3771//3625 3777//3625 3772//3625
f 3778//3626 3779//3626 3780//3626
f 3780//3627 3779//3627 3781//3627
f 3782//3628 3783//3628 3784//3628
f 3784//3629 3783//3629 3785//3629
f 3786//3630 3787//3630 3788//3630
f 3789//3631 3790//3631 3791//3631
f 3781//3632 3775//3632 3780//3632
f 3780//3633 3775//3633 3771//3633
f 3780//3634 3771//3634 3792//3634
f 3792//3635 3771//3635 3773//3635
f 3793//3636 3794//3636 3795//3636
f 3794//3637 3793//3637 3796//3637
f 3796//3638 3793//3638 3784//3638
f 3796//3639 3784//3639 3797//3639
f 3797//3640 3784//3640 3785//3640
f 3797//3641 3785//3641 3798//3641
f 3769//3642 3799//3642 3800//3642
f 3800//3643 3799//3643 3789//3643
f 3800//3644 3789//3644 3786//3644
f 3786//3645 3789//3645 3791//3645
f 3786//3646 3791//3646 3787//3646
f 3770//3647 3769//3647 3773//3647
f 3773//3648 3769//3648 3800//3648
f 3773//3649 3800//3649 3792//3649
f 3792//3650 3800//3650 3786//3650
f 3792//3651 3786//3651 3801//3651
f 3801//3652 3786//3652 3788//3652
f 3801//3653 3788//3653 3802//3653
f 3802//3654 3782//3654 3801//3654
f 3801//3655 3782//3655 3784//3655
f 3801//3656 3784//3656 3792//3656
f 3792//3657 3784//3657 3793//3657
f 3792//3658 3793//3658 3780//3658
f 3780//3659 3793//3659 3795//3659
f 3780//3660 3795//3660 3778//3660
f 3798//3661 3803//3661 3797//3661
f 3797//3662 3803//3662 3804//3662
f 3797//3663 3804//3663 3796//3663
f 3804//3664 3805//3664 3796//3664
f 3796//3665 3805//3665 3806//3665
f 3796//3666 3806//3666 3794//3666
f 3807//3667 3779//3667 3808//3667
f 3808//3668 3779//3668 3778//3668
f 3808//3669 3778//3669 3809//3669
f 3809//3670 3778//3670 3795//3670
f 3809//3671 3795//3671 3810//3671
f 3810//3672 3795//3672 3794//3672
f 3810//3673 3794//3673 3811//3673
f 3811//3674 3794//3674 3806//3674
f 3812//3675 3813//3675 3814//3675
f 3815//3676 3261//3676 3263//3676
f 3816//3677 3817//3677 3818//3677
f 3819//3678 3820//3678 3821//3678
f 3821//3679 3820//3679 3822//3679
f 3821//3680 3822//3680 3823//3680
f 3823//3681 3822//3681 3824//3681
f 3823//3682 3824//3682 3825//3682
f 3815//3683 3263//3683 3826//3683
f 3827//3684 3828//3684 3829//3684
f 3804//3685 3803//3685 3830//3685
f 3830//3686 3803//3686 3831//3686
f 3830//3687 3831//3687 3832//3687
f 3817//3688 3819//3688 3818//3688
f 3818//3689 3819//3689 3821//3689
f 3818//3690 3821//3690 3833//3690
f 3833//3691 3821//3691 3823//3691
f 3809//3692 3823//3692 3808//3692
f 3808//3693 3823//3693 3825//3693
f 3808//3694 3825//3694 3807//3694
f 3828//3695 3826//3695 3829//3695
f 3829//3696 3826//3696 3263//3696
f 3829//3697 3263//3697 3834//3697
f 3834//3698 3263//3698 3256//3698
f 3834//3699 3256//3699 3250//3699
f 3810//3700 3811//3700 3835//3700
f 3835//3701 3811//3701 3806//3701
f 3835//3702 3806//3702 3830//3702
f 3830//3703 3806//3703 3805//3703
f 3830//3704 3805//3704 3804//3704
f 3809//3705 3810//3705 3823//3705
f 3823//3706 3810//3706 3835//3706
f 3823//3707 3835//3707 3833//3707
f 3833//3708 3835//3708 3830//3708
f 3833//3709 3830//3709 3814//3709
f 3814//3710 3830//3710 3832//3710
f 3814//3711 3832//3711 3812//3711
f 3249//3712 3816//3712 3250//3712
f 3250//3713 3816//3713 3818//3713
f 3250//3714 3818//3714 3834//3714
f 3834//3715 3818//3715 3833//3715
f 3834//3716 3833//3716 3829//3716
f 3829//3717 3833//3717 3814//3717
f 3829//3718 3814//3718 3827//3718
f 3827//3719 3814//3719 3813//3719
f 3836//3720 3837//3720 3838//3720
f 3839//3721 3840//3721 3841//3721
f 3842//3722 3843//3722 3844//3722
f 3844//3723 3843//3723 3845//3723
f 3844//3724 3845//3724 3846//3724
f 3847//3725 3848//3725 3849//3725
f 3849//3726 3848//3726 3850//3726
f 3849//3727 3850//3727 3851//3727
f 3851//3728 3850//3728 3852//3728
f 3314//3729 3839//3729 3315//3729
f 3315//3730 3839//3730 3318//3730
f 3853//3731 3854//3731 3836//3731
f 3836//3731 3854//3731 3855//3731
f 3836//3732 3855//3732 3837//3732
f 3852//3733 3846//3733 3851//3733
f 3851//3734 3846//3734 3845//3734
f 3851//3735 3845//3735 3856//3735
f 3856//3736 3845//3736 3857//3736
f 3856//3737 3857//3737 3858//3737
f 3318//3738 3839//3738 3319//3738
f 3319//3739 3839//3739 3841//3739
f 3319//3740 3841//3740 3320//3740
f 3320//3741 3841//3741 3312//3741
f 3312//3742 3841//3742 3859//3742
f 3312//3743 3859//3743 3838//3743
f 3298//3744 3860//3744 3299//3744
f 3299//3745 3860//3745 3861//3745
f 3299//3746 3861//3746 3273//3746
f 3273//3747 3861//3747 3287//3747
f 3288//3748 3862//3748 3289//3748
f 3289//3749 3862//3749 3863//3749
f 3289//3750 3863//3750 3290//3750
f 3855//3751 3864//3751 3837//3751
f 3837//3751 3864//3751 3865//3751
f 3837//3752 3865//3752 3862//3752
f 3862//3753 3865//3753 3866//3753
f 3862//3753 3866//3753 3863//3753
f 3298//3754 3297//3754 3860//3754
f 3860//3755 3297//3755 3277//3755
f 3860//3756 3277//3756 3867//3756
f 3867//3757 3277//3757 3275//3757
f 3867//3758 3275//3758 3274//3758
f 3840//3759 3847//3759 3841//3759
f 3841//3760 3847//3760 3849//3760
f 3841//3761 3849//3761 3859//3761
f 3859//3762 3849//3762 3851//3762
f 3859//3763 3851//3763 3838//3763
f 3838//3764 3851//3764 3856//3764
f 3838//3765 3856//3765 3836//3765
f 3836//3766 3856//3766 3858//3766
f 3836//3767 3858//3767 3853//3767
f 3853//3768 3858//3768 3868//3768
f 3853//3769 3868//3769 3869//3769
f 3274//3770 3312//3770 3867//3770
f 3867//3771 3312//3771 3838//3771
f 3867//3772 3838//3772 3860//3772
f 3860//3773 3838//3773 3837//3773
f 3860//3774 3837//3774 3861//3774
f 3861//3775 3837//3775 3862//3775
f 3861//3776 3862//3776 3287//3776
f 3287//3777 3862//3777 3288//3777
f 3870//3778 3869//3778 3868//3778
f 3842//3779 3871//3779 3872//3779
f 3873//3780 3870//3780 3874//3780
f 3874//3781 3870//3781 3868//3781
f 3874//3782 3868//3782 3875//3782
f 3875//3783 3868//3783 3858//3783
f 3875//3784 3858//3784 3876//3784
f 3876//3785 3858//3785 3857//3785
f 3842//3786 3872//3786 3843//3786
f 3843//3787 3872//3787 3877//3787
f 3843//3788 3877//3788 3845//3788
f 3877//3789 3878//3789 3845//3789
f 3845//3790 3878//3790 3879//3790
f 3845//3791 3879//3791 3857//3791
f 3857//3792 3879//3792 3880//3792
f 3857//3793 3880//3793 3876//3793
f 3881//3794 3882//3794 3883//3794
f 3328//3795 3330//3795 3884//3795
f 3326//3796 3328//3796 3885//3796
f 3885//3797 3328//3797 3884//3797
f 3885//3798 3884//3798 3886//3798
f 3886//3799 3884//3799 3887//3799
f 3888//3800 3889//3800 3882//3800
f 3882//3801 3889//3801 3890//3801
f 3878//3802 3877//3802 3881//3802
f 3881//3803 3877//3803 3872//3803
f 3888//3804 3882//3804 3891//3804
f 3891//3805 3882//3805 3881//3805
f 3891//3806 3881//3806 3892//3806
f 3892//3807 3881//3807 3872//3807
f 3892//3808 3872//3808 3871//3808
f 3893//3809 3360//3809 3894//3809
f 3894//3810 3360//3810 3359//3810
f 3894//3811 3359//3811 3338//3811
f 3338//3812 3337//3812 3894//3812
f 3894//3813 3337//3813 3358//3813
f 3894//3814 3358//3814 3895//3814
f 3895//3815 3358//3815 3357//3815
f 3895//3816 3357//3816 3896//3816
f 3896//3817 3357//3817 3356//3817
f 3896//3818 3356//3818 3355//3818
f 3897//3819 3883//3819 3898//3819
f 3898//3820 3883//3820 3882//3820
f 3898//3821 3882//3821 3884//3821
f 3884//3822 3882//3822 3890//3822
f 3884//3823 3890//3823 3887//3823
f 3330//3824 3332//3824 3884//3824
f 3884//3825 3332//3825 3331//3825
f 3884//3826 3331//3826 3898//3826
f 3898//3827 3331//3827 3325//3827
f 3898//3828 3325//3828 3897//3828
f 3897//3829 3325//3829 3324//3829
f 3897//3830 3324//3830 3351//3830
f 3873//3831 3874//3831 3899//3831
f 3899//3832 3874//3832 3900//3832
f 3901//3833 3902//3833 3903//3833
f 3903//3833 3902//3833 3904//3833
f 3903//3834 3904//3834 3900//3834
f 3900//3835 3904//3835 3905//3835
f 3900//3835 3905//3835 3899//3835
f 3874//3836 3875//3836 3900//3836
f 3900//3837 3875//3837 3876//3837
f 3900//3838 3876//3838 3906//3838
f 3906//3839 3876//3839 3880//3839
f 3906//3840 3880//3840 3879//3840
f 3893//3841 3883//3841 3360//3841
f 3360//3842 3883//3842 3897//3842
f 3360//3843 3897//3843 3361//3843
f 3361//3844 3897//3844 3351//3844
f 3896//3845 3907//3845 3895//3845
f 3895//3845 3907//3845 3901//3845
f 3895//3846 3901//3846 3894//3846
f 3894//3847 3901//3847 3903//3847
f 3894//3848 3903//3848 3893//3848
f 3893//3849 3903//3849 3900//3849
f 3893//3850 3900//3850 3883//3850
f 3883//3851 3900//3851 3906//3851
f 3883//3852 3906//3852 3881//3852
f 3881//3853 3906//3853 3879//3853
f 3881//3854 3879//3854 3878//3854
f 3908//3855 3909//3855 3910//3855
f 3908//3856 3910//3856 3911//3856
f 3912//3857 3913//3857 3914//3857
f 3914//3858 3913//3858 3915//3858
f 3914//3859 3915//3859 3911//3859
f 3916//3860 3917//3860 3912//3860
f 3912//3861 3917//3861 3918//3861
f 3912//3862 3918//3862 3913//3862
f 3919//3863 3920//3863 3921//3863
f 3921//3864 3920//3864 3922//3864
f 3923//3865 3924//3865 3925//3865
f 3925//3866 3924//3866 3926//3866
f 3927//3867 3928//3867 3929//3867
f 3930//3868 3931//3868 3932//3868
f 3922//3869 3916//3869 3921//3869
f 3921//3870 3916//3870 3912//3870
f 3921//3871 3912//3871 3933//3871
f 3933//3872 3912//3872 3914//3872
f 3934//3873 3935//3873 3936//3873
f 3935//3874 3934//3874 3937//3874
f 3937//3875 3934//3875 3925//3875
f 3937//3876 3925//3876 3938//3876
f 3938//3877 3925//3877 3926//3877
f 3938//3878 3926//3878 3939//3878
f 3910//3879 3940//3879 3941//3879
f 3941//3880 3940//3880 3930//3880
f 3941//3881 3930//3881 3927//3881
f 3927//3882 3930//3882 3932//3882
f 3927//3883 3932//3883 3928//3883
f 3911//3884 3910//3884 3914//3884
f 3914//3885 3910//3885 3941//3885
f 3914//3886 3941//3886 3933//3886
f 3933//3887 3941//3887 3927//3887
f 3933//3888 3927//3888 3942//3888
f 3942//3889 3927//3889 3929//3889
f 3942//3890 3929//3890 3943//3890
f 3943//3891 3923//3891 3942//3891
f 3942//3892 3923//3892 3925//3892
f 3942//3893 3925//3893 3933//3893
f 3933//3894 3925//3894 3934//3894
f 3933//3895 3934//3895 3921//3895
f 3921//3896 3934//3896 3936//3896
f 3921//3897 3936//3897 3919//3897
f 3939//3898 3944//3898 3938//3898
f 3938//3899 3944//3899 3945//3899
f 3938//3900 3945//3900 3937//3900
f 3937//3901 3945//3901 3946//3901
f 3937//3902 3946//3902 3935//3902
f 3935//3903 3946//3903 3947//3903
f 3935//3904 3947//3904 3936//3904
f 3936//3905 3947//3905 3948//3905
f 3936//3906 3948//3906 3919//3906
f 3919//3907 3948//3907 3949//3907
f 3919//3908 3949//3908 3920//3908
f 3920//3909 3949//3909 3950//3909
f 3951//3910 3952//3910 3953//3910
f 3954//3911 3955//3911 3956//3911
f 3957//3912 3314//3912 3316//3912
f 3958//3913 3959//3913 3960//3913
f 3950//3914 3949//3914 3961//3914
f 3961//3915 3949//3915 3962//3915
f 3963//3916 3964//3916 3965//3916
f 3965//3917 3964//3917 3966//3917
f 3965//3918 3966//3918 3962//3918
f 3962//3919 3966//3919 3967//3919
f 3962//3920 3967//3920 3961//3920
f 3957//3921 3316//3921 3968//3921
f 3969//3922 3970//3922 3971//3922
f 3951//3923 3953//3923 3944//3923
f 3959//3924 3963//3924 3960//3924
f 3960//3925 3963//3925 3965//3925
f 3960//3926 3965//3926 3972//3926
f 3972//3927 3965//3927 3962//3927
f 3970//3928 3968//3928 3971//3928
f 3971//3929 3968//3929 3316//3929
f 3971//3930 3316//3930 3973//3930
f 3973//3931 3316//3931 3309//3931
f 3973//3932 3309//3932 3303//3932
f 3948//3933 3947//3933 3974//3933
f 3974//3934 3947//3934 3946//3934
f 3974//3935 3946//3935 3953//3935
f 3953//3936 3946//3936 3945//3936
f 3953//3937 3945//3937 3944//3937
f 3949//3938 3948//3938 3962//3938
f 3962//3939 3948//3939 3974//3939
f 3962//3940 3974//3940 3972//3940
f 3972//3941 3974//3941 3953//3941
f 3972//3942 3953//3942 3956//3942
f 3956//3943 3953//3943 3952//3943
f 3956//3944 3952//3944 3954//3944
f 3302//3945 3958//3945 3303//3945
f 3303//3946 3958//3946 3960//3946
f 3303//3947 3960//3947 3973//3947
f 3973//3948 3960//3948 3972//3948
f 3973//3949 3972//3949 3971//3949
f 3971//3950 3972//3950 3956//3950
f 3971//3951 3956//3951 3969//3951
f 3969//3952 3956//3952 3955//3952
f 3975//3953 3976//3953 3977//3953
f 3977//3954 3976//3954 3978//3954
f 3977//3955 3978//3955 3979//3955
f 3980//3956 3981//3956 3982//3956
f 3982//3957 3981//3957 3983//3957
f 3982//3958 3983//3958 3984//3958
f 3983//3959 3985//3959 3984//3959
f 3984//3960 3985//3960 3986//3960
f 3984//3961 3986//3961 3987//3961
f 3987//3962 3986//3962 3988//3962
f 3987//3963 3988//3963 3989//3963
f 3989//3964 3988//3964 3990//3964
f 3989//3965 3990//3965 3991//3965
f 3991//3966 3990//3966 3979//3966
f 3991//3967 3979//3967 3992//3967
f 3992//3968 3979//3968 3978//3968
f 3993//3969 3994//3969 3995//3969
f 3996//3970 3367//3970 3369//3970
f 3997//3971 3998//3971 3999//3971
f 4000//3972 4001//3972 4002//3972
f 4002//3973 4001//3973 4003//3973
f 4002//3974 4003//3974 4004//3974
f 4004//3975 4003//3975 4005//3975
f 4004//3976 4005//3976 4006//3976
f 3996//3977 3369//3977 4007//3977
f 4008//3978 4009//3978 4010//3978
f 3983//3979 3981//3979 4011//3979
f 4011//3980 3981//3980 4012//3980
f 4011//3981 4012//3981 4013//3981
f 3998//3982 4000//3982 3999//3982
f 3999//3983 4000//3983 4002//3983
f 3999//3984 4002//3984 4014//3984
f 4014//3985 4002//3985 4004//3985
f 3979//3986 4004//3986 3977//3986
f 3977//3987 4004//3987 4006//3987
f 3977//3988 4006//3988 3975//3988
f 4009//3989 4007//3989 4010//3989
f 4010//3990 4007//3990 3369//3990
f 4010//3991 3369//3991 4015//3991
f 4015//3992 3369//3992 3333//3992
f 4015//3993 3333//3993 3327//3993
f 3990//3994 3988//3994 4016//3994
f 4016//3995 3988//3995 3986//3995
f 4016//3996 3986//3996 4011//3996
f 4011//3997 3986//3997 3985//3997
f 4011//3998 3985//3998 3983//3998
f 3979//3999 3990//3999 4004//3999
f 4004//4000 3990//4000 4016//4000
f 4004//4001 4016//4001 4014//4001
f 4014//4002 4016//4002 4011//4002
f 4014//4003 4011//4003 3995//4003
f 3995//4004 4011//4004 4013//4004
f 3995//4005 4013//4005 3993//4005
f 3326//4006 3997//4006 3327//4006
f 3327//4007 3997//4007 3999//4007
f 3327//4008 3999//4008 4015//4008
f 4015//4009 3999//4009 4014//4009
f 4015//4010 4014//4010 4010//4010
f 4010//4011 4014//4011 3995//4011
f 4010//4012 3995//4012 4008//4012
f 4008//4013 3995//4013 3994//4013
f 4017//4014 4018//4014 4019//4014
f 4020//4015 4021//4015 4022//4015
f 4023//4016 4024//4016 4025//4016
f 4025//4017 4024//4017 4026//4017
f 4025//4018 4026//4018 4027//4018
f 4028//4019 4029//4019 4030//4019
f 4030//4020 4029//4020 4031//4020
f 4030//4021 4031//4021 4032//4021
f 4032//4022 4031//4022 4033//4022
f 3367//4023 4020//4023 3368//4023
f 3368//4024 4020//4024 3371//4024
f 4034//4025 4035//4025 4017//4025
f 4017//4025 4035//4025 4036//4025
f 4017//4026 4036//4026 4018//4026
f 4033//4027 4027//4027 4032//4027
f 4032//4028 4027//4028 4026//4028
f 4032//4029 4026//4029 4037//4029
f 4037//4030 4026//4030 4038//4030
f 4037//4031 4038//4031 4039//4031
f 3371//4032 4020//4032 3372//4032
f 3372//4033 4020//4033 4022//4033
f 3372//4034 4022//4034 3373//4034
f 3373//4035 4022//4035 3365//4035
f 3365//4036 4022//4036 4040//4036
f 3365//4037 4040//4037 4019//4037
f 3363//4038 4041//4038 3364//4038
f 3364//4039 4041//4039 4042//4039
f 3364//4040 4042//4040 3342//4040
f 3342//4041 4042//4041 3352//4041
f 3353//4042 4043//4042 3354//4042
f 3354//4043 4043//4043 4044//4043
f 3354//4044 4044//4044 3355//4044
f 4036//4045 4045//4045 4018//4045
f 4018//4045 4045//4045 4046//4045
f 4018//4046 4046//4046 4043//4046
f 4043//4047 4046//4047 4047//4047
f 4043//4047 4047//4047 4044//4047
f 3363//4048 3362//4048 4041//4048
f 4041//4049 3362//4049 3346//4049
f 4041//4050 3346//4050 4048//4050
f 4048//4051 3346//4051 3344//4051
f 4048//4052 3344//4052 3343//4052
f 4021//4053 4028//4053 4022//4053
f 4022//4054 4028//4054 4030//4054
f 4022//4055 4030//4055 4040//4055
f 4040//4056 4030//4056 4032//4056
f 4040//4057 4032//4057 4019//4057
f 4019//4058 4032//4058 4037//4058
f 4019//4059 4037//4059 4017//4059
f 4017//4060 4037//4060 4039//4060
f 4017//4061 4039//4061 4034//4061
f 4034//4062 4039//4062 4049//4062
f 4034//4063 4049//4063 4050//4063
f 3343//4064 3365//4064 4048//4064
f 4048//4065 3365//4065 4019//4065
f 4048//4066 4019//4066 4041//4066
f 4041//4067 4019//4067 4018//4067
f 4041//4068 4018//4068 4042//4068
f 4042//4069 4018//4069 4043//4069
f 4042//4070 4043//4070 3352//4070
f 3352//4071 4043//4071 3353//4071
f 4051//4072 4050//4072 4049//4072
f 4023//4073 4052//4073 4053//4073
f 4054//4074 4051//4074 4055//4074
f 4055//4075 4051//4075 4049//4075
f 4055//4076 4049//4076 4056//4076
f 4056//4077 4049//4077 4039//4077
f 4056//4078 4039//4078 4057//4078
f 4057//4079 4039//4079 4038//4079
f 4023//4080 4053//4080 4024//4080
f 4024//4081 4053//4081 4058//4081
f 4024//4082 4058//4082 4026//4082
f 4058//4083 4059//4083 4026//4083
f 4026//4084 4059//4084 4060//4084
f 4026//4085 4060//4085 4038//4085
f 4038//4086 4060//4086 4061//4086
f 4038//4087 4061//4087 4057//4087
f 4062//4088 4063//4088 4064//4088
f 3381//4089 3383//4089 4065//4089
f 3379//4090 3381//4090 4066//4090
f 4066//4091 3381//4091 4065//4091
f 4066//4092 4065//4092 4067//4092
f 4067//4093 4065//4093 4068//4093
f 4069//4094 4070//4094 4063//4094
f 4063//4095 4070//4095 4071//4095
f 4059//4096 4058//4096 4062//4096
f 4062//4097 4058//4097 4053//4097
f 4069//4098 4063//4098 4072//4098
f 4072//4099 4063//4099 4062//4099
f 4072//4100 4062//4100 4073//4100
f 4073//4101 4062//4101 4053//4101
f 4073//4102 4053//4102 4052//4102
f 4074//4103 3413//4103 4075//4103
f 4075//4104 3413//4104 3412//4104
f 4075//4105 3412//4105 3391//4105
f 3391//4106 3390//4106 4075//4106
f 4075//4107 3390//4107 3394//4107
f 4075//4108 3394//4108 4076//4108
f 4076//4109 3394//4109 3393//4109
f 4076//4110 3393//4110 4077//4110
f 4077//4111 3393//4111 3410//4111
f 4077//4112 3410//4112 3411//4112
f 4078//4113 4064//4113 4079//4113
f 4079//4114 4064//4114 4063//4114
f 4079//4115 4063//4115 4065//4115
f 4065//4116 4063//4116 4071//4116
f 4065//4117 4071//4117 4068//4117
f 3383//4118 3385//4118 4065//4118
f 4065//4119 3385//4119 3384//4119
f 4065//4120 3384//4120 4079//4120
f 4079//4121 3384//4121 3378//4121
f 4079//4122 3378//4122 4078//4122
f 4078//4123 3378//4123 3377//4123
f 4078//4124 3377//4124 3406//4124
f 4054//4125 4055//4125 4080//4125
f 4080//4126 4055//4126 4081//4126
f 4082//4127 4083//4127 4084//4127
f 4084//4127 4083//4127 4085//4127
f 4084//4128 4085//4128 4081//4128
f 4081//4129 4085//4129 4086//4129
f 4081//4129 4086//4129 4080//4129
f 4055//4130 4056//4130 4081//4130
f 4081//4131 4056//4131 4057//4131
f 4081//4132 4057//4132 4087//4132
f 4087//4133 4057//4133 4061//4133
f 4087//4134 4061//4134 4060//4134
f 4074//4135 4064//4135 3413//4135
f 3413//4136 4064//4136 4078//4136
f 3413//4137 4078//4137 3414//4137
f 3414//4138 4078//4138 3406//4138
f 4077//4139 4088//4139 4076//4139
f 4076//4139 4088//4139 4082//4139
f 4076//4140 4082//4140 4075//4140
f 4075//4141 4082//4141 4084//4141
f 4075//4142 4084//4142 4074//4142
f 4074//4143 4084//4143 4081//4143
f 4074//4144 4081//4144 4064//4144
f 4064//4145 4081//4145 4087//4145
f 4064//4146 4087//4146 4062//4146
f 4062//4147 4087//4147 4060//4147
f 4062//4148 4060//4148 4059//4148
f 4089//4149 4090//4149 4091//4149
f 4089//4150 4091//4150 4092//4150
f 4093//4151 4094//4151 4095//4151
f 4095//4152 4094//4152 4096//4152
f 4095//4153 4096//4153 4092//4153
f 4097//4154 4098//4154 4093//4154
f 4093//4155 4098//4155 4099//4155
f 4093//4156 4099//4156 4094//4156
f 3980//4157 3982//4157 4100//4157
f 4100//4158 3982//4158 4101//4158
f 4100//4159 4101//4159 4102//4159
f 4102//4160 4101//4160 4103//4160
f 4104//4161 4105//4161 4106//4161
f 4107//4162 4108//4162 4109//4162
f 4110//4163 4097//4163 4111//4163
f 4111//4164 4097//4164 4093//4164
f 4111//4165 4093//4165 4112//4165
f 4112//4166 4093//4166 4095//4166
f 3992//4167 3978//4167 4111//4167
f 4111//4168 3978//4168 3976//4168
f 4111//4169 3976//4169 4110//4169
f 3982//4170 3984//4170 4101//4170
f 4101//4171 3984//4171 3987//4171
f 4101//4172 3987//4172 4113//4172
f 4113//4173 3987//4173 3989//4173
f 4113//4174 3989//4174 3991//4174
f 4091//4175 4114//4175 4115//4175
f 4115//4176 4114//4176 4107//4176
f 4115//4177 4107//4177 4104//4177
f 4104//4178 4107//4178 4109//4178
f 4104//4179 4109//4179 4105//4179
f 4092//4180 4091//4180 4095//4180
f 4095//4181 4091//4181 4115//4181
f 4095//4182 4115//4182 4112//4182
f 4112//4183 4115//4183 4104//4183
f 4112//4184 4104//4184 4116//4184
f 4116//4185 4104//4185 4106//4185
f 4116//4186 4106//4186 4117//4186
f 4117//4187 4103//4187 4116//4187
f 4116//4188 4103//4188 4101//4188
f 4116//4189 4101//4189 4112//4189
f 4112//4190 4101//4190 4113//4190
f 4112//4191 4113//4191 4111//4191
f 4111//4192 4113//4192 3991//4192
f 4111//4193 3991//4193 3992//4193
f 4118//4194 4119//4194 4120//4194
f 4120//4195 4119//4195 4121//4195
f 4120//4196 4121//4196 4122//4196
f 4123//4197 4124//4197 4125//4197
f 4125//4198 4124//4198 4126//4198
f 4125//4199 4126//4199 4127//4199
f 4121//4200 4128//4200 4122//4200
f 4122//4201 4128//4201 4129//4201
f 4122//4202 4129//4202 4130//4202
f 4130//4203 4129//4203 4131//4203
f 4130//4204 4131//4204 4132//4204
f 4132//4205 4131//4205 4133//4205
f 4132//4206 4133//4206 4134//4206
f 4134//4207 4133//4207 4127//4207
f 4134//4208 4127//4208 4135//4208
f 4135//4209 4127//4209 4126//4209
f 4136//4210 4137//4210 4138//4210
f 4139//4211 3420//4211 3422//4211
f 4140//4212 4141//4212 4142//4212
f 4143//4213 4144//4213 4145//4213
f 4145//4214 4144//4214 4146//4214
f 4145//4215 4146//4215 4147//4215
f 4147//4216 4146//4216 4148//4216
f 4147//4217 4148//4217 4149//4217
f 4139//4218 3422//4218 4150//4218
f 4151//4219 4152//4219 4153//4219
f 4126//4220 4124//4220 4154//4220
f 4154//4221 4124//4221 4155//4221
f 4154//4222 4155//4222 4156//4222
f 4141//4223 4143//4223 4142//4223
f 4142//4224 4143//4224 4145//4224
f 4142//4225 4145//4225 4157//4225
f 4157//4226 4145//4226 4147//4226
f 4122//4227 4147//4227 4120//4227
f 4120//4228 4147//4228 4149//4228
f 4120//4229 4149//4229 4118//4229
f 4152//4230 4150//4230 4153//4230
f 4153//4231 4150//4231 3422//4231
f 4153//4232 3422//4232 4158//4232
f 4158//4233 3422//4233 3386//4233
f 4158//4234 3386//4234 3380//4234
f 4130//4235 4132//4235 4159//4235
f 4159//4236 4132//4236 4134//4236
f 4159//4237 4134//4237 4154//4237
f 4154//4238 4134//4238 4135//4238
f 4154//4239 4135//4239 4126//4239
f 4122//4240 4130//4240 4147//4240
f 4147//4241 4130//4241 4159//4241
f 4147//4242 4159//4242 4157//4242
f 4157//4243 4159//4243 4154//4243
f 4157//4244 4154//4244 4138//4244
f 4138//4245 4154//4245 4156//4245
f 4138//4246 4156//4246 4136//4246
f 3379//4247 4140//4247 3380//4247
f 3380//4248 4140//4248 4142//4248
f 3380//4249 4142//4249 4158//4249
f 4158//4250 4142//4250 4157//4250
f 4158//4251 4157//4251 4153//4251
f 4153//4252 4157//4252 4138//4252
f 4153//4253 4138//4253 4151//4253
f 4151//4254 4138//4254 4137//4254
f 4160//4255 4161//4255 4162//4255
f 4163//4256 4164//4256 4165//4256
f 4166//4257 4167//4257 4168//4257
f 4168//4258 4167//4258 4169//4258
f 4168//4259 4169//4259 4170//4259
f 4171//4260 4172//4260 4173//4260
f 4173//4261 4172//4261 4174//4261
f 4173//4262 4174//4262 4175//4262
f 4175//4263 4174//4263 4176//4263
f 3420//4264 4163//4264 3421//4264
f 3421//4265 4163//4265 3424//4265
f 4177//4266 4178//4266 4160//4266
f 4160//4266 4178//4266 4179//4266
f 4160//4267 4179//4267 4161//4267
f 4176//4268 4170//4268 4175//4268
f 4175//4269 4170//4269 4169//4269
f 4175//4270 4169//4270 4180//4270
f 4180//4271 4169//4271 4181//4271
f 4180//4272 4181//4272 4182//4272
f 3424//4273 4163//4273 3425//4273
f 3425//4274 4163//4274 4165//4274
f 3425//4275 4165//4275 3426//4275
f 3426//4276 4165//4276 3418//4276
f 3418//4277 4165//4277 4183//4277
f 3418//4278 4183//4278 4162//4278
f 3416//4279 4184//4279 3417//4279
f 3417//4280 4184//4280 4185//4280
f 3417//4281 4185//4281 3397//4281
f 3397//4282 4185//4282 3407//4282
f 3408//4283 4186//4283 3409//4283
f 3409//4284 4186//4284 4187//4284
f 3409//4285 4187//4285 3411//4285
f 4179//4286 4188//4286 4161//4286
f 4161//4286 4188//4286 4189//4286
f 4161//4287 4189//4287 4186//4287
f 4186//4288 4189//4288 4190//4288
f 4186//4288 4190//4288 4187//4288
f 3416//4289 3415//4289 4184//4289
f 4184//4290 3415//4290 3401//4290
f 4184//4291 3401//4291 4191//4291
f 4191//4292 3401//4292 3399//4292
f 4191//4293 3399//4293 3398//4293
f 4164//4294 4171//4294 4165//4294
f 4165//4295 4171//4295 4173//4295
f 4165//4296 4173//4296 4183//4296
f 4183//4297 4173//4297 4175//4297
f 4183//4298 4175//4298 4162//4298
f 4162//4299 4175//4299 4180//4299
f 4162//4300 4180//4300 4160//4300
f 4160//4301 4180//4301 4182//4301
f 4160//4302 4182//4302 4177//4302
f 4177//4303 4182//4303 4192//4303
f 4177//4304 4192//4304 4193//4304
f 3398//4305 3418//4305 4191//4305
f 4191//4306 3418//4306 4162//4306
f 4191//4307 4162//4307 4184//4307
f 4184//4308 4162//4308 4161//4308
f 4184//4309 4161//4309 4185//4309
f 4185//4310 4161//4310 4186//4310
f 4185//4311 4186//4311 3407//4311
f 3407//4312 4186//4312 3408//4312
f 4194//4313 4193//4313 4192//4313
f 4195//4314 4194//4314 4196//4314
f 4196//4315 4194//4315 4192//4315
f 4196//4316 4192//4316 4197//4316
f 4197//4317 4192//4317 4182//4317
f 4197//4318 4182//4318 4198//4318
f 4198//4319 4182//4319 4181//4319
f 4198//4320 4181//4320 4199//4320
f 4199//4321 4181//4321 4200//4321
f 4200//4322 4181//4322 4201//4322
f 4201//4323 4181//4323 4169//4323
f 4201//4324 4169//4324 4202//4324
f 4202//4325 4169//4325 4167//4325
f 4202//4326 4167//4326 4203//4326
f 4203//4327 4167//4327 4166//4327
f 4203//4328 4166//4328 4204//4328
f 4205//4329 4206//4329 4207//4329
f 3463//4330 3465//4330 4208//4330
f 3461//4331 3463//4331 4209//4331
f 4209//4332 3463//4332 4208//4332
f 4209//4333 4208//4333 4210//4333
f 4210//4334 4208//4334 4211//4334
f 4212//4335 4213//4335 4206//4335
f 4206//4336 4213//4336 4214//4336
f 4201//4337 4202//4337 4205//4337
f 4205//4338 4202//4338 4203//4338
f 4212//4339 4206//4339 4215//4339
f 4215//4340 4206//4340 4205//4340
f 4215//4341 4205//4341 4216//4341
f 4216//4342 4205//4342 4203//4342
f 4216//4343 4203//4343 4204//4343
f 4217//4344 3454//4344 4218//4344
f 4218//4345 3454//4345 3453//4345
f 4218//4346 3453//4346 3428//4346
f 3428//4347 3427//4347 4218//4347
f 4218//4348 3427//4348 3431//4348
f 4218//4349 3431//4349 4219//4349
f 4219//4350 3431//4350 3430//4350
f 4219//4351 3430//4351 4220//4351
f 4220//4352 3430//4352 3451//4352
f 4220//4353 3451//4353 3452//4353
f 4221//4354 4207//4354 4222//4354
f 4222//4355 4207//4355 4206//4355
f 4222//4356 4206//4356 4208//4356
f 4208//4357 4206//4357 4214//4357
f 4208//4358 4214//4358 4211//4358
f 3465//4359 3467//4359 4208//4359
f 4208//4360 3467//4360 3466//4360
f 4208//4361 3466//4361 4222//4361
f 4222//4362 3466//4362 3460//4362
f 4222//4363 3460//4363 4221//4363
f 4221//4364 3460//4364 3447//4364
f 4221//4365 3447//4365 3446//4365
f 4195//4366 4196//4366 4223//4366
f 4223//4367 4196//4367 4224//4367
f 4225//4368 4226//4368 4227//4368
f 4227//4368 4226//4368 4228//4368
f 4227//4369 4228//4369 4224//4369
f 4224//4370 4228//4370 4229//4370
f 4224//4370 4229//4370 4223//4370
f 4196//4371 4197//4371 4224//4371
f 4224//4372 4197//4372 4198//4372
f 4224//4373 4198//4373 4230//4373
f 4230//4374 4198//4374 4199//4374
f 4230//4375 4199//4375 4200//4375
f 4217//4376 4207//4376 3454//4376
f 3454//4377 4207//4377 4221//4377
f 3454//4378 4221//4378 3455//4378
f 3455//4379 4221//4379 3446//4379
f 4220//4380 4231//4380 4219//4380
f 4219//4380 4231//4380 4225//4380
f 4219//4381 4225//4381 4218//4381
f 4218//4382 4225//4382 4227//4382
f 4218//4383 4227//4383 4217//4383
f 4217//4384 4227//4384 4224//4384
f 4217//4385 4224//4385 4207//4385
f 4207//4386 4224//4386 4230//4386
f 4207//4387 4230//4387 4205//4387
f 4205//4388 4230//4388 4200//4388
f 4205//4389 4200//4389 4201//4389
f 4232//4390 4233//4390 4234//4390
f 4235//4391 4236//4391 4237//4391
f 4238//4392 3473//4392 3475//4392
f 4239//4393 4240//4393 4241//4393
f 4242//4394 4243//4394 4244//4394
f 4244//4395 4243//4395 4245//4395
f 4246//4396 4247//4396 4248//4396
f 4248//4397 4247//4397 4249//4397
f 4248//4398 4249//4398 4245//4398
f 4245//4399 4249//4399 4250//4399
f 4245//4400 4250//4400 4244//4400
f 4238//4401 3475//4401 4251//4401
f 4252//4402 4253//4402 4254//4402
f 4232//4403 4234//4403 4255//4403
f 4240//4404 4246//4404 4241//4404
f 4241//4405 4246//4405 4248//4405
f 4241//4406 4248//4406 4256//4406
f 4256//4407 4248//4407 4245//4407
f 4253//4408 4251//4408 4254//4408
f 4254//4409 4251//4409 3475//4409
f 4254//4410 3475//4410 4257//4410
f 4257//4411 3475//4411 3468//4411
f 4257//4412 3468//4412 3462//4412
f 4258//4413 4259//4413 4260//4413
f 4260//4414 4259//4414 4261//4414
f 4260//4415 4261//4415 4234//4415
f 4234//4416 4261//4416 4262//4416
f 4234//4417 4262//4417 4255//4417
f 4243//4418 4258//4418 4245//4418
f 4245//4419 4258//4419 4260//4419
f 4245//4420 4260//4420 4256//4420
f 4256//4421 4260//4421 4234//4421
f 4256//4422 4234//4422 4237//4422
f 4237//4423 4234//4423 4233//4423
f 4237//4424 4233//4424 4235//4424
f 3461//4425 4239//4425 3462//4425
f 3462//4426 4239//4426 4241//4426
f 3462//4427 4241//4427 4257//4427
f 4257//4428 4241//4428 4256//4428
f 4257//4429 4256//4429 4254//4429
f 4254//4430 4256//4430 4237//4430
f 4254//4431 4237//4431 4252//4431
f 4252//4432 4237//4432 4236//4432
f 4242//4433 4263//4433 4243//4433
f 4243//4434 4263//4434 4264//4434
f 4243//4435 4264//4435 4258//4435
f 4264//4436 4265//4436 4258//4436
f 4258//4437 4265//4437 4266//4437
f 4258//4438 4266//4438 4259//4438
f 4267//4439 4255//4439 4268//4439
f 4268//4440 4255//4440 4262//4440
f 4268//4441 4262//4441 4269//4441
f 4269//4442 4262//4442 4261//4442
f 4269//4443 4261//4443 4270//4443
f 4270//4444 4261//4444 4259//4444
f 4270//4445 4259//4445 4271//4445
f 4271//4446 4259//4446 4266//4446
f 4272//4447 4273//4447 4274//4447
f 4272//4448 4274//4448 4275//4448
f 4276//4449 4277//4449 4278//4449
f 4278//4450 4277//4450 4279//4450
f 4278//4451 4279//4451 4275//4451
f 4280//4452 4281//4452 4276//4452
f 4276//4453 4281//4453 4282//4453
f 4276//4454 4282//4454 4277//4454
f 4267//4455 4268//4455 4283//4455
f 4283//4456 4268//4456 4284//4456
f 4283//4457 4284//4457 4285//4457
f 4285//4458 4284//4458 4286//4458
f 4287//4459 4288//4459 4289//4459
f 4290//4460 4291//4460 4292//4460
f 4293//4461 4280//4461 4294//4461
f 4294//4462 4280//4462 4276//4462
f 4294//4463 4276//4463 4295//4463
f 4295//4464 4276//4464 4278//4464
f 4265//4465 4264//4465 4294//4465
f 4294//4466 4264//4466 4263//4466
f 4294//4467 4263//4467 4293//4467
f 4268//4468 4269//4468 4284//4468
f 4284//4469 4269//4469 4270//4469
f 4284//4470 4270//4470 4296//4470
f 4296//4471 4270//4471 4271//4471
f 4296//4472 4271//4472 4266//4472
f 4274//4473 4297//4473 4298//4473
f 4298//4474 4297//4474 4290//4474
f 4298//4475 4290//4475 4287//4475
f 4287//4476 4290//4476 4292//4476
f 4287//4477 4292//4477 4288//4477
f 4275//4478 4274//4478 4278//4478
f 4278//4479 4274//4479 4298//4479
f 4278//4480 4298//4480 4295//4480
f 4295//4481 4298//4481 4287//4481
f 4295//4482 4287//4482 4299//4482
f 4299//4483 4287//4483 4289//4483
f 4299//4484 4289//4484 4300//4484
f 4300//4485 4286//4485 4299//4485
f 4299//4486 4286//4486 4284//4486
f 4299//4487 4284//4487 4295//4487
f 4295//4488 4284//4488 4296//4488
f 4295//4489 4296//4489 4294//4489
f 4294//4490 4296//4490 4266//4490
f 4294//4491 4266//4491 4265//4491
f 4301//4492 4302//4492 4303//4492
f 4301//4493 4303//4493 4304//4493
f 4305//4494 4306//4494 4307//4494
f 4307//4495 4306//4495 4308//4495
f 4307//4496 4308//4496 4304//4496
f 4309//4497 4310//4497 4305//4497
f 4305//4498 4310//4498 4311//4498
f 4305//4499 4311//4499 4306//4499
f 4123//4500 4125//4500 4312//4500
f 4312//4501 4125//4501 4313//4501
f 4312//4502 4313//4502 4314//4502
f 4314//4503 4313//4503 4315//4503
f 4316//4504 4317//4504 4318//4504
f 4319//4505 4320//4505 4321//4505
f 4322//4506 4309//4506 4323//4506
f 4323//4507 4309//4507 4305//4507
f 4323//4508 4305//4508 4324//4508
f 4324//4509 4305//4509 4307//4509
f 4128//4510 4121//4510 4323//4510
f 4323//4511 4121//4511 4119//4511
f 4323//4512 4119//4512 4322//4512
f 4125//4513 4127//4513 4313//4513
f 4313//4514 4127//4514 4133//4514
f 4313//4515 4133//4515 4325//4515
f 4325//4516 4133//4516 4131//4516
f 4325//4517 4131//4517 4129//4517
f 4303//4518 4326//4518 4327//4518
f 4327//4519 4326//4519 4319//4519
f 4327//4520 4319//4520 4316//4520
f 4316//4521 4319//4521 4321//4521
f 4316//4522 4321//4522 4317//4522
f 4304//4523 4303//4523 4307//4523
f 4307//4524 4303//4524 4327//4524
f 4307//4525 4327//4525 4324//4525
f 4324//4526 4327//4526 4316//4526
f 4324//4527 4316//4527 4328//4527
f 4328//4528 4316//4528 4318//4528
f 4328//4529 4318//4529 4329//4529
f 4329//4530 4315//4530 4328//4530
f 4328//4531 4315//4531 4313//4531
f 4328//4532 4313//4532 4324//4532
f 4324//4533 4313//4533 4325//4533
f 4324//4534 4325//4534 4323//4534
f 4323//4535 4325//4535 4129//4535
f 4323//4536 4129//4536 4128//4536
f 3205//1 3621//1 4330//1
f 4331//1 3627//1 4332//1
f 4332//1 3627//1 3628//1
f 3514//1 3517//1 4333//1
f 4333//1 3517//1 4334//1
f 3546//1 4335//1 3548//1
f 3548//1 4335//1 3549//1
f 4334//1 3517//1 4335//1
f 4335//1 3517//1 3543//1
f 4335//1 3543//1 3549//1
f 3621//1 3624//1 4330//1
f 4330//1 3624//1 3623//1
f 4330//1 3623//1 3622//1
f 3622//1 3613//1 4330//1
f 4330//1 3613//1 3612//1
f 4330//1 3612//1 4331//1
f 4331//1 3612//1 3611//1
f 4331//1 3611//1 3627//1
f 3546//1 3545//1 4335//1
f 4335//1 3545//1 3551//1
f 4335//1 3551//1 4330//1
f 4330//1 3551//1 3540//1
f 4330//1 3540//1 3205//1
f 3654//1 3240//1 4336//1
f 3628//1 3631//1 4337//1
f 4337//1 3631//1 4338//1
f 3725//1 3724//1 4339//1
f 4339//1 3724//1 3723//1
f 4339//1 3723//1 3714//1
f 3729//1 4340//1 3728//1
f 3728//1 4340//1 4341//1
f 3728//1 4341//1 3712//1
f 3712//1 4341//1 4339//1
f 3712//1 4339//1 3713//1
f 3713//1 4339//1 3714//1
f 4336//1 3240//1 4339//1
f 4339//1 3240//1 3722//1
f 4339//1 3722//1 3725//1
f 3660//1 3659//1 4336//1
f 4336//1 3659//1 3665//1
f 4336//1 3665//1 3654//1
f 3631//1 3657//1 4338//1
f 4338//1 3657//1 3663//1
f 4338//1 3663//1 4336//1
f 4336//1 3663//1 3662//1
f 4336//1 3662//1 3660//1
f 3758//1 3764//1 4342//1
f 3864//1 3855//1 4343//1
f 4343//1 3855//1 3854//1
f 3290//1 4344//1 3755//1
f 3755//1 4344//1 3766//1
f 3758//1 4342//1 3730//1
f 3730//1 4342//1 4345//1
f 3730//1 4345//1 3729//1
f 3854//1 3853//1 4343//1
f 4343//1 3853//1 3869//1
f 4343//1 3869//1 4346//1
f 4346//1 3869//1 3870//1
f 3290//1 3863//1 4344//1
f 4344//1 3863//1 3866//1
f 4344//1 3866//1 4343//1
f 4343//1 3866//1 3865//1
f 4343//1 3865//1 3864//1
f 3764//1 3763//1 4342//1
f 4342//1 3763//1 3761//1
f 4342//1 3761//1 4344//1
f 4344//1 3761//1 3760//1
f 4344//1 3760//1 3766//1
f 3355//1 4044//1 4347//1
f 4348//1 4050//1 4349//1
f 4349//1 4050//1 4051//1
f 3870//1 3873//1 4350//1
f 4350//1 3873//1 4351//1
f 4044//1 4047//1 4347//1
f 4347//1 4047//1 4046//1
f 4347//1 4046//1 4045//1
f 4045//1 4036//1 4347//1
f 4347//1 4036//1 4035//1
f 4347//1 4035//1 4348//1
f 4348//1 4035//1 4034//1
f 4348//1 4034//1 4050//1
f 3902//1 4352//1 3904//1
f 3904//1 4352//1 3905//1
f 3902//1 3901//1 4352//1
f 4352//1 3901//1 3907//1
f 4352//1 3907//1 4347//1
f 4347//1 3907//1 3896//1
f 4347//1 3896//1 3355//1
f 4351//1 3873//1 4352//1
f 4352//1 3873//1 3899//1
f 4352//1 3899//1 3905//1
f 4051//1 4054//1 4353//1
f 4353//1 4054//1 4354//1
f 4190//1 4189//1 4355//1
f 4355//1 4189//1 4188//1
f 4355//1 4188//1 4179//1
f 4194//1 4356//1 4193//1
f 4193//1 4356//1 4357//1
f 4193//1 4357//1 4177//1
f 4177//1 4357//1 4355//1
f 4177//1 4355//1 4178//1
f 4178//1 4355//1 4179//1
f 4088//1 4358//1 4082//1
f 4082//1 4358//1 4083//1
f 4088//1 4077//1 4358//1
f 4358//1 4077//1 3411//1
f 4358//1 3411//1 4355//1
f 4355//1 3411//1 4187//1
f 4355//1 4187//1 4190//1
f 4054//1 4080//1 4354//1
f 4354//1 4080//1 4086//1
f 4354//1 4086//1 4358//1
f 4358//1 4086//1 4085//1
f 4358//1 4085//1 4083//1
f 4223//1 4229//1 4359//1
f 3508//1 3499//1 4360//1
f 4360//1 3499//1 3498//1
f 4223//1 4359//1 4195//1
f 4195//1 4359//1 4361//1
f 4195//1 4361//1 4194//1
f 3498//1 3497//1 4360//1
f 4360//1 3497//1 3513//1
f 4360//1 3513//1 4362//1
f 4362//1 3513//1 3514//1
f 3452//1 4363//1 4220//1
f 4220//1 4363//1 4231//1
f 3452//1 3507//1 4363//1
f 4363//1 3507//1 3510//1
f 4363//1 3510//1 4360//1
f 4360//1 3510//1 3509//1
f 4360//1 3509//1 3508//1
f 4229//1 4228//1 4359//1
f 4359//1 4228//1 4226//1
f 4359//1 4226//1 4363//1
f 4363//1 4226//1 4225//1
f 4363//1 4225//1 4231//1
f 4364//4537 4365//4537 4366//4537
f 4365//4538 4367//4538 4368//4538
f 4291//4539 4290//4539 4369//4539
f 4369//4540 4290//4540 4370//4540
f 4369//4541 4370//4541 4371//4541
f 4365//4542 4368//4542 4366//4542
f 4366//4543 4368//4543 4372//4543
f 4366//4544 4372//4544 4370//4544
f 4370//4545 4372//4545 4373//4545
f 4370//4546 4373//4546 4371//4546
f 4290//4547 4297//4547 4370//4547
f 4370//4548 4297//4548 4374//4548
f 4370//4549 4374//4549 4366//4549
f 4366//4550 4374//4550 4375//4550
f 4366//4551 4375//4551 4364//4551
f 4364//4552 4375//4552 4376//4552
f 4377//4553 4378//4553 4379//4553
f 4380//4554 4381//4554 4382//4554
f 4382//4555 4381//4555 4383//4555
f 3667//4556 4384//4556 3668//4556
f 3668//4557 4384//4557 4385//4557
f 3668//4558 4385//4558 3691//4558
f 4384//4559 4386//4559 4385//4559
f 4385//4560 4386//4560 4387//4560
f 4385//4561 4387//4561 4383//4561
f 4383//4562 4387//4562 4388//4562
f 4383//4563 4388//4563 4382//4563
f 4381//4564 4377//4564 4383//4564
f 4383//4565 4377//4565 4379//4565
f 4383//4566 4379//4566 4385//4566
f 4385//4567 4379//4567 4389//4567
f 4385//4568 4389//4568 3691//4568
f 4390//4569 4391//4569 4255//4569
f 3496//4569 3494//4569 3492//4569
f 4392//4569 4393//4569 4255//4569
f 3666//4569 3669//4569 4255//4569
f 4283//4569 4285//4569 4394//4569
f 3553//4569 3552//4569 3492//4569
f 3491//4569 3484//4569 3674//4569
f 4285//4569 4286//4569 4394//4569
f 4394//4569 4286//4569 4300//4569
f 4394//4569 4300//4569 4395//4569
f 4289//4569 4288//4569 4396//4569
f 3669//4569 3673//4569 4255//4569
f 4255//4569 3673//4569 3671//4569
f 4255//4569 3671//4569 3676//4569
f 3529//4569 3530//4569 3492//4569
f 4238//4569 4251//4569 3674//4569
f 4233//4569 3674//4569 4235//4569
f 4235//4569 3674//4569 4236//4569
f 3676//4569 3675//4569 4255//4569
f 4255//4569 3675//4569 3674//4569
f 4255//4569 3674//4569 4232//4569
f 4232//4569 3674//4569 4233//4569
f 4392//4569 4255//4569 4394//4569
f 4394//4569 4255//4569 4267//4569
f 4394//4569 4267//4569 4283//4569
f 4289//4569 4396//4569 4300//4569
f 4300//4569 4396//4569 4397//4569
f 4300//4569 4397//4569 4395//4569
f 4398//4569 4399//4569 4255//4569
f 4255//4569 4399//4569 4400//4569
f 4255//4569 4400//4569 4401//4569
f 4401//4569 4402//4569 4255//4569
f 4255//4569 4402//4569 4403//4569
f 4255//4569 4403//4569 4390//4569
f 4391//4569 4404//4569 4255//4569
f 4255//4569 4404//4569 3667//4569
f 4255//4569 3667//4569 3666//4569
f 3491//4569 3674//4569 3492//4569
f 3492//4569 3674//4569 3687//4569
f 3492//4569 3687//4569 3553//4569
f 3552//4569 3583//4569 3492//4569
f 3492//4569 3583//4569 3582//4569
f 3492//4569 3582//4569 3580//4569
f 3580//4569 3578//4569 3492//4569
f 3492//4569 3578//4569 3577//4569
f 3492//4569 3577//4569 3575//4569
f 4292//4569 4291//4569 4288//4569
f 4288//4569 4291//4569 4405//4569
f 4288//4569 4405//4569 4396//4569
f 4393//4569 4406//4569 4255//4569
f 4255//4569 4406//4569 4407//4569
f 4255//4569 4407//4569 4398//4569
f 4251//4569 4253//4569 3674//4569
f 3674//4569 4253//4569 4252//4569
f 3674//4569 4252//4569 4236//4569
f 3575//4569 3574//4569 3492//4569
f 3492//4569 3574//4569 3167//4569
f 3492//4569 3167//4569 3529//4569
f 3530//4569 3531//4569 3492//4569
f 3492//4569 3531//4569 3534//4569
f 3492//4569 3534//4569 3533//4569
f 3484//4569 3483//4569 3674//4569
f 3674//4569 3483//4569 3473//4569
f 3674//4569 3473//4569 4238//4569
f 3515//4569 3486//4569 3492//4569
f 3486//4569 3488//4569 3492//4569
f 3492//4569 3488//4569 3490//4569
f 3492//4569 3490//4569 3496//4569
f 3533//4569 3532//4569 3492//4569
f 3492//4569 3532//4569 3535//4569
f 3492//4569 3535//4569 3515//4569
f 3515//4569 3535//4569 3536//4569
f 4408//4570 4409//4570 4410//4570
f 4408//4571 4410//4571 4411//4571
f 4411//4572 4410//4572 4412//4572
f 4411//4573 4412//4573 4413//4573
f 4380//4574 4414//4574 4381//4574
f 4381//4575 4414//4575 4415//4575
f 4381//4576 4415//4576 4416//4576
f 4378//4577 4377//4577 4417//4577
f 4378//4578 4417//4578 4418//4578
f 4418//4579 4417//4579 4419//4579
f 4418//4580 4419//4580 4420//4580
f 4420//4581 4419//4581 4421//4581
f 4420//4582 4421//4582 4422//4582
f 4413//4583 4423//4583 4411//4583
f 4411//4584 4423//4584 4424//4584
f 4411//4585 4424//4585 4425//4585
f 4426//4586 4427//4586 4425//4586
f 4425//4587 4427//4587 4428//4587
f 4425//4588 4428//4588 4411//4588
f 4411//4589 4428//4589 4429//4589
f 4411//4590 4429//4590 4408//4590
f 4430//4591 4431//4591 4419//4591
f 4419//4592 4431//4592 4432//4592
f 4419//4593 4432//4593 4421//4593
f 4415//4594 4433//4594 4416//4594
f 4416//4595 4433//4595 4434//4595
f 4416//4596 4434//4596 4412//4596
f 4412//4597 4434//4597 4435//4597
f 4412//4598 4435//4598 4413//4598
f 4409//4599 4430//4599 4410//4599
f 4410//4600 4430//4600 4419//4600
f 4410//4601 4419//4601 4412//4601
f 4412//4602 4419//4602 4417//4602
f 4412//4603 4417//4603 4416//4603
f 4416//4604 4417//4604 4377//4604
f 4416//4605 4377//4605 4381//4605
f 4418//4606 4420//4606 4436//4606
f 4420//4607 4422//4607 4437//4607
f 3685//4608 3684//4608 4438//4608
f 4438//4609 3684//4609 4439//4609
f 4438//4610 4439//4610 4440//4610
f 4420//4611 4437//4611 4436//4611
f 4436//4612 4437//4612 4441//4612
f 4436//4613 4441//4613 4439//4613
f 4439//4614 4441//4614 4442//4614
f 4439//4615 4442//4615 4440//4615
f 3684//4616 3691//4616 4439//4616
f 4439//4617 3691//4617 4389//4617
f 4439//4618 4389//4618 4436//4618
f 4436//4619 4389//4619 4379//4619
f 4436//4620 4379//4620 4418//4620
f 4418//4621 4379//4621 4378//4621
f 4443//4622 4444//4622 4445//4622
f 4446//4623 4447//4623 4448//4623
f 4448//4624 4447//4624 4449//4624
f 3768//4625 4450//4625 3769//4625
f 3769//4626 4450//4626 4451//4626
f 3769//4627 4451//4627 3799//4627
f 4450//4628 4452//4628 4451//4628
f 4451//4629 4452//4629 4453//4629
f 4451//4630 4453//4630 4449//4630
f 4449//4631 4453//4631 4454//4631
f 4449//4632 4454//4632 4448//4632
f 4447//4633 4443//4633 4449//4633
f 4449//4634 4443//4634 4445//4634
f 4449//4635 4445//4635 4451//4635
f 4451//4636 4445//4636 4455//4636
f 4451//4637 4455//4637 3799//4637
f 3573//4638 3584//4638 4456//4638
f 3822//4638 3820//4638 4456//4638
f 4456//4638 3820//4638 3819//4638
f 4456//4638 3819//4638 3817//4638
f 3643//4638 3644//4638 4456//4638
f 4457//4638 4458//4638 3777//4638
f 3649//4638 4456//4638 3646//4638
f 3646//4638 4456//4638 3647//4638
f 3680//4638 3694//4638 4456//4638
f 4456//4638 3694//4638 3683//4638
f 4456//4638 3683//4638 3682//4638
f 4457//4638 3777//4638 4456//4638
f 4456//4638 3777//4638 3776//4638
f 4456//4638 3776//4638 3775//4638
f 3644//4638 3645//4638 4456//4638
f 4456//4638 3645//4638 3648//4638
f 4456//4638 3648//4638 3647//4638
f 4456//4638 3600//4638 3602//4638
f 3602//4638 3604//4638 4456//4638
f 4456//4638 3604//4638 3610//4638
f 4456//4638 3610//4638 3608//4638
f 3608//4638 3606//4638 4456//4638
f 4456//4638 3606//4638 3605//4638
f 4456//4638 3605//4638 3598//4638
f 4459//4638 3682//4638 4460//4638
f 4460//4638 3682//4638 4461//4638
f 4459//4638 4462//4638 3682//4638
f 3682//4638 4462//4638 4463//4638
f 3682//4638 4463//4638 4456//4638
f 3807//4638 3825//4638 4456//4638
f 4456//4638 3825//4638 3824//4638
f 4456//4638 3824//4638 3822//4638
f 3817//4638 3816//4638 4456//4638
f 4456//4638 3816//4638 3249//4638
f 4456//4638 3249//4638 3643//4638
f 3649//4638 3650//4638 4456//4638
f 4456//4638 3650//4638 3629//4638
f 4456//4638 3629//4638 3600//4638
f 4458//4638 4464//4638 3777//4638
f 3777//4638 4464//4638 4465//4638
f 3777//4638 4465//4638 4466//4638
f 3775//4638 3781//4638 4456//4638
f 4456//4638 3781//4638 3779//4638
f 4456//4638 3779//4638 3807//4638
f 3598//4638 3597//4638 4456//4638
f 4456//4638 3597//4638 3183//4638
f 4456//4638 3183//4638 3573//4638
f 3590//4638 4456//4638 3570//4638
f 3570//4638 4456//4638 3571//4638
f 3557//4638 3677//4638 4456//4638
f 4456//4638 3677//4638 3679//4638
f 4456//4638 3679//4638 3680//4638
f 3686//4638 3685//4638 3682//4638
f 3682//4638 3685//4638 4467//4638
f 3682//4638 4467//4638 4468//4638
f 4468//4638 4469//4638 3682//4638
f 3682//4638 4469//4638 4470//4638
f 3682//4638 4470//4638 4461//4638
f 3777//4638 3770//4638 3772//4638
f 3772//4638 3770//4638 3774//4638
f 3584//4638 3586//4638 4456//4638
f 4456//4638 3586//4638 3585//4638
f 4456//4638 3585//4638 3571//4638
f 3590//4638 3589//4638 4456//4638
f 4456//4638 3589//4638 3558//4638
f 4456//4638 3558//4638 3557//4638
f 3767//4638 4471//4638 3768//4638
f 3768//4638 4471//4638 4472//4638
f 4466//4638 4473//4638 3777//4638
f 3777//4638 4473//4638 4471//4638
f 3777//4638 4471//4638 3770//4638
f 3770//4638 4471//4638 3767//4638
f 4474//4639 4475//4639 4476//4639
f 4474//4640 4476//4640 4477//4640
f 4477//4641 4476//4641 4478//4641
f 4477//4642 4478//4642 4479//4642
f 4446//4643 4480//4643 4447//4643
f 4447//4644 4480//4644 4481//4644
f 4447//4645 4481//4645 4482//4645
f 4444//4646 4443//4646 4483//4646
f 4444//4647 4483//4647 4484//4647
f 4484//4648 4483//4648 4485//4648
f 4484//4649 4485//4649 4486//4649
f 4486//4650 4485//4650 4487//4650
f 4486//4651 4487//4651 4488//4651
f 4479//4652 4489//4652 4477//4652
f 4477//4653 4489//4653 4490//4653
f 4477//4654 4490//4654 4491//4654
f 4492//4655 4493//4655 4491//4655
f 4491//4656 4493//4656 4494//4656
f 4491//4657 4494//4657 4477//4657
f 4477//4658 4494//4658 4495//4658
f 4477//4659 4495//4659 4474//4659
f 4496//4660 4497//4660 4485//4660
f 4485//4661 4497//4661 4498//4661
f 4485//4662 4498//4662 4487//4662
f 4481//4663 4499//4663 4482//4663
f 4482//4664 4499//4664 4500//4664
f 4482//4665 4500//4665 4478//4665
f 4478//4666 4500//4666 4501//4666
f 4478//4667 4501//4667 4479//4667
f 4475//4668 4496//4668 4476//4668
f 4476//4669 4496//4669 4485//4669
f 4476//4670 4485//4670 4478//4670
f 4478//4671 4485//4671 4483//4671
f 4478//4672 4483//4672 4482//4672
f 4482//4673 4483//4673 4443//4673
f 4482//4674 4443//4674 4447//4674
f 4484//4675 4486//4675 4502//4675
f 4486//4676 4488//4676 4503//4676
f 3790//4677 3789//4677 4504//4677
f 4504//4678 3789//4678 4505//4678
f 4504//4679 4505//4679 4506//4679
f 4486//4680 4503//4680 4502//4680
f 4502//4681 4503//4681 4507//4681
f 4502//4682 4507//4682 4505//4682
f 4505//4683 4507//4683 4508//4683
f 4505//4684 4508//4684 4506//4684
f 3789//4685 3799//4685 4505//4685
f 4505//4686 3799//4686 4455//4686
f 4505//4687 4455//4687 4502//4687
f 4502//4688 4455//4688 4445//4688
f 4502//4689 4445//4689 4484//4689
f 4484//4690 4445//4690 4444//4690
f 4509//4691 4510//4691 4511//4691
f 4512//4692 4513//4692 4514//4692
f 4514//4693 4513//4693 4515//4693
f 3909//4694 4516//4694 3910//4694
f 3910//4695 4516//4695 4517//4695
f 3910//4696 4517//4696 3940//4696
f 4516//4697 4518//4697 4517//4697
f 4517//4698 4518//4698 4519//4698
f 4517//4699 4519//4699 4515//4699
f 4515//4700 4519//4700 4520//4700
f 4515//4701 4520//4701 4514//4701
f 4513//4702 4509//4702 4515//4702
f 4515//4703 4509//4703 4511//4703
f 4515//4704 4511//4704 4517//4704
f 4517//4705 4511//4705 4521//4705
f 4517//4706 4521//4706 3940//4706
f 3749//4707 3748//4707 3964//4707
f 4522//4707 4523//4707 3826//4707
f 3909//4707 3908//4707 3748//4707
f 3706//4707 3699//4707 4524//4707
f 3802//4707 3788//4707 3787//4707
f 3964//4707 3748//4707 3966//4707
f 3909//4707 3748//4707 4524//4707
f 4524//4707 3748//4707 3747//4707
f 4524//4707 3747//4707 3750//4707
f 3827//4707 3813//4707 4525//4707
f 4525//4707 3813//4707 3812//4707
f 4525//4707 3812//4707 3832//4707
f 4526//4707 4527//4707 3832//4707
f 4528//4707 4529//4707 3826//4707
f 3826//4707 4529//4707 4524//4707
f 3826//4707 4524//4707 3815//4707
f 3701//4707 3703//4707 4524//4707
f 4524//4707 3703//4707 3705//4707
f 4524//4707 3705//4707 3711//4707
f 4522//4707 3826//4707 4525//4707
f 4525//4707 3826//4707 3828//4707
f 4525//4707 3828//4707 3827//4707
f 3803//4707 3798//4707 3787//4707
f 4526//4707 3832//4707 3790//4707
f 3908//4707 3911//4707 3748//4707
f 3748//4707 3911//4707 3915//4707
f 3748//4707 3915//4707 3913//4707
f 3913//4707 3918//4707 3748//4707
f 3748//4707 3918//4707 3917//4707
f 3748//4707 3917//4707 3916//4707
f 3963//4707 3959//4707 3745//4707
f 3750//4707 3751//4707 4524//4707
f 4524//4707 3751//4707 3739//4707
f 4524//4707 3739//4707 3701//4707
f 3711//4707 3709//4707 4524//4707
f 4524//4707 3709//4707 3707//4707
f 4524//4707 3707//4707 3706//4707
f 3699//4707 3698//4707 4524//4707
f 4524//4707 3698//4707 3261//4707
f 4524//4707 3261//4707 3815//4707
f 3803//4707 3787//4707 3831//4707
f 3798//4707 3785//4707 3787//4707
f 3787//4707 3785//4707 3783//4707
f 3787//4707 3783//4707 3802//4707
f 3802//4707 3783//4707 3782//4707
f 4527//4707 4530//4707 3832//4707
f 3832//4707 4530//4707 4531//4707
f 3832//4707 4531//4707 4525//4707
f 4523//4707 4532//4707 3826//4707
f 3826//4707 4532//4707 4533//4707
f 3826//4707 4533//4707 4534//4707
f 4534//4707 4535//4707 3826//4707
f 3826//4707 4535//4707 4536//4707
f 3826//4707 4536//4707 4537//4707
f 3950//4707 3961//4707 3748//4707
f 3748//4707 3961//4707 3967//4707
f 3748//4707 3967//4707 3966//4707
f 3963//4707 3745//4707 3964//4707
f 3964//4707 3745//4707 3746//4707
f 3964//4707 3746//4707 3749//4707
f 3831//4707 3787//4707 3832//4707
f 3832//4707 3787//4707 3791//4707
f 3832//4707 3791//4707 3790//4707
f 4537//4707 4538//4707 3826//4707
f 3826//4707 4538//4707 4539//4707
f 3826//4707 4539//4707 4528//4707
f 3916//4707 3922//4707 3748//4707
f 3748//4707 3922//4707 3920//4707
f 3748//4707 3920//4707 3950//4707
f 3958//4707 3302//4707 3959//4707
f 3959//4707 3302//4707 3744//4707
f 3959//4707 3744//4707 3745//4707
f 4540//4708 4541//4708 4542//4708
f 4540//4709 4542//4709 4543//4709
f 4543//4710 4542//4710 4544//4710
f 4543//4711 4544//4711 4545//4711
f 4512//4712 4546//4712 4513//4712
f 4513//4713 4546//4713 4547//4713
f 4513//4714 4547//4714 4548//4714
f 4510//4715 4509//4715 4549//4715
f 4510//4716 4549//4716 4550//4716
f 4550//4717 4549//4717 4551//4717
f 4550//4718 4551//4718 4552//4718
f 4552//4719 4551//4719 4553//4719
f 4552//4720 4553//4720 4554//4720
f 4545//4721 4555//4721 4543//4721
f 4543//4722 4555//4722 4556//4722
f 4543//4723 4556//4723 4557//4723
f 4558//4724 4559//4724 4557//4724
f 4557//4725 4559//4725 4560//4725
f 4557//4726 4560//4726 4543//4726
f 4543//4727 4560//4727 4561//4727
f 4543//4728 4561//4728 4540//4728
f 4562//4729 4563//4729 4551//4729
f 4551//4730 4563//4730 4564//4730
f 4551//4731 4564//4731 4553//4731
f 4547//4732 4565//4732 4548//4732
f 4548//4733 4565//4733 4566//4733
f 4548//4734 4566//4734 4544//4734
f 4544//4735 4566//4735 4567//4735
f 4544//4736 4567//4736 4545//4736
f 4541//4737 4562//4737 4542//4737
f 4542//4738 4562//4738 4551//4738
f 4542//4739 4551//4739 4544//4739
f 4544//4740 4551//4740 4549//4740
f 4544//4741 4549//4741 4548//4741
f 4548//4742 4549//4742 4509//4742
f 4548//4743 4509//4743 4513//4743
f 4550//4744 4552//4744 4568//4744
f 4552//4745 4554//4745 4569//4745
f 3931//4746 3930//4746 4570//4746
f 4570//4747 3930//4747 4571//4747
f 4570//4748 4571//4748 4572//4748
f 4552//4749 4569//4749 4568//4749
f 4568//4750 4569//4750 4573//4750
f 4568//4751 4573//4751 4571//4751
f 4571//4752 4573//4752 4574//4752
f 4571//4753 4574//4753 4572//4753
f 3930//4754 3940//4754 4571//4754
f 4571//4755 3940//4755 4521//4755
f 4571//4756 4521//4756 4568//4756
f 4568//4757 4521//4757 4511//4757
f 4568//4758 4511//4758 4550//4758
f 4550//4759 4511//4759 4510//4759
f 4575//4760 4576//4760 4577//4760
f 4578//4761 4579//4761 4580//4761
f 4580//4762 4579//4762 4581//4762
f 4090//4763 4582//4763 4091//4763
f 4091//4764 4582//4764 4583//4764
f 4091//4765 4583//4765 4114//4765
f 4582//4766 4584//4766 4583//4766
f 4583//4767 4584//4767 4585//4767
f 4583//4768 4585//4768 4581//4768
f 4581//4769 4585//4769 4586//4769
f 4581//4770 4586//4770 4580//4770
f 4579//4771 4575//4771 4581//4771
f 4581//4772 4575//4772 4577//4772
f 4581//4773 4577//4773 4583//4773
f 4583//4774 4577//4774 4587//4774
f 4583//4775 4587//4775 4114//4775
f 4003//4776 4001//4776 3968//4776
f 4588//4776 4589//4776 3955//4776
f 4001//4776 4000//4776 3968//4776
f 3968//4776 4000//4776 3998//4776
f 3968//4776 3998//4776 3957//4776
f 4089//4776 4092//4776 3968//4776
f 3847//4776 3840//4776 3998//4776
f 3970//4776 3969//4776 4590//4776
f 4590//4776 3969//4776 3955//4776
f 4590//4776 3955//4776 4591//4776
f 4591//4776 3955//4776 4592//4776
f 4097//4776 3968//4776 4098//4776
f 4098//4776 3968//4776 4099//4776
f 3939//4776 3926//4776 3924//4776
f 3923//4776 3943//4776 3955//4776
f 3955//4776 3943//4776 3929//4776
f 3955//4776 3929//4776 3928//4776
f 3970//4776 4590//4776 3968//4776
f 3968//4776 4590//4776 4090//4776
f 3968//4776 4090//4776 4089//4776
f 4092//4776 4096//4776 3968//4776
f 3968//4776 4096//4776 4094//4776
f 3968//4776 4094//4776 4099//4776
f 3975//4776 4006//4776 3968//4776
f 3968//4776 4006//4776 4005//4776
f 3968//4776 4005//4776 4003//4776
f 3928//4776 3932//4776 3955//4776
f 3955//4776 3932//4776 3931//4776
f 3955//4776 3931//4776 4588//4776
f 4593//4776 4594//4776 3955//4776
f 3955//4776 4594//4776 4595//4776
f 3955//4776 4595//4776 4592//4776
f 4097//4776 4110//4776 3968//4776
f 3968//4776 4110//4776 3976//4776
f 3968//4776 3976//4776 3975//4776
f 3885//4776 3998//4776 3326//4776
f 3326//4776 3998//4776 3997//4776
f 3885//4776 3886//4776 3998//4776
f 3998//4776 3886//4776 3887//4776
f 3998//4776 3887//4776 3890//4776
f 3890//4776 3889//4776 3998//4776
f 3998//4776 3889//4776 3888//4776
f 3998//4776 3888//4776 3891//4776
f 3852//4776 3850//4776 3998//4776
f 3998//4776 3850//4776 3848//4776
f 3998//4776 3848//4776 3847//4776
f 3840//4776 3839//4776 3998//4776
f 3998//4776 3839//4776 3314//4776
f 3998//4776 3314//4776 3957//4776
f 3923//4776 3955//4776 3924//4776
f 3924//4776 3955//4776 3954//4776
f 3924//4776 3954//4776 3952//4776
f 4596//4776 3955//4776 4597//4776
f 4597//4776 3955//4776 4598//4776
f 4599//4776 4600//4776 3955//4776
f 3955//4776 4600//4776 4601//4776
f 3955//4776 4601//4776 4593//4776
f 3842//4776 3844//4776 3998//4776
f 3998//4776 3844//4776 3846//4776
f 3998//4776 3846//4776 3852//4776
f 4589//4776 4602//4776 3955//4776
f 3955//4776 4602//4776 4603//4776
f 3955//4776 4603//4776 4598//4776
f 4596//4776 4604//4776 3955//4776
f 3955//4776 4604//4776 4605//4776
f 3955//4776 4605//4776 4599//4776
f 3891//4776 3892//4776 3998//4776
f 3998//4776 3892//4776 3871//4776
f 3998//4776 3871//4776 3842//4776
f 3939//4776 3924//4776 3944//4776
f 3944//4776 3924//4776 3952//4776
f 3944//4776 3952//4776 3951//4776
f 4606//4777 4607//4777 4608//4777
f 4609//4778 4610//4778 4611//4778
f 4611//4779 4610//4779 4606//4779
f 4606//4780 4608//4780 4611//4780
f 4611//4781 4608//4781 4612//4781
f 4611//4782 4612//4782 4613//4782
f 4578//4783 4614//4783 4579//4783
f 4579//4784 4614//4784 4615//4784
f 4579//4785 4615//4785 4616//4785
f 4576//4786 4575//4786 4617//4786
f 4576//4787 4617//4787 4618//4787
f 4618//4788 4617//4788 4619//4788
f 4618//4789 4619//4789 4620//4789
f 4620//4790 4619//4790 4621//4790
f 4620//4791 4621//4791 4622//4791
f 4613//4792 4623//4792 4611//4792
f 4611//4793 4623//4793 4624//4793
f 4611//4794 4624//4794 4625//4794
f 4609//4795 4611//4795 4626//4795
f 4626//4796 4611//4796 4625//4796
f 4626//4797 4625//4797 4627//4797
f 4628//4798 4629//4798 4619//4798
f 4619//4799 4629//4799 4630//4799
f 4619//4800 4630//4800 4621//4800
f 4615//4801 4631//4801 4616//4801
f 4616//4802 4631//4802 4632//4802
f 4616//4803 4632//4803 4612//4803
f 4612//4804 4632//4804 4633//4804
f 4612//4805 4633//4805 4613//4805
f 4607//4806 4628//4806 4608//4806
f 4608//4807 4628//4807 4619//4807
f 4608//4808 4619//4808 4612//4808
f 4612//4809 4619//4809 4617//4809
f 4612//4810 4617//4810 4616//4810
f 4616//4811 4617//4811 4575//4811
f 4616//4812 4575//4812 4579//4812
f 4618//4813 4620//4813 4634//4813
f 4620//4814 4622//4814 4635//4814
f 4108//4815 4107//4815 4636//4815
f 4636//4816 4107//4816 4637//4816
f 4636//4817 4637//4817 4638//4817
f 4620//4818 4635//4818 4634//4818
f 4634//4819 4635//4819 4639//4819
f 4634//4820 4639//4820 4637//4820
f 4637//4821 4639//4821 4640//4821
f 4637//4822 4640//4822 4638//4822
f 4107//4823 4114//4823 4637//4823
f 4637//4824 4114//4824 4587//4824
f 4637//4825 4587//4825 4634//4825
f 4634//4826 4587//4826 4577//4826
f 4634//4827 4577//4827 4618//4827
f 4618//4828 4577//4828 4576//4828
f 4641//4829 4642//4829 4643//4829
f 4644//4830 4645//4830 4646//4830
f 4646//4831 4645//4831 4647//4831
f 4302//4832 4648//4832 4303//4832
f 4303//4833 4648//4833 4649//4833
f 4303//4834 4649//4834 4326//4834
f 4648//4835 4650//4835 4649//4835
f 4649//4836 4650//4836 4651//4836
f 4649//4837 4651//4837 4647//4837
f 4647//4838 4651//4838 4652//4838
f 4647//4839 4652//4839 4646//4839
f 4645//4840 4641//4840 4647//4840
f 4647//4841 4641//4841 4643//4841
f 4647//4842 4643//4842 4649//4842
f 4649//4843 4643//4843 4653//4843
f 4649//4844 4653//4844 4326//4844
f 4066//4845 4067//4845 4311//4845
f 4028//4845 4021//4845 4654//4845
f 4301//4845 4304//4845 4067//4845
f 4655//4845 4067//4845 4654//4845
f 4654//4845 4067//4845 4068//4845
f 4654//4845 4068//4845 4071//4845
f 4071//4845 4070//4845 4654//4845
f 4654//4845 4070//4845 4069//4845
f 4654//4845 4069//4845 4072//4845
f 3996//4845 4007//4845 4654//4845
f 4013//4845 4654//4845 3993//4845
f 3993//4845 4654//4845 3994//4845
f 4304//4845 4308//4845 4067//4845
f 4067//4845 4308//4845 4306//4845
f 4067//4845 4306//4845 4311//4845
f 4102//4845 4654//4845 4100//4845
f 4100//4845 4654//4845 3980//4845
f 4655//4845 4656//4845 4067//4845
f 4067//4845 4656//4845 4657//4845
f 4067//4845 4657//4845 4658//4845
f 4658//4845 4659//4845 4067//4845
f 4067//4845 4659//4845 4660//4845
f 4067//4845 4660//4845 4661//4845
f 4118//4845 4149//4845 4148//4845
f 4141//4845 4311//4845 4143//4845
f 4143//4845 4311//4845 4144//4845
f 4023//4845 4025//4845 4654//4845
f 4654//4845 4025//4845 4027//4845
f 4654//4845 4027//4845 4033//4845
f 4033//4845 4031//4845 4654//4845
f 4654//4845 4031//4845 4029//4845
f 4654//4845 4029//4845 4028//4845
f 4007//4845 4009//4845 4654//4845
f 4654//4845 4009//4845 4008//4845
f 4654//4845 4008//4845 3994//4845
f 4013//4845 4012//4845 4654//4845
f 4654//4845 4012//4845 3981//4845
f 4654//4845 3981//4845 3980//4845
f 4103//4845 4662//4845 4102//4845
f 4102//4845 4662//4845 4663//4845
f 4102//4845 4663//4845 4664//4845
f 4311//4845 4310//4845 4144//4845
f 4144//4845 4310//4845 4309//4845
f 4144//4845 4309//4845 4146//4845
f 4146//4845 4309//4845 4148//4845
f 4072//4845 4073//4845 4654//4845
f 4654//4845 4073//4845 4052//4845
f 4654//4845 4052//4845 4023//4845
f 4021//4845 4020//4845 4654//4845
f 4654//4845 4020//4845 3367//4845
f 4654//4845 3367//4845 3996//4845
f 4103//4845 4117//4845 4662//4845
f 4662//4845 4117//4845 4106//4845
f 4662//4845 4106//4845 4105//4845
f 4664//4845 4665//4845 4102//4845
f 4102//4845 4665//4845 4666//4845
f 4102//4845 4666//4845 4654//4845
f 4661//4845 4667//4845 4067//4845
f 4067//4845 4667//4845 4302//4845
f 4067//4845 4302//4845 4301//4845
f 4141//4845 4140//4845 4311//4845
f 4311//4845 4140//4845 3379//4845
f 4311//4845 3379//4845 4066//4845
f 4118//4845 4148//4845 4119//4845
f 4119//4845 4148//4845 4309//4845
f 4119//4845 4309//4845 4322//4845
f 4109//4845 4108//4845 4105//4845
f 4105//4845 4108//4845 4668//4845
f 4105//4845 4668//4845 4669//4845
f 4669//4845 4670//4845 4105//4845
f 4105//4845 4670//4845 4671//4845
f 4105//4845 4671//4845 4662//4845
f 4672//4846 4673//4846 4674//4846
f 4673//4847 4675//4847 4676//4847
f 4320//4848 4319//4848 4677//4848
f 4677//4849 4319//4849 4678//4849
f 4677//4850 4678//4850 4679//4850
f 4673//4851 4676//4851 4674//4851
f 4674//4852 4676//4852 4680//4852
f 4674//4853 4680//4853 4678//4853
f 4678//4854 4680//4854 4681//4854
f 4678//4855 4681//4855 4679//4855
f 4319//4856 4326//4856 4678//4856
f 4678//4857 4326//4857 4653//4857
f 4678//4858 4653//4858 4674//4858
f 4674//4859 4653//4859 4643//4859
f 4674//4860 4643//4860 4672//4860
f 4672//4861 4643//4861 4642//4861
f 4682//4862 4683//4862 4684//4862
f 4682//4863 4684//4863 4685//4863
f 4685//4864 4684//4864 4686//4864
f 4685//4865 4686//4865 4687//4865
f 4644//4866 4688//4866 4645//4866
f 4645//4867 4688//4867 4689//4867
f 4645//4868 4689//4868 4690//4868
f 4642//4869 4641//4869 4691//4869
f 4642//4870 4691//4870 4672//4870
f 4672//4871 4691//4871 4692//4871
f 4672//4872 4692//4872 4673//4872
f 4673//4873 4692//4873 4693//4873
f 4673//4874 4693//4874 4675//4874
f 4687//4875 4694//4875 4685//4875
f 4685//4876 4694//4876 4695//4876
f 4685//4877 4695//4877 4696//4877
f 4697//4878 4698//4878 4696//4878
f 4696//4879 4698//4879 4699//4879
f 4696//4880 4699//4880 4685//4880
f 4685//4881 4699//4881 4700//4881
f 4685//4882 4700//4882 4682//4882
f 4701//4883 4702//4883 4692//4883
f 4692//4884 4702//4884 4703//4884
f 4692//4885 4703//4885 4693//4885
f 4689//4886 4704//4886 4690//4886
f 4690//4887 4704//4887 4705//4887
f 4690//4888 4705//4888 4686//4888
f 4686//4889 4705//4889 4706//4889
f 4686//4890 4706//4890 4687//4890
f 4683//4891 4701//4891 4684//4891
f 4684//4892 4701//4892 4692//4892
f 4684//4893 4692//4893 4686//4893
f 4686//4894 4692//4894 4691//4894
f 4686//4895 4691//4895 4690//4895
f 4690//4896 4691//4896 4641//4896
f 4690//4897 4641//4897 4645//4897
f 4707//4898 4376//4898 4375//4898
f 4708//4899 4709//4899 4710//4899
f 4710//4900 4709//4900 4711//4900
f 4273//4901 4712//4901 4274//4901
f 4274//4902 4712//4902 4713//4902
f 4274//4903 4713//4903 4297//4903
f 4712//4904 4714//4904 4713//4904
f 4713//4905 4714//4905 4715//4905
f 4713//4906 4715//4906 4711//4906
f 4711//4907 4715//4907 4716//4907
f 4711//4908 4716//4908 4710//4908
f 4709//4909 4707//4909 4711//4909
f 4711//4910 4707//4910 4375//4910
f 4711//4911 4375//4911 4713//4911
f 4713//4912 4375//4912 4374//4912
f 4713//4913 4374//4913 4297//4913
f 4717//4914 4718//4914 4719//4914
f 4209//4914 4210//4914 4718//4914
f 4171//4914 4164//4914 4718//4914
f 4720//4914 4721//4914 4718//4914
f 4215//4914 4718//4914 4212//4914
f 4212//4914 4718//4914 4213//4914
f 4722//4914 4723//4914 4724//4914
f 4724//4914 4723//4914 4725//4914
f 4724//4914 4725//4914 4726//4914
f 4272//4914 4275//4914 4718//4914
f 4718//4914 4275//4914 4279//4914
f 4718//4914 4279//4914 4277//4914
f 4210//4914 4211//4914 4718//4914
f 4718//4914 4211//4914 4214//4914
f 4718//4914 4214//4914 4213//4914
f 4720//4914 4718//4914 4724//4914
f 4724//4914 4718//4914 4727//4914
f 4724//4914 4727//4914 4722//4914
f 4277//4914 4282//4914 4718//4914
f 4718//4914 4282//4914 4281//4914
f 4718//4914 4281//4914 4280//4914
f 4139//4914 4150//4914 4718//4914
f 4719//4914 4718//4914 4728//4914
f 4721//4914 4729//4914 4718//4914
f 4718//4914 4729//4914 4273//4914
f 4718//4914 4273//4914 4272//4914
f 4249//4914 4247//4914 4718//4914
f 4718//4914 4247//4914 4246//4914
f 4718//4914 4246//4914 4240//4914
f 4240//4914 4239//4914 4718//4914
f 4718//4914 4239//4914 3461//4914
f 4718//4914 3461//4914 4209//4914
f 4166//4914 4168//4914 4718//4914
f 4718//4914 4168//4914 4170//4914
f 4718//4914 4170//4914 4176//4914
f 4176//4914 4174//4914 4718//4914
f 4718//4914 4174//4914 4172//4914
f 4718//4914 4172//4914 4171//4914
f 4156//4914 4718//4914 4136//4914
f 4136//4914 4718//4914 4137//4914
f 4215//4914 4216//4914 4718//4914
f 4718//4914 4216//4914 4204//4914
f 4718//4914 4204//4914 4166//4914
f 4150//4914 4152//4914 4718//4914
f 4718//4914 4152//4914 4151//4914
f 4718//4914 4151//4914 4137//4914
f 4123//4914 4312//4914 4718//4914
f 4718//4914 4312//4914 4314//4914
f 4718//4914 4314//4914 4315//4914
f 4315//4914 4329//4914 4718//4914
f 4718//4914 4329//4914 4318//4914
f 4718//4914 4318//4914 4317//4914
f 4242//4914 4244//4914 4718//4914
f 4718//4914 4244//4914 4250//4914
f 4718//4914 4250//4914 4249//4914
f 4164//4914 4163//4914 4718//4914
f 4718//4914 4163//4914 3420//4914
f 4718//4914 3420//4914 4139//4914
f 4156//4914 4155//4914 4718//4914
f 4718//4914 4155//4914 4124//4914
f 4718//4914 4124//4914 4123//4914
f 4730//4914 4719//4914 4731//4914
f 4731//4914 4719//4914 4732//4914
f 4730//4914 4733//4914 4719//4914
f 4719//4914 4733//4914 4734//4914
f 4719//4914 4734//4914 4717//4914
f 4280//4914 4293//4914 4718//4914
f 4718//4914 4293//4914 4263//4914
f 4718//4914 4263//4914 4242//4914
f 4317//4914 4321//4914 4718//4914
f 4718//4914 4321//4914 4320//4914
f 4718//4914 4320//4914 4728//4914
f 4735//4915 4736//4915 4737//4915
f 4735//4916 4737//4916 4738//4916
f 4738//4917 4737//4917 4739//4917
f 4738//4918 4739//4918 4740//4918
f 4708//4919 4741//4919 4709//4919
f 4709//4920 4741//4920 4742//4920
f 4709//4921 4742//4921 4743//4921
f 4376//4922 4707//4922 4744//4922
f 4376//4923 4744//4923 4364//4923
f 4364//4924 4744//4924 4745//4924
f 4364//4925 4745//4925 4365//4925
f 4365//4926 4745//4926 4746//4926
f 4365//4927 4746//4927 4367//4927
f 4740//4928 4747//4928 4738//4928
f 4738//4929 4747//4929 4748//4929
f 4738//4930 4748//4930 4749//4930
f 4750//4931 4751//4931 4749//4931
f 4749//4932 4751//4932 4752//4932
f 4749//4933 4752//4933 4738//4933
f 4738//4934 4752//4934 4753//4934
f 4738//4935 4753//4935 4735//4935
f 4754//4936 4755//4936 4745//4936
f 4745//4937 4755//4937 4756//4937
f 4745//4938 4756//4938 4746//4938
f 4742//4939 4757//4939 4743//4939
f 4743//4940 4757//4940 4758//4940
f 4743//4941 4758//4941 4739//4941
f 4739//4942 4758//4942 4759//4942
f 4739//4943 4759//4943 4740//4943
f 4736//4944 4754//4944 4737//4944
f 4737//4945 4754//4945 4745//4945
f 4737//4946 4745//4946 4739//4946
f 4739//4947 4745//4947 4744//4947
f 4739//4948 4744//4948 4743//4948
f 4743//4949 4744//4949 4707//4949
f 4743//4950 4707//4950 4709//4950
f 4344//4951 4343//4951 4760//4951
f 4346//4952 4761//4952 4343//4952
f 4343//4953 4761//4953 4762//4953
f 4343//4954 4762//4954 4760//4954
f 3870//4955 4763//4955 4346//4955
f 4346//4956 4763//4956 4764//4956
f 4346//4957 4764//4957 4761//4957
f 4351//4958 4765//4958 4350//4958
f 4350//4959 4765//4959 4766//4959
f 4350//4960 4766//4960 3870//4960
f 3870//4961 4766//4961 4767//4961
f 3870//4962 4767//4962 4763//4962
f 4768//4963 4769//4963 4352//4963
f 4352//4964 4769//4964 4770//4964
f 4352//4965 4770//4965 4351//4965
f 4351//4966 4770//4966 4771//4966
f 4351//4967 4771//4967 4765//4967
f 4768//4968 4352//4968 4772//4968
f 4772//4969 4352//4969 4347//4969
f 4772//4970 4347//4970 4773//4970
f 4773//4971 4347//4971 4774//4971
f 4774//4972 4347//4972 4348//4972
f 4774//4973 4348//4973 4775//4973
f 4775//4974 4348//4974 4776//4974
f 4776//4975 4348//4975 4349//4975
f 4776//4976 4349//4976 4777//4976
f 4778//4977 4779//4977 4354//4977
f 4354//4978 4779//4978 4780//4978
f 4354//4979 4780//4979 4353//4979
f 4353//4980 4780//4980 4781//4980
f 4353//4981 4781//4981 4051//4981
f 4051//4982 4781//4982 4782//4982
f 4051//4983 4782//4983 4349//4983
f 4349//4984 4782//4984 4783//4984
f 4349//4985 4783//4985 4777//4985
f 4778//4986 4354//4986 4784//4986
f 4784//4987 4354//4987 4358//4987
f 4784//4988 4358//4988 4785//4988
f 4785//4989 4358//4989 4786//4989
f 4786//4990 4358//4990 4355//4990
f 4786//4991 4355//4991 4787//4991
f 4787//4992 4355//4992 4788//4992
f 4788//4993 4355//4993 4357//4993
f 4788//4994 4357//4994 4789//4994
f 4356//4995 4790//4995 4357//4995
f 4357//4996 4790//4996 4791//4996
f 4357//4997 4791//4997 4789//4997
f 4361//4998 4792//4998 4194//4998
f 4194//4999 4792//4999 4793//4999
f 4194//5000 4793//5000 4356//5000
f 4356//5001 4793//5001 4794//5001
f 4356//5002 4794//5002 4790//5002
f 4359//5003 4795//5003 4361//5003
f 4361//5004 4795//5004 4796//5004
f 4361//5005 4796//5005 4792//5005
f 4363//5006 4797//5006 4359//5006
f 4359//5007 4797//5007 4798//5007
f 4359//5008 4798//5008 4795//5008
f 4360//5009 4799//5009 4363//5009
f 4363//5010 4799//5010 4800//5010
f 4363//5011 4800//5011 4797//5011
f 4362//5012 4801//5012 4360//5012
f 4360//5013 4801//5013 4802//5013
f 4360//5014 4802//5014 4799//5014
f 3514//5015 4803//5015 4362//5015
f 4362//5016 4803//5016 4804//5016
f 4362//5017 4804//5017 4801//5017
f 4334//5018 4805//5018 4333//5018
f 4333//5019 4805//5019 4806//5019
f 4333//5020 4806//5020 3514//5020
f 3514//5021 4806//5021 4807//5021
f 3514//5022 4807//5022 4803//5022
f 4808//5023 4809//5023 4335//5023
f 4335//5024 4809//5024 4810//5024
f 4335//5025 4810//5025 4334//5025
f 4334//5026 4810//5026 4811//5026
f 4334//5027 4811//5027 4805//5027
f 4808//5028 4335//5028 4812//5028
f 4812//5029 4335//5029 4330//5029
f 4812//5030 4330//5030 4813//5030
f 4813//5031 4330//5031 4814//5031
f 4814//5032 4330//5032 4331//5032
f 4814//5033 4331//5033 4815//5033
f 4815//5034 4331//5034 4816//5034
f 4816//5035 4331//5035 4332//5035
f 4816//5036 4332//5036 4817//5036
f 4818//5037 4819//5037 4338//5037
f 4338//5038 4819//5038 4820//5038
f 4338//5039 4820//5039 4337//5039
f 4337//5040 4820//5040 4821//5040
f 4337//5041 4821//5041 3628//5041
f 3628//5042 4821//5042 4822//5042
f 3628//5043 4822//5043 4332//5043
f 4332//5044 4822//5044 4823//5044
f 4332//5045 4823//5045 4817//5045
f 4818//5046 4338//5046 4824//5046
f 4824//5047 4338//5047 4336//5047
f 4824//5048 4336//5048 4825//5048
f 4825//5049 4336//5049 4826//5049
f 4826//5050 4336//5050 4339//5050
f 4826//5051 4339//5051 4827//5051
f 4827//5052 4339//5052 4828//5052
f 4828//5053 4339//5053 4341//5053
f 4828//5054 4341//5054 4829//5054
f 4340//5055 4830//5055 4341//5055
f 4341//5056 4830//5056 4831//5056
f 4341//5057 4831//5057 4829//5057
f 4345//5058 4832//5058 3729//5058
f 3729//5059 4832//5059 4833//5059
f 3729//5060 4833//5060 4340//5060
f 4340//5061 4833//5061 4834//5061
f 4340//5062 4834//5062 4830//5062
f 4342//5063 4835//5063 4345//5063
f 4345//5064 4835//5064 4836//5064
f 4345//5065 4836//5065 4832//5065
f 4760//5066 4837//5066 4344//5066
f 4344//5067 4837//5067 4838//5067
f 4344//5068 4838//5068 4342//5068
f 4342//5069 4838//5069 4839//5069
f 4342//5070 4839//5070 4835//5070
f 4840//5071 4841//5071 4842//5071
f 4756//5072 4755//5072 4843//5072
f 4844//5073 4845//5073 4842//5073
f 4371//5074 4373//5074 4846//5074
f 4846//5075 4396//5075 4405//5075
f 4371//5076 4846//5076 4369//5076
f 4369//5077 4846//5077 4405//5077
f 4369//5078 4405//5078 4291//5078
f 4392//5079 4394//5079 4847//5079
f 4847//5080 4394//5080 4395//5080
f 4847//5081 4395//5081 4846//5081
f 4846//5082 4395//5082 4397//5082
f 4846//5083 4397//5083 4396//5083
f 4848//5084 4849//5084 4850//5084
f 4392//5085 4847//5085 4393//5085
f 4393//5086 4847//5086 4848//5086
f 4393//5087 4848//5087 4406//5087
f 4406//5088 4848//5088 4850//5088
f 4406//5089 4850//5089 4407//5089
f 4844//5090 4842//5090 4851//5090
f 4851//5091 4842//5091 4852//5091
f 4852//5092 4842//5092 4841//5092
f 4852//5093 4841//5093 4853//5093
f 4750//5094 4854//5094 4751//5094
f 4751//5095 4854//5095 4855//5095
f 4751//5096 4855//5096 4752//5096
f 4752//5097 4855//5097 4753//5097
f 4755//5098 4754//5098 4856//5098
f 4856//5099 4754//5099 4736//5099
f 4856//5100 4736//5100 4735//5100
f 4368//5101 4367//5101 4843//5101
f 4843//5102 4367//5102 4746//5102
f 4843//5103 4746//5103 4756//5103
f 4857//5104 4840//5104 4858//5104
f 4858//5105 4840//5105 4842//5105
f 4858//5106 4842//5106 4859//5106
f 4859//5107 4842//5107 4845//5107
f 4859//5108 4845//5108 4860//5108
f 4854//5109 4861//5109 4855//5109
f 4855//5110 4861//5110 4856//5110
f 4855//5111 4856//5111 4753//5111
f 4753//5112 4856//5112 4735//5112
f 4372//5113 4368//5113 4862//5113
f 4862//5114 4368//5114 4843//5114
f 4862//5115 4843//5115 4851//5115
f 4851//5116 4843//5116 4755//5116
f 4851//5117 4755//5117 4844//5117
f 4844//5118 4755//5118 4856//5118
f 4844//5119 4856//5119 4845//5119
f 4845//5120 4856//5120 4861//5120
f 4845//5108 4861//5108 4860//5108
f 4373//5121 4372//5121 4846//5121
f 4846//5122 4372//5122 4862//5122
f 4846//5123 4862//5123 4847//5123
f 4847//5124 4862//5124 4851//5124
f 4847//5125 4851//5125 4848//5125
f 4848//5126 4851//5126 4852//5126
f 4848//5127 4852//5127 4849//5127
f 4849//5128 4852//5128 4853//5128
f 4398//5129 4407//5129 4850//5129
f 4863//5130 4853//5130 4864//5130
f 4864//5131 4853//5131 4841//5131
f 4864//5132 4841//5132 4865//5132
f 4865//5133 4841//5133 4840//5133
f 4865//5134 4840//5134 4866//5134
f 4866//5135 4840//5135 4857//5135
f 4866//5136 4857//5136 4867//5136
f 4863//5137 4868//5137 4853//5137
f 4853//5138 4868//5138 4869//5138
f 4853//5139 4869//5139 4849//5139
f 4849//5140 4869//5140 4870//5140
f 4849//5141 4870//5141 4850//5141
f 4850//5142 4870//5142 4871//5142
f 4850//5143 4871//5143 4398//5143
f 4872//5144 4873//5144 4874//5144
f 4866//5145 4867//5145 4875//5145
f 4404//5146 4391//5146 4876//5146
f 4870//5147 4399//5147 4871//5147
f 4871//5148 4399//5148 4398//5148
f 4390//5149 4403//5149 4877//5149
f 4877//5150 4403//5150 4402//5150
f 4877//5151 4402//5151 4878//5151
f 4878//5152 4402//5152 4401//5152
f 4878//5153 4401//5153 4400//5153
f 3667//5154 4404//5154 4384//5154
f 4384//5155 4404//5155 4386//5155
f 4386//5156 4404//5156 4387//5156
f 4387//5157 4404//5157 4876//5157
f 4387//5158 4876//5158 4388//5158
f 4879//5159 4425//5159 4424//5159
f 4434//5160 4880//5160 4435//5160
f 4435//5161 4880//5161 4881//5161
f 4435//5162 4881//5162 4413//5162
f 4413//5163 4881//5163 4423//5163
f 4873//5164 4882//5164 4879//5164
f 4883//5165 4868//5165 4863//5165
f 4872//5166 4864//5166 4865//5166
f 4868//5167 4883//5167 4869//5167
f 4869//5168 4883//5168 4878//5168
f 4869//5169 4878//5169 4870//5169
f 4870//5170 4878//5170 4400//5170
f 4870//5171 4400//5171 4399//5171
f 4426//5172 4425//5172 4884//5172
f 4884//5173 4425//5173 4879//5173
f 4884//5174 4879//5174 4885//5174
f 4885//5174 4879//5174 4882//5174
f 4434//5175 4433//5175 4880//5175
f 4880//5176 4433//5176 4415//5176
f 4880//5177 4415//5177 4886//5177
f 4886//5178 4415//5178 4414//5178
f 4886//5179 4414//5179 4380//5179
f 4388//5180 4876//5180 4382//5180
f 4382//5181 4876//5181 4887//5181
f 4382//5182 4887//5182 4874//5182
f 4380//5183 4382//5183 4886//5183
f 4886//5184 4382//5184 4874//5184
f 4886//5185 4874//5185 4880//5185
f 4880//5186 4874//5186 4873//5186
f 4880//5187 4873//5187 4881//5187
f 4881//5188 4873//5188 4879//5188
f 4881//5189 4879//5189 4423//5189
f 4423//5190 4879//5190 4424//5190
f 4865//5191 4866//5191 4872//5191
f 4872//5192 4866//5192 4875//5192
f 4872//5193 4875//5193 4873//5193
f 4873//5194 4875//5194 4888//5194
f 4873//5194 4888//5194 4882//5194
f 4391//5195 4390//5195 4876//5195
f 4876//5196 4390//5196 4877//5196
f 4876//5197 4877//5197 4887//5197
f 4887//5198 4877//5198 4878//5198
f 4887//5199 4878//5199 4874//5199
f 4874//5200 4878//5200 4883//5200
f 4874//5201 4883//5201 4872//5201
f 4872//5202 4883//5202 4863//5202
f 4872//5203 4863//5203 4864//5203
f 4889//5204 4890//5204 4891//5204
f 4432//5205 4431//5205 4892//5205
f 4893//5206 4894//5206 4891//5206
f 4440//5207 4442//5207 4895//5207
f 4895//5208 4468//5208 4467//5208
f 4440//5209 4895//5209 4438//5209
f 4438//5210 4895//5210 4467//5210
f 4438//5211 4467//5211 3685//5211
f 4460//5212 4461//5212 4896//5212
f 4896//5213 4461//5213 4470//5213
f 4896//5214 4470//5214 4895//5214
f 4895//5215 4470//5215 4469//5215
f 4895//5216 4469//5216 4468//5216
f 4897//5217 4898//5217 4899//5217
f 4460//5218 4896//5218 4459//5218
f 4459//5219 4896//5219 4897//5219
f 4459//5220 4897//5220 4462//5220
f 4462//5221 4897//5221 4899//5221
f 4462//5222 4899//5222 4463//5222
f 4893//5223 4891//5223 4900//5223
f 4900//5224 4891//5224 4901//5224
f 4901//5225 4891//5225 4890//5225
f 4901//5226 4890//5226 4902//5226
f 4426//5227 4903//5227 4427//5227
f 4427//5228 4903//5228 4904//5228
f 4427//5229 4904//5229 4428//5229
f 4428//5230 4904//5230 4429//5230
f 4431//5231 4430//5231 4905//5231
f 4905//5232 4430//5232 4409//5232
f 4905//5233 4409//5233 4408//5233
f 4437//5234 4422//5234 4892//5234
f 4892//5235 4422//5235 4421//5235
f 4892//5236 4421//5236 4432//5236
f 4906//5237 4889//5237 4907//5237
f 4907//5238 4889//5238 4891//5238
f 4907//5239 4891//5239 4908//5239
f 4908//5240 4891//5240 4894//5240
f 4908//5241 4894//5241 4909//5241
f 4903//5242 4910//5242 4904//5242
f 4904//5243 4910//5243 4905//5243
f 4904//5244 4905//5244 4429//5244
f 4429//5245 4905//5245 4408//5245
f 4441//5246 4437//5246 4911//5246
f 4911//5247 4437//5247 4892//5247
f 4911//5248 4892//5248 4900//5248
f 4900//5249 4892//5249 4431//5249
f 4900//5250 4431//5250 4893//5250
f 4893//5251 4431//5251 4905//5251
f 4893//5252 4905//5252 4894//5252
f 4894//5253 4905//5253 4910//5253
f 4894//5241 4910//5241 4909//5241
f 4442//5254 4441//5254 4895//5254
f 4895//5255 4441//5255 4911//5255
f 4895//5256 4911//5256 4896//5256
f 4896//5257 4911//5257 4900//5257
f 4896//5258 4900//5258 4897//5258
f 4897//5259 4900//5259 4901//5259
f 4897//5260 4901//5260 4898//5260
f 4898//5261 4901//5261 4902//5261
f 4456//5262 4463//5262 4899//5262
f 4912//5263 4902//5263 4913//5263
f 4913//5264 4902//5264 4890//5264
f 4913//5265 4890//5265 4914//5265
f 4914//5266 4890//5266 4889//5266
f 4914//5267 4889//5267 4915//5267
f 4915//5268 4889//5268 4906//5268
f 4915//5269 4906//5269 4916//5269
f 4912//5270 4917//5270 4902//5270
f 4902//5271 4917//5271 4918//5271
f 4902//5272 4918//5272 4898//5272
f 4898//5273 4918//5273 4919//5273
f 4898//5274 4919//5274 4899//5274
f 4899//5275 4919//5275 4920//5275
f 4899//5276 4920//5276 4456//5276
f 4921//5277 4922//5277 4923//5277
f 4915//5278 4916//5278 4924//5278
f 4472//5279 4471//5279 4925//5279
f 4919//5280 4457//5280 4920//5280
f 4920//5281 4457//5281 4456//5281
f 4473//5282 4466//5282 4926//5282
f 4926//5283 4466//5283 4465//5283
f 4926//5284 4465//5284 4927//5284
f 4927//5285 4465//5285 4464//5285
f 4927//5286 4464//5286 4458//5286
f 3768//5287 4472//5287 4450//5287
f 4450//5288 4472//5288 4452//5288
f 4452//5289 4472//5289 4453//5289
f 4453//5290 4472//5290 4925//5290
f 4453//5291 4925//5291 4454//5291
f 4928//5292 4491//5292 4490//5292
f 4500//5293 4929//5293 4501//5293
f 4501//5294 4929//5294 4930//5294
f 4501//5295 4930//5295 4479//5295
f 4479//5296 4930//5296 4489//5296
f 4922//5297 4931//5297 4928//5297
f 4932//5298 4917//5298 4912//5298
f 4921//5299 4913//5299 4914//5299
f 4917//5300 4932//5300 4918//5300
f 4918//5301 4932//5301 4927//5301
f 4918//5302 4927//5302 4919//5302
f 4919//5303 4927//5303 4458//5303
f 4919//5304 4458//5304 4457//5304
f 4492//5305 4491//5305 4933//5305
f 4933//5306 4491//5306 4928//5306
f 4933//5307 4928//5307 4934//5307
f 4934//5307 4928//5307 4931//5307
f 4500//5308 4499//5308 4929//5308
f 4929//5309 4499//5309 4481//5309
f 4929//5310 4481//5310 4935//5310
f 4935//5311 4481//5311 4480//5311
f 4935//5312 4480//5312 4446//5312
f 4454//5313 4925//5313 4448//5313
f 4448//5314 4925//5314 4936//5314
f 4448//5315 4936//5315 4923//5315
f 4446//5316 4448//5316 4935//5316
f 4935//5317 4448//5317 4923//5317
f 4935//5318 4923//5318 4929//5318
f 4929//5319 4923//5319 4922//5319
f 4929//5320 4922//5320 4930//5320
f 4930//5321 4922//5321 4928//5321
f 4930//5322 4928//5322 4489//5322
f 4489//5323 4928//5323 4490//5323
f 4914//5324 4915//5324 4921//5324
f 4921//5325 4915//5325 4924//5325
f 4921//5326 4924//5326 4922//5326
f 4922//5327 4924//5327 4937//5327
f 4922//5327 4937//5327 4931//5327
f 4471//5328 4473//5328 4925//5328
f 4925//5329 4473//5329 4926//5329
f 4925//5330 4926//5330 4936//5330
f 4936//5331 4926//5331 4927//5331
f 4936//5332 4927//5332 4923//5332
f 4923//5333 4927//5333 4932//5333
f 4923//5334 4932//5334 4921//5334
f 4921//5335 4932//5335 4912//5335
f 4921//5336 4912//5336 4913//5336
f 4938//5337 4939//5337 4940//5337
f 4498//5338 4497//5338 4941//5338
f 4942//5339 4943//5339 4940//5339
f 4506//5340 4508//5340 4944//5340
f 4944//5341 4527//5341 4526//5341
f 4506//5342 4944//5342 4504//5342
f 4504//5343 4944//5343 4526//5343
f 4504//5344 4526//5344 3790//5344
f 4522//5345 4525//5345 4945//5345
f 4945//5346 4525//5346 4531//5346
f 4945//5347 4531//5347 4944//5347
f 4944//5348 4531//5348 4530//5348
f 4944//5349 4530//5349 4527//5349
f 4946//5350 4947//5350 4948//5350
f 4522//5351 4945//5351 4523//5351
f 4523//5352 4945//5352 4946//5352
f 4523//5353 4946//5353 4532//5353
f 4532//5354 4946//5354 4948//5354
f 4532//5355 4948//5355 4533//5355
f 4942//5356 4940//5356 4949//5356
f 4949//5357 4940//5357 4950//5357
f 4950//5358 4940//5358 4939//5358
f 4950//5359 4939//5359 4951//5359
f 4492//5360 4952//5360 4493//5360
f 4493//5361 4952//5361 4953//5361
f 4493//5362 4953//5362 4494//5362
f 4494//5363 4953//5363 4495//5363
f 4497//5364 4496//5364 4954//5364
f 4954//5365 4496//5365 4475//5365
f 4954//5366 4475//5366 4474//5366
f 4503//5367 4488//5367 4941//5367
f 4941//5368 4488//5368 4487//5368
f 4941//5369 4487//5369 4498//5369
f 4955//5370 4938//5370 4956//5370
f 4956//5371 4938//5371 4940//5371
f 4956//5372 4940//5372 4957//5372
f 4957//5373 4940//5373 4943//5373
f 4957//5374 4943//5374 4958//5374
f 4952//5375 4959//5375 4953//5375
f 4953//5376 4959//5376 4954//5376
f 4953//5377 4954//5377 4495//5377
f 4495//5378 4954//5378 4474//5378
f 4507//5379 4503//5379 4960//5379
f 4960//5380 4503//5380 4941//5380
f 4960//5381 4941//5381 4949//5381
f 4949//5382 4941//5382 4497//5382
f 4949//5383 4497//5383 4942//5383
f 4942//5384 4497//5384 4954//5384
f 4942//5385 4954//5385 4943//5385
f 4943//5386 4954//5386 4959//5386
f 4943//5374 4959//5374 4958//5374
f 4508//5387 4507//5387 4944//5387
f 4944//5388 4507//5388 4960//5388
f 4944//5389 4960//5389 4945//5389
f 4945//5390 4960//5390 4949//5390
f 4945//5391 4949//5391 4946//5391
f 4946//5392 4949//5392 4950//5392
f 4946//5393 4950//5393 4947//5393
f 4947//5394 4950//5394 4951//5394
f 4955//5395 4961//5395 4962//5395
f 4534//5396 4533//5396 4948//5396
f 4955//5397 4962//5397 4938//5397
f 4938//5398 4962//5398 4963//5398
f 4938//5399 4963//5399 4939//5399
f 4963//5400 4964//5400 4939//5400
f 4939//5401 4964//5401 4965//5401
f 4939//5402 4965//5402 4951//5402
f 4965//5403 4966//5403 4951//5403
f 4951//5404 4966//5404 4967//5404
f 4951//5405 4967//5405 4947//5405
f 4947//5406 4967//5406 4968//5406
f 4947//5407 4968//5407 4948//5407
f 4948//5408 4968//5408 4969//5408
f 4948//5409 4969//5409 4534//5409
f 4970//5410 4971//5410 4972//5410
f 4962//5411 4961//5411 4973//5411
f 4524//5412 4529//5412 4974//5412
f 4968//5413 4535//5413 4969//5413
f 4969//5414 4535//5414 4534//5414
f 4528//5415 4539//5415 4975//5415
f 4975//5416 4539//5416 4538//5416
f 4975//5417 4538//5417 4976//5417
f 4976//5418 4538//5418 4537//5418
f 4976//5419 4537//5419 4536//5419
f 3909//5420 4524//5420 4516//5420
f 4516//5421 4524//5421 4518//5421
f 4518//5422 4524//5422 4519//5422
f 4519//5423 4524//5423 4974//5423
f 4519//5424 4974//5424 4520//5424
f 4977//5425 4557//5425 4556//5425
f 4566//5426 4978//5426 4567//5426
f 4567//5427 4978//5427 4979//5427
f 4567//5428 4979//5428 4545//5428
f 4545//5429 4979//5429 4555//5429
f 4971//5430 4980//5430 4977//5430
f 4981//5431 4966//5431 4965//5431
f 4970//5432 4964//5432 4963//5432
f 4966//5433 4981//5433 4967//5433
f 4967//5434 4981//5434 4976//5434
f 4967//5435 4976//5435 4968//5435
f 4968//5436 4976//5436 4536//5436
f 4968//5437 4536//5437 4535//5437
f 4558//5438 4557//5438 4982//5438
f 4982//5439 4557//5439 4977//5439
f 4982//5440 4977//5440 4983//5440
f 4983//5440 4977//5440 4980//5440
f 4566//5441 4565//5441 4978//5441
f 4978//5442 4565//5442 4547//5442
f 4978//5443 4547//5443 4984//5443
f 4984//5444 4547//5444 4546//5444
f 4984//5445 4546//5445 4512//5445
f 4520//5446 4974//5446 4514//5446
f 4514//5447 4974//5447 4985//5447
f 4514//5448 4985//5448 4972//5448
f 4512//5449 4514//5449 4984//5449
f 4984//5450 4514//5450 4972//5450
f 4984//5451 4972//5451 4978//5451
f 4978//5452 4972//5452 4971//5452
f 4978//5453 4971//5453 4979//5453
f 4979//5454 4971//5454 4977//5454
f 4979//5455 4977//5455 4555//5455
f 4555//5456 4977//5456 4556//5456
f 4963//5457 4962//5457 4970//5457
f 4970//5458 4962//5458 4973//5458
f 4970//5459 4973//5459 4971//5459
f 4971//5460 4973//5460 4986//5460
f 4971//5460 4986//5460 4980//5460
f 4529//5461 4528//5461 4974//5461
f 4974//5462 4528//5462 4975//5462
f 4974//5463 4975//5463 4985//5463
f 4985//5464 4975//5464 4976//5464
f 4985//5465 4976//5465 4972//5465
f 4972//5466 4976//5466 4981//5466
f 4972//5467 4981//5467 4970//5467
f 4970//5468 4981//5468 4965//5468
f 4970//5469 4965//5469 4964//5469
f 4987//5470 4988//5470 4989//5470
f 4564//5471 4563//5471 4990//5471
f 4991//5472 4992//5472 4989//5472
f 4572//5473 4574//5473 4993//5473
f 4993//5474 4589//5474 4588//5474
f 4572//5475 4993//5475 4570//5475
f 4570//5476 4993//5476 4588//5476
f 4570//5477 4588//5477 3931//5477
f 4597//5478 4598//5478 4994//5478
f 4994//5479 4598//5479 4603//5479
f 4994//5480 4603//5480 4993//5480
f 4993//5481 4603//5481 4602//5481
f 4993//5482 4602//5482 4589//5482
f 4995//5483 4996//5483 4997//5483
f 4597//5484 4994//5484 4596//5484
f 4596//5485 4994//5485 4995//5485
f 4596//5486 4995//5486 4604//5486
f 4604//5487 4995//5487 4997//5487
f 4604//5488 4997//5488 4605//5488
f 4991//5489 4989//5489 4998//5489
f 4998//5490 4989//5490 4999//5490
f 4999//5491 4989//5491 4988//5491
f 4999//5492 4988//5492 5000//5492
f 4558//5493 5001//5493 4559//5493
f 4559//5494 5001//5494 5002//5494
f 4559//5495 5002//5495 4560//5495
f 4560//5496 5002//5496 4561//5496
f 4563//5497 4562//5497 5003//5497
f 5003//5498 4562//5498 4541//5498
f 5003//5499 4541//5499 4540//5499
f 4569//5500 4554//5500 4990//5500
f 4990//5501 4554//5501 4553//5501
f 4990//5502 4553//5502 4564//5502
f 5004//5503 4987//5503 5005//5503
f 5005//5504 4987//5504 4989//5504
f 5005//5505 4989//5505 5006//5505
f 5006//5506 4989//5506 4992//5506
f 5006//5507 4992//5507 5007//5507
f 5001//5508 5008//5508 5002//5508
f 5002//5509 5008//5509 5003//5509
f 5002//5510 5003//5510 4561//5510
f 4561//5511 5003//5511 4540//5511
f 4573//5512 4569//5512 5009//5512
f 5009//5513 4569//5513 4990//5513
f 5009//5514 4990//5514 4998//5514
f 4998//5515 4990//5515 4563//5515
f 4998//5516 4563//5516 4991//5516
f 4991//5517 4563//5517 5003//5517
f 4991//5518 5003//5518 4992//5518
f 4992//5519 5003//5519 5008//5519
f 4992//5507 5008//5507 5007//5507
f 4574//5520 4573//5520 4993//5520
f 4993//5521 4573//5521 5009//5521
f 4993//5522 5009//5522 4994//5522
f 4994//5523 5009//5523 4998//5523
f 4994//5524 4998//5524 4995//5524
f 4995//5525 4998//5525 4999//5525
f 4995//5526 4999//5526 4996//5526
f 4996//5527 4999//5527 5000//5527
f 5004//5528 5010//5528 5011//5528
f 4599//5529 4605//5529 4997//5529
f 5012//5530 5000//5530 4988//5530
f 5004//5531 5011//5531 4987//5531
f 4987//5532 5011//5532 5013//5532
f 4987//5533 5013//5533 4988//5533
f 4988//5534 5013//5534 5014//5534
f 4988//5535 5014//5535 5012//5535
f 5012//5536 5015//5536 5000//5536
f 5000//5537 5015//5537 5016//5537
f 5000//5538 5016//5538 4996//5538
f 4996//5539 5016//5539 5017//5539
f 4996//5540 5017//5540 4997//5540
f 4997//5541 5017//5541 5018//5541
f 4997//5542 5018//5542 4599//5542
f 5019//5543 5020//5543 5021//5543
f 5011//5544 5010//5544 5022//5544
f 4590//5545 4591//5545 5023//5545
f 5017//5546 4600//5546 5018//5546
f 5018//5547 4600//5547 4599//5547
f 4592//5548 4595//5548 5024//5548
f 5024//5549 4595//5549 4594//5549
f 5024//5550 4594//5550 5025//5550
f 5025//5551 4594//5551 4593//5551
f 5025//5552 4593//5552 4601//5552
f 4090//5553 4590//5553 4582//5553
f 4582//5554 4590//5554 4584//5554
f 4584//5555 4590//5555 4585//5555
f 4585//5556 4590//5556 5023//5556
f 4585//5557 5023//5557 4586//5557
f 5026//5558 4625//5558 4624//5558
f 4632//5559 5027//5559 4633//5559
f 4633//5560 5027//5560 5028//5560
f 4633//5561 5028//5561 4613//5561
f 4613//5562 5028//5562 4623//5562
f 5020//5563 5029//5563 5026//5563
f 5030//5564 5015//5564 5012//5564
f 5019//5565 5014//5565 5013//5565
f 5015//5566 5030//5566 5016//5566
f 5016//5567 5030//5567 5025//5567
f 5016//5568 5025//5568 5017//5568
f 5017//5569 5025//5569 4601//5569
f 5017//5570 4601//5570 4600//5570
f 4627//5571 4625//5571 5031//5571
f 5031//5572 4625//5572 5026//5572
f 5031//5573 5026//5573 5032//5573
f 5032//5573 5026//5573 5029//5573
f 4632//5574 4631//5574 5027//5574
f 5027//5575 4631//5575 4615//5575
f 5027//5576 4615//5576 5033//5576
f 5033//5577 4615//5577 4614//5577
f 5033//5578 4614//5578 4578//5578
f 4586//5579 5023//5579 4580//5579
f 4580//5580 5023//5580 5034//5580
f 4580//5581 5034//5581 5021//5581
f 4578//5582 4580//5582 5033//5582
f 5033//5583 4580//5583 5021//5583
f 5033//5584 5021//5584 5027//5584
f 5027//5585 5021//5585 5020//5585
f 5027//5586 5020//5586 5028//5586
f 5028//5587 5020//5587 5026//5587
f 5028//5588 5026//5588 4623//5588
f 4623//5589 5026//5589 4624//5589
f 5013//5590 5011//5590 5019//5590
f 5019//5591 5011//5591 5022//5591
f 5019//5592 5022//5592 5020//5592
f 5020//5593 5022//5593 5035//5593
f 5020//5593 5035//5593 5029//5593
f 4591//5594 4592//5594 5023//5594
f 5023//5595 4592//5595 5024//5595
f 5023//5596 5024//5596 5034//5596
f 5034//5597 5024//5597 5025//5597
f 5034//5598 5025//5598 5021//5598
f 5021//5599 5025//5599 5030//5599
f 5021//5600 5030//5600 5019//5600
f 5019//5601 5030//5601 5012//5601
f 5019//5602 5012//5602 5014//5602
f 5036//5603 5037//5603 5038//5603
f 4630//5604 4629//5604 5039//5604
f 5040//5605 5041//5605 5038//5605
f 4638//5606 4640//5606 5042//5606
f 5042//5607 4669//5607 4668//5607
f 4638//5608 5042//5608 4636//5608
f 4636//5609 5042//5609 4668//5609
f 4636//5610 4668//5610 4108//5610
f 4663//5611 4662//5611 5043//5611
f 5043//5612 4662//5612 4671//5612
f 5043//5613 4671//5613 5042//5613
f 5042//5614 4671//5614 4670//5614
f 5042//5615 4670//5615 4669//5615
f 5044//5616 5045//5616 5046//5616
f 4663//5617 5043//5617 4664//5617
f 4664//5618 5043//5618 5044//5618
f 4664//5619 5044//5619 4665//5619
f 4665//5620 5044//5620 5046//5620
f 4665//5621 5046//5621 4666//5621
f 5040//5622 5038//5622 5047//5622
f 5047//5623 5038//5623 5048//5623
f 5048//5624 5038//5624 5037//5624
f 5048//5625 5037//5625 5049//5625
f 4627//5626 5050//5626 4626//5626
f 4626//5627 5050//5627 5051//5627
f 4626//5628 5051//5628 4609//5628
f 4609//5629 5051//5629 4610//5629
f 4629//5630 4628//5630 5052//5630
f 5052//5631 4628//5631 4607//5631
f 5052//5632 4607//5632 4606//5632
f 4635//5633 4622//5633 5039//5633
f 5039//5634 4622//5634 4621//5634
f 5039//5635 4621//5635 4630//5635
f 5053//5636 5036//5636 5054//5636
f 5054//5637 5036//5637 5038//5637
f 5054//5638 5038//5638 5055//5638
f 5055//5639 5038//5639 5041//5639
f 5055//5640 5041//5640 5056//5640
f 5050//5641 5057//5641 5051//5641
f 5051//5642 5057//5642 5052//5642
f 5051//5643 5052//5643 4610//5643
f 4610//5644 5052//5644 4606//5644
f 4639//5645 4635//5645 5058//5645
f 5058//5646 4635//5646 5039//5646
f 5058//5647 5039//5647 5047//5647
f 5047//5648 5039//5648 4629//5648
f 5047//5649 4629//5649 5040//5649
f 5040//5650 4629//5650 5052//5650
f 5040//5651 5052//5651 5041//5651
f 5041//5652 5052//5652 5057//5652
f 5041//5640 5057//5640 5056//5640
f 4640//5653 4639//5653 5042//5653
f 5042//5654 4639//5654 5058//5654
f 5042//5655 5058//5655 5043//5655
f 5043//5656 5058//5656 5047//5656
f 5043//5657 5047//5657 5044//5657
f 5044//5658 5047//5658 5048//5658
f 5044//5659 5048//5659 5045//5659
f 5045//5660 5048//5660 5049//5660
f 4654//5661 4666//5661 5046//5661
f 5053//5662 5059//5662 5060//5662
f 5061//5663 5049//5663 5037//5663
f 5053//5664 5060//5664 5036//5664
f 5036//5665 5060//5665 5062//5665
f 5036//5666 5062//5666 5037//5666
f 5037//5667 5062//5667 5063//5667
f 5037//5668 5063//5668 5061//5668
f 5061//5669 5064//5669 5049//5669
f 5049//5670 5064//5670 5065//5670
f 5049//5671 5065//5671 5045//5671
f 5045//5672 5065//5672 5066//5672
f 5045//5673 5066//5673 5046//5673
f 5046//5674 5066//5674 5067//5674
f 5046//5675 5067//5675 4654//5675
f 5068//5676 5069//5676 5070//5676
f 5060//5677 5059//5677 5071//5677
f 4667//5678 4661//5678 5072//5678
f 5066//5679 4655//5679 5067//5679
f 5067//5680 4655//5680 4654//5680
f 4660//5681 4659//5681 5073//5681
f 5073//5682 4659//5682 4658//5682
f 5073//5683 4658//5683 5074//5683
f 5074//5684 4658//5684 4657//5684
f 5074//5685 4657//5685 4656//5685
f 4302//5686 4667//5686 4648//5686
f 4648//5687 4667//5687 4650//5687
f 4650//5688 4667//5688 4651//5688
f 4651//5689 4667//5689 5072//5689
f 4651//5690 5072//5690 4652//5690
f 5075//5691 4696//5691 4695//5691
f 4705//5692 5076//5692 4706//5692
f 4706//5693 5076//5693 5077//5693
f 4706//5694 5077//5694 4687//5694
f 4687//5695 5077//5695 4694//5695
f 5069//5696 5078//5696 5075//5696
f 5079//5697 5064//5697 5061//5697
f 5068//5698 5063//5698 5062//5698
f 5064//5699 5079//5699 5065//5699
f 5065//5700 5079//5700 5074//5700
f 5065//5701 5074//5701 5066//5701
f 5066//5702 5074//5702 4656//5702
f 5066//5703 4656//5703 4655//5703
f 4697//5704 4696//5704 5080//5704
f 5080//5705 4696//5705 5075//5705
f 5080//5706 5075//5706 5081//5706
f 5081//5706 5075//5706 5078//5706
f 4705//5707 4704//5707 5076//5707
f 5076//5708 4704//5708 4689//5708
f 5076//5709 4689//5709 5082//5709
f 5082//5710 4689//5710 4688//5710
f 5082//5711 4688//5711 4644//5711
f 4652//5712 5072//5712 4646//5712
f 4646//5713 5072//5713 5083//5713
f 4646//5714 5083//5714 5070//5714
f 4644//5715 4646//5715 5082//5715
f 5082//5716 4646//5716 5070//5716
f 5082//5717 5070//5717 5076//5717
f 5076//5718 5070//5718 5069//5718
f 5076//5719 5069//5719 5077//5719
f 5077//5720 5069//5720 5075//5720
f 5077//5721 5075//5721 4694//5721
f 4694//5722 5075//5722 4695//5722
f 5062//5723 5060//5723 5068//5723
f 5068//5724 5060//5724 5071//5724
f 5068//5725 5071//5725 5069//5725
f 5069//5726 5071//5726 5084//5726
f 5069//5726 5084//5726 5078//5726
f 4661//5727 4660//5727 5072//5727
f 5072//5728 4660//5728 5073//5728
f 5072//5729 5073//5729 5083//5729
f 5083//5730 5073//5730 5074//5730
f 5083//5731 5074//5731 5070//5731
f 5070//5732 5074//5732 5079//5732
f 5070//5733 5079//5733 5068//5733
f 5068//5734 5079//5734 5061//5734
f 5068//5735 5061//5735 5063//5735
f 5085//5736 5086//5736 5087//5736
f 4703//5737 4702//5737 5088//5737
f 5089//5738 5090//5738 5087//5738
f 4679//5739 4681//5739 5091//5739
f 5091//5740 4719//5740 4728//5740
f 4679//5741 5091//5741 4677//5741
f 4677//5742 5091//5742 4728//5742
f 4677//5743 4728//5743 4320//5743
f 4733//5744 4730//5744 5092//5744
f 5092//5745 4730//5745 4731//5745
f 5092//5746 4731//5746 5091//5746
f 5091//5747 4731//5747 4732//5747
f 5091//5748 4732//5748 4719//5748
f 5093//5749 5094//5749 5095//5749
f 4733//5750 5092//5750 4734//5750
f 4734//5751 5092//5751 5093//5751
f 4734//5752 5093//5752 4717//5752
f 4717//5753 5093//5753 5095//5753
f 4717//5754 5095//5754 4718//5754
f 5089//5755 5087//5755 5096//5755
f 5096//5756 5087//5756 5097//5756
f 5097//5757 5087//5757 5086//5757
f 5097//5758 5086//5758 5098//5758
f 4697//5759 5099//5759 4698//5759
f 4698//5760 5099//5760 5100//5760
f 4698//5761 5100//5761 4699//5761
f 4699//5762 5100//5762 4700//5762
f 4702//5763 4701//5763 5101//5763
f 5101//5764 4701//5764 4683//5764
f 5101//5765 4683//5765 4682//5765
f 4676//5766 4675//5766 5088//5766
f 5088//5767 4675//5767 4693//5767
f 5088//5768 4693//5768 4703//5768
f 5102//5769 5085//5769 5103//5769
f 5103//5770 5085//5770 5087//5770
f 5103//5771 5087//5771 5104//5771
f 5104//5772 5087//5772 5090//5772
f 5104//5773 5090//5773 5105//5773
f 5099//5774 5106//5774 5100//5774
f 5100//5775 5106//5775 5101//5775
f 5100//5776 5101//5776 4700//5776
f 4700//5777 5101//5777 4682//5777
f 4680//5778 4676//5778 5107//5778
f 5107//5779 4676//5779 5088//5779
f 5107//5780 5088//5780 5096//5780
f 5096//5781 5088//5781 4702//5781
f 5096//5782 4702//5782 5089//5782
f 5089//5783 4702//5783 5101//5783
f 5089//5784 5101//5784 5090//5784
f 5090//5785 5101//5785 5106//5785
f 5090//5773 5106//5773 5105//5773
f 4681//5786 4680//5786 5091//5786
f 5091//5787 4680//5787 5107//5787
f 5091//5788 5107//5788 5092//5788
f 5092//5789 5107//5789 5096//5789
f 5092//5790 5096//5790 5093//5790
f 5093//5791 5096//5791 5097//5791
f 5093//5792 5097//5792 5094//5792
f 5094//5793 5097//5793 5098//5793
f 4727//5794 4718//5794 5095//5794
f 5108//5795 5098//5795 5109//5795
f 5109//5796 5098//5796 5086//5796
f 5109//5797 5086//5797 5110//5797
f 5110//5798 5086//5798 5085//5798
f 5110//5799 5085//5799 5111//5799
f 5111//5800 5085//5800 5102//5800
f 5111//5801 5102//5801 5112//5801
f 5108//5802 5113//5802 5098//5802
f 5098//5803 5113//5803 5114//5803
f 5098//5804 5114//5804 5094//5804
f 5094//5805 5114//5805 5115//5805
f 5094//5806 5115//5806 5095//5806
f 5095//5807 5115//5807 5116//5807
f 5095//5808 5116//5808 4727//5808
f 5117//5809 5118//5809 5119//5809
f 5111//5810 5112//5810 5120//5810
f 4729//5811 4721//5811 5121//5811
f 5115//5812 4722//5812 5116//5812
f 5116//5813 4722//5813 4727//5813
f 4720//5814 4724//5814 5122//5814
f 5122//5815 4724//5815 4726//5815
f 5122//5816 4726//5816 5123//5816
f 5123//5817 4726//5817 4725//5817
f 5123//5818 4725//5818 4723//5818
f 4273//5819 4729//5819 4712//5819
f 4712//5820 4729//5820 4714//5820
f 4714//5821 4729//5821 4715//5821
f 4715//5822 4729//5822 5121//5822
f 4715//5823 5121//5823 4716//5823
f 5124//5824 4749//5824 4748//5824
f 4758//5825 5125//5825 4759//5825
f 4759//5826 5125//5826 5126//5826
f 4759//5827 5126//5827 4740//5827
f 4740//5828 5126//5828 4747//5828
f 5118//5829 5127//5829 5124//5829
f 5128//5830 5113//5830 5108//5830
f 5117//5831 5109//5831 5110//5831
f 5113//5832 5128//5832 5114//5832
f 5114//5833 5128//5833 5123//5833
f 5114//5834 5123//5834 5115//5834
f 5115//5835 5123//5835 4723//5835
f 5115//5836 4723//5836 4722//5836
f 4750//5837 4749//5837 5129//5837
f 5129//5838 4749//5838 5124//5838
f 5129//5839 5124//5839 5130//5839
f 5130//5839 5124//5839 5127//5839
f 4758//5840 4757//5840 5125//5840
f 5125//5841 4757//5841 4742//5841
f 5125//5842 4742//5842 5131//5842
f 5131//5843 4742//5843 4741//5843
f 5131//5844 4741//5844 4708//5844
f 4716//5845 5121//5845 4710//5845
f 4710//5846 5121//5846 5132//5846
f 4710//5847 5132//5847 5119//5847
f 4708//5848 4710//5848 5131//5848
f 5131//5849 4710//5849 5119//5849
f 5131//5850 5119//5850 5125//5850
f 5125//5851 5119//5851 5118//5851
f 5125//5852 5118//5852 5126//5852
f 5126//5853 5118//5853 5124//5853
f 5126//5854 5124//5854 4747//5854
f 4747//5855 5124//5855 4748//5855
f 5110//5856 5111//5856 5117//5856
f 5117//5857 5111//5857 5120//5857
f 5117//5858 5120//5858 5118//5858
f 5118//5859 5120//5859 5133//5859
f 5118//5859 5133//5859 5127//5859
f 4721//5860 4720//5860 5121//5860
f 5121//5861 4720//5861 5122//5861
f 5121//5862 5122//5862 5132//5862
f 5132//5863 5122//5863 5123//5863
f 5132//5864 5123//5864 5119//5864
f 5119//5865 5123//5865 5128//5865
f 5119//5866 5128//5866 5117//5866
f 5117//5867 5128//5867 5108//5867
f 5117//5868 5108//5868 5109//5868
f 5134//5869 5135//5869 5136//5869
f 5137//5870 5138//5870 5139//5870
f 5140//5871 5141//5871 5142//5871
f 5143//5872 5144//5872 5145//5872
f 5146//5873 5147//5873 5148//5873
f 5149//5874 5150//5874 5151//5874
f 5152//5875 5153//5875 5154//5875
f 5155//5876 5156//5876 5157//5876
f 5155//5877 5157//5877 5158//5877
f 5156//5876 5155//5876 5159//5876
f 5159//5878 5155//5878 5160//5878
f 5159//5879 5160//5879 5161//5879
f 5162//5880 5163//5880 5164//5880
f 5162//5881 5164//5881 5165//5881
f 5164//5882 5166//5882 5165//5882
f 5165//5882 5166//5882 5167//5882
f 5165//5883 5167//5883 5160//5883
f 5160//5879 5167//5879 5168//5879
f 5160//5879 5168//5879 5161//5879
f 5163//5880 5162//5880 5169//5880
f 5169//5884 5162//5884 5170//5884
f 5169//5885 5170//5885 5171//5885
f 5172//5886 5173//5886 5174//5886
f 5174//5887 5175//5887 5172//5887
f 5172//5887 5175//5887 5176//5887
f 5172//5888 5176//5888 5170//5888
f 5170//5885 5176//5885 5177//5885
f 5170//5885 5177//5885 5171//5885
f 5178//5889 5179//5889 5173//5889
f 5173//5890 5179//5890 5180//5890
f 5173//5890 5180//5890 5174//5890
f 5181//5891 5182//5891 5183//5891
f 5183//5891 5182//5891 5184//5891
f 5183//5892 5184//5892 5178//5892
f 5178//5893 5184//5893 5185//5893
f 5178//5893 5185//5893 5179//5893
f 5181//5891 5183//5891 5186//5891
f 5186//5894 5183//5894 5187//5894
f 5186//5895 5187//5895 5188//5895
f 5188//5896 5187//5896 5189//5896
f 5188//5897 5189//5897 5190//5897
f 5190//5897 5189//5897 5191//5897
f 5191//5898 5189//5898 5192//5898
f 5191//5899 5192//5899 5193//5899
f 5154//5900 5153//5900 5192//5900
f 5192//5899 5153//5899 5194//5899
f 5192//5899 5194//5899 5193//5899
f 5152//5875 5154//5875 5195//5875
f 5195//5901 5154//5901 5196//5901
f 5195//5902 5196//5902 5197//5902
f 5197//5902 5196//5902 5198//5902
f 5198//5903 5196//5903 5199//5903
f 5198//5904 5199//5904 5200//5904
f 5151//5905 5150//5905 5199//5905
f 5199//5904 5150//5904 5201//5904
f 5199//5904 5201//5904 5200//5904
f 5149//5874 5151//5874 5202//5874
f 5202//5906 5151//5906 5203//5906
f 5202//5907 5203//5907 5204//5907
f 5204//5908 5203//5908 5205//5908
f 5204//5909 5205//5909 5206//5909
f 5206//5909 5205//5909 5207//5909
f 5207//5910 5205//5910 5208//5910
f 5207//5911 5208//5911 5209//5911
f 5148//5912 5147//5912 5208//5912
f 5208//5911 5147//5911 5210//5911
f 5208//5911 5210//5911 5209//5911
f 5146//5873 5148//5873 5211//5873
f 5211//5913 5148//5913 5212//5913
f 5211//5914 5212//5914 5213//5914
f 5213//5914 5212//5914 5214//5914
f 5214//5915 5212//5915 5215//5915
f 5214//5916 5215//5916 5216//5916
f 5145//5917 5144//5917 5215//5917
f 5215//5916 5144//5916 5217//5916
f 5215//5916 5217//5916 5216//5916
f 5143//5872 5145//5872 5218//5872
f 5218//5918 5145//5918 5219//5918
f 5218//5919 5219//5919 5220//5919
f 5220//5919 5219//5919 5221//5919
f 5221//5920 5219//5920 5222//5920
f 5221//5921 5222//5921 5223//5921
f 5223//5921 5222//5921 5224//5921
f 5224//5922 5222//5922 5225//5922
f 5224//5923 5225//5923 5226//5923
f 5227//5924 5228//5924 5229//5924
f 5227//5925 5229//5925 5230//5925
f 5229//5926 5231//5926 5230//5926
f 5230//5926 5231//5926 5232//5926
f 5230//5927 5232//5927 5225//5927
f 5225//5923 5232//5923 5233//5923
f 5225//5923 5233//5923 5226//5923
f 5228//5924 5227//5924 5234//5924
f 5234//5928 5227//5928 5235//5928
f 5234//5929 5235//5929 5236//5929
f 5237//5930 5238//5930 5239//5930
f 5239//5931 5240//5931 5237//5931
f 5237//5931 5240//5931 5241//5931
f 5237//5932 5241//5932 5235//5932
f 5235//5929 5241//5929 5242//5929
f 5235//5929 5242//5929 5236//5929
f 5243//5933 5244//5933 5238//5933
f 5238//5934 5244//5934 5245//5934
f 5238//5934 5245//5934 5239//5934
f 5246//5935 5247//5935 5248//5935
f 5248//5935 5247//5935 5249//5935
f 5248//5936 5249//5936 5243//5936
f 5243//5937 5249//5937 5250//5937
f 5243//5937 5250//5937 5244//5937
f 5246//5935 5248//5935 5251//5935
f 5251//5938 5248//5938 5252//5938
f 5251//5939 5252//5939 5253//5939
f 5253//5940 5252//5940 5254//5940
f 5253//5941 5254//5941 5255//5941
f 5255//5941 5254//5941 5256//5941
f 5256//5942 5254//5942 5257//5942
f 5256//5943 5257//5943 5258//5943
f 5142//5944 5141//5944 5257//5944
f 5257//5943 5141//5943 5259//5943
f 5257//5943 5259//5943 5258//5943
f 5140//5871 5142//5871 5260//5871
f 5260//5945 5142//5945 5261//5945
f 5260//5946 5261//5946 5262//5946
f 5262//5946 5261//5946 5263//5946
f 5263//5947 5261//5947 5264//5947
f 5263//5948 5264//5948 5265//5948
f 5139//5949 5138//5949 5264//5949
f 5264//5948 5138//5948 5266//5948
f 5264//5948 5266//5948 5265//5948
f 5137//5870 5139//5870 5267//5870
f 5267//5950 5139//5950 5268//5950
f 5267//5951 5268//5951 5269//5951
f 5269//5952 5268//5952 5270//5952
f 5269//5953 5270//5953 5271//5953
f 5271//5953 5270//5953 5272//5953
f 5272//5954 5270//5954 5273//5954
f 5272//5955 5273//5955 5274//5955
f 5136//5956 5135//5956 5273//5956
f 5273//5955 5135//5955 5275//5955
f 5273//5955 5275//5955 5274//5955
f 5134//5869 5136//5869 5276//5869
f 5276//5957 5136//5957 5277//5957
f 5276//5958 5277//5958 5278//5958
f 5278//5958 5277//5958 5279//5958
f 5279//5959 5277//5959 5280//5959
f 5279//5960 5280//5960 5281//5960
f 5282//5961 5283//5961 5280//5961
f 5280//5960 5283//5960 5284//5960
f 5280//5960 5284//5960 5281//5960
f 5157//5962 5285//5962 5158//5962
f 5158//5962 5285//5962 5286//5962
f 5158//5963 5286//5963 5282//5963
f 5282//5964 5286//5964 5287//5964
f 5282//5964 5287//5964 5283//5964
f 4798//5965 5288//5965 4795//5965
f 4795//5966 5288//5966 5289//5966
f 4795//5967 5289//5967 4796//5967
f 4796//5968 5289//5968 5290//5968
f 4796//5969 5290//5969 4792//5969
f 4792//5970 5290//5970 5291//5970
f 4792//5971 5291//5971 4793//5971
f 5292//5972 4789//5972 5293//5972
f 5293//5973 4789//5973 4791//5973
f 5293//5974 4791//5974 5294//5974
f 5294//5975 4791//5975 4790//5975
f 5294//5976 4790//5976 5291//5976
f 5291//5977 4790//5977 4794//5977
f 5291//5978 4794//5978 4793//5978
f 4785//5979 4786//5979 5295//5979
f 5295//5980 4786//5980 4787//5980
f 5295//5981 4787//5981 5292//5981
f 5292//5982 4787//5982 4788//5982
f 5292//5983 4788//5983 4789//5983
f 4785//5984 5295//5984 4784//5984
f 4784//5985 5295//5985 5296//5985
f 4784//5986 5296//5986 4778//5986
f 4778//5987 5296//5987 5297//5987
f 4778//5988 5297//5988 4779//5988
f 4779//5989 5297//5989 5298//5989
f 4779//5990 5298//5990 4780//5990
f 5299//5991 4777//5991 5300//5991
f 5300//5992 4777//5992 4783//5992
f 5300//5993 4783//5993 5301//5993
f 5301//5994 4783//5994 4782//5994
f 5301//5995 4782//5995 5298//5995
f 5298//5996 4782//5996 4781//5996
f 5298//5997 4781//5997 4780//5997
f 5302//5998 4775//5998 5299//5998
f 5299//5999 4775//5999 4776//5999
f 5299//6000 4776//6000 4777//6000
f 5303//6001 4773//6001 5302//6001
f 5302//6002 4773//6002 4774//6002
f 5302//6003 4774//6003 4775//6003
f 4771//6004 4770//6004 5304//6004
f 5304//6005 4770//6005 4769//6005
f 5304//6006 4769//6006 5305//6006
f 5305//6007 4769//6007 4768//6007
f 5305//6008 4768//6008 5303//6008
f 5303//6009 4768//6009 4772//6009
f 5303//6010 4772//6010 4773//6010
f 4771//6011 5304//6011 4765//6011
f 4765//6012 5304//6012 5306//6012
f 4765//6013 5306//6013 4766//6013
f 4766//6014 5306//6014 5307//6014
f 4766//6015 5307//6015 4767//6015
f 4767//6016 5307//6016 5308//6016
f 4767//6017 5308//6017 4763//6017
f 4763//6018 5308//6018 4764//6018
f 4764//6019 5308//6019 5309//6019
f 4764//6020 5309//6020 4761//6020
f 4761//6021 5309//6021 4762//6021
f 4762//6022 5309//6022 5310//6022
f 4762//6023 5310//6023 4760//6023
f 4760//6024 5310//6024 5311//6024
f 4760//6025 5311//6025 4837//6025
f 4837//6026 5311//6026 5312//6026
f 4837//6027 5312//6027 4838//6027
f 4834//6028 4833//6028 5313//6028
f 5313//6029 4833//6029 4832//6029
f 5313//6030 4832//6030 5314//6030
f 5314//6031 4832//6031 4836//6031
f 5314//6032 4836//6032 5315//6032
f 5315//6033 4836//6033 4835//6033
f 5315//6034 4835//6034 5312//6034
f 5312//6035 4835//6035 4839//6035
f 5312//6036 4839//6036 4838//6036
f 4834//6037 5313//6037 4830//6037
f 4830//6038 5313//6038 5316//6038
f 4830//6039 5316//6039 4831//6039
f 4831//6040 5316//6040 5317//6040
f 4831//6041 5317//6041 4829//6041
f 4829//6042 5317//6042 5318//6042
f 4829//6043 5318//6043 4828//6043
f 4828//6044 5318//6044 4827//6044
f 4827//6045 5318//6045 5319//6045
f 4827//6046 5319//6046 4826//6046
f 4821//6047 4820//6047 5320//6047
f 5320//6048 4820//6048 4819//6048
f 5320//6049 4819//6049 5321//6049
f 5321//6050 4819//6050 4818//6050
f 5321//6051 4818//6051 5322//6051
f 5322//6052 4818//6052 4824//6052
f 5322//6053 4824//6053 5319//6053
f 5319//6054 4824//6054 4825//6054
f 5319//6055 4825//6055 4826//6055
f 4821//6056 5320//6056 4822//6056
f 4822//6057 5320//6057 5323//6057
f 4822//6058 5323//6058 4823//6058
f 4823//6059 5323//6059 5324//6059
f 4823//6060 5324//6060 4817//6060
f 4817//6061 5324//6061 5325//6061
f 4817//6062 5325//6062 4816//6062
f 4816//6063 5325//6063 4815//6063
f 4815//6064 5325//6064 5326//6064
f 4815//6065 5326//6065 4814//6065
f 4814//6066 5326//6066 4813//6066
f 4813//6067 5326//6067 5327//6067
f 4813//6068 5327//6068 4812//6068
f 4812//6069 5327//6069 4808//6069
f 4808//6070 5327//6070 5328//6070
f 4808//6071 5328//6071 4809//6071
f 4809//6072 5328//6072 5329//6072
f 4809//6073 5329//6073 4810//6073
f 5330//6074 4807//6074 5331//6074
f 5331//6075 4807//6075 4806//6075
f 5331//6076 4806//6076 5332//6076
f 5332//6077 4806//6077 4805//6077
f 5332//6078 4805//6078 5329//6078
f 5329//6079 4805//6079 4811//6079
f 5329//6080 4811//6080 4810//6080
f 5333//6081 4804//6081 5330//6081
f 5330//6082 4804//6082 4803//6082
f 5330//6083 4803//6083 4807//6083
f 4798//6084 4797//6084 5288//6084
f 5288//6085 4797//6085 4800//6085
f 5288//6086 4800//6086 5334//6086
f 5334//6087 4800//6087 4799//6087
f 5334//6088 4799//6088 5335//6088
f 5335//6089 4799//6089 4802//6089
f 5335//6090 4802//6090 5333//6090
f 5333//6091 4802//6091 4801//6091
f 5333//6092 4801//6092 4804//6092
f 5334//6093 5336//6093 5288//6093
f 5288//6094 5336//6094 5337//6094
f 5288//6095 5337//6095 5289//6095
f 5289//6096 5337//6096 5338//6096
f 5289//6097 5338//6097 5290//6097
f 5290//6098 5338//6098 5339//6098
f 5290//6099 5339//6099 5291//6099
f 5291//6100 5339//6100 5340//6100
f 5291//6101 5340//6101 5294//6101
f 5294//6102 5340//6102 5341//6102
f 5294//6103 5341//6103 5293//6103
f 5293//6104 5341//6104 5342//6104
f 5293//6105 5342//6105 5292//6105
f 5292//6106 5342//6106 5343//6106
f 5292//6107 5343//6107 5295//6107
f 5295//6108 5343//6108 5344//6108
f 5295//6109 5344//6109 5296//6109
f 5296//6110 5344//6110 5345//6110
f 5296//6111 5345//6111 5297//6111
f 5297//6112 5345//6112 5346//6112
f 5297//6113 5346//6113 5298//6113
f 5298//6114 5346//6114 5347//6114
f 5298//6115 5347//6115 5301//6115
f 5301//6116 5347//6116 5348//6116
f 5301//6117 5348//6117 5300//6117
f 5300//6118 5348//6118 5349//6118
f 5300//6119 5349//6119 5299//6119
f 5299//6120 5349//6120 5350//6120
f 5299//6121 5350//6121 5302//6121
f 5302//6122 5350//6122 5351//6122
f 5302//6123 5351//6123 5303//6123
f 5303//6124 5351//6124 5352//6124
f 5303//6125 5352//6125 5305//6125
f 5305//6126 5352//6126 5353//6126
f 5305//6127 5353//6127 5304//6127
f 5304//6128 5353//6128 5354//6128
f 5304//6129 5354//6129 5306//6129
f 5306//6130 5354//6130 5355//6130
f 5306//6131 5355//6131 5307//6131
f 5307//6132 5355//6132 5356//6132
f 5307//6133 5356//6133 5308//6133
f 5308//6134 5356//6134 5357//6134
f 5308//6135 5357//6135 5309//6135
f 5309//6136 5357//6136 5358//6136
f 5309//6137 5358//6137 5310//6137
f 5310//6138 5358//6138 5359//6138
f 5310//6139 5359//6139 5311//6139
f 5311//6140 5359//6140 5360//6140
f 5311//6141 5360//6141 5312//6141
f 5312//6142 5360//6142 5361//6142
f 5312//6143 5361//6143 5315//6143
f 5315//6144 5361//6144 5362//6144
f 5315//6145 5362//6145 5314//6145
f 5314//6146 5362//6146 5363//6146
f 5314//6147 5363//6147 5313//6147
f 5313//6148 5363//6148 5364//6148
f 5313//6149 5364//6149 5316//6149
f 5316//6150 5364//6150 5365//6150
f 5316//6151 5365//6151 5317//6151
f 5317//6152 5365//6152 5366//6152
f 5317//6153 5366//6153 5318//6153
f 5318//6154 5366//6154 5367//6154
f 5318//6155 5367//6155 5319//6155
f 5319//6156 5367//6156 5368//6156
f 5319//6157 5368//6157 5322//6157
f 5322//6158 5368//6158 5369//6158
f 5322//6159 5369//6159 5321//6159
f 5321//6160 5369//6160 5370//6160
f 5321//6161 5370//6161 5320//6161
f 5320//6162 5370//6162 5371//6162
f 5320//6163 5371//6163 5323//6163
f 5323//6164 5371//6164 5372//6164
f 5323//6165 5372//6165 5324//6165
f 5324//6166 5372//6166 5373//6166
f 5324//6167 5373//6167 5325//6167
f 5325//6168 5373//6168 5374//6168
f 5325//6169 5374//6169 5326//6169
f 5326//6170 5374//6170 5375//6170
f 5326//6171 5375//6171 5327//6171
f 5327//6172 5375//6172 5376//6172
f 5327//6173 5376//6173 5328//6173
f 5328//6174 5376//6174 5377//6174
f 5328//6175 5377//6175 5329//6175
f 5329//6176 5377//6176 5378//6176
f 5329//6177 5378//6177 5332//6177
f 5332//6178 5378//6178 5379//6178
f 5332//6179 5379//6179 5331//6179
f 5331//6180 5379//6180 5380//6180
f 5331//6181 5380//6181 5330//6181
f 5330//6182 5380//6182 5381//6182
f 5330//6183 5381//6183 5333//6183
f 5333//6184 5381//6184 5382//6184
f 5333//6185 5382//6185 5335//6185
f 5335//6186 5382//6186 5383//6186
f 5335//6187 5383//6187 5334//6187
f 5334//6188 5383//6188 5336//6188
f 5336//6189 5384//6189 5337//6189
f 5337//6190 5384//6190 5385//6190
f 5337//6191 5385//6191 5338//6191
f 5338//6192 5385//6192 5386//6192
f 5338//6193 5386//6193 5339//6193
f 5339//6194 5386//6194 5387//6194
f 5339//6195 5387//6195 5340//6195
f 5340//6196 5387//6196 5388//6196
f 5340//6197 5388//6197 5341//6197
f 5341//6198 5388//6198 5389//6198
f 5341//6199 5389//6199 5342//6199
f 5342//6200 5389//6200 5390//6200
f 5342//6201 5390//6201 5343//6201
f 5343//6202 5390//6202 5391//6202
f 5343//6203 5391//6203 5344//6203
f 5344//6204 5391//6204 5392//6204
f 5344//6205 5392//6205 5345//6205
f 5345//6206 5392//6206 5393//6206
f 5345//6207 5393//6207 5346//6207
f 5346//6208 5393//6208 5394//6208
f 5346//6209 5394//6209 5347//6209
f 5347//6210 5394//6210 5395//6210
f 5347//6211 5395//6211 5348//6211
f 5348//6212 5395//6212 5396//6212
f 5348//6213 5396//6213 5349//6213
f 5349//6214 5396//6214 5397//6214
f 5349//6215 5397//6215 5350//6215
f 5350//6216 5397//6216 5398//6216
f 5350//6217 5398//6217 5351//6217
f 5351//6218 5398//6218 5399//6218
f 5351//6219 5399//6219 5352//6219
f 5352//6220 5399//6220 5400//6220
f 5352//6221 5400//6221 5353//6221
f 5353//6222 5400//6222 5401//6222
f 5353//6223 5401//6223 5354//6223
f 5354//6224 5401//6224 5402//6224
f 5354//6225 5402//6225 5355//6225
f 5355//6226 5402//6226 5403//6226
f 5355//6227 5403//6227 5356//6227
f 5356//6228 5403//6228 5404//6228
f 5356//6229 5404//6229 5357//6229
f 5357//6230 5404//6230 5405//6230
f 5357//6231 5405//6231 5358//6231
f 5358//6232 5405//6232 5406//6232
f 5358//6233 5406//6233 5359//6233
f 5359//6234 5406//6234 5407//6234
f 5359//6235 5407//6235 5360//6235
f 5360//6236 5407//6236 5408//6236
f 5360//6237 5408//6237 5361//6237
f 5361//6238 5408//6238 5409//6238
f 5361//6239 5409//6239 5362//6239
f 5362//6240 5409//6240 5410//6240
f 5362//6241 5410//6241 5363//6241
f 5363//6242 5410//6242 5411//6242
f 5363//6243 5411//6243 5364//6243
f 5364//6244 5411//6244 5412//6244
f 5364//6245 5412//6245 5365//6245
f 5365//6246 5412//6246 5413//6246
f 5365//6247 5413//6247 5366//6247
f 5366//6248 5413//6248 5414//6248
f 5366//6249 5414//6249 5367//6249
f 5367//6250 5414//6250 5415//6250
f 5367//6251 5415//6251 5368//6251
f 5368//6252 5415//6252 5416//6252
f 5368//6253 5416//6253 5369//6253
f 5369//6254 5416//6254 5417//6254
f 5369//6255 5417//6255 5370//6255
f 5370//6256 5417//6256 5418//6256
f 5370//6257 5418//6257 5371//6257
f 5371//6258 5418//6258 5419//6258
f 5371//6259 5419//6259 5372//6259
f 5372//6260 5419//6260 5420//6260
f 5372//6261 5420//6261 5373//6261
f 5373//6262 5420//6262 5421//6262
f 5373//6263 5421//6263 5374//6263
f 5374//6264 5421//6264 5422//6264
f 5374//6265 5422//6265 5375//6265
f 5375//6266 5422//6266 5423//6266
f 5375//6267 5423//6267 5376//6267
f 5376//6268 5423//6268 5424//6268
f 5376//6269 5424//6269 5377//6269
f 5377//6270 5424//6270 5425//6270
f 5377//6271 5425//6271 5378//6271
f 5378//6272 5425//6272 5426//6272
f 5378//6273 5426//6273 5379//6273
f 5379//6274 5426//6274 5427//6274
f 5379//6275 5427//6275 5380//6275
f 5380//6276 5427//6276 5428//6276
f 5380//6277 5428//6277 5381//6277
f 5381//6278 5428//6278 5429//6278
f 5381//6279 5429//6279 5382//6279
f 5382//6280 5429//6280 5430//6280
f 5382//6281 5430//6281 5383//6281
f 5383//6282 5430//6282 5431//6282
f 5383//6283 5431//6283 5336//6283
f 5336//6284 5431//6284 5384//6284
f 5384//6285 5432//6285 5385//6285
f 5385//6286 5432//6286 5433//6286
f 5385//6287 5433//6287 5386//6287
f 5386//6288 5433//6288 5434//6288
f 5386//6289 5434//6289 5387//6289
f 5387//6290 5434//6290 5435//6290
f 5387//6291 5435//6291 5388//6291
f 5388//6292 5435//6292 5436//6292
f 5388//6293 5436//6293 5389//6293
f 5389//6294 5436//6294 5437//6294
f 5389//6295 5437//6295 5390//6295
f 5390//6296 5437//6296 5438//6296
f 5390//6297 5438//6297 5391//6297
f 5391//6298 5438//6298 5439//6298
f 5391//6299 5439//6299 5392//6299
f 5392//6300 5439//6300 5440//6300
f 5392//6301 5440//6301 5393//6301
f 5393//6302 5440//6302 5441//6302
f 5393//6303 5441//6303 5394//6303
f 5394//6304 5441//6304 5442//6304
f 5394//6305 5442//6305 5395//6305
f 5395//6306 5442//6306 5443//6306
f 5395//6307 5443//6307 5396//6307
f 5396//6308 5443//6308 5444//6308
f 5396//6309 5444//6309 5397//6309
f 5397//6310 5444//6310 5445//6310
f 5397//6311 5445//6311 5398//6311
f 5398//6312 5445//6312 5446//6312
f 5398//6313 5446//6313 5399//6313
f 5399//6314 5446//6314 5447//6314
f 5399//6315 5447//6315 5400//6315
f 5400//6316 5447//6316 5448//6316
f 5400//6317 5448//6317 5401//6317
f 5401//6318 5448//6318 5449//6318
f 5401//6319 5449//6319 5402//6319
f 5402//6320 5449//6320 5450//6320
f 5402//6321 5450//6321 5403//6321
f 5403//6322 5450//6322 5451//6322
f 5403//6323 5451//6323 5404//6323
f 5404//6324 5451//6324 5452//6324
f 5404//6325 5452//6325 5405//6325
f 5405//6326 5452//6326 5453//6326
f 5405//6327 5453//6327 5406//6327
f 5406//6328 5453//6328 5454//6328
f 5406//6329 5454//6329 5407//6329
f 5407//6330 5454//6330 5455//6330
f 5407//6331 5455//6331 5408//6331
f 5408//6332 5455//6332 5456//6332
f 5408//6333 5456//6333 5409//6333
f 5409//6334 5456//6334 5457//6334
f 5409//6335 5457//6335 5410//6335
f 5410//6336 5457//6336 5458//6336
f 5410//6337 5458//6337 5411//6337
f 5411//6338 5458//6338 5459//6338
f 5411//6339 5459//6339 5412//6339
f 5412//6340 5459//6340 5460//6340
f 5412//6341 5460//6341 5413//6341
f 5413//6342 5460//6342 5461//6342
f 5413//6343 5461//6343 5414//6343
f 5414//6344 5461//6344 5462//6344
f 5414//6345 5462//6345 5415//6345
f 5415//6346 5462//6346 5463//6346
f 5415//6347 5463//6347 5416//6347
f 5416//6348 5463//6348 5464//6348
f 5416//6349 5464//6349 5417//6349
f 5417//6350 5464//6350 5465//6350
f 5417//6351 5465//6351 5418//6351
f 5418//6352 5465//6352 5466//6352
f 5418//6353 5466//6353 5419//6353
f 5419//6354 5466//6354 5467//6354
f 5419//6355 5467//6355 5420//6355
f 5420//6356 5467//6356 5468//6356
f 5420//6357 5468//6357 5421//6357
f 5421//6358 5468//6358 5469//6358
f 5421//6359 5469//6359 5422//6359
f 5422//6360 5469//6360 5470//6360
f 5422//6361 5470//6361 5423//6361
f 5423//6362 5470//6362 5471//6362
f 5423//6363 5471//6363 5424//6363
f 5424//6364 5471//6364 5472//6364
f 5424//6365 5472//6365 5425//6365
f 5425//6366 5472//6366 5473//6366
f 5425//6367 5473//6367 5426//6367
f 5426//6368 5473//6368 5474//6368
f 5426//6369 5474//6369 5427//6369
f 5427//6370 5474//6370 5475//6370
f 5427//6371 5475//6371 5428//6371
f 5428//6372 5475//6372 5476//6372
f 5428//6373 5476//6373 5429//6373
f 5429//6374 5476//6374 5477//6374
f 5429//6375 5477//6375 5430//6375
f 5430//6376 5477//6376 5478//6376
f 5430//6377 5478//6377 5431//6377
f 5431//6378 5478//6378 5479//6378
f 5431//6379 5479//6379 5384//6379
f 5384//6380 5479//6380 5432//6380
f 5432//6381 5480//6381 5433//6381
f 5433//6382 5480//6382 5481//6382
f 5433//6383 5481//6383 5434//6383
f 5434//6384 5481//6384 5482//6384
f 5434//6385 5482//6385 5435//6385
f 5435//6386 5482//6386 5483//6386
f 5435//6387 5483//6387 5436//6387
f 5436//6388 5483//6388 5484//6388
f 5436//6389 5484//6389 5437//6389
f 5437//6390 5484//6390 5485//6390
f 5437//6391 5485//6391 5438//6391
f 5438//6392 5485//6392 5486//6392
f 5438//6393 5486//6393 5439//6393
f 5439//6394 5486//6394 5487//6394
f 5439//6395 5487//6395 5440//6395
f 5440//6396 5487//6396 5488//6396
f 5440//6397 5488//6397 5441//6397
f 5441//6398 5488//6398 5489//6398
f 5441//6399 5489//6399 5442//6399
f 5442//6400 5489//6400 5490//6400
f 5442//6401 5490//6401 5443//6401
f 5443//6402 5490//6402 5491//6402
f 5443//6403 5491//6403 5444//6403
f 5444//6404 5491//6404 5492//6404
f 5444//6405 5492//6405 5445//6405
f 5445//6406 5492//6406 5493//6406
f 5445//6407 5493//6407 5446//6407
f 5446//6408 5493//6408 5494//6408
f 5446//6409 5494//6409 5447//6409
f 5447//6410 5494//6410 5495//6410
f 5447//6411 5495//6411 5448//6411
f 5448//6412 5495//6412 5496//6412
f 5448//6413 5496//6413 5449//6413
f 5449//6414 5496//6414 5497//6414
f 5449//6415 5497//6415 5450//6415
f 5450//6416 5497//6416 5498//6416
f 5450//6417 5498//6417 5451//6417
f 5451//6418 5498//6418 5499//6418
f 5451//6419 5499//6419 5452//6419
f 5452//6420 5499//6420 5500//6420
f 5452//6421 5500//6421 5453//6421
f 5453//6422 5500//6422 5501//6422
f 5453//6423 5501//6423 5454//6423
f 5454//6424 5501//6424 5502//6424
f 5454//6425 5502//6425 5455//6425
f 5455//6426 5502//6426 5503//6426
f 5455//6427 5503//6427 5456//6427
f 5456//6428 5503//6428 5504//6428
f 5456//6429 5504//6429 5457//6429
f 5457//6430 5504//6430 5505//6430
f 5457//6431 5505//6431 5458//6431
f 5458//6432 5505//6432 5506//6432
f 5458//6433 5506//6433 5459//6433
f 5459//6434 5506//6434 5507//6434
f 5459//6435 5507//6435 5460//6435
f 5460//6436 5507//6436 5508//6436
f 5460//6437 5508//6437 5461//6437
f 5461//6438 5508//6438 5509//6438
f 5461//6439 5509//6439 5462//6439
f 5462//6440 5509//6440 5510//6440
f 5462//6441 5510//6441 5463//6441
f 5463//6442 5510//6442 5511//6442
f 5463//6443 5511//6443 5464//6443
f 5464//6444 5511//6444 5512//6444
f 5464//6445 5512//6445 5465//6445
f 5465//6446 5512//6446 5513//6446
f 5465//6447 5513//6447 5466//6447
f 5466//6448 5513//6448 5514//6448
f 5466//6449 5514//6449 5467//6449
f 5467//6450 5514//6450 5515//6450
f 5467//6451 5515//6451 5468//6451
f 5468//6452 5515//6452 5516//6452
f 5468//6453 5516//6453 5469//6453
f 5469//6454 5516//6454 5517//6454
f 5469//6455 5517//6455 5470//6455
f 5470//6456 5517//6456 5518//6456
f 5470//6457 5518//6457 5471//6457
f 5471//6458 5518//6458 5519//6458
f 5471//6459 5519//6459 5472//6459
f 5472//6460 5519//6460 5520//6460
f 5472//6461 5520//6461 5473//6461
f 5473//6462 5520//6462 5521//6462
f 5473//6463 5521//6463 5474//6463
f 5474//6464 5521//6464 5522//6464
f 5474//6465 5522//6465 5475//6465
f 5475//6466 5522//6466 5523//6466
f 5475//6467 5523//6467 5476//6467
f 5476//6468 5523//6468 5524//6468
f 5476//6469 5524//6469 5477//6469
f 5477//6470 5524//6470 5525//6470
f 5477//6471 5525//6471 5478//6471
f 5478//6472 5525//6472 5526//6472
f 5478//6473 5526//6473 5479//6473
f 5479//6474 5526//6474 5527//6474
f 5479//6475 5527//6475 5432//6475
f 5432//6476 5527//6476 5480//6476
f 5480//6477 5158//6477 5481//6477
f 5481//6478 5158//6478 5282//6478
f 5481//6479 5282//6479 5482//6479
f 5482//6480 5282//6480 5280//6480
f 5482//6481 5280//6481 5483//6481
f 5483//6482 5280//6482 5277//6482
f 5483//6483 5277//6483 5484//6483
f 5484//6484 5277//6484 5136//6484
f 5484//6485 5136//6485 5485//6485
f 5485//6486 5136//6486 5273//6486
f 5485//6487 5273//6487 5486//6487
f 5486//6488 5273//6488 5270//6488
f 5486//6489 5270//6489 5487//6489
f 5487//6490 5270//6490 5268//6490
f 5487//6491 5268//6491 5488//6491
f 5488//6492 5268//6492 5139//6492
f 5488//6493 5139//6493 5489//6493
f 5489//6494 5139//6494 5264//6494
f 5489//6495 5264//6495 5490//6495
f 5490//6496 5264//6496 5261//6496
f 5490//6497 5261//6497 5491//6497
f 5491//6498 5261//6498 5142//6498
f 5491//6499 5142//6499 5492//6499
f 5492//6500 5142//6500 5257//6500
f 5492//6501 5257//6501 5493//6501
f 5493//6502 5257//6502 5254//6502
f 5493//6503 5254//6503 5494//6503
f 5494//6504 5254//6504 5252//6504
f 5494//6505 5252//6505 5495//6505
f 5495//6506 5252//6506 5248//6506
f 5495//6507 5248//6507 5496//6507
f 5496//6508 5248//6508 5243//6508
f 5496//6509 5243//6509 5497//6509
f 5497//6510 5243//6510 5238//6510
f 5497//6511 5238//6511 5498//6511
f 5498//6512 5238//6512 5237//6512
f 5498//6513 5237//6513 5499//6513
f 5499//6514 5237//6514 5235//6514
f 5499//6515 5235//6515 5500//6515
f 5500//6516 5235//6516 5227//6516
f 5500//6517 5227//6517 5501//6517
f 5501//6518 5227//6518 5230//6518
f 5501//6519 5230//6519 5502//6519
f 5502//6520 5230//6520 5225//6520
f 5502//6521 5225//6521 5503//6521
f 5503//6522 5225//6522 5222//6522
f 5503//6523 5222//6523 5504//6523
f 5504//6524 5222//6524 5219//6524
f 5504//6525 5219//6525 5505//6525
f 5505//6526 5219//6526 5145//6526
f 5505//6527 5145//6527 5506//6527
f 5506//6528 5145//6528 5215//6528
f 5506//6529 5215//6529 5507//6529
f 5507//6530 5215//6530 5212//6530
f 5507//6531 5212//6531 5508//6531
f 5508//6532 5212//6532 5148//6532
f 5508//6533 5148//6533 5509//6533
f 5509//6534 5148//6534 5208//6534
f 5509//6535 5208//6535 5510//6535
f 5510//6536 5208//6536 5205//6536
f 5510//6537 5205//6537 5511//6537
f 5511//6538 5205//6538 5203//6538
f 5511//6539 5203//6539 5512//6539
f 5512//6540 5203//6540 5151//6540
f 5512//6541 5151//6541 5513//6541
f 5513//6542 5151//6542 5199//6542
f 5513//6543 5199//6543 5514//6543
f 5514//6544 5199//6544 5196//6544
f 5514//6545 5196//6545 5515//6545
f 5515//6546 5196//6546 5154//6546
f 5515//6547 5154//6547 5516//6547
f 5516//6548 5154//6548 5192//6548
f 5516//6549 5192//6549 5517//6549
f 5517//6550 5192//6550 5189//6550
f 5517//6551 5189//6551 5518//6551
f 5518//6552 5189//6552 5187//6552
f 5518//6553 5187//6553 5519//6553
f 5519//6554 5187//6554 5183//6554
f 5519//6555 5183//6555 5520//6555
f 5520//6556 5183//6556 5178//6556
f 5520//6557 5178//6557 5521//6557
f 5521//6558 5178//6558 5173//6558
f 5521//6559 5173//6559 5522//6559
f 5522//6560 5173//6560 5172//6560
f 5522//6561 5172//6561 5523//6561
f 5523//6562 5172//6562 5170//6562
f 5523//6563 5170//6563 5524//6563
f 5524//6564 5170//6564 5162//6564
f 5524//6565 5162//6565 5525//6565
f 5525//6566 5162//6566 5165//6566
f 5525//6567 5165//6567 5526//6567
f 5526//6568 5165//6568 5160//6568
f 5526//6569 5160//6569 5527//6569
f 5527//6570 5160//6570 5155//6570
f 5527//6571 5155//6571 5480//6571
f 5480//6572 5155//6572 5158//6572
f 5032//1196 5029//1196 5528//1196
f 5106//1196 5099//1196 5529//1196
f 5007//1196 5008//1196 5530//1196
f 5530//1196 5008//1196 5001//1196
f 5530//1196 5001//1196 4558//1196
f 5055//1196 5528//1196 5531//1196
f 5529//1196 5081//1196 5078//1196
f 5532//1196 5102//1196 5103//1196
f 5029//1196 5035//1196 5528//1196
f 5528//1196 5035//1196 5022//1196
f 5528//1196 5022//1196 5533//1196
f 5533//1196 5022//1196 5010//1196
f 5533//1196 5010//1196 5534//1196
f 5534//1196 5010//1196 5004//1196
f 5534//1196 5004//1196 5535//1196
f 5535//1196 5004//1196 5005//1196
f 5535//1196 5005//1196 5530//1196
f 5530//1196 5005//1196 5006//1196
f 5530//1196 5006//1196 5007//1196
f 5055//1196 5056//1196 5528//1196
f 5528//1196 5056//1196 5057//1196
f 5528//1196 5057//1196 5050//1196
f 5050//1196 4627//1196 5528//1196
f 5528//1196 4627//1196 5031//1196
f 5528//1196 5031//1196 5032//1196
f 5078//1196 5084//1196 5529//1196
f 5529//1196 5084//1196 5071//1196
f 5529//1196 5071//1196 5536//1196
f 5536//1196 5071//1196 5059//1196
f 5536//1196 5059//1196 5537//1196
f 5537//1196 5059//1196 5053//1196
f 5537//1196 5053//1196 5531//1196
f 5531//1196 5053//1196 5054//1196
f 5531//1196 5054//1196 5055//1196
f 5532//1196 5103//1196 5538//1196
f 5538//1196 5103//1196 5104//1196
f 5538//1196 5104//1196 5529//1196
f 5529//1196 5104//1196 5105//1196
f 5529//1196 5105//1196 5106//1196
f 5099//1196 4697//1196 5529//1196
f 5529//1196 4697//1196 5080//1196
f 5529//1196 5080//1196 5081//1196
f 4426//1196 4884//1196 5539//1196
f 4952//1196 5540//1196 4959//1196
f 4959//1196 5540//1196 4958//1196
f 4884//1196 4885//1196 5539//1196
f 5539//1196 4885//1196 4882//1196
f 5539//1196 4882//1196 5541//1196
f 5542//1196 4907//1196 5539//1196
f 5539//1196 4907//1196 4908//1196
f 5539//1196 4908//1196 4909//1196
f 4934//1196 4931//1196 5540//1196
f 5540//1196 4931//1196 4937//1196
f 5540//1196 4937//1196 5543//1196
f 5543//1196 4937//1196 4924//1196
f 5543//1196 4924//1196 5544//1196
f 5544//1196 4924//1196 4916//1196
f 5544//1196 4916//1196 5542//1196
f 5542//1196 4916//1196 4906//1196
f 5542//1196 4906//1196 4907//1196
f 4961//1196 4955//1196 5545//1196
f 5545//1196 4955//1196 4956//1196
f 5545//1196 4956//1196 5540//1196
f 5540//1196 4956//1196 4957//1196
f 5540//1196 4957//1196 4958//1196
f 4909//1196 4910//1196 5539//1196
f 5539//1196 4910//1196 4903//1196
f 5539//1196 4903//1196 4426//1196
f 4952//1196 4492//1196 5540//1196
f 5540//1196 4492//1196 4933//1196
f 5540//1196 4933//1196 4934//1196
f 4558//1196 4982//1196 5530//1196
f 5530//1196 4982//1196 4983//1196
f 5530//1196 4983//1196 4980//1196
f 5102//1196 5532//1196 5112//1196
f 5112//1196 5532//1196 5546//1196
f 5112//1196 5546//1196 5120//1196
f 5120//1196 5546//1196 5547//1196
f 5120//1196 5547//1196 5133//1196
f 4854//1196 5548//1196 4861//1196
f 4861//1196 5548//1196 4860//1196
f 4882//1196 4888//1196 5541//1196
f 5541//1196 4888//1196 4875//1196
f 5541//1196 4875//1196 5549//1196
f 5549//1196 4875//1196 4867//1196
f 5549//1196 4867//1196 5550//1196
f 5548//1196 5130//1196 5547//1196
f 5547//1196 5130//1196 5127//1196
f 5547//1196 5127//1196 5133//1196
f 4867//1196 4857//1196 5550//1196
f 5550//1196 4857//1196 4858//1196
f 5550//1196 4858//1196 5548//1196
f 5548//1196 4858//1196 4859//1196
f 5548//1196 4859//1196 4860//1196
f 5545//1196 5551//1196 4961//1196
f 4961//1196 5551//1196 5552//1196
f 4961//1196 5552//1196 4973//1196
f 4973//1196 5552//1196 5530//1196
f 4973//1196 5530//1196 4986//1196
f 4986//1196 5530//1196 4980//1196
f 4854//1196 4750//1196 5548//1196
f 5548//1196 4750//1196 5129//1196
f 5548//1196 5129//1196 5130//1196
f 5168//1 5167//1 5553//1
f 5197//1 5198//1 5554//1
f 5175//1 5174//1 5555//1
f 5193//1 5194//1 5556//1
f 5287//1 5286//1 5557//1
f 5558//1 5184//1 5182//1
f 5559//1 5278//1 5279//1
f 5279//1 5281//1 5559//1
f 5559//1 5281//1 5284//1
f 5559//1 5284//1 5557//1
f 5557//1 5284//1 5283//1
f 5557//1 5283//1 5287//1
f 5242//1 5241//1 5560//1
f 5174//1 5180//1 5555//1
f 5555//1 5180//1 5179//1
f 5555//1 5179//1 5558//1
f 5558//1 5179//1 5185//1
f 5558//1 5185//1 5184//1
f 5286//1 5285//1 5557//1
f 5557//1 5285//1 5157//1
f 5557//1 5157//1 5561//1
f 5269//1 5271//1 5562//1
f 5562//1 5271//1 5272//1
f 5562//1 5272//1 5563//1
f 5563//1 5272//1 5274//1
f 5563//1 5274//1 5275//1
f 5231//1 5229//1 5564//1
f 5193//1 5556//1 5191//1
f 5191//1 5556//1 5565//1
f 5191//1 5565//1 5190//1
f 5182//1 5181//1 5558//1
f 5558//1 5181//1 5186//1
f 5558//1 5186//1 5565//1
f 5565//1 5186//1 5188//1
f 5565//1 5188//1 5190//1
f 5169//1 5171//1 5566//1
f 5566//1 5171//1 5177//1
f 5566//1 5177//1 5555//1
f 5555//1 5177//1 5176//1
f 5555//1 5176//1 5175//1
f 5167//1 5166//1 5553//1
f 5553//1 5166//1 5164//1
f 5553//1 5164//1 5566//1
f 5566//1 5164//1 5163//1
f 5566//1 5163//1 5169//1
f 5157//1 5156//1 5561//1
f 5561//1 5156//1 5159//1
f 5561//1 5159//1 5553//1
f 5553//1 5159//1 5161//1
f 5553//1 5161//1 5168//1
f 5275//1 5135//1 5563//1
f 5563//1 5135//1 5134//1
f 5563//1 5134//1 5559//1
f 5559//1 5134//1 5276//1
f 5559//1 5276//1 5278//1
f 5266//1 5138//1 5567//1
f 5567//1 5138//1 5137//1
f 5567//1 5137//1 5562//1
f 5562//1 5137//1 5267//1
f 5562//1 5267//1 5269//1
f 5568//1 5140//1 5260//1
f 5260//1 5262//1 5568//1
f 5568//1 5262//1 5263//1
f 5568//1 5263//1 5567//1
f 5567//1 5263//1 5265//1
f 5567//1 5265//1 5266//1
f 5246//1 5251//1 5569//1
f 5569//1 5251//1 5253//1
f 5569//1 5253//1 5570//1
f 5570//1 5253//1 5255//1
f 5570//1 5255//1 5256//1
f 5571//1 5146//1 5211//1
f 5211//1 5213//1 5571//1
f 5571//1 5213//1 5214//1
f 5571//1 5214//1 5572//1
f 5204//1 5206//1 5573//1
f 5573//1 5206//1 5207//1
f 5256//1 5258//1 5570//1
f 5570//1 5258//1 5259//1
f 5570//1 5259//1 5568//1
f 5568//1 5259//1 5141//1
f 5568//1 5141//1 5140//1
f 5241//1 5240//1 5560//1
f 5560//1 5240//1 5239//1
f 5560//1 5239//1 5574//1
f 5574//1 5239//1 5245//1
f 5574//1 5245//1 5244//1
f 5143//1 5218//1 5575//1
f 5575//1 5218//1 5220//1
f 5575//1 5220//1 5221//1
f 5221//1 5223//1 5575//1
f 5575//1 5223//1 5224//1
f 5575//1 5224//1 5576//1
f 5214//1 5216//1 5572//1
f 5572//1 5216//1 5217//1
f 5572//1 5217//1 5575//1
f 5575//1 5217//1 5144//1
f 5575//1 5144//1 5143//1
f 5207//1 5209//1 5573//1
f 5573//1 5209//1 5210//1
f 5573//1 5210//1 5571//1
f 5571//1 5210//1 5147//1
f 5571//1 5147//1 5146//1
f 5244//1 5250//1 5574//1
f 5574//1 5250//1 5249//1
f 5574//1 5249//1 5569//1
f 5569//1 5249//1 5247//1
f 5569//1 5247//1 5246//1
f 5229//1 5228//1 5564//1
f 5564//1 5228//1 5234//1
f 5564//1 5234//1 5560//1
f 5560//1 5234//1 5236//1
f 5560//1 5236//1 5242//1
f 5224//1 5226//1 5576//1
f 5576//1 5226//1 5233//1
f 5576//1 5233//1 5564//1
f 5564//1 5233//1 5232//1
f 5564//1 5232//1 5231//1
f 5204//1 5573//1 5202//1
f 5202//1 5573//1 5577//1
f 5202//1 5577//1 5149//1
f 5198//1 5200//1 5554//1
f 5554//1 5200//1 5201//1
f 5554//1 5201//1 5577//1
f 5577//1 5201//1 5150//1
f 5577//1 5150//1 5149//1
f 5194//1 5153//1 5556//1
f 5556//1 5153//1 5152//1
f 5556//1 5152//1 5554//1
f 5554//1 5152//1 5195//1
f 5554//1 5195//1 5197//1
f 5575//6573 5530//6573 5572//6573
f 5572//6574 5530//6574 5552//6574
f 5572//6575 5552//6575 5571//6575
f 5571//6576 5552//6576 5551//6576
f 5571//6577 5551//6577 5573//6577
f 5573//6578 5551//6578 5545//6578
f 5573//6579 5545//6579 5577//6579
f 5577//6580 5545//6580 5540//6580
f 5577//6581 5540//6581 5554//6581
f 5554//6582 5540//6582 5543//6582
f 5554//6583 5543//6583 5556//6583
f 5556//6584 5543//6584 5544//6584
f 5556//6585 5544//6585 5565//6585
f 5565//6586 5544//6586 5542//6586
f 5565//6587 5542//6587 5558//6587
f 5558//6588 5542//6588 5539//6588
f 5558//6589 5539//6589 5555//6589
f 5555//6590 5539//6590 5541//6590
f 5555//6591 5541//6591 5566//6591
f 5566//6592 5541//6592 5549//6592
f 5566//6593 5549//6593 5553//6593
f 5553//6594 5549//6594 5550//6594
f 5553//6595 5550//6595 5561//6595
f 5561//6596 5550//6596 5548//6596
f 5561//6597 5548//6597 5557//6597
f 5557//6598 5548//6598 5547//6598
f 5557//6599 5547//6599 5559//6599
f 5559//6600 5547//6600 5546//6600
f 5559//6601 5546//6601 5563//6601
f 5563//6602 5546//6602 5532//6602
f 5563//6603 5532//6603 5562//6603
f 5562//6604 5532//6604 5538//6604
f 5562//6605 5538//6605 5567//6605
f 5567//6606 5538//6606 5529//6606
f 5567//6607 5529//6607 5568//6607
f 5568//6608 5529//6608 5536//6608
f 5568//6609 5536//6609 5570//6609
f 5570//6610 5536//6610 5537//6610
f 5570//6611 5537//6611 5569//6611
f 5569//6612 5537//6612 5531//6612
f 5569//6613 5531//6613 5574//6613
f 5574//6614 5531//6614 5528//6614
f 5574//6615 5528//6615 5560//6615
f 5560//6616 5528//6616 5533//6616
f 5560//6617 5533//6617 5564//6617
f 5564//6618 5533//6618 5534//6618
f 5564//6619 5534//6619 5576//6619
f 5576//6620 5534//6620 5535//6620
f 5576//6621 5535//6621 5575//6621
f 5575//6622 5535//6622 5530//6622
# Vertices: 5577, normals: 6622, texture coordinates: 0, faces: 11418

