# File generated by ImageToStl.com - Free Image and 3D model conversion tools

o obj1
v -0.00664276 0.000716 -0.002
v -0.00653612 0.00053187 -0.002
v -0.00734768 0.0001848 -0.002
v -0.00679037 0.00086926 -0.002
v -0.00738441 0.00106669 -0.002
v -0.00717229 0.00104985 -0.002
v -0.00697036 0.00098274 -0.002
v -0.00795997 0.00082055 -0.002
v -0.00779003 0.00094861 -0.002
v -0.00759439 0.00103227 -0.002
v -0.00822756 0.00025464 -0.002
v -0.00818528 0.00046318 -0.002
v -0.00809432 0.00065554 -0.002
v -0.00805259 -0.0003464 -0.002
v -0.00815923 -0.00016226 -0.002
v -0.00821871 4.204E-05 -0.002
v -0.00752306 -0.00068025 -0.002
v -0.00772499 -0.00061314 -0.002
v -0.00790498 -0.00049966 -0.002
v -0.00690532 -0.000579 -0.002
v -0.00710097 -0.00066267 -0.002
v -0.00731095 -0.00069709 -0.002
v -0.00651007 -9.358E-05 -0.002
v -0.00660103 -0.00028594 -0.002
v -0.00673538 -0.00045095 -0.002
v -0.00647664 0.00032756 -0.002
v -0.00646779 0.00011496 -0.002
v -0.00654904 0.00078662 -0.00193225
v -0.00671627 0.00096026 -0.00193225
v -0.0069202 0.00108883 -0.00193225
v -0.00714897 0.00116486 -0.00193225
v -0.00738929 0.00118394 -0.00193225
v -0.00762719 0.00114494 -0.00193225
v -0.00784884 0.00105015 -0.00193225
v -0.00804137 0.00090507 -0.00193225
v -0.00819359 0.00071813 -0.00193225
v -0.00829664 0.00050019 -0.00193225
v -0.00834454 0.00026393 -0.00193225
v -0.00833451 2.306E-05 -0.00193225
v -0.00826713 -0.0002084 -0.00193225
v -0.00814631 -0.00041702 -0.00193225
v -0.00797908 -0.00059065 -0.00193225
v -0.00777515 -0.00071923 -0.00193225
v -0.00754638 -0.00079526 -0.00193225
v -0.00730606 -0.00081433 -0.00193225
v -0.00706817 -0.00077534 -0.00193225
v -0.00684651 -0.00068055 -0.00193225
v -0.00665398 -0.00053547 -0.00193225
v -0.00650177 -0.00034853 -0.00193225
v -0.00639871 -0.00013059 -0.00193225
v -0.00635081 0.00010568 -0.00193225
v -0.00636084 0.00034654 -0.00193225
v -0.00642823 0.00057801 -0.00193225
v -0.00654904 0.00078662 -0.00190515
v -0.00671627 0.00096026 -0.00190515
v -0.0069202 0.00108883 -0.00190515
v -0.00714897 0.00116486 -0.00190515
v -0.00738929 0.00118394 -0.00190515
v -0.00762719 0.00114494 -0.00190515
v -0.00784884 0.00105015 -0.00190515
v -0.00804137 0.00090507 -0.00190515
v -0.00819359 0.00071813 -0.00190515
v -0.00829664 0.00050019 -0.00190515
v -0.00834454 0.00026393 -0.00190515
v -0.00833451 2.306E-05 -0.00190515
v -0.00826713 -0.0002084 -0.00190515
v -0.00814631 -0.00041702 -0.00190515
v -0.00797908 -0.00059065 -0.00190515
v -0.00777515 -0.00071923 -0.00190515
v -0.00754638 -0.00079526 -0.00190515
v -0.00730606 -0.00081433 -0.00190515
v -0.00706817 -0.00077534 -0.00190515
v -0.00684651 -0.00068055 -0.00190515
v -0.00665398 -0.00053547 -0.00190515
v -0.00650177 -0.00034853 -0.00190515
v -0.00639871 -0.00013059 -0.00190515
v -0.00635081 0.00010568 -0.00190515
v -0.00636084 0.00034654 -0.00190515
v -0.00642823 0.00057801 -0.00190515
v -0.00815923 -0.00016226 -0.0018374
v -0.00821871 4.204E-05 -0.0018374
v -0.00822756 0.00025464 -0.0018374
v -0.00818528 0.00046318 -0.0018374
v -0.00809432 0.00065554 -0.0018374
v -0.00795997 0.00082055 -0.0018374
v -0.00779003 0.00094861 -0.0018374
v -0.00759439 0.00103227 -0.0018374
v -0.00738441 0.00106669 -0.0018374
v -0.00717229 0.00104985 -0.0018374
v -0.00697036 0.00098274 -0.0018374
v -0.00679037 0.00086926 -0.0018374
v -0.00664276 0.000716 -0.0018374
v -0.00653612 0.00053187 -0.0018374
v -0.00647664 0.00032756 -0.0018374
v -0.00646779 0.00011496 -0.0018374
v -0.00651007 -9.358E-05 -0.0018374
v -0.00660103 -0.00028594 -0.0018374
v -0.00673538 -0.00045095 -0.0018374
v -0.00690532 -0.000579 -0.0018374
v -0.00710097 -0.00066267 -0.0018374
v -0.00731095 -0.00069709 -0.0018374
v -0.00752306 -0.00068025 -0.0018374
v -0.00772499 -0.00061314 -0.0018374
v -0.00790498 -0.00049966 -0.0018374
v -0.00805259 -0.0003464 -0.0018374
v -0.00654904 0.00078662 -0.00176965
v -0.00671627 0.00096026 -0.00176965
v -0.0069202 0.00108883 -0.00176965
v -0.00714897 0.00116486 -0.00176965
v -0.00738929 0.00118394 -0.00176965
v -0.00762719 0.00114494 -0.00176965
v -0.00784884 0.00105015 -0.00176965
v -0.00804137 0.00090507 -0.00176965
v -0.00819359 0.00071813 -0.00176965
v -0.00829664 0.00050019 -0.00176965
v -0.00834454 0.00026393 -0.00176965
v -0.00833451 2.306E-05 -0.00176965
v -0.00826713 -0.0002084 -0.00176965
v -0.00814631 -0.00041702 -0.00176965
v -0.00797908 -0.00059065 -0.00176965
v -0.00777515 -0.00071923 -0.00176965
v -0.00754638 -0.00079526 -0.00176965
v -0.00730606 -0.00081433 -0.00176965
v -0.00706817 -0.00077534 -0.00176965
v -0.00684651 -0.00068055 -0.00176965
v -0.00665398 -0.00053547 -0.00176965
v -0.00650177 -0.00034853 -0.00176965
v -0.00639871 -0.00013059 -0.00176965
v -0.00635081 0.00010568 -0.00176965
v -0.00636084 0.00034654 -0.00176965
v -0.00642823 0.00057801 -0.00176965
v -0.00654904 0.00078662 -0.00174255
v -0.00671627 0.00096026 -0.00174255
v -0.0069202 0.00108883 -0.00174255
v -0.00714897 0.00116486 -0.00174255
v -0.00738929 0.00118394 -0.00174255
v -0.00762719 0.00114494 -0.00174255
v -0.00784884 0.00105015 -0.00174255
v -0.00804137 0.00090507 -0.00174255
v -0.00819359 0.00071813 -0.00174255
v -0.00829664 0.00050019 -0.00174255
v -0.00834454 0.00026393 -0.00174255
v -0.00833451 2.306E-05 -0.00174255
v -0.00826713 -0.0002084 -0.00174255
v -0.00814631 -0.00041702 -0.00174255
v -0.00797908 -0.00059065 -0.00174255
v -0.00777515 -0.00071923 -0.00174255
v -0.00754638 -0.00079526 -0.00174255
v -0.00730606 -0.00081433 -0.00174255
v -0.00706817 -0.00077534 -0.00174255
v -0.00684651 -0.00068055 -0.00174255
v -0.00665398 -0.00053547 -0.00174255
v -0.00650177 -0.00034853 -0.00174255
v -0.00639871 -0.00013059 -0.00174255
v -0.00635081 0.00010568 -0.00174255
v -0.00636084 0.00034654 -0.00174255
v -0.00642823 0.00057801 -0.00174255
v -0.00815923 -0.00016226 -0.0016748
v -0.00821871 4.204E-05 -0.0016748
v -0.00822756 0.00025464 -0.0016748
v -0.00818528 0.00046318 -0.0016748
v -0.00809432 0.00065554 -0.0016748
v -0.00795997 0.00082055 -0.0016748
v -0.00779003 0.00094861 -0.0016748
v -0.00759439 0.00103227 -0.0016748
v -0.00738441 0.00106669 -0.0016748
v -0.00717229 0.00104985 -0.0016748
v -0.00697036 0.00098274 -0.0016748
v -0.00679037 0.00086926 -0.0016748
v -0.00664276 0.000716 -0.0016748
v -0.00653612 0.00053187 -0.0016748
v -0.00647664 0.00032756 -0.0016748
v -0.00646779 0.00011496 -0.0016748
v -0.00651007 -9.358E-05 -0.0016748
v -0.00660103 -0.00028594 -0.0016748
v -0.00673538 -0.00045095 -0.0016748
v -0.00690532 -0.000579 -0.0016748
v -0.00710097 -0.00066267 -0.0016748
v -0.00731095 -0.00069709 -0.0016748
v -0.00752306 -0.00068025 -0.0016748
v -0.00772499 -0.00061314 -0.0016748
v -0.00790498 -0.00049966 -0.0016748
v -0.00805259 -0.0003464 -0.0016748
v -0.00654904 0.00078662 -0.00160705
v -0.00671627 0.00096026 -0.00160705
v -0.0069202 0.00108883 -0.00160705
v -0.00714897 0.00116486 -0.00160705
v -0.00738929 0.00118394 -0.00160705
v -0.00762719 0.00114494 -0.00160705
v -0.00784884 0.00105015 -0.00160705
v -0.00804137 0.00090507 -0.00160705
v -0.00819359 0.00071813 -0.00160705
v -0.00829664 0.00050019 -0.00160705
v -0.00834454 0.00026393 -0.00160705
v -0.00833451 2.306E-05 -0.00160705
v -0.00826713 -0.0002084 -0.00160705
v -0.00814631 -0.00041702 -0.00160705
v -0.00797908 -0.00059065 -0.00160705
v -0.00777515 -0.00071923 -0.00160705
v -0.00754638 -0.00079526 -0.00160705
v -0.00730606 -0.00081433 -0.00160705
v -0.00706817 -0.00077534 -0.00160705
v -0.00684651 -0.00068055 -0.00160705
v -0.00665398 -0.00053547 -0.00160705
v -0.00650177 -0.00034853 -0.00160705
v -0.00639871 -0.00013059 -0.00160705
v -0.00635081 0.00010568 -0.00160705
v -0.00636084 0.00034654 -0.00160705
v -0.00642823 0.00057801 -0.00160705
v -0.00654904 0.00078662 -0.00157995
v -0.00671627 0.00096026 -0.00157995
v -0.0069202 0.00108883 -0.00157995
v -0.00714897 0.00116486 -0.00157995
v -0.00738929 0.00118394 -0.00157995
v -0.00762719 0.00114494 -0.00157995
v -0.00784884 0.00105015 -0.00157995
v -0.00804137 0.00090507 -0.00157995
v -0.00819359 0.00071813 -0.00157995
v -0.00829664 0.00050019 -0.00157995
v -0.00834454 0.00026393 -0.00157995
v -0.00833451 2.306E-05 -0.00157995
v -0.00826713 -0.0002084 -0.00157995
v -0.00814631 -0.00041702 -0.00157995
v -0.00797908 -0.00059065 -0.00157995
v -0.00777515 -0.00071923 -0.00157995
v -0.00754638 -0.00079526 -0.00157995
v -0.00730606 -0.00081433 -0.00157995
v -0.00706817 -0.00077534 -0.00157995
v -0.00684651 -0.00068055 -0.00157995
v -0.00665398 -0.00053547 -0.00157995
v -0.00650177 -0.00034853 -0.00157995
v -0.00639871 -0.00013059 -0.00157995
v -0.00635081 0.00010568 -0.00157995
v -0.00636084 0.00034654 -0.00157995
v -0.00642823 0.00057801 -0.00157995
v -0.00815923 -0.00016226 -0.0015122
v -0.00821871 4.204E-05 -0.0015122
v -0.00822756 0.00025464 -0.0015122
v -0.00818528 0.00046318 -0.0015122
v -0.00809432 0.00065554 -0.0015122
v -0.00795997 0.00082055 -0.0015122
v -0.00779003 0.00094861 -0.0015122
v -0.00759439 0.00103227 -0.0015122
v -0.00738441 0.00106669 -0.0015122
v -0.00717229 0.00104985 -0.0015122
v -0.00697036 0.00098274 -0.0015122
v -0.00679037 0.00086926 -0.0015122
v -0.00664276 0.000716 -0.0015122
v -0.00653612 0.00053187 -0.0015122
v -0.00647664 0.00032756 -0.0015122
v -0.00646779 0.00011496 -0.0015122
v -0.00651007 -9.358E-05 -0.0015122
v -0.00660103 -0.00028594 -0.0015122
v -0.00673538 -0.00045095 -0.0015122
v -0.00690532 -0.000579 -0.0015122
v -0.00710097 -0.00066267 -0.0015122
v -0.00731095 -0.00069709 -0.0015122
v -0.00752306 -0.00068025 -0.0015122
v -0.00772499 -0.00061314 -0.0015122
v -0.00790498 -0.00049966 -0.0015122
v -0.00805259 -0.0003464 -0.0015122
v -0.00654904 0.00078662 -0.00144445
v -0.00671627 0.00096026 -0.00144445
v -0.0069202 0.00108883 -0.00144445
v -0.00714897 0.00116486 -0.00144445
v -0.00738929 0.00118394 -0.00144445
v -0.00762719 0.00114494 -0.00144445
v -0.00784884 0.00105015 -0.00144445
v -0.00804137 0.00090507 -0.00144445
v -0.00819359 0.00071813 -0.00144445
v -0.00829664 0.00050019 -0.00144445
v -0.00834454 0.00026393 -0.00144445
v -0.00833451 2.306E-05 -0.00144445
v -0.00826713 -0.0002084 -0.00144445
v -0.00814631 -0.00041702 -0.00144445
v -0.00797908 -0.00059065 -0.00144445
v -0.00777515 -0.00071923 -0.00144445
v -0.00754638 -0.00079526 -0.00144445
v -0.00730606 -0.00081433 -0.00144445
v -0.00706817 -0.00077534 -0.00144445
v -0.00684651 -0.00068055 -0.00144445
v -0.00665398 -0.00053547 -0.00144445
v -0.00650177 -0.00034853 -0.00144445
v -0.00639871 -0.00013059 -0.00144445
v -0.00635081 0.00010568 -0.00144445
v -0.00636084 0.00034654 -0.00144445
v -0.00642823 0.00057801 -0.00144445
v -0.00654904 0.00078662 -0.00141735
v -0.00671627 0.00096026 -0.00141735
v -0.0069202 0.00108883 -0.00141735
v -0.00714897 0.00116486 -0.00141735
v -0.00738929 0.00118394 -0.00141735
v -0.00762719 0.00114494 -0.00141735
v -0.00784884 0.00105015 -0.00141735
v -0.00804137 0.00090507 -0.00141735
v -0.00819359 0.00071813 -0.00141735
v -0.00829664 0.00050019 -0.00141735
v -0.00834454 0.00026393 -0.00141735
v -0.00833451 2.306E-05 -0.00141735
v -0.00826713 -0.0002084 -0.00141735
v -0.00814631 -0.00041702 -0.00141735
v -0.00797908 -0.00059065 -0.00141735
v -0.00777515 -0.00071923 -0.00141735
v -0.00754638 -0.00079526 -0.00141735
v -0.00730606 -0.00081433 -0.00141735
v -0.00706817 -0.00077534 -0.00141735
v -0.00684651 -0.00068055 -0.00141735
v -0.00665398 -0.00053547 -0.00141735
v -0.00650177 -0.00034853 -0.00141735
v -0.00639871 -0.00013059 -0.00141735
v -0.00635081 0.00010568 -0.00141735
v -0.00636084 0.00034654 -0.00141735
v -0.00642823 0.00057801 -0.00141735
v -0.00815923 -0.00016226 -0.0013496
v -0.00821871 4.204E-05 -0.0013496
v -0.00822756 0.00025464 -0.0013496
v -0.00818528 0.00046318 -0.0013496
v -0.00809432 0.00065554 -0.0013496
v -0.00795997 0.00082055 -0.0013496
v -0.00779003 0.00094861 -0.0013496
v -0.00759439 0.00103227 -0.0013496
v -0.00738441 0.00106669 -0.0013496
v -0.00717229 0.00104985 -0.0013496
v -0.00697036 0.00098274 -0.0013496
v -0.00679037 0.00086926 -0.0013496
v -0.00664276 0.000716 -0.0013496
v -0.00653612 0.00053187 -0.0013496
v -0.00647664 0.00032756 -0.0013496
v -0.00646779 0.00011496 -0.0013496
v -0.00651007 -9.358E-05 -0.0013496
v -0.00660103 -0.00028594 -0.0013496
v -0.00673538 -0.00045095 -0.0013496
v -0.00690532 -0.000579 -0.0013496
v -0.00710097 -0.00066267 -0.0013496
v -0.00731095 -0.00069709 -0.0013496
v -0.00752306 -0.00068025 -0.0013496
v -0.00772499 -0.00061314 -0.0013496
v -0.00790498 -0.00049966 -0.0013496
v -0.00805259 -0.0003464 -0.0013496
v -0.00654904 0.00078662 -0.00128185
v -0.00671627 0.00096026 -0.00128185
v -0.0069202 0.00108883 -0.00128185
v -0.00714897 0.00116486 -0.00128185
v -0.00738929 0.00118394 -0.00128185
v -0.00762719 0.00114494 -0.00128185
v -0.00784884 0.00105015 -0.00128185
v -0.00804137 0.00090507 -0.00128185
v -0.00819359 0.00071813 -0.00128185
v -0.00829664 0.00050019 -0.00128185
v -0.00834454 0.00026393 -0.00128185
v -0.00833451 2.306E-05 -0.00128185
v -0.00826713 -0.0002084 -0.00128185
v -0.00814631 -0.00041702 -0.00128185
v -0.00797908 -0.00059065 -0.00128185
v -0.00777515 -0.00071923 -0.00128185
v -0.00754638 -0.00079526 -0.00128185
v -0.00730606 -0.00081433 -0.00128185
v -0.00706817 -0.00077534 -0.00128185
v -0.00684651 -0.00068055 -0.00128185
v -0.00665398 -0.00053547 -0.00128185
v -0.00650177 -0.00034853 -0.00128185
v -0.00639871 -0.00013059 -0.00128185
v -0.00635081 0.00010568 -0.00128185
v -0.00636084 0.00034654 -0.00128185
v -0.00642823 0.00057801 -0.00128185
v -0.00654904 0.00078662 -0.00125475
v -0.00671627 0.00096026 -0.00125475
v -0.0069202 0.00108883 -0.00125475
v -0.00714897 0.00116486 -0.00125475
v -0.00738929 0.00118394 -0.00125475
v -0.00762719 0.00114494 -0.00125475
v -0.00784884 0.00105015 -0.00125475
v -0.00804137 0.00090507 -0.00125475
v -0.00819359 0.00071813 -0.00125475
v -0.00829664 0.00050019 -0.00125475
v -0.00834454 0.00026393 -0.00125475
v -0.00833451 2.306E-05 -0.00125475
v -0.00826713 -0.0002084 -0.00125475
v -0.00814631 -0.00041702 -0.00125475
v -0.00797908 -0.00059065 -0.00125475
v -0.00777515 -0.00071923 -0.00125475
v -0.00754638 -0.00079526 -0.00125475
v -0.00730606 -0.00081433 -0.00125475
v -0.00706817 -0.00077534 -0.00125475
v -0.00684651 -0.00068055 -0.00125475
v -0.00665398 -0.00053547 -0.00125475
v -0.00650177 -0.00034853 -0.00125475
v -0.00639871 -0.00013059 -0.00125475
v -0.00635081 0.00010568 -0.00125475
v -0.00636084 0.00034654 -0.00125475
v -0.00642823 0.00057801 -0.00125475
v -0.00790498 -0.00049966 -0.001187
v -0.00752306 -0.00068025 -0.001187
v -0.00762403 -0.0006467 -0.001187
v -0.00772499 -0.00061314 -0.001187
v -0.00781499 -0.0005564 -0.001187
v -0.00710097 -0.00066267 -0.001187
v -0.00720596 -0.00067988 -0.001187
v -0.00731095 -0.00069709 -0.001187
v -0.00741701 -0.00068867 -0.001187
v -0.00673538 -0.00045095 -0.001187
v -0.00682035 -0.00051498 -0.001187
v -0.00690532 -0.000579 -0.001187
v -0.00700314 -0.00062084 -0.001187
v -0.00651007 -9.358E-05 -0.001187
v -0.00655555 -0.00018976 -0.001187
v -0.00660103 -0.00028594 -0.001187
v -0.00666821 -0.00036844 -0.001187
v -0.00647664 0.00032756 -0.001187
v -0.00647222 0.00022126 -0.001187
v -0.00646779 0.00011496 -0.001187
v -0.00648893 1.069E-05 -0.001187
v -0.00664276 0.000716 -0.001187
v -0.00658944 0.00062393 -0.001187
v -0.00653612 0.00053187 -0.001187
v -0.00650638 0.00042971 -0.001187
v -0.00697036 0.00098274 -0.001187
v -0.00688037 0.000926 -0.001187
v -0.00679037 0.00086926 -0.001187
v -0.00671656 0.00079263 -0.001187
v -0.00738441 0.00106669 -0.001187
v -0.00727835 0.00105827 -0.001187
v -0.00717229 0.00104985 -0.001187
v -0.00707133 0.0010163 -0.001187
v -0.00779003 0.00094861 -0.001187
v -0.00769221 0.00099044 -0.001187
v -0.00759439 0.00103227 -0.001187
v -0.0074894 0.00104948 -0.001187
v -0.00809432 0.00065554 -0.001187
v -0.00802714 0.00073805 -0.001187
v -0.00795997 0.00082055 -0.001187
v -0.007875 0.00088458 -0.001187
v -0.00822756 0.00025464 -0.001187
v -0.00820642 0.00035891 -0.001187
v -0.00818528 0.00046318 -0.001187
v -0.0081398 0.00055936 -0.001187
v -0.00815923 -0.00016226 -0.001187
v -0.00818897 -6.011E-05 -0.001187
v -0.00821871 4.204E-05 -0.001187
v -0.00822314 0.00014834 -0.001187
v -0.00797879 -0.00042303 -0.001187
v -0.00805259 -0.0003464 -0.001187
v -0.00810591 -0.00025433 -0.001187
v -0.00665904 -0.00053022 -0.00111925
v -0.00674586 -0.00061383 -0.00111925
v -0.00685016 -0.00067424 -0.00111925
v -0.00695447 -0.00073465 -0.00111925
v -0.0070702 -0.00076834 -0.00111925
v -0.00718594 -0.00080203 -0.00111925
v -0.00730637 -0.00080705 -0.00111925
v -0.0074268 -0.00081206 -0.00111925
v -0.00754493 -0.00078811 -0.00111925
v -0.00766307 -0.00076416 -0.00111925
v -0.00777203 -0.00071263 -0.00111925
v -0.007881 -0.00066111 -0.00111925
v -0.00797447 -0.000585 -0.00111925
v -0.00806795 -0.00050889 -0.00111925
v -0.00814049 -0.00041263 -0.00111925
v -0.00821303 -0.00031636 -0.00111925
v -0.00826042 -0.00020554 -0.00111925
v -0.00830782 -9.471E-05 -0.00111925
v -0.00832731 2.424E-05 -0.00111925
v -0.00834681 0.00014319 -0.00111925
v -0.00833727 0.00026335 -0.00111925
v -0.00832774 0.00038351 -0.00111925
v -0.00828972 0.00049789 -0.00111925
v -0.0082517 0.00061228 -0.00111925
v -0.00818742 0.00071424 -0.00111925
v -0.00812313 0.0008162 -0.00111925
v -0.00803631 0.00089982 -0.00111925
v -0.00794949 0.00098343 -0.00111925
v -0.00784519 0.00104384 -0.00111925
v -0.00774088 0.00110425 -0.00111925
v -0.00762515 0.00113794 -0.00111925
v -0.00750942 0.00117163 -0.00111925
v -0.00738898 0.00117665 -0.00111925
v -0.00726855 0.00118167 -0.00111925
v -0.00715042 0.00115771 -0.00111925
v -0.00703229 0.00113376 -0.00111925
v -0.00692332 0.00108224 -0.00111925
v -0.00681435 0.00103071 -0.00111925
v -0.00672088 0.0009546 -0.00111925
v -0.00662741 0.0008785 -0.00111925
v -0.00654904 0.00078662 -0.00111925
v -0.00648233 0.00068597 -0.00111925
v -0.00643493 0.00057514 -0.00111925
v -0.00638753 0.00046431 -0.00111925
v -0.00636804 0.00034536 -0.00111925
v -0.00634854 0.00022641 -0.00111925
v -0.00635808 0.00010625 -0.00111925
v -0.00636762 -1.39E-05 -0.00111925
v -0.00640563 -0.00012829 -0.00111925
v -0.00644365 -0.00024267 -0.00111925
v -0.00650794 -0.00034464 -0.00111925
v -0.00657222 -0.0004466 -0.00111925
v -0.00654904 0.00078662 -0.00109215
v -0.00642823 0.00057801 -0.00109215
v -0.00636084 0.00034654 -0.00109215
v -0.00635081 0.00010568 -0.00109215
v -0.00639871 -0.00013059 -0.00109215
v -0.00650177 -0.00034853 -0.00109215
v -0.00665398 -0.00053547 -0.00109215
v -0.00684651 -0.00068055 -0.00109215
v -0.00706817 -0.00077534 -0.00109215
v -0.00730606 -0.00081433 -0.00109215
v -0.00754638 -0.00079526 -0.00109215
v -0.00777515 -0.00071923 -0.00109215
v -0.00797908 -0.00059065 -0.00109215
v -0.00814631 -0.00041702 -0.00109215
v -0.00826713 -0.0002084 -0.00109215
v -0.00833451 2.306E-05 -0.00109215
v -0.00834454 0.00026393 -0.00109215
v -0.00829664 0.00050019 -0.00109215
v -0.00819359 0.00071813 -0.00109215
v -0.00804137 0.00090507 -0.00109215
v -0.00784884 0.00105015 -0.00109215
v -0.00762719 0.00114494 -0.00109215
v -0.00738929 0.00118394 -0.00109215
v -0.00714897 0.00116486 -0.00109215
v -0.0069202 0.00108883 -0.00109215
v -0.00671627 0.00096026 -0.00109215
v -0.00815923 -0.00016226 -0.0010244
v -0.00821871 4.204E-05 -0.0010244
v -0.00822756 0.00025464 -0.0010244
v -0.00818528 0.00046318 -0.0010244
v -0.00809432 0.00065554 -0.0010244
v -0.00795997 0.00082055 -0.0010244
v -0.00779003 0.00094861 -0.0010244
v -0.00759439 0.00103227 -0.0010244
v -0.00738441 0.00106669 -0.0010244
v -0.00717229 0.00104985 -0.0010244
v -0.00697036 0.00098274 -0.0010244
v -0.00679037 0.00086926 -0.0010244
v -0.00664276 0.000716 -0.0010244
v -0.00653612 0.00053187 -0.0010244
v -0.00647664 0.00032756 -0.0010244
v -0.00646779 0.00011496 -0.0010244
v -0.00651007 -9.358E-05 -0.0010244
v -0.00660103 -0.00028594 -0.0010244
v -0.00673538 -0.00045095 -0.0010244
v -0.00690532 -0.000579 -0.0010244
v -0.00710097 -0.00066267 -0.0010244
v -0.00731095 -0.00069709 -0.0010244
v -0.00752306 -0.00068025 -0.0010244
v -0.00772499 -0.00061314 -0.0010244
v -0.00790498 -0.00049966 -0.0010244
v -0.00805259 -0.0003464 -0.0010244
v -0.00654904 0.00078662 -0.00095665
v -0.00671627 0.00096026 -0.00095665
v -0.0069202 0.00108883 -0.00095665
v -0.00714897 0.00116486 -0.00095665
v -0.00738929 0.00118394 -0.00095665
v -0.00762719 0.00114494 -0.00095665
v -0.00784884 0.00105015 -0.00095665
v -0.00804137 0.00090507 -0.00095665
v -0.00819359 0.00071813 -0.00095665
v -0.00829664 0.00050019 -0.00095665
v -0.00834454 0.00026393 -0.00095665
v -0.00833451 2.306E-05 -0.00095665
v -0.00826713 -0.0002084 -0.00095665
v -0.00814631 -0.00041702 -0.00095665
v -0.00797908 -0.00059065 -0.00095665
v -0.00777515 -0.00071923 -0.00095665
v -0.00754638 -0.00079526 -0.00095665
v -0.00730606 -0.00081433 -0.00095665
v -0.00706817 -0.00077534 -0.00095665
v -0.00684651 -0.00068055 -0.00095665
v -0.00665398 -0.00053547 -0.00095665
v -0.00650177 -0.00034853 -0.00095665
v -0.00639871 -0.00013059 -0.00095665
v -0.00635081 0.00010568 -0.00095665
v -0.00636084 0.00034654 -0.00095665
v -0.00642823 0.00057801 -0.00095665
v -0.00648233 0.00068597 -0.00092955
v -0.00643493 0.00057514 -0.00092955
v -0.00638753 0.00046431 -0.00092955
v -0.00636804 0.00034536 -0.00092955
v -0.00634854 0.00022641 -0.00092955
v -0.00635808 0.00010625 -0.00092955
v -0.00636762 -1.39E-05 -0.00092955
v -0.00640563 -0.00012829 -0.00092955
v -0.00644365 -0.00024267 -0.00092955
v -0.00650794 -0.00034464 -0.00092955
v -0.00657222 -0.0004466 -0.00092955
v -0.00665904 -0.00053022 -0.00092955
v -0.00674586 -0.00061383 -0.00092955
v -0.00685016 -0.00067424 -0.00092955
v -0.00695447 -0.00073465 -0.00092955
v -0.0070702 -0.00076834 -0.00092955
v -0.00718594 -0.00080203 -0.00092955
v -0.00730637 -0.00080705 -0.00092955
v -0.0074268 -0.00081206 -0.00092955
v -0.00754493 -0.00078811 -0.00092955
v -0.00766307 -0.00076416 -0.00092955
v -0.00777203 -0.00071263 -0.00092955
v -0.007881 -0.00066111 -0.00092955
v -0.00797447 -0.000585 -0.00092955
v -0.00806795 -0.00050889 -0.00092955
v -0.00814631 -0.00041702 -0.00092955
v -0.00821303 -0.00031636 -0.00092955
v -0.00826042 -0.00020554 -0.00092955
v -0.00830782 -9.471E-05 -0.00092955
v -0.00832731 2.424E-05 -0.00092955
v -0.00834681 0.00014319 -0.00092955
v -0.00833727 0.00026335 -0.00092955
v -0.00832774 0.00038351 -0.00092955
v -0.00828972 0.00049789 -0.00092955
v -0.0082517 0.00061228 -0.00092955
v -0.00818742 0.00071424 -0.00092955
v -0.00812313 0.0008162 -0.00092955
v -0.00774088 0.00110425 -0.00092955
v -0.00803631 0.00089982 -0.00092955
v -0.00794949 0.00098343 -0.00092955
v -0.00784519 0.00104384 -0.00092955
v -0.00762515 0.00113794 -0.00092955
v -0.00750942 0.00117163 -0.00092955
v -0.00738898 0.00117665 -0.00092955
v -0.00726855 0.00118167 -0.00092955
v -0.00715042 0.00115771 -0.00092955
v -0.00703229 0.00113376 -0.00092955
v -0.00692332 0.00108224 -0.00092955
v -0.00681435 0.00103071 -0.00092955
v -0.00672088 0.0009546 -0.00092955
v -0.00662741 0.0008785 -0.00092955
v -0.00655487 0.00078223 -0.00092955
v -0.00778681 0.00094304 -0.0008618
v -0.00787887 0.00088972 -0.0008618
v -0.0079555 0.00081591 -0.0008618
v -0.00803214 0.00074211 -0.0008618
v -0.00808888 0.00065211 -0.0008618
v -0.00814562 0.00056211 -0.0008618
v -0.00817917 0.00046115 -0.0008618
v -0.00821273 0.00036019 -0.0008618
v -0.00822115 0.00025413 -0.0008618
v -0.00822957 0.00014807 -0.0008618
v -0.00821236 4.308E-05 -0.0008618
v -0.00819515 -6.191E-05 -0.0008618
v -0.00815332 -0.00015973 -0.0008618
v -0.00811148 -0.00025755 -0.0008618
v -0.00804745 -0.00034252 -0.0008618
v -0.00798342 -0.00042749 -0.0008618
v -0.00790092 -0.00049467 -0.0008618
v -0.00781842 -0.00056184 -0.0008618
v -0.00772224 -0.00060732 -0.0008618
v -0.00762606 -0.0006528 -0.0008618
v -0.00752179 -0.00067394 -0.0008618
v -0.00741752 -0.00069508 -0.0008618
v -0.00731122 -0.00069066 -0.0008618
v -0.00720492 -0.00068623 -0.0008618
v -0.00710276 -0.00065649 -0.0008618
v -0.00700061 -0.00062676 -0.0008618
v -0.00690855 -0.00057343 -0.0008618
v -0.00681648 -0.00052011 -0.0008618
v -0.00673985 -0.00044631 -0.0008618
v -0.00666322 -0.00037251 -0.0008618
v -0.00660648 -0.00028251 -0.0008618
v -0.00654973 -0.00019251 -0.0008618
v -0.00651618 -9.155E-05 -0.0008618
v -0.00648262 9.41E-06 -0.0008618
v -0.00647421 0.00011547 -0.0008618
v -0.00646579 0.00022153 -0.0008618
v -0.006483 0.00032652 -0.0008618
v -0.0065002 0.00043151 -0.0008618
v -0.00654204 0.00052933 -0.0008618
v -0.00658387 0.00062716 -0.0008618
v -0.00664276 0.000716 -0.0008618
v -0.00671193 0.00079709 -0.0008618
v -0.00679443 0.00086427 -0.0008618
v -0.00687693 0.00093145 -0.0008618
v -0.00697311 0.00097693 -0.0008618
v -0.0070693 0.00102241 -0.0008618
v -0.00717357 0.00104355 -0.0008618
v -0.00727784 0.00106469 -0.0008618
v -0.00738414 0.00106026 -0.0008618
v -0.00749044 0.00105583 -0.0008618
v -0.00759259 0.0010261 -0.0008618
v -0.00769474 0.00099636 -0.0008618
v -0.00804137 0.00090507 -0.00079405
v -0.00636084 0.00034654 -0.00079405
v -0.00635081 0.00010568 -0.00079405
v -0.00642823 0.00057801 -0.00079405
v -0.00639871 -0.00013059 -0.00079405
v -0.00650177 -0.00034853 -0.00079405
v -0.00665398 -0.00053547 -0.00079405
v -0.00684651 -0.00068055 -0.00079405
v -0.00706817 -0.00077534 -0.00079405
v -0.00730606 -0.00081433 -0.00079405
v -0.00754638 -0.00079526 -0.00079405
v -0.00777515 -0.00071923 -0.00079405
v -0.00797908 -0.00059065 -0.00079405
v -0.00814631 -0.00041702 -0.00079405
v -0.00826713 -0.0002084 -0.00079405
v -0.00833451 2.306E-05 -0.00079405
v -0.00834454 0.00026393 -0.00079405
v -0.00829664 0.00050019 -0.00079405
v -0.00819359 0.00071813 -0.00079405
v -0.00784884 0.00105015 -0.00079405
v -0.00762719 0.00114494 -0.00079405
v -0.00738929 0.00118394 -0.00079405
v -0.00714897 0.00116486 -0.00079405
v -0.0069202 0.00108883 -0.00079405
v -0.00671627 0.00096026 -0.00079405
v -0.00654904 0.00078662 -0.00079405
v -0.00654904 0.00078662 -0.00076695
v -0.00671627 0.00096026 -0.00076695
v -0.0069202 0.00108883 -0.00076695
v -0.00714897 0.00116486 -0.00076695
v -0.00738929 0.00118394 -0.00076695
v -0.00762719 0.00114494 -0.00076695
v -0.00784884 0.00105015 -0.00076695
v -0.00804137 0.00090507 -0.00076695
v -0.00819359 0.00071813 -0.00076695
v -0.00829664 0.00050019 -0.00076695
v -0.00834454 0.00026393 -0.00076695
v -0.00833451 2.306E-05 -0.00076695
v -0.00826713 -0.0002084 -0.00076695
v -0.00814631 -0.00041702 -0.00076695
v -0.00797908 -0.00059065 -0.00076695
v -0.00777515 -0.00071923 -0.00076695
v -0.00754638 -0.00079526 -0.00076695
v -0.00730606 -0.00081433 -0.00076695
v -0.00706817 -0.00077534 -0.00076695
v -0.00684651 -0.00068055 -0.00076695
v -0.00665398 -0.00053547 -0.00076695
v -0.00650177 -0.00034853 -0.00076695
v -0.00639871 -0.00013059 -0.00076695
v -0.00635081 0.00010568 -0.00076695
v -0.00636084 0.00034654 -0.00076695
v -0.00642823 0.00057801 -0.00076695
v -0.00815923 -0.00016226 -0.0006992
v -0.00821871 4.204E-05 -0.0006992
v -0.00822756 0.00025464 -0.0006992
v -0.00818528 0.00046318 -0.0006992
v -0.00809432 0.00065554 -0.0006992
v -0.00795997 0.00082055 -0.0006992
v -0.00779003 0.00094861 -0.0006992
v -0.00759439 0.00103227 -0.0006992
v -0.00738441 0.00106669 -0.0006992
v -0.00717229 0.00104985 -0.0006992
v -0.00697036 0.00098274 -0.0006992
v -0.00679037 0.00086926 -0.0006992
v -0.00664276 0.000716 -0.0006992
v -0.00653612 0.00053187 -0.0006992
v -0.00647664 0.00032756 -0.0006992
v -0.00646779 0.00011496 -0.0006992
v -0.00651007 -9.358E-05 -0.0006992
v -0.00660103 -0.00028594 -0.0006992
v -0.00673538 -0.00045095 -0.0006992
v -0.00690532 -0.000579 -0.0006992
v -0.00710097 -0.00066267 -0.0006992
v -0.00731095 -0.00069709 -0.0006992
v -0.00752306 -0.00068025 -0.0006992
v -0.00772499 -0.00061314 -0.0006992
v -0.00790498 -0.00049966 -0.0006992
v -0.00805259 -0.0003464 -0.0006992
v -0.00654904 0.00078662 -0.00063145
v -0.00671627 0.00096026 -0.00063145
v -0.0069202 0.00108883 -0.00063145
v -0.00714897 0.00116486 -0.00063145
v -0.00738929 0.00118394 -0.00063145
v -0.00762719 0.00114494 -0.00063145
v -0.00784884 0.00105015 -0.00063145
v -0.00804137 0.00090507 -0.00063145
v -0.00819359 0.00071813 -0.00063145
v -0.00829664 0.00050019 -0.00063145
v -0.00834454 0.00026393 -0.00063145
v -0.00833451 2.306E-05 -0.00063145
v -0.00826713 -0.0002084 -0.00063145
v -0.00814631 -0.00041702 -0.00063145
v -0.00797908 -0.00059065 -0.00063145
v -0.00777515 -0.00071923 -0.00063145
v -0.00754638 -0.00079526 -0.00063145
v -0.00730606 -0.00081433 -0.00063145
v -0.00706817 -0.00077534 -0.00063145
v -0.00684651 -0.00068055 -0.00063145
v -0.00665398 -0.00053547 -0.00063145
v -0.00650177 -0.00034853 -0.00063145
v -0.00639871 -0.00013059 -0.00063145
v -0.00635081 0.00010568 -0.00063145
v -0.00636084 0.00034654 -0.00063145
v -0.00642823 0.00057801 -0.00063145
v -0.00654904 0.00078662 -0.00060435
v -0.00671627 0.00096026 -0.00060435
v -0.0069202 0.00108883 -0.00060435
v -0.00714897 0.00116486 -0.00060435
v -0.00738929 0.00118394 -0.00060435
v -0.00762719 0.00114494 -0.00060435
v -0.00784884 0.00105015 -0.00060435
v -0.00804137 0.00090507 -0.00060435
v -0.00819359 0.00071813 -0.00060435
v -0.00829664 0.00050019 -0.00060435
v -0.00834454 0.00026393 -0.00060435
v -0.00833451 2.306E-05 -0.00060435
v -0.00826713 -0.0002084 -0.00060435
v -0.00814631 -0.00041702 -0.00060435
v -0.00797908 -0.00059065 -0.00060435
v -0.00777515 -0.00071923 -0.00060435
v -0.00754638 -0.00079526 -0.00060435
v -0.00730606 -0.00081433 -0.00060435
v -0.00706817 -0.00077534 -0.00060435
v -0.00684651 -0.00068055 -0.00060435
v -0.00665398 -0.00053547 -0.00060435
v -0.00650177 -0.00034853 -0.00060435
v -0.00639871 -0.00013059 -0.00060435
v -0.00635081 0.00010568 -0.00060435
v -0.00636084 0.00034654 -0.00060435
v -0.00642823 0.00057801 -0.00060435
v -0.00815923 -0.00016226 -0.0005366
v -0.00821871 4.204E-05 -0.0005366
v -0.00822756 0.00025464 -0.0005366
v -0.00818528 0.00046318 -0.0005366
v -0.00809432 0.00065554 -0.0005366
v -0.00795997 0.00082055 -0.0005366
v -0.00779003 0.00094861 -0.0005366
v -0.00759439 0.00103227 -0.0005366
v -0.00738441 0.00106669 -0.0005366
v -0.00717229 0.00104985 -0.0005366
v -0.00697036 0.00098274 -0.0005366
v -0.00679037 0.00086926 -0.0005366
v -0.00664276 0.000716 -0.0005366
v -0.00653612 0.00053187 -0.0005366
v -0.00647664 0.00032756 -0.0005366
v -0.00646779 0.00011496 -0.0005366
v -0.00651007 -9.358E-05 -0.0005366
v -0.00660103 -0.00028594 -0.0005366
v -0.00673538 -0.00045095 -0.0005366
v -0.00690532 -0.000579 -0.0005366
v -0.00710097 -0.00066267 -0.0005366
v -0.00731095 -0.00069709 -0.0005366
v -0.00752306 -0.00068025 -0.0005366
v -0.00772499 -0.00061314 -0.0005366
v -0.00790498 -0.00049966 -0.0005366
v -0.00805259 -0.0003464 -0.0005366
v -0.00654904 0.00078662 -0.00046885
v -0.00671627 0.00096026 -0.00046885
v -0.0069202 0.00108883 -0.00046885
v -0.00714897 0.00116486 -0.00046885
v -0.00738929 0.00118394 -0.00046885
v -0.00762719 0.00114494 -0.00046885
v -0.00784884 0.00105015 -0.00046885
v -0.00804137 0.00090507 -0.00046885
v -0.00819359 0.00071813 -0.00046885
v -0.00829664 0.00050019 -0.00046885
v -0.00834454 0.00026393 -0.00046885
v -0.00833451 2.306E-05 -0.00046885
v -0.00826713 -0.0002084 -0.00046885
v -0.00814631 -0.00041702 -0.00046885
v -0.00797908 -0.00059065 -0.00046885
v -0.00777515 -0.00071923 -0.00046885
v -0.00754638 -0.00079526 -0.00046885
v -0.00730606 -0.00081433 -0.00046885
v -0.00706817 -0.00077534 -0.00046885
v -0.00684651 -0.00068055 -0.00046885
v -0.00665398 -0.00053547 -0.00046885
v -0.00650177 -0.00034853 -0.00046885
v -0.00639871 -0.00013059 -0.00046885
v -0.00635081 0.00010568 -0.00046885
v -0.00636084 0.00034654 -0.00046885
v -0.00642823 0.00057801 -0.00046885
v -0.00654904 0.00078662 -0.00044175
v -0.00671627 0.00096026 -0.00044175
v -0.0069202 0.00108883 -0.00044175
v -0.00714897 0.00116486 -0.00044175
v -0.00738929 0.00118394 -0.00044175
v -0.00762719 0.00114494 -0.00044175
v -0.00784884 0.00105015 -0.00044175
v -0.00804137 0.00090507 -0.00044175
v -0.00819359 0.00071813 -0.00044175
v -0.00829664 0.00050019 -0.00044175
v -0.00834454 0.00026393 -0.00044175
v -0.00833451 2.306E-05 -0.00044175
v -0.00826713 -0.0002084 -0.00044175
v -0.00814631 -0.00041702 -0.00044175
v -0.00797908 -0.00059065 -0.00044175
v -0.00777515 -0.00071923 -0.00044175
v -0.00754638 -0.00079526 -0.00044175
v -0.00730606 -0.00081433 -0.00044175
v -0.00706817 -0.00077534 -0.00044175
v -0.00684651 -0.00068055 -0.00044175
v -0.00665398 -0.00053547 -0.00044175
v -0.00650177 -0.00034853 -0.00044175
v -0.00639871 -0.00013059 -0.00044175
v -0.00635081 0.00010568 -0.00044175
v -0.00636084 0.00034654 -0.00044175
v -0.00642823 0.00057801 -0.00044175
v -0.00790498 -0.00049966 -0.000374
v -0.00752306 -0.00068025 -0.000374
v -0.00762403 -0.0006467 -0.000374
v -0.00772499 -0.00061314 -0.000374
v -0.00781499 -0.0005564 -0.000374
v -0.00710097 -0.00066267 -0.000374
v -0.00720596 -0.00067988 -0.000374
v -0.00731095 -0.00069709 -0.000374
v -0.00741701 -0.00068867 -0.000374
v -0.00673538 -0.00045095 -0.000374
v -0.00682035 -0.00051498 -0.000374
v -0.00690532 -0.000579 -0.000374
v -0.00700314 -0.00062084 -0.000374
v -0.00651007 -9.358E-05 -0.000374
v -0.00655555 -0.00018976 -0.000374
v -0.00660103 -0.00028594 -0.000374
v -0.00666821 -0.00036844 -0.000374
v -0.00647664 0.00032756 -0.000374
v -0.00647222 0.00022126 -0.000374
v -0.00646779 0.00011496 -0.000374
v -0.00648893 1.069E-05 -0.000374
v -0.00664276 0.000716 -0.000374
v -0.00658944 0.00062393 -0.000374
v -0.00653612 0.00053187 -0.000374
v -0.00650638 0.00042971 -0.000374
v -0.00697036 0.00098274 -0.000374
v -0.00688037 0.000926 -0.000374
v -0.00679037 0.00086926 -0.000374
v -0.00671656 0.00079263 -0.000374
v -0.00738441 0.00106669 -0.000374
v -0.00727835 0.00105827 -0.000374
v -0.00717229 0.00104985 -0.000374
v -0.00707133 0.0010163 -0.000374
v -0.00779003 0.00094861 -0.000374
v -0.00769221 0.00099044 -0.000374
v -0.00759439 0.00103227 -0.000374
v -0.0074894 0.00104948 -0.000374
v -0.00809432 0.00065554 -0.000374
v -0.00802714 0.00073805 -0.000374
v -0.00795997 0.00082055 -0.000374
v -0.007875 0.00088458 -0.000374
v -0.00822756 0.00025464 -0.000374
v -0.00820642 0.00035891 -0.000374
v -0.00818528 0.00046318 -0.000374
v -0.0081398 0.00055936 -0.000374
v -0.00815923 -0.00016226 -0.000374
v -0.00818897 -6.011E-05 -0.000374
v -0.00821871 4.204E-05 -0.000374
v -0.00822314 0.00014834 -0.000374
v -0.00797879 -0.00042303 -0.000374
v -0.00805259 -0.0003464 -0.000374
v -0.00810591 -0.00025433 -0.000374
v -0.00665904 -0.00053022 -0.00030625
v -0.00674586 -0.00061383 -0.00030625
v -0.00685016 -0.00067424 -0.00030625
v -0.00695447 -0.00073465 -0.00030625
v -0.0070702 -0.00076834 -0.00030625
v -0.00718594 -0.00080203 -0.00030625
v -0.00730637 -0.00080705 -0.00030625
v -0.0074268 -0.00081206 -0.00030625
v -0.00754493 -0.00078811 -0.00030625
v -0.00766307 -0.00076416 -0.00030625
v -0.00777203 -0.00071263 -0.00030625
v -0.007881 -0.00066111 -0.00030625
v -0.00797447 -0.000585 -0.00030625
v -0.00806795 -0.00050889 -0.00030625
v -0.00814049 -0.00041263 -0.00030625
v -0.00821303 -0.00031636 -0.00030625
v -0.00826042 -0.00020554 -0.00030625
v -0.00830782 -9.471E-05 -0.00030625
v -0.00832731 2.424E-05 -0.00030625
v -0.00834681 0.00014319 -0.00030625
v -0.00833727 0.00026335 -0.00030625
v -0.00832774 0.00038351 -0.00030625
v -0.00828972 0.00049789 -0.00030625
v -0.0082517 0.00061228 -0.00030625
v -0.00818742 0.00071424 -0.00030625
v -0.00812313 0.0008162 -0.00030625
v -0.00803631 0.00089982 -0.00030625
v -0.00794949 0.00098343 -0.00030625
v -0.00784519 0.00104384 -0.00030625
v -0.00774088 0.00110425 -0.00030625
v -0.00762515 0.00113794 -0.00030625
v -0.00750942 0.00117163 -0.00030625
v -0.00738898 0.00117665 -0.00030625
v -0.00726855 0.00118167 -0.00030625
v -0.00715042 0.00115771 -0.00030625
v -0.00703229 0.00113376 -0.00030625
v -0.00692332 0.00108224 -0.00030625
v -0.00681435 0.00103071 -0.00030625
v -0.00672088 0.0009546 -0.00030625
v -0.00662741 0.0008785 -0.00030625
v -0.00654904 0.00078662 -0.00030625
v -0.00648233 0.00068597 -0.00030625
v -0.00643493 0.00057514 -0.00030625
v -0.00638753 0.00046431 -0.00030625
v -0.00636804 0.00034536 -0.00030625
v -0.00634854 0.00022641 -0.00030625
v -0.00635808 0.00010625 -0.00030625
v -0.00636762 -1.39E-05 -0.00030625
v -0.00640563 -0.00012829 -0.00030625
v -0.00644365 -0.00024267 -0.00030625
v -0.00650794 -0.00034464 -0.00030625
v -0.00657222 -0.0004466 -0.00030625
v -0.00654904 0.00078662 -0.00027915
v -0.00642823 0.00057801 -0.00027915
v -0.00636084 0.00034654 -0.00027915
v -0.00635081 0.00010568 -0.00027915
v -0.00639871 -0.00013059 -0.00027915
v -0.00650177 -0.00034853 -0.00027915
v -0.00665398 -0.00053547 -0.00027915
v -0.00684651 -0.00068055 -0.00027915
v -0.00706817 -0.00077534 -0.00027915
v -0.00730606 -0.00081433 -0.00027915
v -0.00754638 -0.00079526 -0.00027915
v -0.00777515 -0.00071923 -0.00027915
v -0.00797908 -0.00059065 -0.00027915
v -0.00814631 -0.00041702 -0.00027915
v -0.00826713 -0.0002084 -0.00027915
v -0.00833451 2.306E-05 -0.00027915
v -0.00834454 0.00026393 -0.00027915
v -0.00829664 0.00050019 -0.00027915
v -0.00819359 0.00071813 -0.00027915
v -0.00804137 0.00090507 -0.00027915
v -0.00784884 0.00105015 -0.00027915
v -0.00762719 0.00114494 -0.00027915
v -0.00738929 0.00118394 -0.00027915
v -0.00714897 0.00116486 -0.00027915
v -0.0069202 0.00108883 -0.00027915
v -0.00671627 0.00096026 -0.00027915
v -0.00815923 -0.00016226 -0.0002114
v -0.00821871 4.204E-05 -0.0002114
v -0.00822756 0.00025464 -0.0002114
v -0.00818528 0.00046318 -0.0002114
v -0.00809432 0.00065554 -0.0002114
v -0.00795997 0.00082055 -0.0002114
v -0.00779003 0.00094861 -0.0002114
v -0.00759439 0.00103227 -0.0002114
v -0.00738441 0.00106669 -0.0002114
v -0.00717229 0.00104985 -0.0002114
v -0.00697036 0.00098274 -0.0002114
v -0.00679037 0.00086926 -0.0002114
v -0.00664276 0.000716 -0.0002114
v -0.00653612 0.00053187 -0.0002114
v -0.00647664 0.00032756 -0.0002114
v -0.00646779 0.00011496 -0.0002114
v -0.00651007 -9.358E-05 -0.0002114
v -0.00660103 -0.00028594 -0.0002114
v -0.00673538 -0.00045095 -0.0002114
v -0.00690532 -0.000579 -0.0002114
v -0.00710097 -0.00066267 -0.0002114
v -0.00731095 -0.00069709 -0.0002114
v -0.00752306 -0.00068025 -0.0002114
v -0.00772499 -0.00061314 -0.0002114
v -0.00790498 -0.00049966 -0.0002114
v -0.00805259 -0.0003464 -0.0002114
v -0.00654904 0.00078662 -0.00014365
v -0.00671627 0.00096026 -0.00014365
v -0.0069202 0.00108883 -0.00014365
v -0.00714897 0.00116486 -0.00014365
v -0.00738929 0.00118394 -0.00014365
v -0.00762719 0.00114494 -0.00014365
v -0.00784884 0.00105015 -0.00014365
v -0.00804137 0.00090507 -0.00014365
v -0.00819359 0.00071813 -0.00014365
v -0.00829664 0.00050019 -0.00014365
v -0.00834454 0.00026393 -0.00014365
v -0.00833451 2.306E-05 -0.00014365
v -0.00826713 -0.0002084 -0.00014365
v -0.00814631 -0.00041702 -0.00014365
v -0.00797908 -0.00059065 -0.00014365
v -0.00777515 -0.00071923 -0.00014365
v -0.00754638 -0.00079526 -0.00014365
v -0.00730606 -0.00081433 -0.00014365
v -0.00706817 -0.00077534 -0.00014365
v -0.00684651 -0.00068055 -0.00014365
v -0.00665398 -0.00053547 -0.00014365
v -0.00650177 -0.00034853 -0.00014365
v -0.00639871 -0.00013059 -0.00014365
v -0.00635081 0.00010568 -0.00014365
v -0.00636084 0.00034654 -0.00014365
v -0.00642823 0.00057801 -0.00014365
v -0.00654904 0.00078662 -0.00011655
v -0.00671627 0.00096026 -0.00011655
v -0.0069202 0.00108883 -0.00011655
v -0.00714897 0.00116486 -0.00011655
v -0.00738929 0.00118394 -0.00011655
v -0.00762719 0.00114494 -0.00011655
v -0.00784884 0.00105015 -0.00011655
v -0.00804137 0.00090507 -0.00011655
v -0.00819359 0.00071813 -0.00011655
v -0.00829664 0.00050019 -0.00011655
v -0.00834454 0.00026393 -0.00011655
v -0.00833451 2.306E-05 -0.00011655
v -0.00826713 -0.0002084 -0.00011655
v -0.00814631 -0.00041702 -0.00011655
v -0.00797908 -0.00059065 -0.00011655
v -0.00777515 -0.00071923 -0.00011655
v -0.00754638 -0.00079526 -0.00011655
v -0.00730606 -0.00081433 -0.00011655
v -0.00706817 -0.00077534 -0.00011655
v -0.00684651 -0.00068055 -0.00011655
v -0.00665398 -0.00053547 -0.00011655
v -0.00650177 -0.00034853 -0.00011655
v -0.00639871 -0.00013059 -0.00011655
v -0.00635081 0.00010568 -0.00011655
v -0.00636084 0.00034654 -0.00011655
v -0.00642823 0.00057801 -0.00011655
v -0.00815923 -0.00016226 -4.88E-05
v -0.00821871 4.204E-05 -4.88E-05
v -0.00822756 0.00025464 -4.88E-05
v -0.00818528 0.00046318 -4.88E-05
v -0.00809432 0.00065554 -4.88E-05
v -0.00795997 0.00082055 -4.88E-05
v -0.00779003 0.00094861 -4.88E-05
v -0.00759439 0.00103227 -4.88E-05
v -0.00738441 0.00106669 -4.88E-05
v -0.00717229 0.00104985 -4.88E-05
v -0.00697036 0.00098274 -4.88E-05
v -0.00679037 0.00086926 -4.88E-05
v -0.00664276 0.000716 -4.88E-05
v -0.00653612 0.00053187 -4.88E-05
v -0.00647664 0.00032756 -4.88E-05
v -0.00646779 0.00011496 -4.88E-05
v -0.00651007 -9.358E-05 -4.88E-05
v -0.00660103 -0.00028594 -4.88E-05
v -0.00673538 -0.00045095 -4.88E-05
v -0.00690532 -0.000579 -4.88E-05
v -0.00710097 -0.00066267 -4.88E-05
v -0.00731095 -0.00069709 -4.88E-05
v -0.00752306 -0.00068025 -4.88E-05
v -0.00772499 -0.00061314 -4.88E-05
v -0.00790498 -0.00049966 -4.88E-05
v -0.00805259 -0.0003464 -4.88E-05
v -0.00654904 0.00078662 1.895E-05
v -0.00671627 0.00096026 1.895E-05
v -0.0069202 0.00108883 1.895E-05
v -0.00714897 0.00116486 1.895E-05
v -0.00738929 0.00118394 1.895E-05
v -0.00762719 0.00114494 1.895E-05
v -0.00784884 0.00105015 1.895E-05
v -0.00804137 0.00090507 1.895E-05
v -0.00819359 0.00071813 1.895E-05
v -0.00829664 0.00050019 1.895E-05
v -0.00834454 0.00026393 1.895E-05
v -0.00833451 2.306E-05 1.895E-05
v -0.00826713 -0.0002084 1.895E-05
v -0.00814631 -0.00041702 1.895E-05
v -0.00797908 -0.00059065 1.895E-05
v -0.00777515 -0.00071923 1.895E-05
v -0.00754638 -0.00079526 1.895E-05
v -0.00730606 -0.00081433 1.895E-05
v -0.00706817 -0.00077534 1.895E-05
v -0.00684651 -0.00068055 1.895E-05
v -0.00665398 -0.00053547 1.895E-05
v -0.00650177 -0.00034853 1.895E-05
v -0.00639871 -0.00013059 1.895E-05
v -0.00635081 0.00010568 1.895E-05
v -0.00636084 0.00034654 1.895E-05
v -0.00642823 0.00057801 1.895E-05
v -0.00654904 0.00078662 4.605E-05
v -0.00671627 0.00096026 4.605E-05
v -0.0069202 0.00108883 4.605E-05
v -0.00714897 0.00116486 4.605E-05
v -0.00738929 0.00118394 4.605E-05
v -0.00762719 0.00114494 4.605E-05
v -0.00784884 0.00105015 4.605E-05
v -0.00804137 0.00090507 4.605E-05
v -0.00819359 0.00071813 4.605E-05
v -0.00829664 0.00050019 4.605E-05
v -0.00834454 0.00026393 4.605E-05
v -0.00833451 2.306E-05 4.605E-05
v -0.00826713 -0.0002084 4.605E-05
v -0.00814631 -0.00041702 4.605E-05
v -0.00797908 -0.00059065 4.605E-05
v -0.00777515 -0.00071923 4.605E-05
v -0.00754638 -0.00079526 4.605E-05
v -0.00730606 -0.00081433 4.605E-05
v -0.00706817 -0.00077534 4.605E-05
v -0.00684651 -0.00068055 4.605E-05
v -0.00665398 -0.00053547 4.605E-05
v -0.00650177 -0.00034853 4.605E-05
v -0.00639871 -0.00013059 4.605E-05
v -0.00635081 0.00010568 4.605E-05
v -0.00636084 0.00034654 4.605E-05
v -0.00642823 0.00057801 4.605E-05
v -0.00815923 -0.00016226 0.0001138
v -0.00821871 4.204E-05 0.0001138
v -0.00822756 0.00025464 0.0001138
v -0.00818528 0.00046318 0.0001138
v -0.00809432 0.00065554 0.0001138
v -0.00795997 0.00082055 0.0001138
v -0.00779003 0.00094861 0.0001138
v -0.00759439 0.00103227 0.0001138
v -0.00738441 0.00106669 0.0001138
v -0.00717229 0.00104985 0.0001138
v -0.00697036 0.00098274 0.0001138
v -0.00679037 0.00086926 0.0001138
v -0.00664276 0.000716 0.0001138
v -0.00653612 0.00053187 0.0001138
v -0.00647664 0.00032756 0.0001138
v -0.00646779 0.00011496 0.0001138
v -0.00651007 -9.358E-05 0.0001138
v -0.00660103 -0.00028594 0.0001138
v -0.00673538 -0.00045095 0.0001138
v -0.00690532 -0.000579 0.0001138
v -0.00710097 -0.00066267 0.0001138
v -0.00731095 -0.00069709 0.0001138
v -0.00752306 -0.00068025 0.0001138
v -0.00772499 -0.00061314 0.0001138
v -0.00790498 -0.00049966 0.0001138
v -0.00805259 -0.0003464 0.0001138
v -0.00654904 0.00078662 0.00018155
v -0.00671627 0.00096026 0.00018155
v -0.0069202 0.00108883 0.00018155
v -0.00714897 0.00116486 0.00018155
v -0.00738929 0.00118394 0.00018155
v -0.00762719 0.00114494 0.00018155
v -0.00784884 0.00105015 0.00018155
v -0.00804137 0.00090507 0.00018155
v -0.00819359 0.00071813 0.00018155
v -0.00829664 0.00050019 0.00018155
v -0.00834454 0.00026393 0.00018155
v -0.00833451 2.306E-05 0.00018155
v -0.00826713 -0.0002084 0.00018155
v -0.00814631 -0.00041702 0.00018155
v -0.00797908 -0.00059065 0.00018155
v -0.00777515 -0.00071923 0.00018155
v -0.00754638 -0.00079526 0.00018155
v -0.00730606 -0.00081433 0.00018155
v -0.00706817 -0.00077534 0.00018155
v -0.00684651 -0.00068055 0.00018155
v -0.00665398 -0.00053547 0.00018155
v -0.00650177 -0.00034853 0.00018155
v -0.00639871 -0.00013059 0.00018155
v -0.00635081 0.00010568 0.00018155
v -0.00636084 0.00034654 0.00018155
v -0.00642823 0.00057801 0.00018155
v -0.00654904 0.00078662 0.00020865
v -0.00671627 0.00096026 0.00020865
v -0.0069202 0.00108883 0.00020865
v -0.00714897 0.00116486 0.00020865
v -0.00738929 0.00118394 0.00020865
v -0.00762719 0.00114494 0.00020865
v -0.00784884 0.00105015 0.00020865
v -0.00804137 0.00090507 0.00020865
v -0.00819359 0.00071813 0.00020865
v -0.00829664 0.00050019 0.00020865
v -0.00834454 0.00026393 0.00020865
v -0.00833451 2.306E-05 0.00020865
v -0.00826713 -0.0002084 0.00020865
v -0.00814631 -0.00041702 0.00020865
v -0.00797908 -0.00059065 0.00020865
v -0.00777515 -0.00071923 0.00020865
v -0.00754638 -0.00079526 0.00020865
v -0.00730606 -0.00081433 0.00020865
v -0.00706817 -0.00077534 0.00020865
v -0.00684651 -0.00068055 0.00020865
v -0.00665398 -0.00053547 0.00020865
v -0.00650177 -0.00034853 0.00020865
v -0.00639871 -0.00013059 0.00020865
v -0.00635081 0.00010568 0.00020865
v -0.00636084 0.00034654 0.00020865
v -0.00642823 0.00057801 0.00020865
v -0.00815923 -0.00016226 0.0002764
v -0.00821871 4.204E-05 0.0002764
v -0.00822756 0.00025464 0.0002764
v -0.00818528 0.00046318 0.0002764
v -0.00809432 0.00065554 0.0002764
v -0.00795997 0.00082055 0.0002764
v -0.00779003 0.00094861 0.0002764
v -0.00759439 0.00103227 0.0002764
v -0.00738441 0.00106669 0.0002764
v -0.00717229 0.00104985 0.0002764
v -0.00697036 0.00098274 0.0002764
v -0.00679037 0.00086926 0.0002764
v -0.00664276 0.000716 0.0002764
v -0.00653612 0.00053187 0.0002764
v -0.00647664 0.00032756 0.0002764
v -0.00646779 0.00011496 0.0002764
v -0.00651007 -9.358E-05 0.0002764
v -0.00660103 -0.00028594 0.0002764
v -0.00673538 -0.00045095 0.0002764
v -0.00690532 -0.000579 0.0002764
v -0.00710097 -0.00066267 0.0002764
v -0.00731095 -0.00069709 0.0002764
v -0.00752306 -0.00068025 0.0002764
v -0.00772499 -0.00061314 0.0002764
v -0.00790498 -0.00049966 0.0002764
v -0.00805259 -0.0003464 0.0002764
v -0.00654904 0.00078662 0.00034415
v -0.00671627 0.00096026 0.00034415
v -0.0069202 0.00108883 0.00034415
v -0.00714897 0.00116486 0.00034415
v -0.00738929 0.00118394 0.00034415
v -0.00762719 0.00114494 0.00034415
v -0.00784884 0.00105015 0.00034415
v -0.00804137 0.00090507 0.00034415
v -0.00819359 0.00071813 0.00034415
v -0.00829664 0.00050019 0.00034415
v -0.00834454 0.00026393 0.00034415
v -0.00833451 2.306E-05 0.00034415
v -0.00826713 -0.0002084 0.00034415
v -0.00814631 -0.00041702 0.00034415
v -0.00797908 -0.00059065 0.00034415
v -0.00777515 -0.00071923 0.00034415
v -0.00754638 -0.00079526 0.00034415
v -0.00730606 -0.00081433 0.00034415
v -0.00706817 -0.00077534 0.00034415
v -0.00684651 -0.00068055 0.00034415
v -0.00665398 -0.00053547 0.00034415
v -0.00650177 -0.00034853 0.00034415
v -0.00639871 -0.00013059 0.00034415
v -0.00635081 0.00010568 0.00034415
v -0.00636084 0.00034654 0.00034415
v -0.00642823 0.00057801 0.00034415
v -0.00654904 0.00078662 0.00037125
v -0.00671627 0.00096026 0.00037125
v -0.0069202 0.00108883 0.00037125
v -0.00714897 0.00116486 0.00037125
v -0.00738929 0.00118394 0.00037125
v -0.00762719 0.00114494 0.00037125
v -0.00784884 0.00105015 0.00037125
v -0.00804137 0.00090507 0.00037125
v -0.00819359 0.00071813 0.00037125
v -0.00829664 0.00050019 0.00037125
v -0.00834454 0.00026393 0.00037125
v -0.00833451 2.306E-05 0.00037125
v -0.00826713 -0.0002084 0.00037125
v -0.00814631 -0.00041702 0.00037125
v -0.00797908 -0.00059065 0.00037125
v -0.00777515 -0.00071923 0.00037125
v -0.00754638 -0.00079526 0.00037125
v -0.00730606 -0.00081433 0.00037125
v -0.00706817 -0.00077534 0.00037125
v -0.00684651 -0.00068055 0.00037125
v -0.00665398 -0.00053547 0.00037125
v -0.00650177 -0.00034853 0.00037125
v -0.00639871 -0.00013059 0.00037125
v -0.00635081 0.00010568 0.00037125
v -0.00636084 0.00034654 0.00037125
v -0.00642823 0.00057801 0.00037125
v -0.00815923 -0.00016226 0.000439
v -0.00821871 4.204E-05 0.000439
v -0.00822756 0.00025464 0.000439
v -0.00818528 0.00046318 0.000439
v -0.00809432 0.00065554 0.000439
v -0.00795997 0.00082055 0.000439
v -0.00779003 0.00094861 0.000439
v -0.00759439 0.00103227 0.000439
v -0.00738441 0.00106669 0.000439
v -0.00717229 0.00104985 0.000439
v -0.00697036 0.00098274 0.000439
v -0.00679037 0.00086926 0.000439
v -0.00664276 0.000716 0.000439
v -0.00653612 0.00053187 0.000439
v -0.00647664 0.00032756 0.000439
v -0.00646779 0.00011496 0.000439
v -0.00651007 -9.358E-05 0.000439
v -0.00660103 -0.00028594 0.000439
v -0.00673538 -0.00045095 0.000439
v -0.00690532 -0.000579 0.000439
v -0.00710097 -0.00066267 0.000439
v -0.00731095 -0.00069709 0.000439
v -0.00752306 -0.00068025 0.000439
v -0.00772499 -0.00061314 0.000439
v -0.00790498 -0.00049966 0.000439
v -0.00805259 -0.0003464 0.000439
v -0.00654904 0.00078662 0.00050675
v -0.00671627 0.00096026 0.00050675
v -0.0069202 0.00108883 0.00050675
v -0.00714897 0.00116486 0.00050675
v -0.00738929 0.00118394 0.00050675
v -0.00762719 0.00114494 0.00050675
v -0.00784884 0.00105015 0.00050675
v -0.00804137 0.00090507 0.00050675
v -0.00819359 0.00071813 0.00050675
v -0.00829664 0.00050019 0.00050675
v -0.00834454 0.00026393 0.00050675
v -0.00833451 2.306E-05 0.00050675
v -0.00826713 -0.0002084 0.00050675
v -0.00814631 -0.00041702 0.00050675
v -0.00797908 -0.00059065 0.00050675
v -0.00777515 -0.00071923 0.00050675
v -0.00754638 -0.00079526 0.00050675
v -0.00730606 -0.00081433 0.00050675
v -0.00706817 -0.00077534 0.00050675
v -0.00684651 -0.00068055 0.00050675
v -0.00665398 -0.00053547 0.00050675
v -0.00650177 -0.00034853 0.00050675
v -0.00639871 -0.00013059 0.00050675
v -0.00635081 0.00010568 0.00050675
v -0.00636084 0.00034654 0.00050675
v -0.00642823 0.00057801 0.00050675
v -0.00654904 0.00078662 0.00053385
v -0.00671627 0.00096026 0.00053385
v -0.0069202 0.00108883 0.00053385
v -0.00714897 0.00116486 0.00053385
v -0.00738929 0.00118394 0.00053385
v -0.00762719 0.00114494 0.00053385
v -0.00784884 0.00105015 0.00053385
v -0.00804137 0.00090507 0.00053385
v -0.00819359 0.00071813 0.00053385
v -0.00829664 0.00050019 0.00053385
v -0.00834454 0.00026393 0.00053385
v -0.00833451 2.306E-05 0.00053385
v -0.00826713 -0.0002084 0.00053385
v -0.00814631 -0.00041702 0.00053385
v -0.00797908 -0.00059065 0.00053385
v -0.00777515 -0.00071923 0.00053385
v -0.00754638 -0.00079526 0.00053385
v -0.00730606 -0.00081433 0.00053385
v -0.00706817 -0.00077534 0.00053385
v -0.00684651 -0.00068055 0.00053385
v -0.00665398 -0.00053547 0.00053385
v -0.00650177 -0.00034853 0.00053385
v -0.00639871 -0.00013059 0.00053385
v -0.00635081 0.00010568 0.00053385
v -0.00636084 0.00034654 0.00053385
v -0.00642823 0.00057801 0.00053385
v -0.00815923 -0.00016226 0.0006016
v -0.00821871 4.204E-05 0.0006016
v -0.00822756 0.00025464 0.0006016
v -0.00818528 0.00046318 0.0006016
v -0.00809432 0.00065554 0.0006016
v -0.00795997 0.00082055 0.0006016
v -0.00779003 0.00094861 0.0006016
v -0.00759439 0.00103227 0.0006016
v -0.00738441 0.00106669 0.0006016
v -0.00717229 0.00104985 0.0006016
v -0.00697036 0.00098274 0.0006016
v -0.00679037 0.00086926 0.0006016
v -0.00664276 0.000716 0.0006016
v -0.00653612 0.00053187 0.0006016
v -0.00647664 0.00032756 0.0006016
v -0.00646779 0.00011496 0.0006016
v -0.00651007 -9.358E-05 0.0006016
v -0.00660103 -0.00028594 0.0006016
v -0.00673538 -0.00045095 0.0006016
v -0.00690532 -0.000579 0.0006016
v -0.00710097 -0.00066267 0.0006016
v -0.00731095 -0.00069709 0.0006016
v -0.00752306 -0.00068025 0.0006016
v -0.00772499 -0.00061314 0.0006016
v -0.00790498 -0.00049966 0.0006016
v -0.00805259 -0.0003464 0.0006016
v -0.00654904 0.00078662 0.00066935
v -0.00671627 0.00096026 0.00066935
v -0.0069202 0.00108883 0.00066935
v -0.00714897 0.00116486 0.00066935
v -0.00738929 0.00118394 0.00066935
v -0.00762719 0.00114494 0.00066935
v -0.00784884 0.00105015 0.00066935
v -0.00804137 0.00090507 0.00066935
v -0.00819359 0.00071813 0.00066935
v -0.00829664 0.00050019 0.00066935
v -0.00834454 0.00026393 0.00066935
v -0.00833451 2.306E-05 0.00066935
v -0.00826713 -0.0002084 0.00066935
v -0.00814631 -0.00041702 0.00066935
v -0.00797908 -0.00059065 0.00066935
v -0.00777515 -0.00071923 0.00066935
v -0.00754638 -0.00079526 0.00066935
v -0.00730606 -0.00081433 0.00066935
v -0.00706817 -0.00077534 0.00066935
v -0.00684651 -0.00068055 0.00066935
v -0.00665398 -0.00053547 0.00066935
v -0.00650177 -0.00034853 0.00066935
v -0.00639871 -0.00013059 0.00066935
v -0.00635081 0.00010568 0.00066935
v -0.00636084 0.00034654 0.00066935
v -0.00642823 0.00057801 0.00066935
v -0.00654904 0.00078662 0.00069645
v -0.00671627 0.00096026 0.00069645
v -0.0069202 0.00108883 0.00069645
v -0.00714897 0.00116486 0.00069645
v -0.00738929 0.00118394 0.00069645
v -0.00762719 0.00114494 0.00069645
v -0.00784884 0.00105015 0.00069645
v -0.00804137 0.00090507 0.00069645
v -0.00819359 0.00071813 0.00069645
v -0.00829664 0.00050019 0.00069645
v -0.00834454 0.00026393 0.00069645
v -0.00833451 2.306E-05 0.00069645
v -0.00826713 -0.0002084 0.00069645
v -0.00814631 -0.00041702 0.00069645
v -0.00797908 -0.00059065 0.00069645
v -0.00777515 -0.00071923 0.00069645
v -0.00754638 -0.00079526 0.00069645
v -0.00730606 -0.00081433 0.00069645
v -0.00706817 -0.00077534 0.00069645
v -0.00684651 -0.00068055 0.00069645
v -0.00665398 -0.00053547 0.00069645
v -0.00650177 -0.00034853 0.00069645
v -0.00639871 -0.00013059 0.00069645
v -0.00635081 0.00010568 0.00069645
v -0.00636084 0.00034654 0.00069645
v -0.00642823 0.00057801 0.00069645
v -0.00790498 -0.00049966 0.0007642
v -0.00752306 -0.00068025 0.0007642
v -0.00762403 -0.0006467 0.0007642
v -0.00772499 -0.00061314 0.0007642
v -0.00781499 -0.0005564 0.0007642
v -0.00710097 -0.00066267 0.0007642
v -0.00720596 -0.00067988 0.0007642
v -0.00731095 -0.00069709 0.0007642
v -0.00741701 -0.00068867 0.0007642
v -0.00673538 -0.00045095 0.0007642
v -0.00682035 -0.00051498 0.0007642
v -0.00690532 -0.000579 0.0007642
v -0.00700314 -0.00062084 0.0007642
v -0.00651007 -9.358E-05 0.0007642
v -0.00655555 -0.00018976 0.0007642
v -0.00660103 -0.00028594 0.0007642
v -0.00666821 -0.00036844 0.0007642
v -0.00647664 0.00032756 0.0007642
v -0.00647222 0.00022126 0.0007642
v -0.00646779 0.00011496 0.0007642
v -0.00648893 1.069E-05 0.0007642
v -0.00664276 0.000716 0.0007642
v -0.00658944 0.00062393 0.0007642
v -0.00653612 0.00053187 0.0007642
v -0.00650638 0.00042971 0.0007642
v -0.00697036 0.00098274 0.0007642
v -0.00688037 0.000926 0.0007642
v -0.00679037 0.00086926 0.0007642
v -0.00671656 0.00079263 0.0007642
v -0.00738441 0.00106669 0.0007642
v -0.00727835 0.00105827 0.0007642
v -0.00717229 0.00104985 0.0007642
v -0.00707133 0.0010163 0.0007642
v -0.00779003 0.00094861 0.0007642
v -0.00769221 0.00099044 0.0007642
v -0.00759439 0.00103227 0.0007642
v -0.0074894 0.00104948 0.0007642
v -0.00809432 0.00065554 0.0007642
v -0.00802714 0.00073805 0.0007642
v -0.00795997 0.00082055 0.0007642
v -0.007875 0.00088458 0.0007642
v -0.00822756 0.00025464 0.0007642
v -0.00820642 0.00035891 0.0007642
v -0.00818528 0.00046318 0.0007642
v -0.0081398 0.00055936 0.0007642
v -0.00815923 -0.00016226 0.0007642
v -0.00818897 -6.011E-05 0.0007642
v -0.00821871 4.204E-05 0.0007642
v -0.00822314 0.00014834 0.0007642
v -0.00797879 -0.00042303 0.0007642
v -0.00805259 -0.0003464 0.0007642
v -0.00810591 -0.00025433 0.0007642
v -0.00665904 -0.00053022 0.00083195
v -0.00674586 -0.00061383 0.00083195
v -0.00685016 -0.00067424 0.00083195
v -0.00695447 -0.00073465 0.00083195
v -0.0070702 -0.00076834 0.00083195
v -0.00718594 -0.00080203 0.00083195
v -0.00730637 -0.00080705 0.00083195
v -0.0074268 -0.00081206 0.00083195
v -0.00754493 -0.00078811 0.00083195
v -0.00766307 -0.00076416 0.00083195
v -0.00777203 -0.00071263 0.00083195
v -0.007881 -0.00066111 0.00083195
v -0.00797447 -0.000585 0.00083195
v -0.00806795 -0.00050889 0.00083195
v -0.00814049 -0.00041263 0.00083195
v -0.00821303 -0.00031636 0.00083195
v -0.00826042 -0.00020554 0.00083195
v -0.00830782 -9.471E-05 0.00083195
v -0.00832731 2.424E-05 0.00083195
v -0.00834681 0.00014319 0.00083195
v -0.00833727 0.00026335 0.00083195
v -0.00832774 0.00038351 0.00083195
v -0.00828972 0.00049789 0.00083195
v -0.0082517 0.00061228 0.00083195
v -0.00818742 0.00071424 0.00083195
v -0.00812313 0.0008162 0.00083195
v -0.00803631 0.00089982 0.00083195
v -0.00794949 0.00098343 0.00083195
v -0.00784519 0.00104384 0.00083195
v -0.00774088 0.00110425 0.00083195
v -0.00762515 0.00113794 0.00083195
v -0.00750942 0.00117163 0.00083195
v -0.00738898 0.00117665 0.00083195
v -0.00726855 0.00118167 0.00083195
v -0.00715042 0.00115771 0.00083195
v -0.00703229 0.00113376 0.00083195
v -0.00692332 0.00108224 0.00083195
v -0.00681435 0.00103071 0.00083195
v -0.00672088 0.0009546 0.00083195
v -0.00662741 0.0008785 0.00083195
v -0.00654904 0.00078662 0.00083195
v -0.00648233 0.00068597 0.00083195
v -0.00643493 0.00057514 0.00083195
v -0.00638753 0.00046431 0.00083195
v -0.00636804 0.00034536 0.00083195
v -0.00634854 0.00022641 0.00083195
v -0.00635808 0.00010625 0.00083195
v -0.00636762 -1.39E-05 0.00083195
v -0.00640563 -0.00012829 0.00083195
v -0.00644365 -0.00024267 0.00083195
v -0.00650794 -0.00034464 0.00083195
v -0.00657222 -0.0004466 0.00083195
v -0.00654904 0.00078662 0.00085905
v -0.00642823 0.00057801 0.00085905
v -0.00636084 0.00034654 0.00085905
v -0.00635081 0.00010568 0.00085905
v -0.00639871 -0.00013059 0.00085905
v -0.00650177 -0.00034853 0.00085905
v -0.00665398 -0.00053547 0.00085905
v -0.00684651 -0.00068055 0.00085905
v -0.00706817 -0.00077534 0.00085905
v -0.00730606 -0.00081433 0.00085905
v -0.00754638 -0.00079526 0.00085905
v -0.00777515 -0.00071923 0.00085905
v -0.00797908 -0.00059065 0.00085905
v -0.00814631 -0.00041702 0.00085905
v -0.00826713 -0.0002084 0.00085905
v -0.00833451 2.306E-05 0.00085905
v -0.00834454 0.00026393 0.00085905
v -0.00829664 0.00050019 0.00085905
v -0.00819359 0.00071813 0.00085905
v -0.00804137 0.00090507 0.00085905
v -0.00784884 0.00105015 0.00085905
v -0.00762719 0.00114494 0.00085905
v -0.00738929 0.00118394 0.00085905
v -0.00714897 0.00116486 0.00085905
v -0.0069202 0.00108883 0.00085905
v -0.00671627 0.00096026 0.00085905
v -0.00790498 -0.00049966 0.0009268
v -0.00752306 -0.00068025 0.0009268
v -0.00762403 -0.0006467 0.0009268
v -0.00772499 -0.00061314 0.0009268
v -0.00781499 -0.0005564 0.0009268
v -0.00710097 -0.00066267 0.0009268
v -0.00720596 -0.00067988 0.0009268
v -0.00731095 -0.00069709 0.0009268
v -0.00741701 -0.00068867 0.0009268
v -0.00673538 -0.00045095 0.0009268
v -0.00682035 -0.00051498 0.0009268
v -0.00690532 -0.000579 0.0009268
v -0.00700314 -0.00062084 0.0009268
v -0.00651007 -9.358E-05 0.0009268
v -0.00655555 -0.00018976 0.0009268
v -0.00660103 -0.00028594 0.0009268
v -0.00666821 -0.00036844 0.0009268
v -0.00647664 0.00032756 0.0009268
v -0.00647222 0.00022126 0.0009268
v -0.00646779 0.00011496 0.0009268
v -0.00648893 1.069E-05 0.0009268
v -0.00664276 0.000716 0.0009268
v -0.00658944 0.00062393 0.0009268
v -0.00653612 0.00053187 0.0009268
v -0.00650638 0.00042971 0.0009268
v -0.00697036 0.00098274 0.0009268
v -0.00688037 0.000926 0.0009268
v -0.00679037 0.00086926 0.0009268
v -0.00671656 0.00079263 0.0009268
v -0.00738441 0.00106669 0.0009268
v -0.00727835 0.00105827 0.0009268
v -0.00717229 0.00104985 0.0009268
v -0.00707133 0.0010163 0.0009268
v -0.00779003 0.00094861 0.0009268
v -0.00769221 0.00099044 0.0009268
v -0.00759439 0.00103227 0.0009268
v -0.0074894 0.00104948 0.0009268
v -0.00809432 0.00065554 0.0009268
v -0.00802714 0.00073805 0.0009268
v -0.00795997 0.00082055 0.0009268
v -0.007875 0.00088458 0.0009268
v -0.00822756 0.00025464 0.0009268
v -0.00820642 0.00035891 0.0009268
v -0.00818528 0.00046318 0.0009268
v -0.0081398 0.00055936 0.0009268
v -0.00815923 -0.00016226 0.0009268
v -0.00818897 -6.011E-05 0.0009268
v -0.00821871 4.204E-05 0.0009268
v -0.00822314 0.00014834 0.0009268
v -0.00797879 -0.00042303 0.0009268
v -0.00805259 -0.0003464 0.0009268
v -0.00810591 -0.00025433 0.0009268
v -0.00665904 -0.00053022 0.00099455
v -0.00674586 -0.00061383 0.00099455
v -0.00685016 -0.00067424 0.00099455
v -0.00695447 -0.00073465 0.00099455
v -0.0070702 -0.00076834 0.00099455
v -0.00718594 -0.00080203 0.00099455
v -0.00730637 -0.00080705 0.00099455
v -0.0074268 -0.00081206 0.00099455
v -0.00754493 -0.00078811 0.00099455
v -0.00766307 -0.00076416 0.00099455
v -0.00777203 -0.00071263 0.00099455
v -0.007881 -0.00066111 0.00099455
v -0.00797447 -0.000585 0.00099455
v -0.00806795 -0.00050889 0.00099455
v -0.00814049 -0.00041263 0.00099455
v -0.00821303 -0.00031636 0.00099455
v -0.00826042 -0.00020554 0.00099455
v -0.00830782 -9.471E-05 0.00099455
v -0.00832731 2.424E-05 0.00099455
v -0.00834681 0.00014319 0.00099455
v -0.00833727 0.00026335 0.00099455
v -0.00832774 0.00038351 0.00099455
v -0.00828972 0.00049789 0.00099455
v -0.0082517 0.00061228 0.00099455
v -0.00818742 0.00071424 0.00099455
v -0.00812313 0.0008162 0.00099455
v -0.00803631 0.00089982 0.00099455
v -0.00794949 0.00098343 0.00099455
v -0.00784519 0.00104384 0.00099455
v -0.00774088 0.00110425 0.00099455
v -0.00762515 0.00113794 0.00099455
v -0.00750942 0.00117163 0.00099455
v -0.00738898 0.00117665 0.00099455
v -0.00726855 0.00118167 0.00099455
v -0.00715042 0.00115771 0.00099455
v -0.00703229 0.00113376 0.00099455
v -0.00692332 0.00108224 0.00099455
v -0.00681435 0.00103071 0.00099455
v -0.00672088 0.0009546 0.00099455
v -0.00662741 0.0008785 0.00099455
v -0.00654904 0.00078662 0.00099455
v -0.00648233 0.00068597 0.00099455
v -0.00643493 0.00057514 0.00099455
v -0.00638753 0.00046431 0.00099455
v -0.00636804 0.00034536 0.00099455
v -0.00634854 0.00022641 0.00099455
v -0.00635808 0.00010625 0.00099455
v -0.00636762 -1.39E-05 0.00099455
v -0.00640563 -0.00012829 0.00099455
v -0.00644365 -0.00024267 0.00099455
v -0.00650794 -0.00034464 0.00099455
v -0.00657222 -0.0004466 0.00099455
v -0.00662741 0.0008785 0.00102165
v -0.00655487 0.00078223 0.00102165
v -0.00648233 0.00068597 0.00102165
v -0.00643493 0.00057514 0.00102165
v -0.00638753 0.00046431 0.00102165
v -0.00636804 0.00034536 0.00102165
v -0.00634854 0.00022641 0.00102165
v -0.00635808 0.00010625 0.00102165
v -0.00636762 -1.39E-05 0.00102165
v -0.00640563 -0.00012829 0.00102165
v -0.00644365 -0.00024267 0.00102165
v -0.00650794 -0.00034464 0.00102165
v -0.00657222 -0.0004466 0.00102165
v -0.00665904 -0.00053022 0.00102165
v -0.00674586 -0.00061383 0.00102165
v -0.00685016 -0.00067424 0.00102165
v -0.00695447 -0.00073465 0.00102165
v -0.0070702 -0.00076834 0.00102165
v -0.00718594 -0.00080203 0.00102165
v -0.00730637 -0.00080705 0.00102165
v -0.0074268 -0.00081206 0.00102165
v -0.00754493 -0.00078811 0.00102165
v -0.00766307 -0.00076416 0.00102165
v -0.00777203 -0.00071263 0.00102165
v -0.007881 -0.00066111 0.00102165
v -0.00797447 -0.000585 0.00102165
v -0.00806795 -0.00050889 0.00102165
v -0.00814631 -0.00041702 0.00102165
v -0.00821303 -0.00031636 0.00102165
v -0.00826042 -0.00020554 0.00102165
v -0.00830782 -9.471E-05 0.00102165
v -0.00832731 2.424E-05 0.00102165
v -0.00834681 0.00014319 0.00102165
v -0.00833727 0.00026335 0.00102165
v -0.00832774 0.00038351 0.00102165
v -0.00828972 0.00049789 0.00102165
v -0.0082517 0.00061228 0.00102165
v -0.00818742 0.00071424 0.00102165
v -0.00812313 0.0008162 0.00102165
v -0.00803631 0.00089982 0.00102165
v -0.00794949 0.00098343 0.00102165
v -0.00784519 0.00104384 0.00102165
v -0.00774088 0.00110425 0.00102165
v -0.00762515 0.00113794 0.00102165
v -0.00750942 0.00117163 0.00102165
v -0.00738898 0.00117665 0.00102165
v -0.00726855 0.00118167 0.00102165
v -0.00715042 0.00115771 0.00102165
v -0.00703229 0.00113376 0.00102165
v -0.00692332 0.00108224 0.00102165
v -0.00681435 0.00103071 0.00102165
v -0.00672088 0.0009546 0.00102165
v -0.00787887 0.00088972 0.0010894
v -0.00803214 0.00074211 0.0010894
v -0.00814562 0.00056211 0.0010894
v -0.00821273 0.00036019 0.0010894
v -0.00822957 0.00014807 0.0010894
v -0.00819515 -6.191E-05 0.0010894
v -0.00811148 -0.00025755 0.0010894
v -0.00798342 -0.00042749 0.0010894
v -0.00781842 -0.00056184 0.0010894
v -0.00762606 -0.0006528 0.0010894
v -0.00741752 -0.00069508 0.0010894
v -0.00720492 -0.00068623 0.0010894
v -0.00700061 -0.00062676 0.0010894
v -0.00681648 -0.00052011 0.0010894
v -0.00666322 -0.00037251 0.0010894
v -0.00654973 -0.00019251 0.0010894
v -0.00648262 9.41E-06 0.0010894
v -0.00646579 0.00022153 0.0010894
v -0.0065002 0.00043151 0.0010894
v -0.00658387 0.00062716 0.0010894
v -0.00664276 0.000716 0.0010894
v -0.00671193 0.00079709 0.0010894
v -0.00687693 0.00093145 0.0010894
v -0.0070693 0.00102241 0.0010894
v -0.00727784 0.00106469 0.0010894
v -0.00749044 0.00105583 0.0010894
v -0.00769474 0.00099636 0.0010894
v -0.00674586 -0.00061383 0.00115715
v -0.00685016 -0.00067424 0.00115715
v -0.00695447 -0.00073465 0.00115715
v -0.0070702 -0.00076834 0.00115715
v -0.00718594 -0.00080203 0.00115715
v -0.00730637 -0.00080705 0.00115715
v -0.0074268 -0.00081206 0.00115715
v -0.00754493 -0.00078811 0.00115715
v -0.00766307 -0.00076416 0.00115715
v -0.00777203 -0.00071263 0.00115715
v -0.007881 -0.00066111 0.00115715
v -0.00797447 -0.000585 0.00115715
v -0.00806795 -0.00050889 0.00115715
v -0.00814049 -0.00041263 0.00115715
v -0.00821303 -0.00031636 0.00115715
v -0.00826042 -0.00020554 0.00115715
v -0.00830782 -9.471E-05 0.00115715
v -0.00832731 2.424E-05 0.00115715
v -0.00834681 0.00014319 0.00115715
v -0.00833727 0.00026335 0.00115715
v -0.00832774 0.00038351 0.00115715
v -0.00828972 0.00049789 0.00115715
v -0.0082517 0.00061228 0.00115715
v -0.00818742 0.00071424 0.00115715
v -0.00812313 0.0008162 0.00115715
v -0.00803631 0.00089982 0.00115715
v -0.00794949 0.00098343 0.00115715
v -0.00784519 0.00104384 0.00115715
v -0.00774088 0.00110425 0.00115715
v -0.00762515 0.00113794 0.00115715
v -0.00750942 0.00117163 0.00115715
v -0.00738898 0.00117665 0.00115715
v -0.00726855 0.00118167 0.00115715
v -0.00715042 0.00115771 0.00115715
v -0.00703229 0.00113376 0.00115715
v -0.00692332 0.00108224 0.00115715
v -0.00681435 0.00103071 0.00115715
v -0.00672088 0.0009546 0.00115715
v -0.00662741 0.0008785 0.00115715
v -0.00654904 0.00078662 0.00115715
v -0.00648233 0.00068597 0.00115715
v -0.00643493 0.00057514 0.00115715
v -0.00638753 0.00046431 0.00115715
v -0.00636804 0.00034536 0.00115715
v -0.00634854 0.00022641 0.00115715
v -0.00635808 0.00010625 0.00115715
v -0.00636762 -1.39E-05 0.00115715
v -0.00640563 -0.00012829 0.00115715
v -0.00644365 -0.00024267 0.00115715
v -0.00650794 -0.00034464 0.00115715
v -0.00657222 -0.0004466 0.00115715
v -0.00665904 -0.00053022 0.00115715
v -0.00665398 -0.00053547 0.0012
v -0.00642823 0.00057801 0.0012
v -0.00636084 0.00034654 0.0012
v -0.00654904 0.00078662 0.0012
v -0.00635081 0.00010568 0.0012
v -0.00639871 -0.00013059 0.0012
v -0.00650177 -0.00034853 0.0012
v -0.00684651 -0.00068055 0.0012
v -0.00706817 -0.00077534 0.0012
v -0.00730606 -0.00081433 0.0012
v -0.00754638 -0.00079526 0.0012
v -0.00777515 -0.00071923 0.0012
v -0.00797908 -0.00059065 0.0012
v -0.00814631 -0.00041702 0.0012
v -0.00833451 2.306E-05 0.0012
v -0.00826713 -0.0002084 0.0012
v -0.00834454 0.00026393 0.0012
v -0.00829664 0.00050019 0.0012
v -0.00819359 0.00071813 0.0012
v -0.00804137 0.00090507 0.0012
v -0.00784884 0.00105015 0.0012
v -0.00762719 0.00114494 0.0012
v -0.00738929 0.00118394 0.0012
v -0.00714897 0.00116486 0.0012
v -0.0069202 0.00108883 0.0012
v -0.00671627 0.00096026 0.0012
v -0.00818982 -0.00017534 0.002
v -0.00825153 3.666E-05 0.002
v -0.00826072 0.00025727 0.002
v -0.00821685 0.00047367 0.002
v -0.00812246 0.00067328 0.002
v -0.00798304 0.00084451 0.002
v -0.0078067 0.00097739 0.002
v -0.00760368 0.00106421 0.002
v -0.00738579 0.00109992 0.002
v -0.00716568 0.00108245 0.002
v -0.00695614 0.00101281 0.002
v -0.00676937 0.00089505 0.002
v -0.0066162 0.00073602 0.002
v -0.00650554 0.00054494 0.002
v -0.00644382 0.00033294 0.002
v -0.00643463 0.00011233 0.002
v -0.00647851 -0.00010407 0.002
v -0.00657289 -0.00030368 0.002
v -0.00671231 -0.0004749 0.002
v -0.00688865 -0.00060779 0.002
v -0.00709167 -0.00069461 0.002
v -0.00730956 -0.00073032 0.002
v -0.00752967 -0.00071285 0.002
v -0.00773921 -0.00064321 0.002
v -0.00792599 -0.00052545 0.002
v -0.00807916 -0.00036641 0.002
v -0.00833117 -0.0007987 0.002
v -0.00784611 -0.00111369 0.002
v -0.00802198 -0.00103168 0.002
v -0.00818472 -0.000926 0.002
v -0.00746889 -0.00120078 0.002
v -0.00766055 -0.00117042 0.002
v -0.00751719 0.0015653 0.002
v -0.00732341 0.00157546 0.002
v -0.00708228 -0.00118051 0.002
v -0.00727488 -0.00120416 0.002
v -0.0065499 -0.00095453 0.002
v -0.00671623 -0.00105447 0.002
v -0.00689485 -0.00113029 0.002
v -0.00626676 -0.0006905 0.002
v -0.0063991 -0.00083241 0.002
v -0.00606737 -0.00035865 0.002
v -0.00615547 -0.00053154 0.002
v -0.00595702 0.00020908 0.002
v -0.00596717 1.53E-05 0.002
v -0.0060042 -0.00017518 0.002
v -0.00789114 0.0014651 0.002
v -0.00770767 0.00152828 0.002
v -0.00858695 0.00081624 0.002
v -0.00848701 0.00098257 0.002
v -0.0083649 0.00113337 0.002
v -0.00822298 0.00126571 0.002
v -0.00806403 0.00137701 0.002
v -0.00845847 -0.00065225 0.002
v -0.00856416 -0.00048951 0.002
v -0.00864616 -0.00031365 0.002
v -0.00871299 0.00045019 0.002
v -0.00866277 0.00063762 0.002
v -0.0087029 -0.00012808 0.002
v -0.00873325 6.357E-05 0.002
v -0.00873664 0.00025759 0.002
v -0.00601758 0.00059146 0.002
v -0.00597393 0.00040239 0.002
v -0.0061812 0.00094233 0.002
v -0.00608712 0.00077261 0.002
v -0.00629798 0.0010973 0.002
v -0.00623688 0.00102185 0.002
v -0.00659016 0.00135129 0.002
v -0.00643519 0.00123451 0.002
v -0.0071301 0.00155855 0.002
v -0.00694103 0.0015149 0.002
v -0.00675987 0.00144536 0.002
v -0.00783835 -0.00121998 0.00210872
v -0.00788181 -0.00120669 0.00210872
v -0.0078805 -0.00120326 0.00207181
v -0.00807027 -0.00111881 0.00210872
v -0.00806849 -0.0011156 0.00207181
v -0.00810295 -0.00109759 0.00210872
v -0.00824246 -0.00100262 0.00207181
v -0.00824467 -0.00100556 0.00210872
v -0.00839901 -0.00086654 0.00207181
v -0.00833786 -0.00092455 0.00210872
v -0.00768296 -0.00126749 0.00210872
v -0.00768213 -0.00126391 0.00207181
v -0.00755457 -0.00128782 0.00210872
v -0.00747725 -0.00129635 0.00207181
v -0.00747757 -0.00130002 0.00210872
v -0.00726986 -0.00129997 0.00207181
v -0.00726966 -0.00130364 0.00210872
v -0.00706397 -0.00127469 0.00207181
v -0.00706327 -0.0012783 0.00210872
v -0.00726322 -0.00130285 0.00210872
v -0.00645239 -0.00100344 0.00210872
v -0.00649276 -0.00103613 0.00210872
v -0.00649487 -0.00103312 0.00207181
v -0.006671 -0.00114323 0.00210872
v -0.00667267 -0.00113996 0.00207181
v -0.00670088 -0.00115591 0.00210872
v -0.00686361 -0.00122101 0.00207181
v -0.00686242 -0.00122448 0.00210872
v -0.00697541 -0.00125476 0.00210872
v -0.00633116 -0.00090527 0.00210872
v -0.00633367 -0.00090258 0.00207181
v -0.00623808 -0.00080545 0.00210872
v -0.0061922 -0.00075088 0.00207181
v -0.00618935 -0.00075319 0.00210872
v -0.00607323 -0.00058096 0.00207181
v -0.00607008 -0.00058285 0.00210872
v -0.00597906 -0.00039614 0.00207181
v -0.00597567 -0.00039757 0.00210872
v -0.00606418 -0.00057129 0.00210872
v -0.00586251 0.00026905 0.00210872
v -0.00585742 0.00021082 0.00210872
v -0.00586109 0.00021076 0.00207181
v -0.0058683 3.16E-06 0.00210872
v -0.00587195 3.61E-06 0.00207181
v -0.00587325 -2.233E-05 0.00210872
v -0.00591152 -0.00020001 0.00207181
v -0.00590797 -0.00020096 0.00210872
v -0.00594394 -0.00030542 0.00210872
v -0.00587554 0.00041797 0.00210872
v -0.00587917 0.0004174 0.00207181
v -0.00590771 0.00055729 0.00210872
v -0.00592583 0.00061951 0.00207181
v -0.00592232 0.00062058 0.00210872
v -0.00600017 0.00081316 0.00207181
v -0.00599684 0.00081471 0.00210872
v -0.00610073 0.00099458 0.00207181
v -0.00609765 0.00099658 0.00210872
v -0.00600628 0.00083174 0.00210872
v -0.00659271 0.00146632 0.00210872
v -0.0065359 0.00143483 0.00210872
v -0.00653791 0.00143175 0.00207181
v -0.00636983 0.00130969 0.00210872
v -0.00637224 0.00130692 0.00207181
v -0.00635606 0.00129592 0.00210872
v -0.00622557 0.00116024 0.00207181
v -0.00622279 0.00116265 0.00210872
v -0.00616022 0.00107962 0.00210872
v -0.00671777 0.00153565 0.00210872
v -0.00671933 0.00153231 0.00207181
v -0.00685733 0.00158922 0.00210872
v -0.00691298 0.00160665 0.00207181
v -0.00691191 0.00161016 0.00210872
v -0.00711509 0.00165331 0.00207181
v -0.00711452 0.00165694 0.00210872
v -0.00752888 0.00166053 0.00207181
v -0.00743199 0.00166928 0.00210872
v -0.00732173 0.00167139 0.00207181
v -0.00732167 0.00167506 0.00210872
v -0.00714038 0.0016592 0.00210872
v -0.00799373 0.00152436 0.00210872
v -0.00793006 0.0015568 0.00210872
v -0.00792863 0.00155342 0.00207181
v -0.00773345 0.0016245 0.00210872
v -0.0077325 0.00162095 0.00207181
v -0.00772071 0.00162698 0.00210872
v -0.00752933 0.00166418 0.00210872
v -0.00811534 0.0014624 0.00210872
v -0.00811345 0.00145925 0.00207181
v -0.00824312 0.00137292 0.00210872
v -0.00828336 0.00134027 0.00207181
v -0.00828568 0.00134312 0.00210872
v -0.00843507 0.0011988 0.00207181
v -0.00843775 0.00120131 0.00210872
v -0.00867244 0.00085979 0.00207181
v -0.00862886 0.00093944 0.00210872
v -0.00856561 0.0010376 0.00207181
v -0.00856862 0.00103971 0.00210872
v -0.00845818 0.00117608 0.00210872
v -0.00882028 0.00039182 0.00210872
v -0.00881078 0.00046919 0.00210872
v -0.00880717 0.00046849 0.00207181
v -0.00875696 0.00067005 0.00210872
v -0.00875349 0.00066885 0.00207181
v -0.00875443 0.00067602 0.00210872
v -0.00867571 0.00086146 0.00210872
v -0.00883612 0.0002628 0.00210872
v -0.00883245 0.00026261 0.00207181
v -0.00883329 0.00010034 0.00210872
v -0.00882883 5.521E-05 0.00207181
v -0.00883249 5.489E-05 0.00210872
v -0.00879638 -0.00014966 0.00207181
v -0.00879996 -0.00015049 0.00210872
v -0.00840161 -0.00086914 0.00210872
v -0.00853803 -0.0007122 0.00210872
v -0.00853509 -0.00070999 0.00207181
v -0.00865128 -0.00053781 0.00210872
v -0.00864807 -0.00053603 0.00207181
v -0.00868698 -0.00046126 0.00210872
v -0.00873573 -0.00034803 0.00207181
v -0.00873917 -0.00034935 0.00210872
v -0.00878857 -0.00018775 0.00210872
v -0.00627047 0.00112121 0.00200688
v -0.00641128 0.00126201 0.00200688
v -0.00657031 0.00138185 0.00200688
v -0.00674447 0.00147839 0.00200688
v -0.00693038 0.00154975 0.00200688
v -0.0071244 0.00159455 0.00200688
v -0.00732277 0.0016119 0.00200688
v -0.00752163 0.00160148 0.00200688
v -0.0077171 0.00156348 0.00200688
v -0.00790538 0.00149865 0.00200688
v -0.0080828 0.00140825 0.00200688
v -0.00824592 0.00129403 0.00200688
v -0.00839155 0.00115822 0.00200688
v -0.00851687 0.00100347 0.00200688
v -0.00861943 0.00083278 0.00200688
v -0.00869723 0.00064948 0.00200688
v -0.00874877 0.00045714 0.00200688
v -0.00877304 0.0002595 0.00200688
v -0.00876956 6.04E-05 0.00200688
v -0.00873841 -0.00013628 0.00200688
v -0.00868019 -0.00032671 0.00200688
v -0.00859603 -0.00050718 0.00200688
v -0.00848758 -0.00067418 0.00200688
v -0.00835694 -0.00082447 0.00200688
v -0.00820665 -0.00095511 0.00200688
v -0.00803965 -0.00106356 0.00200688
v -0.00785918 -0.00114772 0.00200688
v -0.00766875 -0.00120593 0.00200688
v -0.00747207 -0.00123708 0.00200688
v -0.00727297 -0.00124056 0.00200688
v -0.00707533 -0.00121629 0.00200688
v -0.00688298 -0.00116475 0.00200688
v -0.00669968 -0.00108694 0.00200688
v -0.006529 -0.00098438 0.00200688
v -0.00637424 -0.00085907 0.00200688
v -0.00623844 -0.00071343 0.00200688
v -0.00612422 -0.00055032 0.00200688
v -0.00603382 -0.00037289 0.00200688
v -0.00596899 -0.00018461 0.00200688
v -0.005931 1.086E-05 0.00200688
v -0.00592058 0.00020972 0.00200688
v -0.00593793 0.00040809 0.00200688
v -0.00598273 0.00060211 0.00200688
v -0.00605409 0.00078802 0.00200688
v -0.00615063 0.00096218 0.00200688
v -0.00851735 -0.00069662 0.00203244
v -0.0083833 -0.00085083 0.00203244
v -0.00822909 -0.00098488 0.00203244
v -0.00805772 -0.00109617 0.00203244
v -0.00787253 -0.00118252 0.00203244
v -0.00767713 -0.00124226 0.00203244
v -0.00747532 -0.00127422 0.00203244
v -0.00727102 -0.00127779 0.00203244
v -0.00706821 -0.00125289 0.00203244
v -0.00687084 -0.0012 0.00203244
v -0.00668276 -0.00112016 0.00203244
v -0.00650761 -0.00101492 0.00203244
v -0.00634882 -0.00088633 0.00203244
v -0.00620947 -0.00073689 0.00203244
v -0.00609227 -0.00056952 0.00203244
v -0.00599951 -0.00038746 0.00203244
v -0.00593298 -0.00019426 0.00203244
v -0.005894 6.32E-06 0.00203244
v -0.0058833 0.00021037 0.00203244
v -0.00590111 0.00041392 0.00203244
v -0.00594708 0.00061301 0.00203244
v -0.0060203 0.00080377 0.00203244
v -0.00611937 0.00098248 0.00203244
v -0.00624234 0.00114567 0.00203244
v -0.00638682 0.00129015 0.00203244
v -0.00655 0.00141312 0.00203244
v -0.00672872 0.00151218 0.00203244
v -0.00691948 0.0015854 0.00203244
v -0.00711857 0.00163137 0.00203244
v -0.00732212 0.00164918 0.00203244
v -0.00752617 0.00163848 0.00203244
v -0.00772675 0.00159949 0.00203244
v -0.00791995 0.00153297 0.00203244
v -0.008102 0.0014402 0.00203244
v -0.00826938 0.001323 0.00203244
v -0.00841882 0.00118365 0.00203244
v -0.00854741 0.00102485 0.00203244
v -0.00865264 0.00084971 0.00203244
v -0.00873248 0.00066162 0.00203244
v -0.00878537 0.00046425 0.00203244
v -0.00881027 0.00026145 0.00203244
v -0.0088067 5.715E-05 0.00203244
v -0.00877473 -0.00014467 0.00203244
v -0.00871499 -0.00034007 0.00203244
v -0.00862864 -0.00052525 0.00203244
v -0.00711783 -0.00040269 0.00228
v -0.0068463 -0.00019807 0.00228
v -0.00726077 -0.000213 0.00228
v -0.00698924 -8.38E-06 0.00228
v -0.00734235 -0.00014926 0.00228
v -0.00766733 0.000282 0.00228
v -0.00768174 0.00017948 0.00228
v -0.00715449 0.00054324 0.00228
v -0.00696481 0.00068618 0.00228
v -0.00702802 8.761E-05 0.00228
v -0.00701361 0.00019013 0.00228
v -0.00694987 0.00027171 0.00228
v -0.00676019 0.00041465 0.00228
v -0.00757752 0.00077229 0.00228
v -0.00784906 0.00056767 0.00228
v -0.00743458 0.0005826 0.00228
v -0.00770612 0.00037799 0.00228
v -0.007353 0.00051887 0.00228
v -0.00725048 0.00050446 0.00228
v -0.00793517 -4.504E-05 0.00228
v -0.00773055 -0.00031658 0.00228
v -0.00774548 9.79E-05 0.00228
v -0.00754086 -0.00017364 0.00228
v -0.00744487 -0.00013486 0.00228
v -0.00830571 -0.0008886 0.0027
v -0.00849672 -0.00068107 0.0027
v -0.0080779 -0.00105488 0.0027
v -0.00782202 -0.00117352 0.0027
v -0.00754791 -0.00123996 0.0027
v -0.0072661 -0.00125164 0.0027
v -0.00698743 -0.00120813 0.0027
v -0.00672261 -0.00111108 0.0027
v -0.00648181 -0.00096424 0.0027
v -0.00627428 -0.00077324 0.0027
v -0.006108 -0.00054542 0.0027
v -0.00598936 -0.00028954 0.0027
v -0.00592292 -1.543E-05 0.0027
v -0.00591123 0.00026637 0.0027
v -0.00595475 0.00054504 0.0027
v -0.00605179 0.00080987 0.0027
v -0.00619864 0.00105067 0.0027
v -0.00638964 0.0012582 0.0027
v -0.00661746 0.00142448 0.0027
v -0.00687334 0.00154312 0.0027
v -0.00714745 0.00160956 0.0027
v -0.00742925 0.00162124 0.0027
v -0.00770792 0.00157773 0.0027
v -0.00797274 0.00148069 0.0027
v -0.00821355 0.00133384 0.0027
v -0.00842108 0.00114284 0.0027
v -0.00858735 0.00091502 0.0027
v -0.00870599 0.00065914 0.0027
v -0.00877243 0.00038503 0.0027
v -0.00878412 0.00010323 0.0027
v -0.0087406 -0.00017544 0.0027
v -0.00864356 -0.00044027 0.0027
v -0.00812882 -0.00019098 0.0027
v -0.00792421 -0.00046251 0.0027
v -0.00754086 -0.00017364 0.0027
v -0.00744487 -0.00013486 0.0027
v -0.00734235 -0.00014926 0.0027
v -0.00726077 -0.000213 0.0027
v -0.0069719 -0.00059635 0.0027
v -0.00670036 -0.00039173 0.0027
v -0.00698924 -8.38E-06 0.0027
v -0.00702802 8.761E-05 0.0027
v -0.00701361 0.00019013 0.0027
v -0.00694987 0.00027171 0.0027
v -0.00656653 0.00056058 0.0027
v -0.00677115 0.00083211 0.0027
v -0.00715449 0.00054324 0.0027
v -0.00725048 0.00050446 0.0027
v -0.007353 0.00051887 0.0027
v -0.00743458 0.0005826 0.0027
v -0.00772345 0.00096595 0.0027
v -0.00799499 0.00076133 0.0027
v -0.00770612 0.00037799 0.0027
v -0.00766733 0.000282 0.0027
v -0.00768174 0.00017948 0.0027
v -0.00774548 9.79E-05 0.0027
v 0.00052011 -0.00681648 -0.002
v 0.00062676 -0.00700061 -0.002
v -0.0001848 -0.00734768 -0.002
v 0.00037251 -0.00666322 -0.002
v -0.00022153 -0.00646579 -0.002
v -9.41E-06 -0.00648262 -0.002
v 0.00019251 -0.00654973 -0.002
v -0.00079709 -0.00671193 -0.002
v -0.00062716 -0.00658387 -0.002
v -0.00043151 -0.0065002 -0.002
v -0.00106469 -0.00727784 -0.002
v -0.00102241 -0.0070693 -0.002
v -0.00093145 -0.00687693 -0.002
v -0.00088972 -0.00787887 -0.002
v -0.00099636 -0.00769474 -0.002
v -0.00105583 -0.00749044 -0.002
v -0.00036019 -0.00821273 -0.002
v -0.00056211 -0.00814562 -0.002
v -0.00074211 -0.00803214 -0.002
v 0.00025755 -0.00811148 -0.002
v 6.191E-05 -0.00819515 -0.002
v -0.00014807 -0.00822957 -0.002
v 0.0006528 -0.00762606 -0.002
v 0.00056184 -0.00781842 -0.002
v 0.00042749 -0.00798342 -0.002
v 0.00068623 -0.00720492 -0.002
v 0.00069508 -0.00741752 -0.002
v 0.00061383 -0.00674586 -0.00193225
v 0.0004466 -0.00657222 -0.00193225
v 0.00024267 -0.00644365 -0.00193225
v 1.39E-05 -0.00636762 -0.00193225
v -0.00022641 -0.00634854 -0.00193225
v -0.00046431 -0.00638753 -0.00193225
v -0.00068597 -0.00648233 -0.00193225
v -0.0008785 -0.00662741 -0.00193225
v -0.00103071 -0.00681435 -0.00193225
v -0.00113376 -0.00703229 -0.00193225
v -0.00118167 -0.00726855 -0.00193225
v -0.00117163 -0.00750942 -0.00193225
v -0.00110425 -0.00774088 -0.00193225
v -0.00098343 -0.00794949 -0.00193225
v -0.0008162 -0.00812313 -0.00193225
v -0.00061228 -0.0082517 -0.00193225
v -0.00038351 -0.00832774 -0.00193225
v -0.00014319 -0.00834681 -0.00193225
v 9.471E-05 -0.00830782 -0.00193225
v 0.00031636 -0.00821303 -0.00193225
v 0.00050889 -0.00806795 -0.00193225
v 0.00066111 -0.007881 -0.00193225
v 0.00076416 -0.00766307 -0.00193225
v 0.00081206 -0.0074268 -0.00193225
v 0.00080203 -0.00718594 -0.00193225
v 0.00073465 -0.00695447 -0.00193225
v 0.00061383 -0.00674586 -0.00190515
v 0.0004466 -0.00657222 -0.00190515
v 0.00024267 -0.00644365 -0.00190515
v 1.39E-05 -0.00636762 -0.00190515
v -0.00022641 -0.00634854 -0.00190515
v -0.00046431 -0.00638753 -0.00190515
v -0.00068597 -0.00648233 -0.00190515
v -0.0008785 -0.00662741 -0.00190515
v -0.00103071 -0.00681435 -0.00190515
v -0.00113376 -0.00703229 -0.00190515
v -0.00118167 -0.00726855 -0.00190515
v -0.00117163 -0.00750942 -0.00190515
v -0.00110425 -0.00774088 -0.00190515
v -0.00098343 -0.00794949 -0.00190515
v -0.0008162 -0.00812313 -0.00190515
v -0.00061228 -0.0082517 -0.00190515
v -0.00038351 -0.00832774 -0.00190515
v -0.00014319 -0.00834681 -0.00190515
v 9.471E-05 -0.00830782 -0.00190515
v 0.00031636 -0.00821303 -0.00190515
v 0.00050889 -0.00806795 -0.00190515
v 0.00066111 -0.007881 -0.00190515
v 0.00076416 -0.00766307 -0.00190515
v 0.00081206 -0.0074268 -0.00190515
v 0.00080203 -0.00718594 -0.00190515
v 0.00073465 -0.00695447 -0.00190515
v -0.00099636 -0.00769474 -0.0018374
v -0.00105583 -0.00749044 -0.0018374
v -0.00106469 -0.00727784 -0.0018374
v -0.00102241 -0.0070693 -0.0018374
v -0.00093145 -0.00687693 -0.0018374
v -0.00079709 -0.00671193 -0.0018374
v -0.00062716 -0.00658387 -0.0018374
v -0.00043151 -0.0065002 -0.0018374
v -0.00022153 -0.00646579 -0.0018374
v -9.41E-06 -0.00648262 -0.0018374
v 0.00019251 -0.00654973 -0.0018374
v 0.00037251 -0.00666322 -0.0018374
v 0.00052011 -0.00681648 -0.0018374
v 0.00062676 -0.00700061 -0.0018374
v 0.00068623 -0.00720492 -0.0018374
v 0.00069508 -0.00741752 -0.0018374
v 0.0006528 -0.00762606 -0.0018374
v 0.00056184 -0.00781842 -0.0018374
v 0.00042749 -0.00798342 -0.0018374
v 0.00025755 -0.00811148 -0.0018374
v 6.191E-05 -0.00819515 -0.0018374
v -0.00014807 -0.00822957 -0.0018374
v -0.00036019 -0.00821273 -0.0018374
v -0.00056211 -0.00814562 -0.0018374
v -0.00074211 -0.00803214 -0.0018374
v -0.00088972 -0.00787887 -0.0018374
v 0.00061383 -0.00674586 -0.00176965
v 0.0004466 -0.00657222 -0.00176965
v 0.00024267 -0.00644365 -0.00176965
v 1.39E-05 -0.00636762 -0.00176965
v -0.00022641 -0.00634854 -0.00176965
v -0.00046431 -0.00638753 -0.00176965
v -0.00068597 -0.00648233 -0.00176965
v -0.0008785 -0.00662741 -0.00176965
v -0.00103071 -0.00681435 -0.00176965
v -0.00113376 -0.00703229 -0.00176965
v -0.00118167 -0.00726855 -0.00176965
v -0.00117163 -0.00750942 -0.00176965
v -0.00110425 -0.00774088 -0.00176965
v -0.00098343 -0.00794949 -0.00176965
v -0.0008162 -0.00812313 -0.00176965
v -0.00061228 -0.0082517 -0.00176965
v -0.00038351 -0.00832774 -0.00176965
v -0.00014319 -0.00834681 -0.00176965
v 9.471E-05 -0.00830782 -0.00176965
v 0.00031636 -0.00821303 -0.00176965
v 0.00050889 -0.00806795 -0.00176965
v 0.00066111 -0.007881 -0.00176965
v 0.00076416 -0.00766307 -0.00176965
v 0.00081206 -0.0074268 -0.00176965
v 0.00080203 -0.00718594 -0.00176965
v 0.00073465 -0.00695447 -0.00176965
v 0.00061383 -0.00674586 -0.00174255
v 0.0004466 -0.00657222 -0.00174255
v 0.00024267 -0.00644365 -0.00174255
v 1.39E-05 -0.00636762 -0.00174255
v -0.00022641 -0.00634854 -0.00174255
v -0.00046431 -0.00638753 -0.00174255
v -0.00068597 -0.00648233 -0.00174255
v -0.0008785 -0.00662741 -0.00174255
v -0.00103071 -0.00681435 -0.00174255
v -0.00113376 -0.00703229 -0.00174255
v -0.00118167 -0.00726855 -0.00174255
v -0.00117163 -0.00750942 -0.00174255
v -0.00110425 -0.00774088 -0.00174255
v -0.00098343 -0.00794949 -0.00174255
v -0.0008162 -0.00812313 -0.00174255
v -0.00061228 -0.0082517 -0.00174255
v -0.00038351 -0.00832774 -0.00174255
v -0.00014319 -0.00834681 -0.00174255
v 9.471E-05 -0.00830782 -0.00174255
v 0.00031636 -0.00821303 -0.00174255
v 0.00050889 -0.00806795 -0.00174255
v 0.00066111 -0.007881 -0.00174255
v 0.00076416 -0.00766307 -0.00174255
v 0.00081206 -0.0074268 -0.00174255
v 0.00080203 -0.00718594 -0.00174255
v 0.00073465 -0.00695447 -0.00174255
v -0.00099636 -0.00769474 -0.0016748
v -0.00105583 -0.00749044 -0.0016748
v -0.00106469 -0.00727784 -0.0016748
v -0.00102241 -0.0070693 -0.0016748
v -0.00093145 -0.00687693 -0.0016748
v -0.00079709 -0.00671193 -0.0016748
v -0.00062716 -0.00658387 -0.0016748
v -0.00043151 -0.0065002 -0.0016748
v -0.00022153 -0.00646579 -0.0016748
v -9.41E-06 -0.00648262 -0.0016748
v 0.00019251 -0.00654973 -0.0016748
v 0.00037251 -0.00666322 -0.0016748
v 0.00052011 -0.00681648 -0.0016748
v 0.00062676 -0.00700061 -0.0016748
v 0.00068623 -0.00720492 -0.0016748
v 0.00069508 -0.00741752 -0.0016748
v 0.0006528 -0.00762606 -0.0016748
v 0.00056184 -0.00781842 -0.0016748
v 0.00042749 -0.00798342 -0.0016748
v 0.00025755 -0.00811148 -0.0016748
v 6.191E-05 -0.00819515 -0.0016748
v -0.00014807 -0.00822957 -0.0016748
v -0.00036019 -0.00821273 -0.0016748
v -0.00056211 -0.00814562 -0.0016748
v -0.00074211 -0.00803214 -0.0016748
v -0.00088972 -0.00787887 -0.0016748
v 0.00061383 -0.00674586 -0.00160705
v 0.0004466 -0.00657222 -0.00160705
v 0.00024267 -0.00644365 -0.00160705
v 1.39E-05 -0.00636762 -0.00160705
v -0.00022641 -0.00634854 -0.00160705
v -0.00046431 -0.00638753 -0.00160705
v -0.00068597 -0.00648233 -0.00160705
v -0.0008785 -0.00662741 -0.00160705
v -0.00103071 -0.00681435 -0.00160705
v -0.00113376 -0.00703229 -0.00160705
v -0.00118167 -0.00726855 -0.00160705
v -0.00117163 -0.00750942 -0.00160705
v -0.00110425 -0.00774088 -0.00160705
v -0.00098343 -0.00794949 -0.00160705
v -0.0008162 -0.00812313 -0.00160705
v -0.00061228 -0.0082517 -0.00160705
v -0.00038351 -0.00832774 -0.00160705
v -0.00014319 -0.00834681 -0.00160705
v 9.471E-05 -0.00830782 -0.00160705
v 0.00031636 -0.00821303 -0.00160705
v 0.00050889 -0.00806795 -0.00160705
v 0.00066111 -0.007881 -0.00160705
v 0.00076416 -0.00766307 -0.00160705
v 0.00081206 -0.0074268 -0.00160705
v 0.00080203 -0.00718594 -0.00160705
v 0.00073465 -0.00695447 -0.00160705
v 0.00061383 -0.00674586 -0.00157995
v 0.0004466 -0.00657222 -0.00157995
v 0.00024267 -0.00644365 -0.00157995
v 1.39E-05 -0.00636762 -0.00157995
v -0.00022641 -0.00634854 -0.00157995
v -0.00046431 -0.00638753 -0.00157995
v -0.00068597 -0.00648233 -0.00157995
v -0.0008785 -0.00662741 -0.00157995
v -0.00103071 -0.00681435 -0.00157995
v -0.00113376 -0.00703229 -0.00157995
v -0.00118167 -0.00726855 -0.00157995
v -0.00117163 -0.00750942 -0.00157995
v -0.00110425 -0.00774088 -0.00157995
v -0.00098343 -0.00794949 -0.00157995
v -0.0008162 -0.00812313 -0.00157995
v -0.00061228 -0.0082517 -0.00157995
v -0.00038351 -0.00832774 -0.00157995
v -0.00014319 -0.00834681 -0.00157995
v 9.471E-05 -0.00830782 -0.00157995
v 0.00031636 -0.00821303 -0.00157995
v 0.00050889 -0.00806795 -0.00157995
v 0.00066111 -0.007881 -0.00157995
v 0.00076416 -0.00766307 -0.00157995
v 0.00081206 -0.0074268 -0.00157995
v 0.00080203 -0.00718594 -0.00157995
v 0.00073465 -0.00695447 -0.00157995
v -0.00099636 -0.00769474 -0.0015122
v -0.00105583 -0.00749044 -0.0015122
v -0.00106469 -0.00727784 -0.0015122
v -0.00102241 -0.0070693 -0.0015122
v -0.00093145 -0.00687693 -0.0015122
v -0.00079709 -0.00671193 -0.0015122
v -0.00062716 -0.00658387 -0.0015122
v -0.00043151 -0.0065002 -0.0015122
v -0.00022153 -0.00646579 -0.0015122
v -9.41E-06 -0.00648262 -0.0015122
v 0.00019251 -0.00654973 -0.0015122
v 0.00037251 -0.00666322 -0.0015122
v 0.00052011 -0.00681648 -0.0015122
v 0.00062676 -0.00700061 -0.0015122
v 0.00068623 -0.00720492 -0.0015122
v 0.00069508 -0.00741752 -0.0015122
v 0.0006528 -0.00762606 -0.0015122
v 0.00056184 -0.00781842 -0.0015122
v 0.00042749 -0.00798342 -0.0015122
v 0.00025755 -0.00811148 -0.0015122
v 6.191E-05 -0.00819515 -0.0015122
v -0.00014807 -0.00822957 -0.0015122
v -0.00036019 -0.00821273 -0.0015122
v -0.00056211 -0.00814562 -0.0015122
v -0.00074211 -0.00803214 -0.0015122
v -0.00088972 -0.00787887 -0.0015122
v 0.00061383 -0.00674586 -0.00144445
v 0.0004466 -0.00657222 -0.00144445
v 0.00024267 -0.00644365 -0.00144445
v 1.39E-05 -0.00636762 -0.00144445
v -0.00022641 -0.00634854 -0.00144445
v -0.00046431 -0.00638753 -0.00144445
v -0.00068597 -0.00648233 -0.00144445
v -0.0008785 -0.00662741 -0.00144445
v -0.00103071 -0.00681435 -0.00144445
v -0.00113376 -0.00703229 -0.00144445
v -0.00118167 -0.00726855 -0.00144445
v -0.00117163 -0.00750942 -0.00144445
v -0.00110425 -0.00774088 -0.00144445
v -0.00098343 -0.00794949 -0.00144445
v -0.0008162 -0.00812313 -0.00144445
v -0.00061228 -0.0082517 -0.00144445
v -0.00038351 -0.00832774 -0.00144445
v -0.00014319 -0.00834681 -0.00144445
v 9.471E-05 -0.00830782 -0.00144445
v 0.00031636 -0.00821303 -0.00144445
v 0.00050889 -0.00806795 -0.00144445
v 0.00066111 -0.007881 -0.00144445
v 0.00076416 -0.00766307 -0.00144445
v 0.00081206 -0.0074268 -0.00144445
v 0.00080203 -0.00718594 -0.00144445
v 0.00073465 -0.00695447 -0.00144445
v 0.00061383 -0.00674586 -0.00141735
v 0.0004466 -0.00657222 -0.00141735
v 0.00024267 -0.00644365 -0.00141735
v 1.39E-05 -0.00636762 -0.00141735
v -0.00022641 -0.00634854 -0.00141735
v -0.00046431 -0.00638753 -0.00141735
v -0.00068597 -0.00648233 -0.00141735
v -0.0008785 -0.00662741 -0.00141735
v -0.00103071 -0.00681435 -0.00141735
v -0.00113376 -0.00703229 -0.00141735
v -0.00118167 -0.00726855 -0.00141735
v -0.00117163 -0.00750942 -0.00141735
v -0.00110425 -0.00774088 -0.00141735
v -0.00098343 -0.00794949 -0.00141735
v -0.0008162 -0.00812313 -0.00141735
v -0.00061228 -0.0082517 -0.00141735
v -0.00038351 -0.00832774 -0.00141735
v -0.00014319 -0.00834681 -0.00141735
v 9.471E-05 -0.00830782 -0.00141735
v 0.00031636 -0.00821303 -0.00141735
v 0.00050889 -0.00806795 -0.00141735
v 0.00066111 -0.007881 -0.00141735
v 0.00076416 -0.00766307 -0.00141735
v 0.00081206 -0.0074268 -0.00141735
v 0.00080203 -0.00718594 -0.00141735
v 0.00073465 -0.00695447 -0.00141735
v -0.00099636 -0.00769474 -0.0013496
v -0.00105583 -0.00749044 -0.0013496
v -0.00106469 -0.00727784 -0.0013496
v -0.00102241 -0.0070693 -0.0013496
v -0.00093145 -0.00687693 -0.0013496
v -0.00079709 -0.00671193 -0.0013496
v -0.00062716 -0.00658387 -0.0013496
v -0.00043151 -0.0065002 -0.0013496
v -0.00022153 -0.00646579 -0.0013496
v -9.41E-06 -0.00648262 -0.0013496
v 0.00019251 -0.00654973 -0.0013496
v 0.00037251 -0.00666322 -0.0013496
v 0.00052011 -0.00681648 -0.0013496
v 0.00062676 -0.00700061 -0.0013496
v 0.00068623 -0.00720492 -0.0013496
v 0.00069508 -0.00741752 -0.0013496
v 0.0006528 -0.00762606 -0.0013496
v 0.00056184 -0.00781842 -0.0013496
v 0.00042749 -0.00798342 -0.0013496
v 0.00025755 -0.00811148 -0.0013496
v 6.191E-05 -0.00819515 -0.0013496
v -0.00014807 -0.00822957 -0.0013496
v -0.00036019 -0.00821273 -0.0013496
v -0.00056211 -0.00814562 -0.0013496
v -0.00074211 -0.00803214 -0.0013496
v -0.00088972 -0.00787887 -0.0013496
v 0.00061383 -0.00674586 -0.00128185
v 0.0004466 -0.00657222 -0.00128185
v 0.00024267 -0.00644365 -0.00128185
v 1.39E-05 -0.00636762 -0.00128185
v -0.00022641 -0.00634854 -0.00128185
v -0.00046431 -0.00638753 -0.00128185
v -0.00068597 -0.00648233 -0.00128185
v -0.0008785 -0.00662741 -0.00128185
v -0.00103071 -0.00681435 -0.00128185
v -0.00113376 -0.00703229 -0.00128185
v -0.00118167 -0.00726855 -0.00128185
v -0.00117163 -0.00750942 -0.00128185
v -0.00110425 -0.00774088 -0.00128185
v -0.00098343 -0.00794949 -0.00128185
v -0.0008162 -0.00812313 -0.00128185
v -0.00061228 -0.0082517 -0.00128185
v -0.00038351 -0.00832774 -0.00128185
v -0.00014319 -0.00834681 -0.00128185
v 9.471E-05 -0.00830782 -0.00128185
v 0.00031636 -0.00821303 -0.00128185
v 0.00050889 -0.00806795 -0.00128185
v 0.00066111 -0.007881 -0.00128185
v 0.00076416 -0.00766307 -0.00128185
v 0.00081206 -0.0074268 -0.00128185
v 0.00080203 -0.00718594 -0.00128185
v 0.00073465 -0.00695447 -0.00128185
v 0.00061383 -0.00674586 -0.00125475
v 0.0004466 -0.00657222 -0.00125475
v 0.00024267 -0.00644365 -0.00125475
v 1.39E-05 -0.00636762 -0.00125475
v -0.00022641 -0.00634854 -0.00125475
v -0.00046431 -0.00638753 -0.00125475
v -0.00068597 -0.00648233 -0.00125475
v -0.0008785 -0.00662741 -0.00125475
v -0.00103071 -0.00681435 -0.00125475
v -0.00113376 -0.00703229 -0.00125475
v -0.00118167 -0.00726855 -0.00125475
v -0.00117163 -0.00750942 -0.00125475
v -0.00110425 -0.00774088 -0.00125475
v -0.00098343 -0.00794949 -0.00125475
v -0.0008162 -0.00812313 -0.00125475
v -0.00061228 -0.0082517 -0.00125475
v -0.00038351 -0.00832774 -0.00125475
v -0.00014319 -0.00834681 -0.00125475
v 9.471E-05 -0.00830782 -0.00125475
v 0.00031636 -0.00821303 -0.00125475
v 0.00050889 -0.00806795 -0.00125475
v 0.00066111 -0.007881 -0.00125475
v 0.00076416 -0.00766307 -0.00125475
v 0.00081206 -0.0074268 -0.00125475
v 0.00080203 -0.00718594 -0.00125475
v 0.00073465 -0.00695447 -0.00125475
v -0.00074211 -0.00803214 -0.001187
v -0.00036019 -0.00821273 -0.001187
v -0.00046115 -0.00817917 -0.001187
v -0.00056211 -0.00814562 -0.001187
v -0.00065211 -0.00808888 -0.001187
v 6.191E-05 -0.00819515 -0.001187
v -4.308E-05 -0.00821236 -0.001187
v -0.00014807 -0.00822957 -0.001187
v -0.00025413 -0.00822115 -0.001187
v 0.00042749 -0.00798342 -0.001187
v 0.00034252 -0.00804745 -0.001187
v 0.00025755 -0.00811148 -0.001187
v 0.00015973 -0.00815332 -0.001187
v 0.0006528 -0.00762606 -0.001187
v 0.00060732 -0.00772224 -0.001187
v 0.00056184 -0.00781842 -0.001187
v 0.00049467 -0.00790092 -0.001187
v 0.00068623 -0.00720492 -0.001187
v 0.00069066 -0.00731122 -0.001187
v 0.00069508 -0.00741752 -0.001187
v 0.00067394 -0.00752179 -0.001187
v 0.00052011 -0.00681648 -0.001187
v 0.00057343 -0.00690855 -0.001187
v 0.00062676 -0.00700061 -0.001187
v 0.00065649 -0.00710276 -0.001187
v 0.00019251 -0.00654973 -0.001187
v 0.00028251 -0.00660648 -0.001187
v 0.00037251 -0.00666322 -0.001187
v 0.00044631 -0.00673985 -0.001187
v -0.00022153 -0.00646579 -0.001187
v -0.00011547 -0.00647421 -0.001187
v -9.41E-06 -0.00648262 -0.001187
v 9.155E-05 -0.00651618 -0.001187
v -0.00062716 -0.00658387 -0.001187
v -0.00052933 -0.00654204 -0.001187
v -0.00043151 -0.0065002 -0.001187
v -0.00032652 -0.006483 -0.001187
v -0.00093145 -0.00687693 -0.001187
v -0.00086427 -0.00679443 -0.001187
v -0.00079709 -0.00671193 -0.001187
v -0.00071213 -0.0066479 -0.001187
v -0.00106469 -0.00727784 -0.001187
v -0.00104355 -0.00717357 -0.001187
v -0.00102241 -0.0070693 -0.001187
v -0.00097693 -0.00697311 -0.001187
v -0.00099636 -0.00769474 -0.001187
v -0.0010261 -0.00759259 -0.001187
v -0.00105583 -0.00749044 -0.001187
v -0.00106026 -0.00738414 -0.001187
v -0.00081591 -0.0079555 -0.001187
v -0.00088972 -0.00787887 -0.001187
v -0.00094304 -0.00778681 -0.001187
v 0.00050384 -0.00806269 -0.00111925
v 0.00041702 -0.00814631 -0.00111925
v 0.00031271 -0.00820672 -0.00111925
v 0.0002084 -0.00826713 -0.00111925
v 9.267E-05 -0.00830082 -0.00111925
v -2.306E-05 -0.00833451 -0.00111925
v -0.00014349 -0.00833953 -0.00111925
v -0.00026393 -0.00834454 -0.00111925
v -0.00038206 -0.00832059 -0.00111925
v -0.00050019 -0.00829664 -0.00111925
v -0.00060916 -0.00824511 -0.00111925
v -0.00071813 -0.00819359 -0.00111925
v -0.0008116 -0.00811748 -0.00111925
v -0.00090507 -0.00804137 -0.00111925
v -0.00097761 -0.00794511 -0.00111925
v -0.00105015 -0.00784884 -0.00111925
v -0.00109755 -0.00773801 -0.00111925
v -0.00114494 -0.00762719 -0.00111925
v -0.00116444 -0.00750824 -0.00111925
v -0.00118394 -0.00738929 -0.00111925
v -0.0011744 -0.00726913 -0.00111925
v -0.00116486 -0.00714897 -0.00111925
v -0.00112684 -0.00703459 -0.00111925
v -0.00108883 -0.0069202 -0.00111925
v -0.00102454 -0.00681824 -0.00111925
v -0.00096026 -0.00671627 -0.00111925
v -0.00087344 -0.00663266 -0.00111925
v -0.00078662 -0.00654904 -0.00111925
v -0.00068231 -0.00648863 -0.00111925
v -0.00057801 -0.00642823 -0.00111925
v -0.00046227 -0.00639453 -0.00111925
v -0.00034654 -0.00636084 -0.00111925
v -0.00022611 -0.00635583 -0.00111925
v -0.00010568 -0.00635081 -0.00111925
v 1.246E-05 -0.00637476 -0.00111925
v 0.00013059 -0.00639871 -0.00111925
v 0.00023956 -0.00645024 -0.00111925
v 0.00034853 -0.00650177 -0.00111925
v 0.000442 -0.00657787 -0.00111925
v 0.00053547 -0.00665398 -0.00111925
v 0.00061383 -0.00674586 -0.00111925
v 0.00068055 -0.00684651 -0.00111925
v 0.00072795 -0.00695734 -0.00111925
v 0.00077534 -0.00706817 -0.00111925
v 0.00079484 -0.00718712 -0.00111925
v 0.00081433 -0.00730606 -0.00111925
v 0.0008048 -0.00742622 -0.00111925
v 0.00079526 -0.00754638 -0.00111925
v 0.00075724 -0.00766077 -0.00111925
v 0.00071923 -0.00777515 -0.00111925
v 0.00065494 -0.00787712 -0.00111925
v 0.00059065 -0.00797908 -0.00111925
v 0.00061383 -0.00674586 -0.00109215
v 0.00073465 -0.00695447 -0.00109215
v 0.00080203 -0.00718594 -0.00109215
v 0.00081206 -0.0074268 -0.00109215
v 0.00076416 -0.00766307 -0.00109215
v 0.00066111 -0.007881 -0.00109215
v 0.00050889 -0.00806795 -0.00109215
v 0.00031636 -0.00821303 -0.00109215
v 9.471E-05 -0.00830782 -0.00109215
v -0.00014319 -0.00834681 -0.00109215
v -0.00038351 -0.00832774 -0.00109215
v -0.00061228 -0.0082517 -0.00109215
v -0.0008162 -0.00812313 -0.00109215
v -0.00098343 -0.00794949 -0.00109215
v -0.00110425 -0.00774088 -0.00109215
v -0.00117163 -0.00750942 -0.00109215
v -0.00118167 -0.00726855 -0.00109215
v -0.00113376 -0.00703229 -0.00109215
v -0.00103071 -0.00681435 -0.00109215
v -0.0008785 -0.00662741 -0.00109215
v -0.00068597 -0.00648233 -0.00109215
v -0.00046431 -0.00638753 -0.00109215
v -0.00022641 -0.00634854 -0.00109215
v 1.39E-05 -0.00636762 -0.00109215
v 0.00024267 -0.00644365 -0.00109215
v 0.0004466 -0.00657222 -0.00109215
v -0.00099636 -0.00769474 -0.0010244
v -0.00105583 -0.00749044 -0.0010244
v -0.00106469 -0.00727784 -0.0010244
v -0.00102241 -0.0070693 -0.0010244
v -0.00093145 -0.00687693 -0.0010244
v -0.00079709 -0.00671193 -0.0010244
v -0.00062716 -0.00658387 -0.0010244
v -0.00043151 -0.0065002 -0.0010244
v -0.00022153 -0.00646579 -0.0010244
v -9.41E-06 -0.00648262 -0.0010244
v 0.00019251 -0.00654973 -0.0010244
v 0.00037251 -0.00666322 -0.0010244
v 0.00052011 -0.00681648 -0.0010244
v 0.00062676 -0.00700061 -0.0010244
v 0.00068623 -0.00720492 -0.0010244
v 0.00069508 -0.00741752 -0.0010244
v 0.0006528 -0.00762606 -0.0010244
v 0.00056184 -0.00781842 -0.0010244
v 0.00042749 -0.00798342 -0.0010244
v 0.00025755 -0.00811148 -0.0010244
v 6.191E-05 -0.00819515 -0.0010244
v -0.00014807 -0.00822957 -0.0010244
v -0.00036019 -0.00821273 -0.0010244
v -0.00056211 -0.00814562 -0.0010244
v -0.00074211 -0.00803214 -0.0010244
v -0.00088972 -0.00787887 -0.0010244
v 0.00061383 -0.00674586 -0.00095665
v 0.0004466 -0.00657222 -0.00095665
v 0.00024267 -0.00644365 -0.00095665
v 1.39E-05 -0.00636762 -0.00095665
v -0.00022641 -0.00634854 -0.00095665
v -0.00046431 -0.00638753 -0.00095665
v -0.00068597 -0.00648233 -0.00095665
v -0.0008785 -0.00662741 -0.00095665
v -0.00103071 -0.00681435 -0.00095665
v -0.00113376 -0.00703229 -0.00095665
v -0.00118167 -0.00726855 -0.00095665
v -0.00117163 -0.00750942 -0.00095665
v -0.00110425 -0.00774088 -0.00095665
v -0.00098343 -0.00794949 -0.00095665
v -0.0008162 -0.00812313 -0.00095665
v -0.00061228 -0.0082517 -0.00095665
v -0.00038351 -0.00832774 -0.00095665
v -0.00014319 -0.00834681 -0.00095665
v 9.471E-05 -0.00830782 -0.00095665
v 0.00031636 -0.00821303 -0.00095665
v 0.00050889 -0.00806795 -0.00095665
v 0.00066111 -0.007881 -0.00095665
v 0.00076416 -0.00766307 -0.00095665
v 0.00081206 -0.0074268 -0.00095665
v 0.00080203 -0.00718594 -0.00095665
v 0.00073465 -0.00695447 -0.00095665
v 0.00068055 -0.00684651 -0.00092955
v 0.00072795 -0.00695734 -0.00092955
v 0.00077534 -0.00706817 -0.00092955
v 0.00079484 -0.00718712 -0.00092955
v 0.00081433 -0.00730606 -0.00092955
v 0.0008048 -0.00742622 -0.00092955
v 0.00079526 -0.00754638 -0.00092955
v 0.00075724 -0.00766077 -0.00092955
v 0.00071923 -0.00777515 -0.00092955
v 0.00065494 -0.00787712 -0.00092955
v 0.00059065 -0.00797908 -0.00092955
v 0.00050384 -0.00806269 -0.00092955
v 0.00041702 -0.00814631 -0.00092955
v 0.00031271 -0.00820672 -0.00092955
v 0.0002084 -0.00826713 -0.00092955
v 9.267E-05 -0.00830082 -0.00092955
v -2.306E-05 -0.00833451 -0.00092955
v -0.00014349 -0.00833953 -0.00092955
v -0.00026393 -0.00834454 -0.00092955
v -0.00038206 -0.00832059 -0.00092955
v -0.00050019 -0.00829664 -0.00092955
v -0.00060916 -0.00824511 -0.00092955
v -0.00071813 -0.00819359 -0.00092955
v -0.0008116 -0.00811748 -0.00092955
v -0.00090507 -0.00804137 -0.00092955
v -0.00098343 -0.00794949 -0.00092955
v -0.00105015 -0.00784884 -0.00092955
v -0.00109755 -0.00773801 -0.00092955
v -0.00114494 -0.00762719 -0.00092955
v -0.00116444 -0.00750824 -0.00092955
v -0.00118394 -0.00738929 -0.00092955
v -0.0011744 -0.00726913 -0.00092955
v -0.00116486 -0.00714897 -0.00092955
v -0.00112684 -0.00703459 -0.00092955
v -0.00108883 -0.0069202 -0.00092955
v -0.00102454 -0.00681824 -0.00092955
v -0.00096026 -0.00671627 -0.00092955
v -0.00057801 -0.00642823 -0.00092955
v -0.00087344 -0.00663266 -0.00092955
v -0.00078662 -0.00654904 -0.00092955
v -0.00068231 -0.00648863 -0.00092955
v -0.00046227 -0.00639453 -0.00092955
v -0.00034654 -0.00636084 -0.00092955
v -0.00022611 -0.00635583 -0.00092955
v -0.00010568 -0.00635081 -0.00092955
v 1.246E-05 -0.00637476 -0.00092955
v 0.00013059 -0.00639871 -0.00092955
v 0.00023956 -0.00645024 -0.00092955
v 0.00034853 -0.00650177 -0.00092955
v 0.000442 -0.00657787 -0.00092955
v 0.00053547 -0.00665398 -0.00092955
v 0.00060801 -0.00675025 -0.00092955
v -0.00062393 -0.00658944 -0.0008618
v -0.000716 -0.00664276 -0.0008618
v -0.00079263 -0.00671656 -0.0008618
v -0.00086926 -0.00679037 -0.0008618
v -0.000926 -0.00688037 -0.0008618
v -0.00098274 -0.00697036 -0.0008618
v -0.0010163 -0.00707133 -0.0008618
v -0.00104985 -0.00717229 -0.0008618
v -0.00105827 -0.00727835 -0.0008618
v -0.00106669 -0.00738441 -0.0008618
v -0.00104948 -0.0074894 -0.0008618
v -0.00103227 -0.00759439 -0.0008618
v -0.00099044 -0.00769221 -0.0008618
v -0.00094861 -0.00779003 -0.0008618
v -0.00088458 -0.007875 -0.0008618
v -0.00082055 -0.00795997 -0.0008618
v -0.00073805 -0.00802714 -0.0008618
v -0.00065554 -0.00809432 -0.0008618
v -0.00055936 -0.0081398 -0.0008618
v -0.00046318 -0.00818528 -0.0008618
v -0.00035891 -0.00820642 -0.0008618
v -0.00025464 -0.00822756 -0.0008618
v -0.00014834 -0.00822314 -0.0008618
v -4.204E-05 -0.00821871 -0.0008618
v 6.011E-05 -0.00818897 -0.0008618
v 0.00016226 -0.00815923 -0.0008618
v 0.00025433 -0.00810591 -0.0008618
v 0.0003464 -0.00805259 -0.0008618
v 0.00042303 -0.00797879 -0.0008618
v 0.00049966 -0.00790498 -0.0008618
v 0.0005564 -0.00781499 -0.0008618
v 0.00061314 -0.00772499 -0.0008618
v 0.0006467 -0.00762403 -0.0008618
v 0.00068025 -0.00752306 -0.0008618
v 0.00068867 -0.00741701 -0.0008618
v 0.00069709 -0.00731095 -0.0008618
v 0.00067988 -0.00720596 -0.0008618
v 0.00066267 -0.00710097 -0.0008618
v 0.00062084 -0.00700314 -0.0008618
v 0.000579 -0.00690532 -0.0008618
v 0.00052011 -0.00681648 -0.0008618
v 0.00045095 -0.00673538 -0.0008618
v 0.00036844 -0.00666821 -0.0008618
v 0.00028594 -0.00660103 -0.0008618
v 0.00018976 -0.00655555 -0.0008618
v 9.358E-05 -0.00651007 -0.0008618
v -1.069E-05 -0.00648893 -0.0008618
v -0.00011496 -0.00646779 -0.0008618
v -0.00022126 -0.00647222 -0.0008618
v -0.00032756 -0.00647664 -0.0008618
v -0.00042971 -0.00650638 -0.0008618
v -0.00053187 -0.00653612 -0.0008618
v -0.0008785 -0.00662741 -0.00079405
v 0.00080203 -0.00718594 -0.00079405
v 0.00081206 -0.0074268 -0.00079405
v 0.00073465 -0.00695447 -0.00079405
v 0.00076416 -0.00766307 -0.00079405
v 0.00066111 -0.007881 -0.00079405
v 0.00050889 -0.00806795 -0.00079405
v 0.00031636 -0.00821303 -0.00079405
v 9.471E-05 -0.00830782 -0.00079405
v -0.00014319 -0.00834681 -0.00079405
v -0.00038351 -0.00832774 -0.00079405
v -0.00061228 -0.0082517 -0.00079405
v -0.0008162 -0.00812313 -0.00079405
v -0.00098343 -0.00794949 -0.00079405
v -0.00110425 -0.00774088 -0.00079405
v -0.00117163 -0.00750942 -0.00079405
v -0.00118167 -0.00726855 -0.00079405
v -0.00113376 -0.00703229 -0.00079405
v -0.00103071 -0.00681435 -0.00079405
v -0.00068597 -0.00648233 -0.00079405
v -0.00046431 -0.00638753 -0.00079405
v -0.00022641 -0.00634854 -0.00079405
v 1.39E-05 -0.00636762 -0.00079405
v 0.00024267 -0.00644365 -0.00079405
v 0.0004466 -0.00657222 -0.00079405
v 0.00061383 -0.00674586 -0.00079405
v 0.00061383 -0.00674586 -0.00076695
v 0.0004466 -0.00657222 -0.00076695
v 0.00024267 -0.00644365 -0.00076695
v 1.39E-05 -0.00636762 -0.00076695
v -0.00022641 -0.00634854 -0.00076695
v -0.00046431 -0.00638753 -0.00076695
v -0.00068597 -0.00648233 -0.00076695
v -0.0008785 -0.00662741 -0.00076695
v -0.00103071 -0.00681435 -0.00076695
v -0.00113376 -0.00703229 -0.00076695
v -0.00118167 -0.00726855 -0.00076695
v -0.00117163 -0.00750942 -0.00076695
v -0.00110425 -0.00774088 -0.00076695
v -0.00098343 -0.00794949 -0.00076695
v -0.0008162 -0.00812313 -0.00076695
v -0.00061228 -0.0082517 -0.00076695
v -0.00038351 -0.00832774 -0.00076695
v -0.00014319 -0.00834681 -0.00076695
v 9.471E-05 -0.00830782 -0.00076695
v 0.00031636 -0.00821303 -0.00076695
v 0.00050889 -0.00806795 -0.00076695
v 0.00066111 -0.007881 -0.00076695
v 0.00076416 -0.00766307 -0.00076695
v 0.00081206 -0.0074268 -0.00076695
v 0.00080203 -0.00718594 -0.00076695
v 0.00073465 -0.00695447 -0.00076695
v -0.00099636 -0.00769474 -0.0006992
v -0.00105583 -0.00749044 -0.0006992
v -0.00106469 -0.00727784 -0.0006992
v -0.00102241 -0.0070693 -0.0006992
v -0.00093145 -0.00687693 -0.0006992
v -0.00079709 -0.00671193 -0.0006992
v -0.00062716 -0.00658387 -0.0006992
v -0.00043151 -0.0065002 -0.0006992
v -0.00022153 -0.00646579 -0.0006992
v -9.41E-06 -0.00648262 -0.0006992
v 0.00019251 -0.00654973 -0.0006992
v 0.00037251 -0.00666322 -0.0006992
v 0.00052011 -0.00681648 -0.0006992
v 0.00062676 -0.00700061 -0.0006992
v 0.00068623 -0.00720492 -0.0006992
v 0.00069508 -0.00741752 -0.0006992
v 0.0006528 -0.00762606 -0.0006992
v 0.00056184 -0.00781842 -0.0006992
v 0.00042749 -0.00798342 -0.0006992
v 0.00025755 -0.00811148 -0.0006992
v 6.191E-05 -0.00819515 -0.0006992
v -0.00014807 -0.00822957 -0.0006992
v -0.00036019 -0.00821273 -0.0006992
v -0.00056211 -0.00814562 -0.0006992
v -0.00074211 -0.00803214 -0.0006992
v -0.00088972 -0.00787887 -0.0006992
v 0.00061383 -0.00674586 -0.00063145
v 0.0004466 -0.00657222 -0.00063145
v 0.00024267 -0.00644365 -0.00063145
v 1.39E-05 -0.00636762 -0.00063145
v -0.00022641 -0.00634854 -0.00063145
v -0.00046431 -0.00638753 -0.00063145
v -0.00068597 -0.00648233 -0.00063145
v -0.0008785 -0.00662741 -0.00063145
v -0.00103071 -0.00681435 -0.00063145
v -0.00113376 -0.00703229 -0.00063145
v -0.00118167 -0.00726855 -0.00063145
v -0.00117163 -0.00750942 -0.00063145
v -0.00110425 -0.00774088 -0.00063145
v -0.00098343 -0.00794949 -0.00063145
v -0.0008162 -0.00812313 -0.00063145
v -0.00061228 -0.0082517 -0.00063145
v -0.00038351 -0.00832774 -0.00063145
v -0.00014319 -0.00834681 -0.00063145
v 9.471E-05 -0.00830782 -0.00063145
v 0.00031636 -0.00821303 -0.00063145
v 0.00050889 -0.00806795 -0.00063145
v 0.00066111 -0.007881 -0.00063145
v 0.00076416 -0.00766307 -0.00063145
v 0.00081206 -0.0074268 -0.00063145
v 0.00080203 -0.00718594 -0.00063145
v 0.00073465 -0.00695447 -0.00063145
v 0.00061383 -0.00674586 -0.00060435
v 0.0004466 -0.00657222 -0.00060435
v 0.00024267 -0.00644365 -0.00060435
v 1.39E-05 -0.00636762 -0.00060435
v -0.00022641 -0.00634854 -0.00060435
v -0.00046431 -0.00638753 -0.00060435
v -0.00068597 -0.00648233 -0.00060435
v -0.0008785 -0.00662741 -0.00060435
v -0.00103071 -0.00681435 -0.00060435
v -0.00113376 -0.00703229 -0.00060435
v -0.00118167 -0.00726855 -0.00060435
v -0.00117163 -0.00750942 -0.00060435
v -0.00110425 -0.00774088 -0.00060435
v -0.00098343 -0.00794949 -0.00060435
v -0.0008162 -0.00812313 -0.00060435
v -0.00061228 -0.0082517 -0.00060435
v -0.00038351 -0.00832774 -0.00060435
v -0.00014319 -0.00834681 -0.00060435
v 9.471E-05 -0.00830782 -0.00060435
v 0.00031636 -0.00821303 -0.00060435
v 0.00050889 -0.00806795 -0.00060435
v 0.00066111 -0.007881 -0.00060435
v 0.00076416 -0.00766307 -0.00060435
v 0.00081206 -0.0074268 -0.00060435
v 0.00080203 -0.00718594 -0.00060435
v 0.00073465 -0.00695447 -0.00060435
v -0.00099636 -0.00769474 -0.0005366
v -0.00105583 -0.00749044 -0.0005366
v -0.00106469 -0.00727784 -0.0005366
v -0.00102241 -0.0070693 -0.0005366
v -0.00093145 -0.00687693 -0.0005366
v -0.00079709 -0.00671193 -0.0005366
v -0.00062716 -0.00658387 -0.0005366
v -0.00043151 -0.0065002 -0.0005366
v -0.00022153 -0.00646579 -0.0005366
v -9.41E-06 -0.00648262 -0.0005366
v 0.00019251 -0.00654973 -0.0005366
v 0.00037251 -0.00666322 -0.0005366
v 0.00052011 -0.00681648 -0.0005366
v 0.00062676 -0.00700061 -0.0005366
v 0.00068623 -0.00720492 -0.0005366
v 0.00069508 -0.00741752 -0.0005366
v 0.0006528 -0.00762606 -0.0005366
v 0.00056184 -0.00781842 -0.0005366
v 0.00042749 -0.00798342 -0.0005366
v 0.00025755 -0.00811148 -0.0005366
v 6.191E-05 -0.00819515 -0.0005366
v -0.00014807 -0.00822957 -0.0005366
v -0.00036019 -0.00821273 -0.0005366
v -0.00056211 -0.00814562 -0.0005366
v -0.00074211 -0.00803214 -0.0005366
v -0.00088972 -0.00787887 -0.0005366
v 0.00061383 -0.00674586 -0.00046885
v 0.0004466 -0.00657222 -0.00046885
v 0.00024267 -0.00644365 -0.00046885
v 1.39E-05 -0.00636762 -0.00046885
v -0.00022641 -0.00634854 -0.00046885
v -0.00046431 -0.00638753 -0.00046885
v -0.00068597 -0.00648233 -0.00046885
v -0.0008785 -0.00662741 -0.00046885
v -0.00103071 -0.00681435 -0.00046885
v -0.00113376 -0.00703229 -0.00046885
v -0.00118167 -0.00726855 -0.00046885
v -0.00117163 -0.00750942 -0.00046885
v -0.00110425 -0.00774088 -0.00046885
v -0.00098343 -0.00794949 -0.00046885
v -0.0008162 -0.00812313 -0.00046885
v -0.00061228 -0.0082517 -0.00046885
v -0.00038351 -0.00832774 -0.00046885
v -0.00014319 -0.00834681 -0.00046885
v 9.471E-05 -0.00830782 -0.00046885
v 0.00031636 -0.00821303 -0.00046885
v 0.00050889 -0.00806795 -0.00046885
v 0.00066111 -0.007881 -0.00046885
v 0.00076416 -0.00766307 -0.00046885
v 0.00081206 -0.0074268 -0.00046885
v 0.00080203 -0.00718594 -0.00046885
v 0.00073465 -0.00695447 -0.00046885
v 0.00061383 -0.00674586 -0.00044175
v 0.0004466 -0.00657222 -0.00044175
v 0.00024267 -0.00644365 -0.00044175
v 1.39E-05 -0.00636762 -0.00044175
v -0.00022641 -0.00634854 -0.00044175
v -0.00046431 -0.00638753 -0.00044175
v -0.00068597 -0.00648233 -0.00044175
v -0.0008785 -0.00662741 -0.00044175
v -0.00103071 -0.00681435 -0.00044175
v -0.00113376 -0.00703229 -0.00044175
v -0.00118167 -0.00726855 -0.00044175
v -0.00117163 -0.00750942 -0.00044175
v -0.00110425 -0.00774088 -0.00044175
v -0.00098343 -0.00794949 -0.00044175
v -0.0008162 -0.00812313 -0.00044175
v -0.00061228 -0.0082517 -0.00044175
v -0.00038351 -0.00832774 -0.00044175
v -0.00014319 -0.00834681 -0.00044175
v 9.471E-05 -0.00830782 -0.00044175
v 0.00031636 -0.00821303 -0.00044175
v 0.00050889 -0.00806795 -0.00044175
v 0.00066111 -0.007881 -0.00044175
v 0.00076416 -0.00766307 -0.00044175
v 0.00081206 -0.0074268 -0.00044175
v 0.00080203 -0.00718594 -0.00044175
v 0.00073465 -0.00695447 -0.00044175
v -0.00074211 -0.00803214 -0.000374
v -0.00036019 -0.00821273 -0.000374
v -0.00046115 -0.00817917 -0.000374
v -0.00056211 -0.00814562 -0.000374
v -0.00065211 -0.00808888 -0.000374
v 6.191E-05 -0.00819515 -0.000374
v -4.308E-05 -0.00821236 -0.000374
v -0.00014807 -0.00822957 -0.000374
v -0.00025413 -0.00822115 -0.000374
v 0.00042749 -0.00798342 -0.000374
v 0.00034252 -0.00804745 -0.000374
v 0.00025755 -0.00811148 -0.000374
v 0.00015973 -0.00815332 -0.000374
v 0.0006528 -0.00762606 -0.000374
v 0.00060732 -0.00772224 -0.000374
v 0.00056184 -0.00781842 -0.000374
v 0.00049467 -0.00790092 -0.000374
v 0.00068623 -0.00720492 -0.000374
v 0.00069066 -0.00731122 -0.000374
v 0.00069508 -0.00741752 -0.000374
v 0.00067394 -0.00752179 -0.000374
v 0.00052011 -0.00681648 -0.000374
v 0.00057343 -0.00690855 -0.000374
v 0.00062676 -0.00700061 -0.000374
v 0.00065649 -0.00710276 -0.000374
v 0.00019251 -0.00654973 -0.000374
v 0.00028251 -0.00660648 -0.000374
v 0.00037251 -0.00666322 -0.000374
v 0.00044631 -0.00673985 -0.000374
v -0.00022153 -0.00646579 -0.000374
v -0.00011547 -0.00647421 -0.000374
v -9.41E-06 -0.00648262 -0.000374
v 9.155E-05 -0.00651618 -0.000374
v -0.00062716 -0.00658387 -0.000374
v -0.00052933 -0.00654204 -0.000374
v -0.00043151 -0.0065002 -0.000374
v -0.00032652 -0.006483 -0.000374
v -0.00093145 -0.00687693 -0.000374
v -0.00086427 -0.00679443 -0.000374
v -0.00079709 -0.00671193 -0.000374
v -0.00071213 -0.0066479 -0.000374
v -0.00106469 -0.00727784 -0.000374
v -0.00104355 -0.00717357 -0.000374
v -0.00102241 -0.0070693 -0.000374
v -0.00097693 -0.00697311 -0.000374
v -0.00099636 -0.00769474 -0.000374
v -0.0010261 -0.00759259 -0.000374
v -0.00105583 -0.00749044 -0.000374
v -0.00106026 -0.00738414 -0.000374
v -0.00081591 -0.0079555 -0.000374
v -0.00088972 -0.00787887 -0.000374
v -0.00094304 -0.00778681 -0.000374
v 0.00050384 -0.00806269 -0.00030625
v 0.00041702 -0.00814631 -0.00030625
v 0.00031271 -0.00820672 -0.00030625
v 0.0002084 -0.00826713 -0.00030625
v 9.267E-05 -0.00830082 -0.00030625
v -2.306E-05 -0.00833451 -0.00030625
v -0.00014349 -0.00833953 -0.00030625
v -0.00026393 -0.00834454 -0.00030625
v -0.00038206 -0.00832059 -0.00030625
v -0.00050019 -0.00829664 -0.00030625
v -0.00060916 -0.00824511 -0.00030625
v -0.00071813 -0.00819359 -0.00030625
v -0.0008116 -0.00811748 -0.00030625
v -0.00090507 -0.00804137 -0.00030625
v -0.00097761 -0.00794511 -0.00030625
v -0.00105015 -0.00784884 -0.00030625
v -0.00109755 -0.00773801 -0.00030625
v -0.00114494 -0.00762719 -0.00030625
v -0.00116444 -0.00750824 -0.00030625
v -0.00118394 -0.00738929 -0.00030625
v -0.0011744 -0.00726913 -0.00030625
v -0.00116486 -0.00714897 -0.00030625
v -0.00112684 -0.00703459 -0.00030625
v -0.00108883 -0.0069202 -0.00030625
v -0.00102454 -0.00681824 -0.00030625
v -0.00096026 -0.00671627 -0.00030625
v -0.00087344 -0.00663266 -0.00030625
v -0.00078662 -0.00654904 -0.00030625
v -0.00068231 -0.00648863 -0.00030625
v -0.00057801 -0.00642823 -0.00030625
v -0.00046227 -0.00639453 -0.00030625
v -0.00034654 -0.00636084 -0.00030625
v -0.00022611 -0.00635583 -0.00030625
v -0.00010568 -0.00635081 -0.00030625
v 1.246E-05 -0.00637476 -0.00030625
v 0.00013059 -0.00639871 -0.00030625
v 0.00023956 -0.00645024 -0.00030625
v 0.00034853 -0.00650177 -0.00030625
v 0.000442 -0.00657787 -0.00030625
v 0.00053547 -0.00665398 -0.00030625
v 0.00061383 -0.00674586 -0.00030625
v 0.00068055 -0.00684651 -0.00030625
v 0.00072795 -0.00695734 -0.00030625
v 0.00077534 -0.00706817 -0.00030625
v 0.00079484 -0.00718712 -0.00030625
v 0.00081433 -0.00730606 -0.00030625
v 0.0008048 -0.00742622 -0.00030625
v 0.00079526 -0.00754638 -0.00030625
v 0.00075724 -0.00766077 -0.00030625
v 0.00071923 -0.00777515 -0.00030625
v 0.00065494 -0.00787712 -0.00030625
v 0.00059065 -0.00797908 -0.00030625
v 0.00061383 -0.00674586 -0.00027915
v 0.00073465 -0.00695447 -0.00027915
v 0.00080203 -0.00718594 -0.00027915
v 0.00081206 -0.0074268 -0.00027915
v 0.00076416 -0.00766307 -0.00027915
v 0.00066111 -0.007881 -0.00027915
v 0.00050889 -0.00806795 -0.00027915
v 0.00031636 -0.00821303 -0.00027915
v 9.471E-05 -0.00830782 -0.00027915
v -0.00014319 -0.00834681 -0.00027915
v -0.00038351 -0.00832774 -0.00027915
v -0.00061228 -0.0082517 -0.00027915
v -0.0008162 -0.00812313 -0.00027915
v -0.00098343 -0.00794949 -0.00027915
v -0.00110425 -0.00774088 -0.00027915
v -0.00117163 -0.00750942 -0.00027915
v -0.00118167 -0.00726855 -0.00027915
v -0.00113376 -0.00703229 -0.00027915
v -0.00103071 -0.00681435 -0.00027915
v -0.0008785 -0.00662741 -0.00027915
v -0.00068597 -0.00648233 -0.00027915
v -0.00046431 -0.00638753 -0.00027915
v -0.00022641 -0.00634854 -0.00027915
v 1.39E-05 -0.00636762 -0.00027915
v 0.00024267 -0.00644365 -0.00027915
v 0.0004466 -0.00657222 -0.00027915
v -0.00099636 -0.00769474 -0.0002114
v -0.00105583 -0.00749044 -0.0002114
v -0.00106469 -0.00727784 -0.0002114
v -0.00102241 -0.0070693 -0.0002114
v -0.00093145 -0.00687693 -0.0002114
v -0.00079709 -0.00671193 -0.0002114
v -0.00062716 -0.00658387 -0.0002114
v -0.00043151 -0.0065002 -0.0002114
v -0.00022153 -0.00646579 -0.0002114
v -9.41E-06 -0.00648262 -0.0002114
v 0.00019251 -0.00654973 -0.0002114
v 0.00037251 -0.00666322 -0.0002114
v 0.00052011 -0.00681648 -0.0002114
v 0.00062676 -0.00700061 -0.0002114
v 0.00068623 -0.00720492 -0.0002114
v 0.00069508 -0.00741752 -0.0002114
v 0.0006528 -0.00762606 -0.0002114
v 0.00056184 -0.00781842 -0.0002114
v 0.00042749 -0.00798342 -0.0002114
v 0.00025755 -0.00811148 -0.0002114
v 6.191E-05 -0.00819515 -0.0002114
v -0.00014807 -0.00822957 -0.0002114
v -0.00036019 -0.00821273 -0.0002114
v -0.00056211 -0.00814562 -0.0002114
v -0.00074211 -0.00803214 -0.0002114
v -0.00088972 -0.00787887 -0.0002114
v 0.00061383 -0.00674586 -0.00014365
v 0.0004466 -0.00657222 -0.00014365
v 0.00024267 -0.00644365 -0.00014365
v 1.39E-05 -0.00636762 -0.00014365
v -0.00022641 -0.00634854 -0.00014365
v -0.00046431 -0.00638753 -0.00014365
v -0.00068597 -0.00648233 -0.00014365
v -0.0008785 -0.00662741 -0.00014365
v -0.00103071 -0.00681435 -0.00014365
v -0.00113376 -0.00703229 -0.00014365
v -0.00118167 -0.00726855 -0.00014365
v -0.00117163 -0.00750942 -0.00014365
v -0.00110425 -0.00774088 -0.00014365
v -0.00098343 -0.00794949 -0.00014365
v -0.0008162 -0.00812313 -0.00014365
v -0.00061228 -0.0082517 -0.00014365
v -0.00038351 -0.00832774 -0.00014365
v -0.00014319 -0.00834681 -0.00014365
v 9.471E-05 -0.00830782 -0.00014365
v 0.00031636 -0.00821303 -0.00014365
v 0.00050889 -0.00806795 -0.00014365
v 0.00066111 -0.007881 -0.00014365
v 0.00076416 -0.00766307 -0.00014365
v 0.00081206 -0.0074268 -0.00014365
v 0.00080203 -0.00718594 -0.00014365
v 0.00073465 -0.00695447 -0.00014365
v 0.00061383 -0.00674586 -0.00011655
v 0.0004466 -0.00657222 -0.00011655
v 0.00024267 -0.00644365 -0.00011655
v 1.39E-05 -0.00636762 -0.00011655
v -0.00022641 -0.00634854 -0.00011655
v -0.00046431 -0.00638753 -0.00011655
v -0.00068597 -0.00648233 -0.00011655
v -0.0008785 -0.00662741 -0.00011655
v -0.00103071 -0.00681435 -0.00011655
v -0.00113376 -0.00703229 -0.00011655
v -0.00118167 -0.00726855 -0.00011655
v -0.00117163 -0.00750942 -0.00011655
v -0.00110425 -0.00774088 -0.00011655
v -0.00098343 -0.00794949 -0.00011655
v -0.0008162 -0.00812313 -0.00011655
v -0.00061228 -0.0082517 -0.00011655
v -0.00038351 -0.00832774 -0.00011655
v -0.00014319 -0.00834681 -0.00011655
v 9.471E-05 -0.00830782 -0.00011655
v 0.00031636 -0.00821303 -0.00011655
v 0.00050889 -0.00806795 -0.00011655
v 0.00066111 -0.007881 -0.00011655
v 0.00076416 -0.00766307 -0.00011655
v 0.00081206 -0.0074268 -0.00011655
v 0.00080203 -0.00718594 -0.00011655
v 0.00073465 -0.00695447 -0.00011655
v -0.00099636 -0.00769474 -4.88E-05
v -0.00105583 -0.00749044 -4.88E-05
v -0.00106469 -0.00727784 -4.88E-05
v -0.00102241 -0.0070693 -4.88E-05
v -0.00093145 -0.00687693 -4.88E-05
v -0.00079709 -0.00671193 -4.88E-05
v -0.00062716 -0.00658387 -4.88E-05
v -0.00043151 -0.0065002 -4.88E-05
v -0.00022153 -0.00646579 -4.88E-05
v -9.41E-06 -0.00648262 -4.88E-05
v 0.00019251 -0.00654973 -4.88E-05
v 0.00037251 -0.00666322 -4.88E-05
v 0.00052011 -0.00681648 -4.88E-05
v 0.00062676 -0.00700061 -4.88E-05
v 0.00068623 -0.00720492 -4.88E-05
v 0.00069508 -0.00741752 -4.88E-05
v 0.0006528 -0.00762606 -4.88E-05
v 0.00056184 -0.00781842 -4.88E-05
v 0.00042749 -0.00798342 -4.88E-05
v 0.00025755 -0.00811148 -4.88E-05
v 6.191E-05 -0.00819515 -4.88E-05
v -0.00014807 -0.00822957 -4.88E-05
v -0.00036019 -0.00821273 -4.88E-05
v -0.00056211 -0.00814562 -4.88E-05
v -0.00074211 -0.00803214 -4.88E-05
v -0.00088972 -0.00787887 -4.88E-05
v 0.00061383 -0.00674586 1.895E-05
v 0.0004466 -0.00657222 1.895E-05
v 0.00024267 -0.00644365 1.895E-05
v 1.39E-05 -0.00636762 1.895E-05
v -0.00022641 -0.00634854 1.895E-05
v -0.00046431 -0.00638753 1.895E-05
v -0.00068597 -0.00648233 1.895E-05
v -0.0008785 -0.00662741 1.895E-05
v -0.00103071 -0.00681435 1.895E-05
v -0.00113376 -0.00703229 1.895E-05
v -0.00118167 -0.00726855 1.895E-05
v -0.00117163 -0.00750942 1.895E-05
v -0.00110425 -0.00774088 1.895E-05
v -0.00098343 -0.00794949 1.895E-05
v -0.0008162 -0.00812313 1.895E-05
v -0.00061228 -0.0082517 1.895E-05
v -0.00038351 -0.00832774 1.895E-05
v -0.00014319 -0.00834681 1.895E-05
v 9.471E-05 -0.00830782 1.895E-05
v 0.00031636 -0.00821303 1.895E-05
v 0.00050889 -0.00806795 1.895E-05
v 0.00066111 -0.007881 1.895E-05
v 0.00076416 -0.00766307 1.895E-05
v 0.00081206 -0.0074268 1.895E-05
v 0.00080203 -0.00718594 1.895E-05
v 0.00073465 -0.00695447 1.895E-05
v 0.00061383 -0.00674586 4.605E-05
v 0.0004466 -0.00657222 4.605E-05
v 0.00024267 -0.00644365 4.605E-05
v 1.39E-05 -0.00636762 4.605E-05
v -0.00022641 -0.00634854 4.605E-05
v -0.00046431 -0.00638753 4.605E-05
v -0.00068597 -0.00648233 4.605E-05
v -0.0008785 -0.00662741 4.605E-05
v -0.00103071 -0.00681435 4.605E-05
v -0.00113376 -0.00703229 4.605E-05
v -0.00118167 -0.00726855 4.605E-05
v -0.00117163 -0.00750942 4.605E-05
v -0.00110425 -0.00774088 4.605E-05
v -0.00098343 -0.00794949 4.605E-05
v -0.0008162 -0.00812313 4.605E-05
v -0.00061228 -0.0082517 4.605E-05
v -0.00038351 -0.00832774 4.605E-05
v -0.00014319 -0.00834681 4.605E-05
v 9.471E-05 -0.00830782 4.605E-05
v 0.00031636 -0.00821303 4.605E-05
v 0.00050889 -0.00806795 4.605E-05
v 0.00066111 -0.007881 4.605E-05
v 0.00076416 -0.00766307 4.605E-05
v 0.00081206 -0.0074268 4.605E-05
v 0.00080203 -0.00718594 4.605E-05
v 0.00073465 -0.00695447 4.605E-05
v -0.00099636 -0.00769474 0.0001138
v -0.00105583 -0.00749044 0.0001138
v -0.00106469 -0.00727784 0.0001138
v -0.00102241 -0.0070693 0.0001138
v -0.00093145 -0.00687693 0.0001138
v -0.00079709 -0.00671193 0.0001138
v -0.00062716 -0.00658387 0.0001138
v -0.00043151 -0.0065002 0.0001138
v -0.00022153 -0.00646579 0.0001138
v -9.41E-06 -0.00648262 0.0001138
v 0.00019251 -0.00654973 0.0001138
v 0.00037251 -0.00666322 0.0001138
v 0.00052011 -0.00681648 0.0001138
v 0.00062676 -0.00700061 0.0001138
v 0.00068623 -0.00720492 0.0001138
v 0.00069508 -0.00741752 0.0001138
v 0.0006528 -0.00762606 0.0001138
v 0.00056184 -0.00781842 0.0001138
v 0.00042749 -0.00798342 0.0001138
v 0.00025755 -0.00811148 0.0001138
v 6.191E-05 -0.00819515 0.0001138
v -0.00014807 -0.00822957 0.0001138
v -0.00036019 -0.00821273 0.0001138
v -0.00056211 -0.00814562 0.0001138
v -0.00074211 -0.00803214 0.0001138
v -0.00088972 -0.00787887 0.0001138
v 0.00061383 -0.00674586 0.00018155
v 0.0004466 -0.00657222 0.00018155
v 0.00024267 -0.00644365 0.00018155
v 1.39E-05 -0.00636762 0.00018155
v -0.00022641 -0.00634854 0.00018155
v -0.00046431 -0.00638753 0.00018155
v -0.00068597 -0.00648233 0.00018155
v -0.0008785 -0.00662741 0.00018155
v -0.00103071 -0.00681435 0.00018155
v -0.00113376 -0.00703229 0.00018155
v -0.00118167 -0.00726855 0.00018155
v -0.00117163 -0.00750942 0.00018155
v -0.00110425 -0.00774088 0.00018155
v -0.00098343 -0.00794949 0.00018155
v -0.0008162 -0.00812313 0.00018155
v -0.00061228 -0.0082517 0.00018155
v -0.00038351 -0.00832774 0.00018155
v -0.00014319 -0.00834681 0.00018155
v 9.471E-05 -0.00830782 0.00018155
v 0.00031636 -0.00821303 0.00018155
v 0.00050889 -0.00806795 0.00018155
v 0.00066111 -0.007881 0.00018155
v 0.00076416 -0.00766307 0.00018155
v 0.00081206 -0.0074268 0.00018155
v 0.00080203 -0.00718594 0.00018155
v 0.00073465 -0.00695447 0.00018155
v 0.00061383 -0.00674586 0.00020865
v 0.0004466 -0.00657222 0.00020865
v 0.00024267 -0.00644365 0.00020865
v 1.39E-05 -0.00636762 0.00020865
v -0.00022641 -0.00634854 0.00020865
v -0.00046431 -0.00638753 0.00020865
v -0.00068597 -0.00648233 0.00020865
v -0.0008785 -0.00662741 0.00020865
v -0.00103071 -0.00681435 0.00020865
v -0.00113376 -0.00703229 0.00020865
v -0.00118167 -0.00726855 0.00020865
v -0.00117163 -0.00750942 0.00020865
v -0.00110425 -0.00774088 0.00020865
v -0.00098343 -0.00794949 0.00020865
v -0.0008162 -0.00812313 0.00020865
v -0.00061228 -0.0082517 0.00020865
v -0.00038351 -0.00832774 0.00020865
v -0.00014319 -0.00834681 0.00020865
v 9.471E-05 -0.00830782 0.00020865
v 0.00031636 -0.00821303 0.00020865
v 0.00050889 -0.00806795 0.00020865
v 0.00066111 -0.007881 0.00020865
v 0.00076416 -0.00766307 0.00020865
v 0.00081206 -0.0074268 0.00020865
v 0.00080203 -0.00718594 0.00020865
v 0.00073465 -0.00695447 0.00020865
v -0.00099636 -0.00769474 0.0002764
v -0.00105583 -0.00749044 0.0002764
v -0.00106469 -0.00727784 0.0002764
v -0.00102241 -0.0070693 0.0002764
v -0.00093145 -0.00687693 0.0002764
v -0.00079709 -0.00671193 0.0002764
v -0.00062716 -0.00658387 0.0002764
v -0.00043151 -0.0065002 0.0002764
v -0.00022153 -0.00646579 0.0002764
v -9.41E-06 -0.00648262 0.0002764
v 0.00019251 -0.00654973 0.0002764
v 0.00037251 -0.00666322 0.0002764
v 0.00052011 -0.00681648 0.0002764
v 0.00062676 -0.00700061 0.0002764
v 0.00068623 -0.00720492 0.0002764
v 0.00069508 -0.00741752 0.0002764
v 0.0006528 -0.00762606 0.0002764
v 0.00056184 -0.00781842 0.0002764
v 0.00042749 -0.00798342 0.0002764
v 0.00025755 -0.00811148 0.0002764
v 6.191E-05 -0.00819515 0.0002764
v -0.00014807 -0.00822957 0.0002764
v -0.00036019 -0.00821273 0.0002764
v -0.00056211 -0.00814562 0.0002764
v -0.00074211 -0.00803214 0.0002764
v -0.00088972 -0.00787887 0.0002764
v 0.00061383 -0.00674586 0.00034415
v 0.0004466 -0.00657222 0.00034415
v 0.00024267 -0.00644365 0.00034415
v 1.39E-05 -0.00636762 0.00034415
v -0.00022641 -0.00634854 0.00034415
v -0.00046431 -0.00638753 0.00034415
v -0.00068597 -0.00648233 0.00034415
v -0.0008785 -0.00662741 0.00034415
v -0.00103071 -0.00681435 0.00034415
v -0.00113376 -0.00703229 0.00034415
v -0.00118167 -0.00726855 0.00034415
v -0.00117163 -0.00750942 0.00034415
v -0.00110425 -0.00774088 0.00034415
v -0.00098343 -0.00794949 0.00034415
v -0.0008162 -0.00812313 0.00034415
v -0.00061228 -0.0082517 0.00034415
v -0.00038351 -0.00832774 0.00034415
v -0.00014319 -0.00834681 0.00034415
v 9.471E-05 -0.00830782 0.00034415
v 0.00031636 -0.00821303 0.00034415
v 0.00050889 -0.00806795 0.00034415
v 0.00066111 -0.007881 0.00034415
v 0.00076416 -0.00766307 0.00034415
v 0.00081206 -0.0074268 0.00034415
v 0.00080203 -0.00718594 0.00034415
v 0.00073465 -0.00695447 0.00034415
v 0.00061383 -0.00674586 0.00037125
v 0.0004466 -0.00657222 0.00037125
v 0.00024267 -0.00644365 0.00037125
v 1.39E-05 -0.00636762 0.00037125
v -0.00022641 -0.00634854 0.00037125
v -0.00046431 -0.00638753 0.00037125
v -0.00068597 -0.00648233 0.00037125
v -0.0008785 -0.00662741 0.00037125
v -0.00103071 -0.00681435 0.00037125
v -0.00113376 -0.00703229 0.00037125
v -0.00118167 -0.00726855 0.00037125
v -0.00117163 -0.00750942 0.00037125
v -0.00110425 -0.00774088 0.00037125
v -0.00098343 -0.00794949 0.00037125
v -0.0008162 -0.00812313 0.00037125
v -0.00061228 -0.0082517 0.00037125
v -0.00038351 -0.00832774 0.00037125
v -0.00014319 -0.00834681 0.00037125
v 9.471E-05 -0.00830782 0.00037125
v 0.00031636 -0.00821303 0.00037125
v 0.00050889 -0.00806795 0.00037125
v 0.00066111 -0.007881 0.00037125
v 0.00076416 -0.00766307 0.00037125
v 0.00081206 -0.0074268 0.00037125
v 0.00080203 -0.00718594 0.00037125
v 0.00073465 -0.00695447 0.00037125
v -0.00099636 -0.00769474 0.000439
v -0.00105583 -0.00749044 0.000439
v -0.00106469 -0.00727784 0.000439
v -0.00102241 -0.0070693 0.000439
v -0.00093145 -0.00687693 0.000439
v -0.00079709 -0.00671193 0.000439
v -0.00062716 -0.00658387 0.000439
v -0.00043151 -0.0065002 0.000439
v -0.00022153 -0.00646579 0.000439
v -9.41E-06 -0.00648262 0.000439
v 0.00019251 -0.00654973 0.000439
v 0.00037251 -0.00666322 0.000439
v 0.00052011 -0.00681648 0.000439
v 0.00062676 -0.00700061 0.000439
v 0.00068623 -0.00720492 0.000439
v 0.00069508 -0.00741752 0.000439
v 0.0006528 -0.00762606 0.000439
v 0.00056184 -0.00781842 0.000439
v 0.00042749 -0.00798342 0.000439
v 0.00025755 -0.00811148 0.000439
v 6.191E-05 -0.00819515 0.000439
v -0.00014807 -0.00822957 0.000439
v -0.00036019 -0.00821273 0.000439
v -0.00056211 -0.00814562 0.000439
v -0.00074211 -0.00803214 0.000439
v -0.00088972 -0.00787887 0.000439
v 0.00061383 -0.00674586 0.00050675
v 0.0004466 -0.00657222 0.00050675
v 0.00024267 -0.00644365 0.00050675
v 1.39E-05 -0.00636762 0.00050675
v -0.00022641 -0.00634854 0.00050675
v -0.00046431 -0.00638753 0.00050675
v -0.00068597 -0.00648233 0.00050675
v -0.0008785 -0.00662741 0.00050675
v -0.00103071 -0.00681435 0.00050675
v -0.00113376 -0.00703229 0.00050675
v -0.00118167 -0.00726855 0.00050675
v -0.00117163 -0.00750942 0.00050675
v -0.00110425 -0.00774088 0.00050675
v -0.00098343 -0.00794949 0.00050675
v -0.0008162 -0.00812313 0.00050675
v -0.00061228 -0.0082517 0.00050675
v -0.00038351 -0.00832774 0.00050675
v -0.00014319 -0.00834681 0.00050675
v 9.471E-05 -0.00830782 0.00050675
v 0.00031636 -0.00821303 0.00050675
v 0.00050889 -0.00806795 0.00050675
v 0.00066111 -0.007881 0.00050675
v 0.00076416 -0.00766307 0.00050675
v 0.00081206 -0.0074268 0.00050675
v 0.00080203 -0.00718594 0.00050675
v 0.00073465 -0.00695447 0.00050675
v 0.00061383 -0.00674586 0.00053385
v 0.0004466 -0.00657222 0.00053385
v 0.00024267 -0.00644365 0.00053385
v 1.39E-05 -0.00636762 0.00053385
v -0.00022641 -0.00634854 0.00053385
v -0.00046431 -0.00638753 0.00053385
v -0.00068597 -0.00648233 0.00053385
v -0.0008785 -0.00662741 0.00053385
v -0.00103071 -0.00681435 0.00053385
v -0.00113376 -0.00703229 0.00053385
v -0.00118167 -0.00726855 0.00053385
v -0.00117163 -0.00750942 0.00053385
v -0.00110425 -0.00774088 0.00053385
v -0.00098343 -0.00794949 0.00053385
v -0.0008162 -0.00812313 0.00053385
v -0.00061228 -0.0082517 0.00053385
v -0.00038351 -0.00832774 0.00053385
v -0.00014319 -0.00834681 0.00053385
v 9.471E-05 -0.00830782 0.00053385
v 0.00031636 -0.00821303 0.00053385
v 0.00050889 -0.00806795 0.00053385
v 0.00066111 -0.007881 0.00053385
v 0.00076416 -0.00766307 0.00053385
v 0.00081206 -0.0074268 0.00053385
v 0.00080203 -0.00718594 0.00053385
v 0.00073465 -0.00695447 0.00053385
v -0.00099636 -0.00769474 0.0006016
v -0.00105583 -0.00749044 0.0006016
v -0.00106469 -0.00727784 0.0006016
v -0.00102241 -0.0070693 0.0006016
v -0.00093145 -0.00687693 0.0006016
v -0.00079709 -0.00671193 0.0006016
v -0.00062716 -0.00658387 0.0006016
v -0.00043151 -0.0065002 0.0006016
v -0.00022153 -0.00646579 0.0006016
v -9.41E-06 -0.00648262 0.0006016
v 0.00019251 -0.00654973 0.0006016
v 0.00037251 -0.00666322 0.0006016
v 0.00052011 -0.00681648 0.0006016
v 0.00062676 -0.00700061 0.0006016
v 0.00068623 -0.00720492 0.0006016
v 0.00069508 -0.00741752 0.0006016
v 0.0006528 -0.00762606 0.0006016
v 0.00056184 -0.00781842 0.0006016
v 0.00042749 -0.00798342 0.0006016
v 0.00025755 -0.00811148 0.0006016
v 6.191E-05 -0.00819515 0.0006016
v -0.00014807 -0.00822957 0.0006016
v -0.00036019 -0.00821273 0.0006016
v -0.00056211 -0.00814562 0.0006016
v -0.00074211 -0.00803214 0.0006016
v -0.00088972 -0.00787887 0.0006016
v 0.00061383 -0.00674586 0.00066935
v 0.0004466 -0.00657222 0.00066935
v 0.00024267 -0.00644365 0.00066935
v 1.39E-05 -0.00636762 0.00066935
v -0.00022641 -0.00634854 0.00066935
v -0.00046431 -0.00638753 0.00066935
v -0.00068597 -0.00648233 0.00066935
v -0.0008785 -0.00662741 0.00066935
v -0.00103071 -0.00681435 0.00066935
v -0.00113376 -0.00703229 0.00066935
v -0.00118167 -0.00726855 0.00066935
v -0.00117163 -0.00750942 0.00066935
v -0.00110425 -0.00774088 0.00066935
v -0.00098343 -0.00794949 0.00066935
v -0.0008162 -0.00812313 0.00066935
v -0.00061228 -0.0082517 0.00066935
v -0.00038351 -0.00832774 0.00066935
v -0.00014319 -0.00834681 0.00066935
v 9.471E-05 -0.00830782 0.00066935
v 0.00031636 -0.00821303 0.00066935
v 0.00050889 -0.00806795 0.00066935
v 0.00066111 -0.007881 0.00066935
v 0.00076416 -0.00766307 0.00066935
v 0.00081206 -0.0074268 0.00066935
v 0.00080203 -0.00718594 0.00066935
v 0.00073465 -0.00695447 0.00066935
v 0.00061383 -0.00674586 0.00069645
v 0.0004466 -0.00657222 0.00069645
v 0.00024267 -0.00644365 0.00069645
v 1.39E-05 -0.00636762 0.00069645
v -0.00022641 -0.00634854 0.00069645
v -0.00046431 -0.00638753 0.00069645
v -0.00068597 -0.00648233 0.00069645
v -0.0008785 -0.00662741 0.00069645
v -0.00103071 -0.00681435 0.00069645
v -0.00113376 -0.00703229 0.00069645
v -0.00118167 -0.00726855 0.00069645
v -0.00117163 -0.00750942 0.00069645
v -0.00110425 -0.00774088 0.00069645
v -0.00098343 -0.00794949 0.00069645
v -0.0008162 -0.00812313 0.00069645
v -0.00061228 -0.0082517 0.00069645
v -0.00038351 -0.00832774 0.00069645
v -0.00014319 -0.00834681 0.00069645
v 9.471E-05 -0.00830782 0.00069645
v 0.00031636 -0.00821303 0.00069645
v 0.00050889 -0.00806795 0.00069645
v 0.00066111 -0.007881 0.00069645
v 0.00076416 -0.00766307 0.00069645
v 0.00081206 -0.0074268 0.00069645
v 0.00080203 -0.00718594 0.00069645
v 0.00073465 -0.00695447 0.00069645
v -0.00074211 -0.00803214 0.0007642
v -0.00036019 -0.00821273 0.0007642
v -0.00046115 -0.00817917 0.0007642
v -0.00056211 -0.00814562 0.0007642
v -0.00065211 -0.00808888 0.0007642
v 6.191E-05 -0.00819515 0.0007642
v -4.308E-05 -0.00821236 0.0007642
v -0.00014807 -0.00822957 0.0007642
v -0.00025413 -0.00822115 0.0007642
v 0.00042749 -0.00798342 0.0007642
v 0.00034252 -0.00804745 0.0007642
v 0.00025755 -0.00811148 0.0007642
v 0.00015973 -0.00815332 0.0007642
v 0.0006528 -0.00762606 0.0007642
v 0.00060732 -0.00772224 0.0007642
v 0.00056184 -0.00781842 0.0007642
v 0.00049467 -0.00790092 0.0007642
v 0.00068623 -0.00720492 0.0007642
v 0.00069066 -0.00731122 0.0007642
v 0.00069508 -0.00741752 0.0007642
v 0.00067394 -0.00752179 0.0007642
v 0.00052011 -0.00681648 0.0007642
v 0.00057343 -0.00690855 0.0007642
v 0.00062676 -0.00700061 0.0007642
v 0.00065649 -0.00710276 0.0007642
v 0.00019251 -0.00654973 0.0007642
v 0.00028251 -0.00660648 0.0007642
v 0.00037251 -0.00666322 0.0007642
v 0.00044631 -0.00673985 0.0007642
v -0.00022153 -0.00646579 0.0007642
v -0.00011547 -0.00647421 0.0007642
v -9.41E-06 -0.00648262 0.0007642
v 9.155E-05 -0.00651618 0.0007642
v -0.00062716 -0.00658387 0.0007642
v -0.00052933 -0.00654204 0.0007642
v -0.00043151 -0.0065002 0.0007642
v -0.00032652 -0.006483 0.0007642
v -0.00093145 -0.00687693 0.0007642
v -0.00086427 -0.00679443 0.0007642
v -0.00079709 -0.00671193 0.0007642
v -0.00071213 -0.0066479 0.0007642
v -0.00106469 -0.00727784 0.0007642
v -0.00104355 -0.00717357 0.0007642
v -0.00102241 -0.0070693 0.0007642
v -0.00097693 -0.00697311 0.0007642
v -0.00099636 -0.00769474 0.0007642
v -0.0010261 -0.00759259 0.0007642
v -0.00105583 -0.00749044 0.0007642
v -0.00106026 -0.00738414 0.0007642
v -0.00081591 -0.0079555 0.0007642
v -0.00088972 -0.00787887 0.0007642
v -0.00094304 -0.00778681 0.0007642
v 0.00050384 -0.00806269 0.00083195
v 0.00041702 -0.00814631 0.00083195
v 0.00031271 -0.00820672 0.00083195
v 0.0002084 -0.00826713 0.00083195
v 9.267E-05 -0.00830082 0.00083195
v -2.306E-05 -0.00833451 0.00083195
v -0.00014349 -0.00833953 0.00083195
v -0.00026393 -0.00834454 0.00083195
v -0.00038206 -0.00832059 0.00083195
v -0.00050019 -0.00829664 0.00083195
v -0.00060916 -0.00824511 0.00083195
v -0.00071813 -0.00819359 0.00083195
v -0.0008116 -0.00811748 0.00083195
v -0.00090507 -0.00804137 0.00083195
v -0.00097761 -0.00794511 0.00083195
v -0.00105015 -0.00784884 0.00083195
v -0.00109755 -0.00773801 0.00083195
v -0.00114494 -0.00762719 0.00083195
v -0.00116444 -0.00750824 0.00083195
v -0.00118394 -0.00738929 0.00083195
v -0.0011744 -0.00726913 0.00083195
v -0.00116486 -0.00714897 0.00083195
v -0.00112684 -0.00703459 0.00083195
v -0.00108883 -0.0069202 0.00083195
v -0.00102454 -0.00681824 0.00083195
v -0.00096026 -0.00671627 0.00083195
v -0.00087344 -0.00663266 0.00083195
v -0.00078662 -0.00654904 0.00083195
v -0.00068231 -0.00648863 0.00083195
v -0.00057801 -0.00642823 0.00083195
v -0.00046227 -0.00639453 0.00083195
v -0.00034654 -0.00636084 0.00083195
v -0.00022611 -0.00635583 0.00083195
v -0.00010568 -0.00635081 0.00083195
v 1.246E-05 -0.00637476 0.00083195
v 0.00013059 -0.00639871 0.00083195
v 0.00023956 -0.00645024 0.00083195
v 0.00034853 -0.00650177 0.00083195
v 0.000442 -0.00657787 0.00083195
v 0.00053547 -0.00665398 0.00083195
v 0.00061383 -0.00674586 0.00083195
v 0.00068055 -0.00684651 0.00083195
v 0.00072795 -0.00695734 0.00083195
v 0.00077534 -0.00706817 0.00083195
v 0.00079484 -0.00718712 0.00083195
v 0.00081433 -0.00730606 0.00083195
v 0.0008048 -0.00742622 0.00083195
v 0.00079526 -0.00754638 0.00083195
v 0.00075724 -0.00766077 0.00083195
v 0.00071923 -0.00777515 0.00083195
v 0.00065494 -0.00787712 0.00083195
v 0.00059065 -0.00797908 0.00083195
v 0.00061383 -0.00674586 0.00085905
v 0.00073465 -0.00695447 0.00085905
v 0.00080203 -0.00718594 0.00085905
v 0.00081206 -0.0074268 0.00085905
v 0.00076416 -0.00766307 0.00085905
v 0.00066111 -0.007881 0.00085905
v 0.00050889 -0.00806795 0.00085905
v 0.00031636 -0.00821303 0.00085905
v 9.471E-05 -0.00830782 0.00085905
v -0.00014319 -0.00834681 0.00085905
v -0.00038351 -0.00832774 0.00085905
v -0.00061228 -0.0082517 0.00085905
v -0.0008162 -0.00812313 0.00085905
v -0.00098343 -0.00794949 0.00085905
v -0.00110425 -0.00774088 0.00085905
v -0.00117163 -0.00750942 0.00085905
v -0.00118167 -0.00726855 0.00085905
v -0.00113376 -0.00703229 0.00085905
v -0.00103071 -0.00681435 0.00085905
v -0.0008785 -0.00662741 0.00085905
v -0.00068597 -0.00648233 0.00085905
v -0.00046431 -0.00638753 0.00085905
v -0.00022641 -0.00634854 0.00085905
v 1.39E-05 -0.00636762 0.00085905
v 0.00024267 -0.00644365 0.00085905
v 0.0004466 -0.00657222 0.00085905
v -0.00074211 -0.00803214 0.0009268
v -0.00036019 -0.00821273 0.0009268
v -0.00046115 -0.00817917 0.0009268
v -0.00056211 -0.00814562 0.0009268
v -0.00065211 -0.00808888 0.0009268
v 6.191E-05 -0.00819515 0.0009268
v -4.308E-05 -0.00821236 0.0009268
v -0.00014807 -0.00822957 0.0009268
v -0.00025413 -0.00822115 0.0009268
v 0.00042749 -0.00798342 0.0009268
v 0.00034252 -0.00804745 0.0009268
v 0.00025755 -0.00811148 0.0009268
v 0.00015973 -0.00815332 0.0009268
v 0.0006528 -0.00762606 0.0009268
v 0.00060732 -0.00772224 0.0009268
v 0.00056184 -0.00781842 0.0009268
v 0.00049467 -0.00790092 0.0009268
v 0.00068623 -0.00720492 0.0009268
v 0.00069066 -0.00731122 0.0009268
v 0.00069508 -0.00741752 0.0009268
v 0.00067394 -0.00752179 0.0009268
v 0.00052011 -0.00681648 0.0009268
v 0.00057343 -0.00690855 0.0009268
v 0.00062676 -0.00700061 0.0009268
v 0.00065649 -0.00710276 0.0009268
v 0.00019251 -0.00654973 0.0009268
v 0.00028251 -0.00660648 0.0009268
v 0.00037251 -0.00666322 0.0009268
v 0.00044631 -0.00673985 0.0009268
v -0.00022153 -0.00646579 0.0009268
v -0.00011547 -0.00647421 0.0009268
v -9.41E-06 -0.00648262 0.0009268
v 9.155E-05 -0.00651618 0.0009268
v -0.00062716 -0.00658387 0.0009268
v -0.00052933 -0.00654204 0.0009268
v -0.00043151 -0.0065002 0.0009268
v -0.00032652 -0.006483 0.0009268
v -0.00093145 -0.00687693 0.0009268
v -0.00086427 -0.00679443 0.0009268
v -0.00079709 -0.00671193 0.0009268
v -0.00071213 -0.0066479 0.0009268
v -0.00106469 -0.00727784 0.0009268
v -0.00104355 -0.00717357 0.0009268
v -0.00102241 -0.0070693 0.0009268
v -0.00097693 -0.00697311 0.0009268
v -0.00099636 -0.00769474 0.0009268
v -0.0010261 -0.00759259 0.0009268
v -0.00105583 -0.00749044 0.0009268
v -0.00106026 -0.00738414 0.0009268
v -0.00081591 -0.0079555 0.0009268
v -0.00088972 -0.00787887 0.0009268
v -0.00094304 -0.00778681 0.0009268
v 0.00050384 -0.00806269 0.00099455
v 0.00041702 -0.00814631 0.00099455
v 0.00031271 -0.00820672 0.00099455
v 0.0002084 -0.00826713 0.00099455
v 9.267E-05 -0.00830082 0.00099455
v -2.306E-05 -0.00833451 0.00099455
v -0.00014349 -0.00833953 0.00099455
v -0.00026393 -0.00834454 0.00099455
v -0.00038206 -0.00832059 0.00099455
v -0.00050019 -0.00829664 0.00099455
v -0.00060916 -0.00824511 0.00099455
v -0.00071813 -0.00819359 0.00099455
v -0.0008116 -0.00811748 0.00099455
v -0.00090507 -0.00804137 0.00099455
v -0.00097761 -0.00794511 0.00099455
v -0.00105015 -0.00784884 0.00099455
v -0.00109755 -0.00773801 0.00099455
v -0.00114494 -0.00762719 0.00099455
v -0.00116444 -0.00750824 0.00099455
v -0.00118394 -0.00738929 0.00099455
v -0.0011744 -0.00726913 0.00099455
v -0.00116486 -0.00714897 0.00099455
v -0.00112684 -0.00703459 0.00099455
v -0.00108883 -0.0069202 0.00099455
v -0.00102454 -0.00681824 0.00099455
v -0.00096026 -0.00671627 0.00099455
v -0.00087344 -0.00663266 0.00099455
v -0.00078662 -0.00654904 0.00099455
v -0.00068231 -0.00648863 0.00099455
v -0.00057801 -0.00642823 0.00099455
v -0.00046227 -0.00639453 0.00099455
v -0.00034654 -0.00636084 0.00099455
v -0.00022611 -0.00635583 0.00099455
v -0.00010568 -0.00635081 0.00099455
v 1.246E-05 -0.00637476 0.00099455
v 0.00013059 -0.00639871 0.00099455
v 0.00023956 -0.00645024 0.00099455
v 0.00034853 -0.00650177 0.00099455
v 0.000442 -0.00657787 0.00099455
v 0.00053547 -0.00665398 0.00099455
v 0.00061383 -0.00674586 0.00099455
v 0.00068055 -0.00684651 0.00099455
v 0.00072795 -0.00695734 0.00099455
v 0.00077534 -0.00706817 0.00099455
v 0.00079484 -0.00718712 0.00099455
v 0.00081433 -0.00730606 0.00099455
v 0.0008048 -0.00742622 0.00099455
v 0.00079526 -0.00754638 0.00099455
v 0.00075724 -0.00766077 0.00099455
v 0.00071923 -0.00777515 0.00099455
v 0.00065494 -0.00787712 0.00099455
v 0.00059065 -0.00797908 0.00099455
v 0.00053547 -0.00665398 0.00102165
v 0.00060801 -0.00675025 0.00102165
v 0.00068055 -0.00684651 0.00102165
v 0.00072795 -0.00695734 0.00102165
v 0.00077534 -0.00706817 0.00102165
v 0.00079484 -0.00718712 0.00102165
v 0.00081433 -0.00730606 0.00102165
v 0.0008048 -0.00742622 0.00102165
v 0.00079526 -0.00754638 0.00102165
v 0.00075724 -0.00766077 0.00102165
v 0.00071923 -0.00777515 0.00102165
v 0.00065494 -0.00787712 0.00102165
v 0.00059065 -0.00797908 0.00102165
v 0.00050384 -0.00806269 0.00102165
v 0.00041702 -0.00814631 0.00102165
v 0.00031271 -0.00820672 0.00102165
v 0.0002084 -0.00826713 0.00102165
v 9.267E-05 -0.00830082 0.00102165
v -2.306E-05 -0.00833451 0.00102165
v -0.00014349 -0.00833953 0.00102165
v -0.00026393 -0.00834454 0.00102165
v -0.00038206 -0.00832059 0.00102165
v -0.00050019 -0.00829664 0.00102165
v -0.00060916 -0.00824511 0.00102165
v -0.00071813 -0.00819359 0.00102165
v -0.0008116 -0.00811748 0.00102165
v -0.00090507 -0.00804137 0.00102165
v -0.00098343 -0.00794949 0.00102165
v -0.00105015 -0.00784884 0.00102165
v -0.00109755 -0.00773801 0.00102165
v -0.00114494 -0.00762719 0.00102165
v -0.00116444 -0.00750824 0.00102165
v -0.00118394 -0.00738929 0.00102165
v -0.0011744 -0.00726913 0.00102165
v -0.00116486 -0.00714897 0.00102165
v -0.00112684 -0.00703459 0.00102165
v -0.00108883 -0.0069202 0.00102165
v -0.00102454 -0.00681824 0.00102165
v -0.00096026 -0.00671627 0.00102165
v -0.00087344 -0.00663266 0.00102165
v -0.00078662 -0.00654904 0.00102165
v -0.00068231 -0.00648863 0.00102165
v -0.00057801 -0.00642823 0.00102165
v -0.00046227 -0.00639453 0.00102165
v -0.00034654 -0.00636084 0.00102165
v -0.00022611 -0.00635583 0.00102165
v -0.00010568 -0.00635081 0.00102165
v 1.246E-05 -0.00637476 0.00102165
v 0.00013059 -0.00639871 0.00102165
v 0.00023956 -0.00645024 0.00102165
v 0.00034853 -0.00650177 0.00102165
v 0.000442 -0.00657787 0.00102165
v -0.000716 -0.00664276 0.0010894
v -0.00086926 -0.00679037 0.0010894
v -0.00098274 -0.00697036 0.0010894
v -0.00104985 -0.00717229 0.0010894
v -0.00106669 -0.00738441 0.0010894
v -0.00103227 -0.00759439 0.0010894
v -0.00094861 -0.00779003 0.0010894
v -0.00082055 -0.00795997 0.0010894
v -0.00065554 -0.00809432 0.0010894
v -0.00046318 -0.00818528 0.0010894
v -0.00025464 -0.00822756 0.0010894
v -4.204E-05 -0.00821871 0.0010894
v 0.00016226 -0.00815923 0.0010894
v 0.0003464 -0.00805259 0.0010894
v 0.00049966 -0.00790498 0.0010894
v 0.00061314 -0.00772499 0.0010894
v 0.00068025 -0.00752306 0.0010894
v 0.00069709 -0.00731095 0.0010894
v 0.00066267 -0.00710097 0.0010894
v 0.000579 -0.00690532 0.0010894
v 0.00052011 -0.00681648 0.0010894
v 0.00045095 -0.00673538 0.0010894
v 0.00028594 -0.00660103 0.0010894
v 9.358E-05 -0.00651007 0.0010894
v -0.00011496 -0.00646779 0.0010894
v -0.00032756 -0.00647664 0.0010894
v -0.00053187 -0.00653612 0.0010894
v 0.00041702 -0.00814631 0.00115715
v 0.00031271 -0.00820672 0.00115715
v 0.0002084 -0.00826713 0.00115715
v 9.267E-05 -0.00830082 0.00115715
v -2.306E-05 -0.00833451 0.00115715
v -0.00014349 -0.00833953 0.00115715
v -0.00026393 -0.00834454 0.00115715
v -0.00038206 -0.00832059 0.00115715
v -0.00050019 -0.00829664 0.00115715
v -0.00060916 -0.00824511 0.00115715
v -0.00071813 -0.00819359 0.00115715
v -0.0008116 -0.00811748 0.00115715
v -0.00090507 -0.00804137 0.00115715
v -0.00097761 -0.00794511 0.00115715
v -0.00105015 -0.00784884 0.00115715
v -0.00109755 -0.00773801 0.00115715
v -0.00114494 -0.00762719 0.00115715
v -0.00116444 -0.00750824 0.00115715
v -0.00118394 -0.00738929 0.00115715
v -0.0011744 -0.00726913 0.00115715
v -0.00116486 -0.00714897 0.00115715
v -0.00112684 -0.00703459 0.00115715
v -0.00108883 -0.0069202 0.00115715
v -0.00102454 -0.00681824 0.00115715
v -0.00096026 -0.00671627 0.00115715
v -0.00087344 -0.00663266 0.00115715
v -0.00078662 -0.00654904 0.00115715
v -0.00068231 -0.00648863 0.00115715
v -0.00057801 -0.00642823 0.00115715
v -0.00046227 -0.00639453 0.00115715
v -0.00034654 -0.00636084 0.00115715
v -0.00022611 -0.00635583 0.00115715
v -0.00010568 -0.00635081 0.00115715
v 1.246E-05 -0.00637476 0.00115715
v 0.00013059 -0.00639871 0.00115715
v 0.00023956 -0.00645024 0.00115715
v 0.00034853 -0.00650177 0.00115715
v 0.000442 -0.00657787 0.00115715
v 0.00053547 -0.00665398 0.00115715
v 0.00061383 -0.00674586 0.00115715
v 0.00068055 -0.00684651 0.00115715
v 0.00072795 -0.00695734 0.00115715
v 0.00077534 -0.00706817 0.00115715
v 0.00079484 -0.00718712 0.00115715
v 0.00081433 -0.00730606 0.00115715
v 0.0008048 -0.00742622 0.00115715
v 0.00079526 -0.00754638 0.00115715
v 0.00075724 -0.00766077 0.00115715
v 0.00071923 -0.00777515 0.00115715
v 0.00065494 -0.00787712 0.00115715
v 0.00059065 -0.00797908 0.00115715
v 0.00050384 -0.00806269 0.00115715
v 0.00050889 -0.00806795 0.0012
v 0.00073465 -0.00695447 0.0012
v 0.00080203 -0.00718594 0.0012
v 0.00061383 -0.00674586 0.0012
v 0.00081206 -0.0074268 0.0012
v 0.00076416 -0.00766307 0.0012
v 0.00066111 -0.007881 0.0012
v 0.00031636 -0.00821303 0.0012
v 9.471E-05 -0.00830782 0.0012
v -0.00014319 -0.00834681 0.0012
v -0.00038351 -0.00832774 0.0012
v -0.00061228 -0.0082517 0.0012
v -0.0008162 -0.00812313 0.0012
v -0.00098343 -0.00794949 0.0012
v -0.00117163 -0.00750942 0.0012
v -0.00110425 -0.00774088 0.0012
v -0.00118167 -0.00726855 0.0012
v -0.00113376 -0.00703229 0.0012
v -0.00103071 -0.00681435 0.0012
v -0.0008785 -0.00662741 0.0012
v -0.00068597 -0.00648233 0.0012
v -0.00046431 -0.00638753 0.0012
v -0.00022641 -0.00634854 0.0012
v 1.39E-05 -0.00636762 0.0012
v 0.00024267 -0.00644365 0.0012
v 0.0004466 -0.00657222 0.0012
v -0.00102694 -0.00770782 0.002
v -0.00108866 -0.00749582 0.002
v -0.00109785 -0.00727521 0.002
v -0.00105397 -0.00705881 0.002
v -0.00095958 -0.00685919 0.002
v -0.00082017 -0.00668797 0.002
v -0.00064383 -0.00655509 0.002
v -0.00044081 -0.00646827 0.002
v -0.00022291 -0.00643255 0.002
v -2.8E-06 -0.00645002 0.002
v 0.00020673 -0.00651966 0.002
v 0.00039351 -0.00663742 0.002
v 0.00054668 -0.00679646 0.002
v 0.00065734 -0.00698753 0.002
v 0.00071906 -0.00719954 0.002
v 0.00072824 -0.00742015 0.002
v 0.00068437 -0.00763655 0.002
v 0.00058998 -0.00783616 0.002
v 0.00045057 -0.00800738 0.002
v 0.00027422 -0.00814027 0.002
v 7.121E-05 -0.00822709 0.002
v -0.00014669 -0.0082628 0.002
v -0.0003668 -0.00824533 0.002
v -0.00057633 -0.00817569 0.002
v -0.00076311 -0.00805793 0.002
v -0.00091628 -0.00789889 0.002
v -0.00116829 -0.00833117 0.002
v -0.00068324 -0.00864617 0.002
v -0.0008591 -0.00856416 0.002
v -0.00102184 -0.00845848 0.002
v -0.00030602 -0.00873325 0.002
v -0.00049767 -0.0087029 0.002
v -0.00035431 -0.00596718 0.002
v -0.00016053 -0.00595702 0.002
v 8.059E-05 -0.00871299 0.002
v -0.000112 -0.00873664 0.002
v 0.00061297 -0.00848701 0.002
v 0.00044665 -0.00858695 0.002
v 0.00026803 -0.00866277 0.002
v 0.00089611 -0.00822297 0.002
v 0.00076377 -0.00836489 0.002
v 0.0010955 -0.00789113 0.002
v 0.00100741 -0.00806402 0.002
v 0.00120586 -0.0073234 0.002
v 0.0011957 -0.00751717 0.002
v 0.00115868 -0.00770765 0.002
v -0.00072826 -0.00606738 0.002
v -0.00054479 -0.0060042 0.002
v -0.00142408 -0.00671624 0.002
v -0.00132414 -0.00654991 0.002
v -0.00120202 -0.00639911 0.002
v -0.00106011 -0.00626677 0.002
v -0.00090116 -0.00615547 0.002
v -0.0012956 -0.00818473 0.002
v -0.00140128 -0.00802199 0.002
v -0.00148329 -0.00784612 0.002
v -0.00155012 -0.00708229 0.002
v -0.0014999 -0.00689486 0.002
v -0.00154002 -0.00766056 0.002
v -0.00157038 -0.0074689 0.002
v -0.00157376 -0.00727489 0.002
v 0.00114529 -0.00694102 0.002
v 0.00118894 -0.00713009 0.002
v 0.00098168 -0.00659015 0.002
v 0.00107575 -0.00675986 0.002
v 0.0008649 -0.00643518 0.002
v 0.00092599 -0.00651063 0.002
v 0.00057272 -0.00618119 0.002
v 0.00072769 -0.00629797 0.002
v 3.277E-05 -0.00597393 0.002
v 0.00022184 -0.00601758 0.002
v 0.000403 -0.00608712 0.002
v -0.00067547 -0.00875246 0.00210872
v -0.00071894 -0.00873917 0.00210872
v -0.00071762 -0.00873574 0.00207181
v -0.0009074 -0.00865129 0.00210872
v -0.00090562 -0.00864808 0.00207181
v -0.00094007 -0.00863007 0.00210872
v -0.00107958 -0.0085351 0.00207181
v -0.00108179 -0.00853804 0.00210872
v -0.00123613 -0.00839902 0.00207181
v -0.00117499 -0.00845703 0.00210872
v -0.00052008 -0.00879997 0.00210872
v -0.00051926 -0.00879638 0.00207181
v -0.0003917 -0.0088203 0.00210872
v -0.00031438 -0.00882883 0.00207181
v -0.0003147 -0.00883249 0.00210872
v -0.00010698 -0.00883245 0.00207181
v -0.00010679 -0.00883612 0.00210872
v 9.89E-05 -0.00880717 0.00207181
v 9.96E-05 -0.00881078 0.00210872
v -0.00010035 -0.00883533 0.00210872
v 0.00071049 -0.00853591 0.00210872
v 0.00067011 -0.00856861 0.00210872
v 0.000668 -0.0085656 0.00207181
v 0.00049187 -0.00867571 0.00210872
v 0.0004902 -0.00867243 0.00207181
v 0.00046199 -0.00868839 0.00210872
v 0.00029926 -0.00875348 0.00207181
v 0.00030046 -0.00875696 0.00210872
v 0.00018747 -0.00878724 0.00210872
v 0.00083171 -0.00843775 0.00210872
v 0.00082921 -0.00843506 0.00207181
v 0.0009248 -0.00833793 0.00210872
v 0.00097067 -0.00828335 0.00207181
v 0.00097353 -0.00828567 0.00210872
v 0.00108965 -0.00811344 0.00207181
v 0.0010928 -0.00811533 0.00210872
v 0.00118382 -0.00792861 0.00207181
v 0.0011872 -0.00793005 0.00210872
v 0.00109869 -0.00810376 0.00210872
v 0.00130037 -0.00726343 0.00210872
v 0.00130546 -0.00732166 0.00210872
v 0.00130178 -0.00732172 0.00207181
v 0.00129458 -0.00752932 0.00210872
v 0.00129093 -0.00752887 0.00207181
v 0.00128962 -0.0075548 0.00210872
v 0.00125135 -0.00773249 0.00207181
v 0.0012549 -0.00773344 0.00210872
v 0.00121894 -0.00783789 0.00210872
v 0.00128734 -0.00711451 0.00210872
v 0.00128371 -0.00711508 0.00207181
v 0.00125517 -0.00697518 0.00210872
v 0.00123704 -0.00691297 0.00207181
v 0.00124056 -0.00691189 0.00210872
v 0.00116271 -0.00671932 0.00207181
v 0.00116604 -0.00671776 0.00210872
v 0.00106214 -0.00653789 0.00207181
v 0.00106522 -0.00653589 0.00210872
v 0.0011566 -0.00670073 0.00210872
v 0.00057016 -0.00606615 0.00210872
v 0.00062697 -0.00609764 0.00210872
v 0.00062497 -0.00610073 0.00207181
v 0.00079304 -0.00622279 0.00210872
v 0.00079063 -0.00622556 0.00207181
v 0.00080681 -0.00623655 0.00210872
v 0.00093731 -0.00637223 0.00207181
v 0.00094008 -0.00636982 0.00210872
v 0.00100265 -0.00645286 0.00210872
v 0.0004451 -0.00599683 0.00210872
v 0.00044355 -0.00600016 0.00207181
v 0.00030554 -0.00594326 0.00210872
v 0.00024989 -0.00592583 0.00207181
v 0.00025097 -0.00592231 0.00210872
v 4.778E-05 -0.00587917 0.00207181
v 4.836E-05 -0.00587554 0.00210872
v -0.000366 -0.00587195 0.00207181
v -0.00026912 -0.0058632 0.00210872
v -0.00015886 -0.00586109 0.00207181
v -0.00015879 -0.00585741 0.00210872
v 2.249E-05 -0.00587327 0.00210872
v -0.00083086 -0.00600812 0.00210872
v -0.00076719 -0.00597568 0.00210872
v -0.00076575 -0.00597906 0.00207181
v -0.00057057 -0.00590798 0.00210872
v -0.00056962 -0.00591153 0.00207181
v -0.00055783 -0.0059055 0.00210872
v -0.00036645 -0.0058683 0.00210872
v -0.00095247 -0.00607008 0.00210872
v -0.00095057 -0.00607323 0.00207181
v -0.00108024 -0.00615955 0.00210872
v -0.00112049 -0.00619221 0.00207181
v -0.0011228 -0.00618935 0.00210872
v -0.00127219 -0.00633368 0.00207181
v -0.00127488 -0.00633117 0.00210872
v -0.00150956 -0.00667268 0.00207181
v -0.00146599 -0.00659304 0.00210872
v -0.00140273 -0.00649488 0.00207181
v -0.00140574 -0.00649277 0.00210872
v -0.00129531 -0.0063564 0.00210872
v -0.00165741 -0.00714066 0.00210872
v -0.00164791 -0.00706328 0.00210872
v -0.0016443 -0.00706399 0.00207181
v -0.00159409 -0.00686243 0.00210872
v -0.00159061 -0.00686362 0.00207181
v -0.00159155 -0.00685645 0.00210872
v -0.00151284 -0.00667101 0.00210872
v -0.00167325 -0.00726968 0.00210872
v -0.00166958 -0.00726987 0.00207181
v -0.00167041 -0.00743214 0.00210872
v -0.00166596 -0.00747727 0.00207181
v -0.00166962 -0.00747759 0.00210872
v -0.00163351 -0.00768214 0.00207181
v -0.00163709 -0.00768297 0.00210872
v -0.00123873 -0.00840162 0.00210872
v -0.00137515 -0.00824468 0.00210872
v -0.00137222 -0.00824247 0.00207181
v -0.00148841 -0.00807029 0.00210872
v -0.00148519 -0.0080685 0.00207181
v -0.0015241 -0.00799374 0.00210872
v -0.00157286 -0.00788051 0.00207181
v -0.00157629 -0.00788183 0.00210872
v -0.0016257 -0.00772022 0.00210872
v 0.0008924 -0.00641127 0.00200688
v 0.0007516 -0.00627046 0.00200688
v 0.00059257 -0.00615063 0.00200688
v 0.0004184 -0.00605409 0.00200688
v 0.0002325 -0.00598273 0.00200688
v 3.847E-05 -0.00593793 0.00200688
v -0.0001599 -0.00592058 0.00200688
v -0.00035875 -0.005931 0.00200688
v -0.00055422 -0.005969 0.00200688
v -0.0007425 -0.00603383 0.00200688
v -0.00091993 -0.00612423 0.00200688
v -0.00108305 -0.00623845 0.00200688
v -0.00122868 -0.00637425 0.00200688
v -0.00135399 -0.00652901 0.00200688
v -0.00145655 -0.00669969 0.00200688
v -0.00153436 -0.00688299 0.00200688
v -0.00158589 -0.00707534 0.00200688
v -0.00161016 -0.00727298 0.00200688
v -0.00160669 -0.00747208 0.00200688
v -0.00157553 -0.00766876 0.00200688
v -0.00151731 -0.00785919 0.00200688
v -0.00143316 -0.00803966 0.00200688
v -0.0013247 -0.00820666 0.00200688
v -0.00119406 -0.00835695 0.00200688
v -0.00104378 -0.00848759 0.00200688
v -0.00087677 -0.00859604 0.00200688
v -0.0006963 -0.00868019 0.00200688
v -0.00050587 -0.00873841 0.00200688
v -0.00030919 -0.00876956 0.00200688
v -0.0001101 -0.00877304 0.00200688
v 8.755E-05 -0.00874877 0.00200688
v 0.00027989 -0.00869723 0.00200688
v 0.00046319 -0.00861942 0.00200688
v 0.00063388 -0.00851686 0.00200688
v 0.00078863 -0.00839155 0.00200688
v 0.00092444 -0.00824591 0.00200688
v 0.00103865 -0.00808279 0.00200688
v 0.00112905 -0.00790537 0.00200688
v 0.00119388 -0.00771709 0.00200688
v 0.00123188 -0.00752162 0.00200688
v 0.0012423 -0.00732276 0.00200688
v 0.00122494 -0.00712439 0.00200688
v 0.00118015 -0.00693036 0.00200688
v 0.00110878 -0.00674446 0.00200688
v 0.00101224 -0.0065703 0.00200688
v -0.00135448 -0.0082291 0.00203244
v -0.00122042 -0.00838331 0.00203244
v -0.00106621 -0.00851736 0.00203244
v -0.00089485 -0.00862864 0.00203244
v -0.00070966 -0.008715 0.00203244
v -0.00051426 -0.00877474 0.00203244
v -0.00031244 -0.0088067 0.00203244
v -0.00010814 -0.00881027 0.00203244
v 9.466E-05 -0.00878536 0.00203244
v 0.00029203 -0.00873248 0.00203244
v 0.00048012 -0.00865264 0.00203244
v 0.00065526 -0.0085474 0.00203244
v 0.00081406 -0.00841881 0.00203244
v 0.00095341 -0.00826937 0.00203244
v 0.00107061 -0.00810199 0.00203244
v 0.00116337 -0.00791993 0.00203244
v 0.00122989 -0.00772674 0.00203244
v 0.00126888 -0.00752616 0.00203244
v 0.00127957 -0.00732211 0.00203244
v 0.00126176 -0.00711856 0.00203244
v 0.0012158 -0.00691946 0.00203244
v 0.00114257 -0.00672871 0.00203244
v 0.00104351 -0.00654999 0.00203244
v 0.00092054 -0.00638681 0.00203244
v 0.00077606 -0.00624233 0.00203244
v 0.00061287 -0.00611936 0.00203244
v 0.00043416 -0.0060203 0.00203244
v 0.0002434 -0.00594707 0.00203244
v 4.431E-05 -0.00590111 0.00203244
v -0.00015925 -0.0058833 0.00203244
v -0.0003633 -0.005894 0.00203244
v -0.00056387 -0.00593299 0.00203244
v -0.00075707 -0.00599951 0.00203244
v -0.00093913 -0.00609228 0.00203244
v -0.00110651 -0.00620947 0.00203244
v -0.00125594 -0.00634883 0.00203244
v -0.00138453 -0.00650762 0.00203244
v -0.00148977 -0.00668277 0.00203244
v -0.00156961 -0.00687086 0.00203244
v -0.00162249 -0.00706822 0.00203244
v -0.00164739 -0.00727103 0.00203244
v -0.00164382 -0.00747533 0.00203244
v -0.00161186 -0.00767714 0.00203244
v -0.00155212 -0.00787255 0.00203244
v -0.00146576 -0.00805773 0.00203244
v 4.504E-05 -0.00793517 0.00228
v 0.00031658 -0.00773055 0.00228
v -9.79E-05 -0.00774548 0.00228
v 0.00017364 -0.00754086 0.00228
v -0.00017948 -0.00768174 0.00228
v -0.00050446 -0.00725048 0.00228
v -0.00051887 -0.007353 0.00228
v 8.38E-06 -0.00698924 0.00228
v 0.00019807 -0.0068463 0.00228
v 0.00013486 -0.00744487 0.00228
v 0.00014926 -0.00734235 0.00228
v 0.000213 -0.00726077 0.00228
v 0.00040269 -0.00711783 0.00228
v -0.00041465 -0.00676019 0.00228
v -0.00068618 -0.00696481 0.00228
v -0.00027171 -0.00694987 0.00228
v -0.00054324 -0.00715449 0.00228
v -0.00019013 -0.00701361 0.00228
v -8.761E-05 -0.00702802 0.00228
v -0.00077229 -0.00757752 0.00228
v -0.00056767 -0.00784906 0.00228
v -0.0005826 -0.00743458 0.00228
v -0.00037799 -0.00770612 0.00228
v -0.000282 -0.00766733 0.00228
v -0.00114284 -0.00842108 0.0027
v -0.00133384 -0.00821355 0.0027
v -0.00091502 -0.00858735 0.0027
v -0.00065914 -0.00870599 0.0027
v -0.00038503 -0.00877243 0.0027
v -0.00010323 -0.00878412 0.0027
v 0.00017544 -0.0087406 0.0027
v 0.00044027 -0.00864356 0.0027
v 0.00068107 -0.00849672 0.0027
v 0.0008886 -0.00830571 0.0027
v 0.00105488 -0.0080779 0.0027
v 0.00117352 -0.00782202 0.0027
v 0.00123996 -0.00754791 0.0027
v 0.00125164 -0.0072661 0.0027
v 0.00120813 -0.00698743 0.0027
v 0.00111108 -0.00672261 0.0027
v 0.00096424 -0.00648181 0.0027
v 0.00077324 -0.00627428 0.0027
v 0.00054542 -0.006108 0.0027
v 0.00028954 -0.00598936 0.0027
v 1.543E-05 -0.00592292 0.0027
v -0.00026637 -0.00591123 0.0027
v -0.00054504 -0.00595475 0.0027
v -0.00080987 -0.00605179 0.0027
v -0.00105067 -0.00619864 0.0027
v -0.0012582 -0.00638964 0.0027
v -0.00142448 -0.00661746 0.0027
v -0.00154312 -0.00687334 0.0027
v -0.00160956 -0.00714745 0.0027
v -0.00162124 -0.00742925 0.0027
v -0.00157773 -0.00770792 0.0027
v -0.00148069 -0.00797274 0.0027
v -0.00096595 -0.00772345 0.0027
v -0.00076133 -0.00799499 0.0027
v -0.00037799 -0.00770612 0.0027
v -0.000282 -0.00766733 0.0027
v -0.00017948 -0.00768174 0.0027
v -9.79E-05 -0.00774548 0.0027
v 0.00019098 -0.00812882 0.0027
v 0.00046251 -0.00792421 0.0027
v 0.00017364 -0.00754086 0.0027
v 0.00013486 -0.00744487 0.0027
v 0.00014926 -0.00734235 0.0027
v 0.000213 -0.00726077 0.0027
v 0.00059635 -0.0069719 0.0027
v 0.00039173 -0.00670036 0.0027
v 8.38E-06 -0.00698924 0.0027
v -8.761E-05 -0.00702802 0.0027
v -0.00019013 -0.00701361 0.0027
v -0.00027171 -0.00694987 0.0027
v -0.00056058 -0.00656653 0.0027
v -0.00083211 -0.00677115 0.0027
v -0.00054324 -0.00715449 0.0027
v -0.00050446 -0.00725048 0.0027
v -0.00051887 -0.007353 0.0027
v -0.0005826 -0.00743458 0.0027
v 3.418E-05 0.01093745 0.002
v 0.00051569 0.01092534 0.002
v 3.418E-05 0.01093745 -0
v 0.00051569 0.01092534 -0
v 0.00341236 0.01039157 0.002
v 0.00386657 0.01023125 0.002
v 0.00341236 0.01039157 -0
v 0.00386657 0.01023125 -0
v -0.00334735 0.01041269 0.002
v -0.00288566 0.01054997 0.002
v -0.00334735 0.01041269 -0
v -0.00288566 0.01054997 -0
v -0.00640122 0.00886867 0.002
v -0.00600455 0.0091419 0.002
v -0.00640122 0.00886867 -0
v -0.00600455 0.0091419 -0
v -0.00882849 0.00645652 0.002
v -0.00853567 0.00683896 0.002
v -0.00882849 0.00645652 -0
v -0.00853567 0.00683896 -0
v -0.01039157 0.00341236 0.002
v -0.01023125 0.00386657 0.002
v -0.01039157 0.00341236 -0
v -0.01023125 0.00386657 -0
v -0.01093745 3.418E-05 0.002
v -0.01092534 0.00051569 0.002
v -0.01093745 3.418E-05 -0
v -0.01092534 0.00051569 -0
v 0.00634274 0.00947694 -0
v 0.00634274 0.00947694 0.002
v 0.00626349 0.00925058 -0
v 0.00626349 0.00925058 0.002
v 0.00630495 0.00901435 -0
v 0.00630495 0.00901435 0.002
v 0.00645652 0.00882849 -0
v 0.00645652 0.00882849 0.002
v 0.00692603 0.01187824 -0
v 0.00616434 0.01229079 -0
v 0.00692603 0.01187824 0.002
v 0.00616434 0.01229079 0.002
v 0.00410505 0.01020585 -0
v 0.00410505 0.01020585 0.002
v 0.00432555 0.0103002 -0
v 0.00432555 0.0103002 0.002
v 0.00447184 0.01049025 -0
v 0.00447184 0.01049025 0.002
v 0.00310377 0.01097312 -0
v 0.00310377 0.01097312 0.002
v 0.0031026 0.01092131 -0
v 0.0031026 0.01092131 0.002
v 0.00309835 0.01073335 -0
v 0.00309835 0.01073335 0.002
v 0.00321077 0.01052149 -0
v 0.00321077 0.01052149 0.002
v 0.00291647 0.01343714 0.002
v 0.00291647 0.01343714 -0
v 0.00263997 0.01348809 0.002
v 0.00263997 0.01348809 -0
v 0.00206457 0.01359412 0.002
v 0.00206457 0.01359412 -0
v 0.00075035 0.01097487 -0
v 0.00075035 0.01097487 0.002
v 0.00075657 0.01098031 -0
v 0.00075657 0.01098031 0.002
v 0.0009309 0.01113274 -0
v 0.0009309 0.01113274 0.002
v 0.00101131 0.0113587 -0
v 0.00101131 0.0113587 0.002
v -0.00043902 0.01139517 -0
v -0.00043902 0.01139517 0.002
v -0.00037008 0.01116546 -0
v -0.00037008 0.01116546 0.002
v -0.00020364 0.01100446 -0
v -0.00020364 0.01100446 0.002
v -0.0001977 0.01099872 -0
v -0.0001977 0.01099872 0.002
v -0.00137858 0.01368072 0.002
v -0.00137858 0.01368072 -0
v -0.00195858 0.01360375 0.002
v -0.00195858 0.01360375 -0
v -0.00223729 0.01356676 0.002
v -0.00223729 0.01356676 -0
v -0.00267779 0.0106696 -0
v -0.00267779 0.0106696 0.002
v -0.00255487 0.01087553 -0
v -0.00255487 0.01087553 0.002
v -0.00254966 0.01106347 -0
v -0.00254966 0.01106347 0.002
v -0.00254822 0.01111527 -0
v -0.00254822 0.01111527 0.002
v -0.00393884 0.01070179 -0
v -0.00393884 0.01070179 0.002
v -0.00380228 0.01050463 -0
v -0.00380228 0.01050463 0.002
v -0.00358681 0.01039931 -0
v -0.00358681 0.01039931 0.002
v -0.00553868 0.01258513 -0
v -0.00632015 0.0122114 -0
v -0.00553868 0.01258513 0.002
v -0.00632015 0.0122114 0.002
v -0.00584382 0.00931991 -0
v -0.00584382 0.00931991 0.002
v -0.00579055 0.00955375 -0
v -0.00579055 0.00955375 0.002
v -0.00585831 0.00978381 -0
v -0.00585831 0.00978381 0.002
v -0.00705309 0.00896084 -0
v -0.00705309 0.00896084 0.002
v -0.00686229 0.00881552 -0
v -0.00686229 0.00881552 0.002
v -0.00662482 0.00878195 -0
v -0.00662482 0.00878195 0.002
v -0.00915662 0.01025762 -0
v -0.00978435 0.00966069 -0
v -0.00915662 0.01025762 0.002
v -0.00978435 0.00966069 0.002
v -0.00843781 0.00705792 -0
v -0.00843781 0.00705792 0.002
v -0.00845941 0.00729678 -0
v -0.00845941 0.00729678 0.002
v -0.00859495 0.00749464 -0
v -0.00859495 0.00749464 0.002
v -0.00947694 0.00634274 -0
v -0.00947694 0.00634274 0.002
v -0.00925058 0.00626349 -0
v -0.00925058 0.00626349 0.002
v -0.00901435 0.00630495 -0
v -0.00901435 0.00630495 0.002
v -0.01187824 0.00692603 -0
v -0.01229079 0.00616434 -0
v -0.01187824 0.00692603 0.002
v -0.01229079 0.00616434 0.002
v -0.01020585 0.00410505 -0
v -0.01020585 0.00410505 0.002
v -0.0103002 0.00432555 -0
v -0.0103002 0.00432555 0.002
v -0.01049025 0.00447184 -0
v -0.01049025 0.00447184 0.002
v -0.01097312 0.00310377 -0
v -0.01097312 0.00310377 0.002
v -0.01073335 0.00309835 -0
v -0.01073335 0.00309835 0.002
v -0.01052149 0.00321077 -0
v -0.01052149 0.00321077 0.002
v -0.01343714 0.00291647 -0
v -0.01359412 0.00206457 -0
v -0.01343714 0.00291647 0.002
v -0.01359412 0.00206457 0.002
v -0.01097487 0.00075035 -0
v -0.01097487 0.00075035 0.002
v -0.01113274 0.0009309 -0
v -0.01113274 0.0009309 0.002
v -0.0113587 0.00101131 -0
v -0.0113587 0.00101131 0.002
v -0.01139517 -0.00043902 -0
v -0.01139517 -0.00043902 0.002
v -0.01116546 -0.00037008 -0
v -0.01116546 -0.00037008 0.002
v -0.01099872 -0.0001977 -0
v -0.01099872 -0.0001977 0.002
v -0.01368072 -0.00137858 0.002
v -0.01368072 -0.00137858 -0
v -0.01357378 -0.0021844 0.002
v -0.01357378 -0.0021844 -0
v -0.01356676 -0.00223729 0.002
v -0.01356676 -0.00223729 -0
v -0.01054997 -0.00288566 -0
v -0.01054997 -0.00288566 0.002
v -0.0106696 -0.00267779 -0
v -0.0106696 -0.00267779 0.002
v -0.01087553 -0.00255487 -0
v -0.01087553 -0.00255487 0.002
v -0.01111527 -0.00254822 -0
v -0.01111527 -0.00254822 0.002
v 0.01035885 0.00471604 -0
v 0.01855912 0.00410648 -0
v 0.01847497 0.00076072 -0
v 0.0022517 -0.01070321 -0
v 0.00203098 -0.01072523 -0
v 0.00217419 -0.00503126 -0
v 0.00033682 -0.0064945 -0
v -0.00015966 -0.00634799 -0
v -0.01308328 -0.00241142 -0
v 0.01841337 -0.0016885 -0
v 0.02920422 -0.0019599 -0
v 0.01838068 -0.00298809 -0
v 0.02923417 -0.0019914 -0
v 0.02926582 0.00048932 -0
v 0.02875341 2.05E-06 -0
v 0.02854097 -0.00071783 -0
v 0.02871695 -0.00144749 -0
v 0.03271861 0.00217102 -0
v 0.03353461 0.00110028 -0
v 0.033769 0.00037606 -0
v 0.02929732 0.00051928 -0
v 0.03002697 0.00069525 -0
v 0.03028703 0.0032347 -0
v 0.03074686 0.00048282 -0
v 0.03159361 0.00291041 -0
v 0.03077681 0.00045132 -0
v 0.03126409 -6.109E-05 -0
v 0.03144006 -0.00079075 -0
v 0.03394915 -0.00018053 -0
v 0.0339153 -0.00152633 -0
v 0.03122763 -0.00151064 -0
v 0.0337074 -0.00207316 -0
v 0.03071521 -0.00199791 -0
v 0.03343689 -0.00278468 -0
v 0.03068371 -0.00202786 -0
v 0.03295537 -0.00335466 -0
v 0.02995406 -0.00220383 -0
v -0.00138446 -0.00332314 -0
v -9.051E-05 -0.00359886 -0
v -0.00242436 -0.0049156 -0
v -0.00336036 -0.00114087 -0
v -0.00326191 -0.00152313 -0
v -0.00503691 -0.00239912 -0
v -0.00259026 -0.00246065 -0
v -0.00509851 -0.00484834 -0
v -0.00249143 -0.00259861 -0
v -0.00236812 -0.00267932 -0
v -0.00281741 0.00224103 -0
v -0.0033113 0.00130867 -0
v -0.00494263 0.0013497 -0
v -0.00343671 0.00107193 -0
v -0.00500423 -0.00109953 -0
v -0.00359186 -0.00024193 -0
v 0.00075026 0.00352095 -0
v -0.00057232 0.00355422 -0
v -0.00217419 0.00503126 -0
v 0.00242436 0.0049156 -0
v 0.00197151 0.00301216 -0
v -0.0018176 0.00310746 -0
v -0.00223159 0.0027487 -0
v -0.00484834 0.00509851 -0
v 0.00500423 0.00109953 -0
v 0.0033729 0.00114056 -0
v 0.00509851 0.00484834 -0
v 0.0029265 0.00209657 -0
v 0.00236695 0.00263304 -0
v 0.00494263 -0.0013497 -0
v 0.00357516 -0.00042219 -0
v 0.00348625 0.00089782 -0
v 0.00490994 -0.00264929 -0
v 0.00318122 -0.00168518 -0
v 0.00329876 -0.00130835 -0
v 0.00121566 -0.00338854 -0
v 0.00223043 -0.00279498 -0
v 0.00484834 -0.00509851 -0
v 0.00235765 -0.00272057 -0
v 0.00246329 -0.00258775 -0
v 0.0052499 0.0108673 -0
v 0.00684132 0.01082728 -0
v 0.00682509 0.01062603 -0
v 0.00666423 0.01004439 -0
v 0.0064846 0.00968515 -0
v 0.00780545 0.00766184 -0
v 0.00894686 0.00629148 -0
v 0.00573928 0.012002 -0
v 0.00469815 0.01088118 -0
v 0.00490462 0.01123783 -0
v 0.00526766 0.01157354 -0
v 0.00569673 0.0119703 -0
v 0.00257574 0.01093456 -0
v 0.00320743 0.01221503 -0
v 0.00323418 0.01161214 -0
v 0.00317434 0.01121497 -0
v 0.00174956 0.01318811 -0
v 0.00119189 0.01220343 -0
v 0.00171889 0.01314482 -0
v -0.00033682 0.0064945 -0
v 0.00015966 0.00634799 -0
v 0.00066287 0.00646935 -0
v -0.00029327 0.008226 -0
v -0.00066838 0.00786929 -0
v -0.0020228 0.01105022 -0
v -0.00081488 0.00737282 -0
v -0.00069352 0.00686961 -0
v 0.00103798 0.00682606 -0
v 0.00118449 0.00732253 -0
v 0.00106312 0.00782574 -0
v 0.00070642 0.00820086 -0
v 0.00020994 0.00834736 -0
v -0.00072421 0.01260833 -0
v -0.00051247 0.01204322 -0
v -0.00044664 0.011647 -0
v -0.00241142 0.01308328 -0
v -0.00263751 0.01197446 -0
v -0.00242721 0.01303264 -0
v -0.00469696 0.01111748 -0
v -0.0040239 0.01093893 -0
v -0.00467859 0.01184772 -0
v -0.00458495 0.01176744 -0
v -0.00420894 0.01129542 -0
v -0.0041089 0.01110268 -0
v -0.00633636 0.01169777 -0
v -0.00633572 0.01164472 -0
v -0.00620873 0.01057335 -0
v -0.00627794 0.01115724 -0
v -0.00968515 0.0064846 -0
v -0.01157354 0.00526766 -0
v -0.012002 0.00573928 -0
v -0.01062603 0.00682509 -0
v -0.0119703 0.00569673 -0
v -0.00964104 0.0091672 -0
v -0.00799689 0.00977467 -0
v -0.00962405 0.00911694 -0
v -0.01004439 0.00666423 -0
v -0.0091722 0.00813725 -0
v -0.00749342 0.00944195 -0
v -0.00720727 0.00916009 -0
v -0.01121497 0.00317434 -0
v -0.01284015 0.00154833 -0
v -0.01318811 0.00174956 -0
v -0.01221503 0.00320743 -0
v -0.01314482 0.00171889 -0
v -0.01123783 0.00490462 -0
v -0.01161214 0.00323418 -0
v -0.00782574 0.00106312 -0
v -0.00820086 0.00070642 -0
v -0.00732253 0.00118449 -0
v -0.00682606 0.00103798 -0
v -0.008226 -0.00029327 -0
v -0.00786929 -0.00066838 -0
v -0.01289804 -0.00090099 -0
v -0.00737282 -0.00081488 -0
v -0.00686961 -0.00069352 -0
v -0.0064945 -0.00033682 -0
v -0.00634799 0.00015966 -0
v -0.00646935 0.00066287 -0
v -0.00834736 0.00020994 -0
v -0.01220343 0.00119189 -0
v -0.011647 -0.00044664 -0
v -0.01260833 -0.00072421 -0
v -0.01204322 -0.00051247 -0
v -0.01197446 -0.00263751 -0
v -0.01303264 -0.00242721 -0
v -0.00837425 -0.00703568 -0
v -0.00667278 -0.00866619 -0
v -0.0052169 -0.00955525 -0
v -0.00968696 -0.00507855 -0
v -0.00982434 -0.00472948 -0
v -0.00466154 -0.00989439 -0
v -0.00256776 -0.01061706 -0
v -0.00066287 -0.00646935 -0
v -0.00103798 -0.00682606 -0
v -0.00118449 -0.00732253 -0
v -0.00106312 -0.00782574 -0
v -0.00243389 -0.01066326 -0
v -0.00070642 -0.00820086 -0
v -9.326E-05 -0.0109371 -0
v -0.00020994 -0.00834736 -0
v 0.00029327 -0.008226 -0
v 0.00066838 -0.00786929 -0
v 0.00081488 -0.00737282 -0
v 0.00069352 -0.00686961 -0
v 0.00959895 -0.005243 -0
v 0.00825306 -0.00717746 -0
v 0.00652403 -0.00877872 -0
v 0.00472926 -0.00983313 -0
v 0.00449214 -0.00997244 -0
v 0.01010868 -0.00523082 -0
v 0.01832922 -0.00503426 -0
v 0.03256811 -0.00381305 -0
v 0.03140736 -0.00449495 -0
v 0.03008613 -0.00475315 -0
v 0.00737282 0.00081488 -0
v 0.00686961 0.00069352 -0
v 0.008226 0.00029327 -0
v 0.00786929 0.00066838 -0
v 0.00985038 0.00475383 -0
v 0.0064945 0.00033682 -0
v 0.00634799 -0.00015966 -0
v 0.00646935 -0.00066287 -0
v 0.00682606 -0.00103798 -0
v 0.00732253 -0.00118449 -0
v 0.00782574 -0.00106312 -0
v 0.00820086 -0.00070642 -0
v 0.00834736 -0.00020994 -0
v 0.02995406 -0.00220383 0.002
v 0.03068371 -0.00202786 0.002
v 0.03071521 -0.00199791 0.002
v 0.03122763 -0.00151064 0.002
v 0.03144006 -0.00079075 0.002
v 0.03126409 -6.109E-05 0.002
v 0.03077681 0.00045132 0.002
v 0.03074686 0.00048282 0.002
v 0.03002697 0.00069525 0.002
v 0.02929732 0.00051928 0.002
v 0.02926582 0.00048932 0.002
v 0.02875341 2.05E-06 0.002
v 0.02854097 -0.00071783 0.002
v 0.02871695 -0.00144749 0.002
v 0.02920422 -0.0019599 0.002
v 0.02923417 -0.0019914 0.002
v -0.00020994 -0.00834736 0.002
v 0.00029327 -0.008226 0.002
v 0.00066838 -0.00786929 0.002
v 0.00081488 -0.00737282 0.002
v 0.00069352 -0.00686961 0.002
v 0.00033682 -0.0064945 0.002
v -0.00015966 -0.00634799 0.002
v -0.00066287 -0.00646935 0.002
v -0.00103798 -0.00682606 0.002
v -0.00118449 -0.00732253 0.002
v -0.00106312 -0.00782574 0.002
v -0.00070642 -0.00820086 0.002
v 0.00732253 -0.00118449 0.002
v 0.00782574 -0.00106312 0.002
v 0.00820086 -0.00070642 0.002
v 0.00834736 -0.00020994 0.002
v 0.008226 0.00029327 0.002
v 0.00786929 0.00066838 0.002
v 0.00737282 0.00081488 0.002
v 0.00686961 0.00069352 0.002
v 0.0064945 0.00033682 0.002
v 0.00634799 -0.00015966 0.002
v 0.00646935 -0.00066287 0.002
v 0.00682606 -0.00103798 0.002
v 0.00015966 0.00634799 0.002
v 0.00066287 0.00646935 0.002
v 0.00103798 0.00682606 0.002
v 0.00118449 0.00732253 0.002
v 0.00106312 0.00782574 0.002
v 0.00070642 0.00820086 0.002
v 0.00020994 0.00834736 0.002
v -0.00029327 0.008226 0.002
v -0.00066838 0.00786929 0.002
v -0.00081488 0.00737282 0.002
v -0.00069352 0.00686961 0.002
v -0.00033682 0.0064945 0.002
v -9.051E-05 -0.00359886 0.002
v 0.00121566 -0.00338854 0.002
v 0.00223043 -0.00279498 0.002
v 0.00235765 -0.00272057 0.002
v 0.00246329 -0.00258775 0.002
v 0.00318122 -0.00168518 0.002
v 0.00329876 -0.00130835 0.002
v 0.00357516 -0.00042219 0.002
v 0.00348625 0.00089782 0.002
v 0.0033729 0.00114056 0.002
v 0.0029265 0.00209657 0.002
v 0.00236695 0.00263304 0.002
v 0.00197151 0.00301216 0.002
v 0.00075026 0.00352095 0.002
v -0.00057232 0.00355422 0.002
v -0.0018176 0.00310746 0.002
v -0.00223159 0.0027487 0.002
v -0.00281741 0.00224103 0.002
v -0.0033113 0.00130867 0.002
v -0.00343671 0.00107193 0.002
v -0.00359186 -0.00024193 0.002
v -0.00336036 -0.00114087 0.002
v -0.00326191 -0.00152313 0.002
v -0.00259026 -0.00246065 0.002
v -0.00249143 -0.00259861 0.002
v -0.00236812 -0.00267932 0.002
v -0.00138446 -0.00332314 0.002
v -0.00737282 -0.00081488 0.002
v -0.00686961 -0.00069352 0.002
v -0.0064945 -0.00033682 0.002
v -0.00634799 0.00015966 0.002
v -0.00646935 0.00066287 0.002
v -0.00682606 0.00103798 0.002
v -0.00732253 0.00118449 0.002
v -0.00782574 0.00106312 0.002
v -0.00820086 0.00070642 0.002
v -0.00834736 0.00020994 0.002
v -0.008226 -0.00029327 0.002
v -0.00786929 -0.00066838 0.002
v 0.00959895 -0.005243 0.002
v 0.00825306 -0.00717746 0.002
v 0.00652403 -0.00877872 0.002
v 0.00472926 -0.00983313 0.002
v 0.00449214 -0.00997244 0.002
v 0.0022517 -0.01070321 0.002
v 0.00203098 -0.01072523 0.002
v -9.326E-05 -0.0109371 0.002
v -0.00243389 -0.01066326 0.002
v -0.00256776 -0.01061706 0.002
v -0.00466154 -0.00989439 0.002
v -0.0052169 -0.00955525 0.002
v -0.00968696 -0.00507855 0.002
v -0.00837425 -0.00703568 0.002
v -0.00667278 -0.00866619 0.002
v -0.00982434 -0.00472948 0.002
v 0.03008613 -0.00475315 0.002
v 0.01832922 -0.00503426 0.002
v 0.01010868 -0.00523082 0.002
v 0.03028703 0.0032347 0.002
v 0.03159361 0.00291041 0.002
v 0.03271861 0.00217102 0.002
v 0.03353461 0.00110028 0.002
v 0.033769 0.00037606 0.002
v 0.03394915 -0.00018053 0.002
v 0.0339153 -0.00152633 0.002
v 0.0337074 -0.00207316 0.002
v 0.03343689 -0.00278468 0.002
v 0.03295537 -0.00335466 0.002
v 0.03256811 -0.00381305 0.002
v 0.03140736 -0.00449495 0.002
v 0.01855912 0.00410648 0.002
v 0.01035885 0.00471604 0.002
v 0.00985038 0.00475383 0.002
v 0.00780545 0.00766184 0.002
v 0.00894686 0.00629148 0.002
v 0.00684132 0.01082728 0.002
v 0.00682509 0.01062603 0.002
v 0.00666423 0.01004439 0.002
v 0.0064846 0.00968515 0.002
v 0.00469815 0.01088118 0.002
v 0.00490462 0.01123783 0.002
v 0.00526766 0.01157354 0.002
v 0.00569673 0.0119703 0.002
v 0.00573928 0.012002 0.002
v 0.00320743 0.01221503 0.002
v 0.00323418 0.01161214 0.002
v 0.00317434 0.01121497 0.002
v 0.00119189 0.01220343 0.002
v 0.00171889 0.01314482 0.002
v 0.00174956 0.01318811 0.002
v -0.00072421 0.01260833 0.002
v -0.00051247 0.01204322 0.002
v -0.00044664 0.011647 0.002
v -0.00263751 0.01197446 0.002
v -0.00242721 0.01303264 0.002
v -0.00241142 0.01308328 0.002
v -0.00420894 0.01129542 0.002
v -0.00467859 0.01184772 0.002
v -0.00458495 0.01176744 0.002
v -0.0041089 0.01110268 0.002
v -0.0040239 0.01093893 0.002
v -0.00620873 0.01057335 0.002
v -0.00627794 0.01115724 0.002
v -0.00633572 0.01164472 0.002
v -0.00633636 0.01169777 0.002
v -0.00799689 0.00977467 0.002
v -0.00749342 0.00944195 0.002
v -0.00720727 0.00916009 0.002
v -0.0091722 0.00813725 0.002
v -0.00962405 0.00911694 0.002
v -0.00964104 0.0091672 0.002
v -0.01062603 0.00682509 0.002
v -0.01004439 0.00666423 0.002
v -0.00968515 0.0064846 0.002
v -0.01123783 0.00490462 0.002
v -0.01157354 0.00526766 0.002
v -0.0119703 0.00569673 0.002
v -0.012002 0.00573928 0.002
v -0.01221503 0.00320743 0.002
v -0.01161214 0.00323418 0.002
v -0.01121497 0.00317434 0.002
v -0.01220343 0.00119189 0.002
v -0.01284015 0.00154833 0.002
v -0.01314482 0.00171889 0.002
v -0.01318811 0.00174956 0.002
v -0.01289804 -0.00090099 0.002
v -0.01260833 -0.00072421 0.002
v -0.01204322 -0.00051247 0.002
v -0.011647 -0.00044664 0.002
v -0.01197446 -0.00263751 0.002
v -0.01303264 -0.00242721 0.002
v -0.01308328 -0.00241142 0.002
v 0.00490994 -0.00264929 0.002
v 0.01838068 -0.00298809 0.002
v 0.01841337 -0.0016885 0.002
v 0.0052499 0.0108673 0.002
v 0.00257574 0.01093456 0.002
v 0.01847497 0.00076072 0.002
v -0.00242436 -0.0049156 0.002
v 0.00217419 -0.00503126 0.002
v 0.00484834 -0.00509851 0.002
v 0.00500423 0.00109953 0.002
v 0.00494263 -0.0013497 0.002
v 0.00509851 0.00484834 0.002
v 0.00242436 0.0049156 0.002
v -0.00217419 0.00503126 0.002
v -0.00494263 0.0013497 0.002
v -0.00484834 0.00509851 0.002
v -0.00500423 -0.00109953 0.002
v -0.00509851 -0.00484834 0.002
v -0.00503691 -0.00239912 0.002
v -0.00469696 0.01111748 0.002
v -0.0020228 0.01105022 0.002
v 0.00088972 0.00787887 -0.002
v 0.00099636 0.00769474 -0.002
v 0.0001848 0.00734768 -0.002
v 0.00074211 0.00803214 -0.002
v 0.00014807 0.00822957 -0.002
v 0.00036019 0.00821273 -0.002
v 0.00056211 0.00814562 -0.002
v -0.00042749 0.00798342 -0.002
v -0.00025755 0.00811148 -0.002
v -6.191E-05 0.00819515 -0.002
v -0.00069508 0.00741752 -0.002
v -0.0006528 0.00762606 -0.002
v -0.00056184 0.00781842 -0.002
v -0.00052011 0.00681648 -0.002
v -0.00062676 0.00700061 -0.002
v -0.00068623 0.00720492 -0.002
v 9.41E-06 0.00648262 -0.002
v -0.00019251 0.00654973 -0.002
v -0.00037251 0.00666322 -0.002
v 0.00062716 0.00658387 -0.002
v 0.00043151 0.0065002 -0.002
v 0.00022153 0.00646579 -0.002
v 0.00102241 0.0070693 -0.002
v 0.00093145 0.00687693 -0.002
v 0.00079709 0.00671193 -0.002
v 0.00105583 0.00749044 -0.002
v 0.00106469 0.00727784 -0.002
v 0.00098343 0.00794949 -0.00193225
v 0.0008162 0.00812313 -0.00193225
v 0.00061228 0.0082517 -0.00193225
v 0.00038351 0.00832774 -0.00193225
v 0.00014319 0.00834681 -0.00193225
v -9.471E-05 0.00830782 -0.00193225
v -0.00031636 0.00821303 -0.00193225
v -0.00050889 0.00806795 -0.00193225
v -0.00066111 0.007881 -0.00193225
v -0.00076416 0.00766307 -0.00193225
v -0.00081206 0.0074268 -0.00193225
v -0.00080203 0.00718594 -0.00193225
v -0.00073465 0.00695447 -0.00193225
v -0.00061383 0.00674586 -0.00193225
v -0.0004466 0.00657222 -0.00193225
v -0.00024267 0.00644365 -0.00193225
v -1.39E-05 0.00636762 -0.00193225
v 0.00022641 0.00634854 -0.00193225
v 0.00046431 0.00638753 -0.00193225
v 0.00068597 0.00648233 -0.00193225
v 0.0008785 0.00662741 -0.00193225
v 0.00103071 0.00681435 -0.00193225
v 0.00113376 0.00703229 -0.00193225
v 0.00118167 0.00726855 -0.00193225
v 0.00117163 0.00750942 -0.00193225
v 0.00110425 0.00774088 -0.00193225
v 0.00098343 0.00794949 -0.00190515
v 0.0008162 0.00812313 -0.00190515
v 0.00061228 0.0082517 -0.00190515
v 0.00038351 0.00832774 -0.00190515
v 0.00014319 0.00834681 -0.00190515
v -9.471E-05 0.00830782 -0.00190515
v -0.00031636 0.00821303 -0.00190515
v -0.00050889 0.00806795 -0.00190515
v -0.00066111 0.007881 -0.00190515
v -0.00076416 0.00766307 -0.00190515
v -0.00081206 0.0074268 -0.00190515
v -0.00080203 0.00718594 -0.00190515
v -0.00073465 0.00695447 -0.00190515
v -0.00061383 0.00674586 -0.00190515
v -0.0004466 0.00657222 -0.00190515
v -0.00024267 0.00644365 -0.00190515
v -1.39E-05 0.00636762 -0.00190515
v 0.00022641 0.00634854 -0.00190515
v 0.00046431 0.00638753 -0.00190515
v 0.00068597 0.00648233 -0.00190515
v 0.0008785 0.00662741 -0.00190515
v 0.00103071 0.00681435 -0.00190515
v 0.00113376 0.00703229 -0.00190515
v 0.00118167 0.00726855 -0.00190515
v 0.00117163 0.00750942 -0.00190515
v 0.00110425 0.00774088 -0.00190515
v -0.00062676 0.00700061 -0.0018374
v -0.00068623 0.00720492 -0.0018374
v -0.00069508 0.00741752 -0.0018374
v -0.0006528 0.00762606 -0.0018374
v -0.00056184 0.00781842 -0.0018374
v -0.00042749 0.00798342 -0.0018374
v -0.00025755 0.00811148 -0.0018374
v -6.191E-05 0.00819515 -0.0018374
v 0.00014807 0.00822957 -0.0018374
v 0.00036019 0.00821273 -0.0018374
v 0.00056211 0.00814562 -0.0018374
v 0.00074211 0.00803214 -0.0018374
v 0.00088972 0.00787887 -0.0018374
v 0.00099636 0.00769474 -0.0018374
v 0.00105583 0.00749044 -0.0018374
v 0.00106469 0.00727784 -0.0018374
v 0.00102241 0.0070693 -0.0018374
v 0.00093145 0.00687693 -0.0018374
v 0.00079709 0.00671193 -0.0018374
v 0.00062716 0.00658387 -0.0018374
v 0.00043151 0.0065002 -0.0018374
v 0.00022153 0.00646579 -0.0018374
v 9.41E-06 0.00648262 -0.0018374
v -0.00019251 0.00654973 -0.0018374
v -0.00037251 0.00666322 -0.0018374
v -0.00052011 0.00681648 -0.0018374
v 0.00098343 0.00794949 -0.00176965
v 0.0008162 0.00812313 -0.00176965
v 0.00061228 0.0082517 -0.00176965
v 0.00038351 0.00832774 -0.00176965
v 0.00014319 0.00834681 -0.00176965
v -9.471E-05 0.00830782 -0.00176965
v -0.00031636 0.00821303 -0.00176965
v -0.00050889 0.00806795 -0.00176965
v -0.00066111 0.007881 -0.00176965
v -0.00076416 0.00766307 -0.00176965
v -0.00081206 0.0074268 -0.00176965
v -0.00080203 0.00718594 -0.00176965
v -0.00073465 0.00695447 -0.00176965
v -0.00061383 0.00674586 -0.00176965
v -0.0004466 0.00657222 -0.00176965
v -0.00024267 0.00644365 -0.00176965
v -1.39E-05 0.00636762 -0.00176965
v 0.00022641 0.00634854 -0.00176965
v 0.00046431 0.00638753 -0.00176965
v 0.00068597 0.00648233 -0.00176965
v 0.0008785 0.00662741 -0.00176965
v 0.00103071 0.00681435 -0.00176965
v 0.00113376 0.00703229 -0.00176965
v 0.00118167 0.00726855 -0.00176965
v 0.00117163 0.00750942 -0.00176965
v 0.00110425 0.00774088 -0.00176965
v 0.00098343 0.00794949 -0.00174255
v 0.0008162 0.00812313 -0.00174255
v 0.00061228 0.0082517 -0.00174255
v 0.00038351 0.00832774 -0.00174255
v 0.00014319 0.00834681 -0.00174255
v -9.471E-05 0.00830782 -0.00174255
v -0.00031636 0.00821303 -0.00174255
v -0.00050889 0.00806795 -0.00174255
v -0.00066111 0.007881 -0.00174255
v -0.00076416 0.00766307 -0.00174255
v -0.00081206 0.0074268 -0.00174255
v -0.00080203 0.00718594 -0.00174255
v -0.00073465 0.00695447 -0.00174255
v -0.00061383 0.00674586 -0.00174255
v -0.0004466 0.00657222 -0.00174255
v -0.00024267 0.00644365 -0.00174255
v -1.39E-05 0.00636762 -0.00174255
v 0.00022641 0.00634854 -0.00174255
v 0.00046431 0.00638753 -0.00174255
v 0.00068597 0.00648233 -0.00174255
v 0.0008785 0.00662741 -0.00174255
v 0.00103071 0.00681435 -0.00174255
v 0.00113376 0.00703229 -0.00174255
v 0.00118167 0.00726855 -0.00174255
v 0.00117163 0.00750942 -0.00174255
v 0.00110425 0.00774088 -0.00174255
v -0.00062676 0.00700061 -0.0016748
v -0.00068623 0.00720492 -0.0016748
v -0.00069508 0.00741752 -0.0016748
v -0.0006528 0.00762606 -0.0016748
v -0.00056184 0.00781842 -0.0016748
v -0.00042749 0.00798342 -0.0016748
v -0.00025755 0.00811148 -0.0016748
v -6.191E-05 0.00819515 -0.0016748
v 0.00014807 0.00822957 -0.0016748
v 0.00036019 0.00821273 -0.0016748
v 0.00056211 0.00814562 -0.0016748
v 0.00074211 0.00803214 -0.0016748
v 0.00088972 0.00787887 -0.0016748
v 0.00099636 0.00769474 -0.0016748
v 0.00105583 0.00749044 -0.0016748
v 0.00106469 0.00727784 -0.0016748
v 0.00102241 0.0070693 -0.0016748
v 0.00093145 0.00687693 -0.0016748
v 0.00079709 0.00671193 -0.0016748
v 0.00062716 0.00658387 -0.0016748
v 0.00043151 0.0065002 -0.0016748
v 0.00022153 0.00646579 -0.0016748
v 9.41E-06 0.00648262 -0.0016748
v -0.00019251 0.00654973 -0.0016748
v -0.00037251 0.00666322 -0.0016748
v -0.00052011 0.00681648 -0.0016748
v 0.00098343 0.00794949 -0.00160705
v 0.0008162 0.00812313 -0.00160705
v 0.00061228 0.0082517 -0.00160705
v 0.00038351 0.00832774 -0.00160705
v 0.00014319 0.00834681 -0.00160705
v -9.471E-05 0.00830782 -0.00160705
v -0.00031636 0.00821303 -0.00160705
v -0.00050889 0.00806795 -0.00160705
v -0.00066111 0.007881 -0.00160705
v -0.00076416 0.00766307 -0.00160705
v -0.00081206 0.0074268 -0.00160705
v -0.00080203 0.00718594 -0.00160705
v -0.00073465 0.00695447 -0.00160705
v -0.00061383 0.00674586 -0.00160705
v -0.0004466 0.00657222 -0.00160705
v -0.00024267 0.00644365 -0.00160705
v -1.39E-05 0.00636762 -0.00160705
v 0.00022641 0.00634854 -0.00160705
v 0.00046431 0.00638753 -0.00160705
v 0.00068597 0.00648233 -0.00160705
v 0.0008785 0.00662741 -0.00160705
v 0.00103071 0.00681435 -0.00160705
v 0.00113376 0.00703229 -0.00160705
v 0.00118167 0.00726855 -0.00160705
v 0.00117163 0.00750942 -0.00160705
v 0.00110425 0.00774088 -0.00160705
v 0.00098343 0.00794949 -0.00157995
v 0.0008162 0.00812313 -0.00157995
v 0.00061228 0.0082517 -0.00157995
v 0.00038351 0.00832774 -0.00157995
v 0.00014319 0.00834681 -0.00157995
v -9.471E-05 0.00830782 -0.00157995
v -0.00031636 0.00821303 -0.00157995
v -0.00050889 0.00806795 -0.00157995
v -0.00066111 0.007881 -0.00157995
v -0.00076416 0.00766307 -0.00157995
v -0.00081206 0.0074268 -0.00157995
v -0.00080203 0.00718594 -0.00157995
v -0.00073465 0.00695447 -0.00157995
v -0.00061383 0.00674586 -0.00157995
v -0.0004466 0.00657222 -0.00157995
v -0.00024267 0.00644365 -0.00157995
v -1.39E-05 0.00636762 -0.00157995
v 0.00022641 0.00634854 -0.00157995
v 0.00046431 0.00638753 -0.00157995
v 0.00068597 0.00648233 -0.00157995
v 0.0008785 0.00662741 -0.00157995
v 0.00103071 0.00681435 -0.00157995
v 0.00113376 0.00703229 -0.00157995
v 0.00118167 0.00726855 -0.00157995
v 0.00117163 0.00750942 -0.00157995
v 0.00110425 0.00774088 -0.00157995
v -0.00062676 0.00700061 -0.0015122
v -0.00068623 0.00720492 -0.0015122
v -0.00069508 0.00741752 -0.0015122
v -0.0006528 0.00762606 -0.0015122
v -0.00056184 0.00781842 -0.0015122
v -0.00042749 0.00798342 -0.0015122
v -0.00025755 0.00811148 -0.0015122
v -6.191E-05 0.00819515 -0.0015122
v 0.00014807 0.00822957 -0.0015122
v 0.00036019 0.00821273 -0.0015122
v 0.00056211 0.00814562 -0.0015122
v 0.00074211 0.00803214 -0.0015122
v 0.00088972 0.00787887 -0.0015122
v 0.00099636 0.00769474 -0.0015122
v 0.00105583 0.00749044 -0.0015122
v 0.00106469 0.00727784 -0.0015122
v 0.00102241 0.0070693 -0.0015122
v 0.00093145 0.00687693 -0.0015122
v 0.00079709 0.00671193 -0.0015122
v 0.00062716 0.00658387 -0.0015122
v 0.00043151 0.0065002 -0.0015122
v 0.00022153 0.00646579 -0.0015122
v 9.41E-06 0.00648262 -0.0015122
v -0.00019251 0.00654973 -0.0015122
v -0.00037251 0.00666322 -0.0015122
v -0.00052011 0.00681648 -0.0015122
v 0.00098343 0.00794949 -0.00144445
v 0.0008162 0.00812313 -0.00144445
v 0.00061228 0.0082517 -0.00144445
v 0.00038351 0.00832774 -0.00144445
v 0.00014319 0.00834681 -0.00144445
v -9.471E-05 0.00830782 -0.00144445
v -0.00031636 0.00821303 -0.00144445
v -0.00050889 0.00806795 -0.00144445
v -0.00066111 0.007881 -0.00144445
v -0.00076416 0.00766307 -0.00144445
v -0.00081206 0.0074268 -0.00144445
v -0.00080203 0.00718594 -0.00144445
v -0.00073465 0.00695447 -0.00144445
v -0.00061383 0.00674586 -0.00144445
v -0.0004466 0.00657222 -0.00144445
v -0.00024267 0.00644365 -0.00144445
v -1.39E-05 0.00636762 -0.00144445
v 0.00022641 0.00634854 -0.00144445
v 0.00046431 0.00638753 -0.00144445
v 0.00068597 0.00648233 -0.00144445
v 0.0008785 0.00662741 -0.00144445
v 0.00103071 0.00681435 -0.00144445
v 0.00113376 0.00703229 -0.00144445
v 0.00118167 0.00726855 -0.00144445
v 0.00117163 0.00750942 -0.00144445
v 0.00110425 0.00774088 -0.00144445
v 0.00098343 0.00794949 -0.00141735
v 0.0008162 0.00812313 -0.00141735
v 0.00061228 0.0082517 -0.00141735
v 0.00038351 0.00832774 -0.00141735
v 0.00014319 0.00834681 -0.00141735
v -9.471E-05 0.00830782 -0.00141735
v -0.00031636 0.00821303 -0.00141735
v -0.00050889 0.00806795 -0.00141735
v -0.00066111 0.007881 -0.00141735
v -0.00076416 0.00766307 -0.00141735
v -0.00081206 0.0074268 -0.00141735
v -0.00080203 0.00718594 -0.00141735
v -0.00073465 0.00695447 -0.00141735
v -0.00061383 0.00674586 -0.00141735
v -0.0004466 0.00657222 -0.00141735
v -0.00024267 0.00644365 -0.00141735
v -1.39E-05 0.00636762 -0.00141735
v 0.00022641 0.00634854 -0.00141735
v 0.00046431 0.00638753 -0.00141735
v 0.00068597 0.00648233 -0.00141735
v 0.0008785 0.00662741 -0.00141735
v 0.00103071 0.00681435 -0.00141735
v 0.00113376 0.00703229 -0.00141735
v 0.00118167 0.00726855 -0.00141735
v 0.00117163 0.00750942 -0.00141735
v 0.00110425 0.00774088 -0.00141735
v -0.00062676 0.00700061 -0.0013496
v -0.00068623 0.00720492 -0.0013496
v -0.00069508 0.00741752 -0.0013496
v -0.0006528 0.00762606 -0.0013496
v -0.00056184 0.00781842 -0.0013496
v -0.00042749 0.00798342 -0.0013496
v -0.00025755 0.00811148 -0.0013496
v -6.191E-05 0.00819515 -0.0013496
v 0.00014807 0.00822957 -0.0013496
v 0.00036019 0.00821273 -0.0013496
v 0.00056211 0.00814562 -0.0013496
v 0.00074211 0.00803214 -0.0013496
v 0.00088972 0.00787887 -0.0013496
v 0.00099636 0.00769474 -0.0013496
v 0.00105583 0.00749044 -0.0013496
v 0.00106469 0.00727784 -0.0013496
v 0.00102241 0.0070693 -0.0013496
v 0.00093145 0.00687693 -0.0013496
v 0.00079709 0.00671193 -0.0013496
v 0.00062716 0.00658387 -0.0013496
v 0.00043151 0.0065002 -0.0013496
v 0.00022153 0.00646579 -0.0013496
v 9.41E-06 0.00648262 -0.0013496
v -0.00019251 0.00654973 -0.0013496
v -0.00037251 0.00666322 -0.0013496
v -0.00052011 0.00681648 -0.0013496
v 0.00098343 0.00794949 -0.00128185
v 0.0008162 0.00812313 -0.00128185
v 0.00061228 0.0082517 -0.00128185
v 0.00038351 0.00832774 -0.00128185
v 0.00014319 0.00834681 -0.00128185
v -9.471E-05 0.00830782 -0.00128185
v -0.00031636 0.00821303 -0.00128185
v -0.00050889 0.00806795 -0.00128185
v -0.00066111 0.007881 -0.00128185
v -0.00076416 0.00766307 -0.00128185
v -0.00081206 0.0074268 -0.00128185
v -0.00080203 0.00718594 -0.00128185
v -0.00073465 0.00695447 -0.00128185
v -0.00061383 0.00674586 -0.00128185
v -0.0004466 0.00657222 -0.00128185
v -0.00024267 0.00644365 -0.00128185
v -1.39E-05 0.00636762 -0.00128185
v 0.00022641 0.00634854 -0.00128185
v 0.00046431 0.00638753 -0.00128185
v 0.00068597 0.00648233 -0.00128185
v 0.0008785 0.00662741 -0.00128185
v 0.00103071 0.00681435 -0.00128185
v 0.00113376 0.00703229 -0.00128185
v 0.00118167 0.00726855 -0.00128185
v 0.00117163 0.00750942 -0.00128185
v 0.00110425 0.00774088 -0.00128185
v 0.00098343 0.00794949 -0.00125475
v 0.0008162 0.00812313 -0.00125475
v 0.00061228 0.0082517 -0.00125475
v 0.00038351 0.00832774 -0.00125475
v 0.00014319 0.00834681 -0.00125475
v -9.471E-05 0.00830782 -0.00125475
v -0.00031636 0.00821303 -0.00125475
v -0.00050889 0.00806795 -0.00125475
v -0.00066111 0.007881 -0.00125475
v -0.00076416 0.00766307 -0.00125475
v -0.00081206 0.0074268 -0.00125475
v -0.00080203 0.00718594 -0.00125475
v -0.00073465 0.00695447 -0.00125475
v -0.00061383 0.00674586 -0.00125475
v -0.0004466 0.00657222 -0.00125475
v -0.00024267 0.00644365 -0.00125475
v -1.39E-05 0.00636762 -0.00125475
v 0.00022641 0.00634854 -0.00125475
v 0.00046431 0.00638753 -0.00125475
v 0.00068597 0.00648233 -0.00125475
v 0.0008785 0.00662741 -0.00125475
v 0.00103071 0.00681435 -0.00125475
v 0.00113376 0.00703229 -0.00125475
v 0.00118167 0.00726855 -0.00125475
v 0.00117163 0.00750942 -0.00125475
v 0.00110425 0.00774088 -0.00125475
v -0.00037251 0.00666322 -0.001187
v 9.41E-06 0.00648262 -0.001187
v -9.155E-05 0.00651618 -0.001187
v -0.00019251 0.00654973 -0.001187
v -0.00028251 0.00660648 -0.001187
v 0.00043151 0.0065002 -0.001187
v 0.00032652 0.006483 -0.001187
v 0.00022153 0.00646579 -0.001187
v 0.00011547 0.00647421 -0.001187
v 0.00079709 0.00671193 -0.001187
v 0.00071213 0.0066479 -0.001187
v 0.00062716 0.00658387 -0.001187
v 0.00052933 0.00654204 -0.001187
v 0.00102241 0.0070693 -0.001187
v 0.00097693 0.00697311 -0.001187
v 0.00093145 0.00687693 -0.001187
v 0.00086427 0.00679443 -0.001187
v 0.00105583 0.00749044 -0.001187
v 0.00106026 0.00738414 -0.001187
v 0.00106469 0.00727784 -0.001187
v 0.00104355 0.00717357 -0.001187
v 0.00088972 0.00787887 -0.001187
v 0.00094304 0.00778681 -0.001187
v 0.00099636 0.00769474 -0.001187
v 0.0010261 0.00759259 -0.001187
v 0.00056211 0.00814562 -0.001187
v 0.00065211 0.00808888 -0.001187
v 0.00074211 0.00803214 -0.001187
v 0.00081591 0.0079555 -0.001187
v 0.00014807 0.00822957 -0.001187
v 0.00025413 0.00822115 -0.001187
v 0.00036019 0.00821273 -0.001187
v 0.00046115 0.00817917 -0.001187
v -0.00025755 0.00811148 -0.001187
v -0.00015973 0.00815332 -0.001187
v -6.191E-05 0.00819515 -0.001187
v 4.308E-05 0.00821236 -0.001187
v -0.00056184 0.00781842 -0.001187
v -0.00049467 0.00790092 -0.001187
v -0.00042749 0.00798342 -0.001187
v -0.00034252 0.00804745 -0.001187
v -0.00069508 0.00741752 -0.001187
v -0.00067394 0.00752179 -0.001187
v -0.0006528 0.00762606 -0.001187
v -0.00060732 0.00772224 -0.001187
v -0.00062676 0.00700061 -0.001187
v -0.00065649 0.00710276 -0.001187
v -0.00068623 0.00720492 -0.001187
v -0.00069066 0.00731122 -0.001187
v -0.00044631 0.00673985 -0.001187
v -0.00052011 0.00681648 -0.001187
v -0.00057343 0.00690855 -0.001187
v 0.00087344 0.00663266 -0.00111925
v 0.00078662 0.00654904 -0.00111925
v 0.00068231 0.00648863 -0.00111925
v 0.00057801 0.00642823 -0.00111925
v 0.00046227 0.00639453 -0.00111925
v 0.00034654 0.00636084 -0.00111925
v 0.00022611 0.00635583 -0.00111925
v 0.00010568 0.00635081 -0.00111925
v -1.246E-05 0.00637476 -0.00111925
v -0.00013059 0.00639871 -0.00111925
v -0.00023956 0.00645024 -0.00111925
v -0.00034853 0.00650177 -0.00111925
v -0.000442 0.00657787 -0.00111925
v -0.00053547 0.00665398 -0.00111925
v -0.00060801 0.00675025 -0.00111925
v -0.00068055 0.00684651 -0.00111925
v -0.00072795 0.00695734 -0.00111925
v -0.00077534 0.00706817 -0.00111925
v -0.00079484 0.00718712 -0.00111925
v -0.00081433 0.00730606 -0.00111925
v -0.0008048 0.00742622 -0.00111925
v -0.00079526 0.00754638 -0.00111925
v -0.00075724 0.00766077 -0.00111925
v -0.00071923 0.00777515 -0.00111925
v -0.00065494 0.00787712 -0.00111925
v -0.00059065 0.00797908 -0.00111925
v -0.00050384 0.00806269 -0.00111925
v -0.00041702 0.00814631 -0.00111925
v -0.00031271 0.00820672 -0.00111925
v -0.0002084 0.00826713 -0.00111925
v -9.267E-05 0.00830082 -0.00111925
v 2.306E-05 0.00833451 -0.00111925
v 0.00014349 0.00833953 -0.00111925
v 0.00026393 0.00834454 -0.00111925
v 0.00038206 0.00832059 -0.00111925
v 0.00050019 0.00829664 -0.00111925
v 0.00060916 0.00824511 -0.00111925
v 0.00071813 0.00819359 -0.00111925
v 0.0008116 0.00811748 -0.00111925
v 0.00090507 0.00804137 -0.00111925
v 0.00098343 0.00794949 -0.00111925
v 0.00105015 0.00784884 -0.00111925
v 0.00109755 0.00773801 -0.00111925
v 0.00114494 0.00762719 -0.00111925
v 0.00116444 0.00750824 -0.00111925
v 0.00118394 0.00738929 -0.00111925
v 0.0011744 0.00726913 -0.00111925
v 0.00116486 0.00714897 -0.00111925
v 0.00112684 0.00703459 -0.00111925
v 0.00108883 0.0069202 -0.00111925
v 0.00102454 0.00681824 -0.00111925
v 0.00096026 0.00671627 -0.00111925
v 0.00098343 0.00794949 -0.00109215
v 0.00110425 0.00774088 -0.00109215
v 0.00117163 0.00750942 -0.00109215
v 0.00118167 0.00726855 -0.00109215
v 0.00113376 0.00703229 -0.00109215
v 0.00103071 0.00681435 -0.00109215
v 0.0008785 0.00662741 -0.00109215
v 0.00068597 0.00648233 -0.00109215
v 0.00046431 0.00638753 -0.00109215
v 0.00022641 0.00634854 -0.00109215
v -1.39E-05 0.00636762 -0.00109215
v -0.00024267 0.00644365 -0.00109215
v -0.0004466 0.00657222 -0.00109215
v -0.00061383 0.00674586 -0.00109215
v -0.00073465 0.00695447 -0.00109215
v -0.00080203 0.00718594 -0.00109215
v -0.00081206 0.0074268 -0.00109215
v -0.00076416 0.00766307 -0.00109215
v -0.00066111 0.007881 -0.00109215
v -0.00050889 0.00806795 -0.00109215
v -0.00031636 0.00821303 -0.00109215
v -9.471E-05 0.00830782 -0.00109215
v 0.00014319 0.00834681 -0.00109215
v 0.00038351 0.00832774 -0.00109215
v 0.00061228 0.0082517 -0.00109215
v 0.0008162 0.00812313 -0.00109215
v -0.00062676 0.00700061 -0.0010244
v -0.00068623 0.00720492 -0.0010244
v -0.00069508 0.00741752 -0.0010244
v -0.0006528 0.00762606 -0.0010244
v -0.00056184 0.00781842 -0.0010244
v -0.00042749 0.00798342 -0.0010244
v -0.00025755 0.00811148 -0.0010244
v -6.191E-05 0.00819515 -0.0010244
v 0.00014807 0.00822957 -0.0010244
v 0.00036019 0.00821273 -0.0010244
v 0.00056211 0.00814562 -0.0010244
v 0.00074211 0.00803214 -0.0010244
v 0.00088972 0.00787887 -0.0010244
v 0.00099636 0.00769474 -0.0010244
v 0.00105583 0.00749044 -0.0010244
v 0.00106469 0.00727784 -0.0010244
v 0.00102241 0.0070693 -0.0010244
v 0.00093145 0.00687693 -0.0010244
v 0.00079709 0.00671193 -0.0010244
v 0.00062716 0.00658387 -0.0010244
v 0.00043151 0.0065002 -0.0010244
v 0.00022153 0.00646579 -0.0010244
v 9.41E-06 0.00648262 -0.0010244
v -0.00019251 0.00654973 -0.0010244
v -0.00037251 0.00666322 -0.0010244
v -0.00052011 0.00681648 -0.0010244
v 0.00098343 0.00794949 -0.00095665
v 0.0008162 0.00812313 -0.00095665
v 0.00061228 0.0082517 -0.00095665
v 0.00038351 0.00832774 -0.00095665
v 0.00014319 0.00834681 -0.00095665
v -9.471E-05 0.00830782 -0.00095665
v -0.00031636 0.00821303 -0.00095665
v -0.00050889 0.00806795 -0.00095665
v -0.00066111 0.007881 -0.00095665
v -0.00076416 0.00766307 -0.00095665
v -0.00081206 0.0074268 -0.00095665
v -0.00080203 0.00718594 -0.00095665
v -0.00073465 0.00695447 -0.00095665
v -0.00061383 0.00674586 -0.00095665
v -0.0004466 0.00657222 -0.00095665
v -0.00024267 0.00644365 -0.00095665
v -1.39E-05 0.00636762 -0.00095665
v 0.00022641 0.00634854 -0.00095665
v 0.00046431 0.00638753 -0.00095665
v 0.00068597 0.00648233 -0.00095665
v 0.0008785 0.00662741 -0.00095665
v 0.00103071 0.00681435 -0.00095665
v 0.00113376 0.00703229 -0.00095665
v 0.00118167 0.00726855 -0.00095665
v 0.00117163 0.00750942 -0.00095665
v 0.00110425 0.00774088 -0.00095665
v 0.00105015 0.00784884 -0.00092955
v 0.00109755 0.00773801 -0.00092955
v 0.00114494 0.00762719 -0.00092955
v 0.00116444 0.00750824 -0.00092955
v 0.00118394 0.00738929 -0.00092955
v 0.0011744 0.00726913 -0.00092955
v 0.00116486 0.00714897 -0.00092955
v 0.00112684 0.00703459 -0.00092955
v 0.00108883 0.0069202 -0.00092955
v 0.00102454 0.00681824 -0.00092955
v 0.00096026 0.00671627 -0.00092955
v 0.00087344 0.00663266 -0.00092955
v 0.00078662 0.00654904 -0.00092955
v 0.00068231 0.00648863 -0.00092955
v 0.00057801 0.00642823 -0.00092955
v 0.00046227 0.00639453 -0.00092955
v 0.00034654 0.00636084 -0.00092955
v 0.00022611 0.00635583 -0.00092955
v 0.00010568 0.00635081 -0.00092955
v -1.246E-05 0.00637476 -0.00092955
v -0.00013059 0.00639871 -0.00092955
v -0.00023956 0.00645024 -0.00092955
v -0.00034853 0.00650177 -0.00092955
v -0.000442 0.00657787 -0.00092955
v -0.00053547 0.00665398 -0.00092955
v -0.00061383 0.00674586 -0.00092955
v -0.00068055 0.00684651 -0.00092955
v -0.00072795 0.00695734 -0.00092955
v -0.00077534 0.00706817 -0.00092955
v -0.00079484 0.00718712 -0.00092955
v -0.00081433 0.00730606 -0.00092955
v -0.0008048 0.00742622 -0.00092955
v -0.00079526 0.00754638 -0.00092955
v -0.00075724 0.00766077 -0.00092955
v -0.00071923 0.00777515 -0.00092955
v -0.00065494 0.00787712 -0.00092955
v -0.00059065 0.00797908 -0.00092955
v -0.0002084 0.00826713 -0.00092955
v -0.00050384 0.00806269 -0.00092955
v -0.00041702 0.00814631 -0.00092955
v -0.00031271 0.00820672 -0.00092955
v -9.267E-05 0.00830082 -0.00092955
v 2.306E-05 0.00833451 -0.00092955
v 0.00014349 0.00833953 -0.00092955
v 0.00026393 0.00834454 -0.00092955
v 0.00038206 0.00832059 -0.00092955
v 0.00050019 0.00829664 -0.00092955
v 0.00060916 0.00824511 -0.00092955
v 0.00071813 0.00819359 -0.00092955
v 0.0008116 0.00811748 -0.00092955
v 0.00090507 0.00804137 -0.00092955
v 0.00097761 0.00794511 -0.00092955
v -0.00025433 0.00810591 -0.0008618
v -0.0003464 0.00805259 -0.0008618
v -0.00042303 0.00797879 -0.0008618
v -0.00049966 0.00790498 -0.0008618
v -0.0005564 0.00781499 -0.0008618
v -0.00061314 0.00772499 -0.0008618
v -0.0006467 0.00762403 -0.0008618
v -0.00068025 0.00752306 -0.0008618
v -0.00068867 0.00741701 -0.0008618
v -0.00069709 0.00731095 -0.0008618
v -0.00067988 0.00720596 -0.0008618
v -0.00066267 0.00710097 -0.0008618
v -0.00062084 0.00700314 -0.0008618
v -0.000579 0.00690532 -0.0008618
v -0.00051498 0.00682035 -0.0008618
v -0.00045095 0.00673538 -0.0008618
v -0.00036844 0.00666821 -0.0008618
v -0.00028594 0.00660103 -0.0008618
v -0.00018976 0.00655555 -0.0008618
v -9.358E-05 0.00651007 -0.0008618
v 1.069E-05 0.00648893 -0.0008618
v 0.00011496 0.00646779 -0.0008618
v 0.00022126 0.00647222 -0.0008618
v 0.00032756 0.00647664 -0.0008618
v 0.00042971 0.00650638 -0.0008618
v 0.00053187 0.00653612 -0.0008618
v 0.00062393 0.00658944 -0.0008618
v 0.000716 0.00664276 -0.0008618
v 0.00079263 0.00671656 -0.0008618
v 0.00086926 0.00679037 -0.0008618
v 0.000926 0.00688037 -0.0008618
v 0.00098274 0.00697036 -0.0008618
v 0.0010163 0.00707133 -0.0008618
v 0.00104985 0.00717229 -0.0008618
v 0.00105827 0.00727835 -0.0008618
v 0.00106669 0.00738441 -0.0008618
v 0.00104948 0.0074894 -0.0008618
v 0.00103227 0.00759439 -0.0008618
v 0.00099044 0.00769221 -0.0008618
v 0.00094861 0.00779003 -0.0008618
v 0.00088972 0.00787887 -0.0008618
v 0.00082055 0.00795997 -0.0008618
v 0.00073805 0.00802714 -0.0008618
v 0.00065554 0.00809432 -0.0008618
v 0.00055936 0.0081398 -0.0008618
v 0.00046318 0.00818528 -0.0008618
v 0.00035891 0.00820642 -0.0008618
v 0.00025464 0.00822756 -0.0008618
v 0.00014834 0.00822314 -0.0008618
v 4.204E-05 0.00821871 -0.0008618
v -6.011E-05 0.00818897 -0.0008618
v -0.00016226 0.00815923 -0.0008618
v -0.00050889 0.00806795 -0.00079405
v 0.00117163 0.00750942 -0.00079405
v 0.00118167 0.00726855 -0.00079405
v 0.00110425 0.00774088 -0.00079405
v 0.00113376 0.00703229 -0.00079405
v 0.00103071 0.00681435 -0.00079405
v 0.0008785 0.00662741 -0.00079405
v 0.00068597 0.00648233 -0.00079405
v 0.00046431 0.00638753 -0.00079405
v 0.00022641 0.00634854 -0.00079405
v -1.39E-05 0.00636762 -0.00079405
v -0.00024267 0.00644365 -0.00079405
v -0.0004466 0.00657222 -0.00079405
v -0.00061383 0.00674586 -0.00079405
v -0.00073465 0.00695447 -0.00079405
v -0.00080203 0.00718594 -0.00079405
v -0.00081206 0.0074268 -0.00079405
v -0.00076416 0.00766307 -0.00079405
v -0.00066111 0.007881 -0.00079405
v -0.00031636 0.00821303 -0.00079405
v -9.471E-05 0.00830782 -0.00079405
v 0.00014319 0.00834681 -0.00079405
v 0.00038351 0.00832774 -0.00079405
v 0.00061228 0.0082517 -0.00079405
v 0.0008162 0.00812313 -0.00079405
v 0.00098343 0.00794949 -0.00079405
v 0.00098343 0.00794949 -0.00076695
v 0.0008162 0.00812313 -0.00076695
v 0.00061228 0.0082517 -0.00076695
v 0.00038351 0.00832774 -0.00076695
v 0.00014319 0.00834681 -0.00076695
v -9.471E-05 0.00830782 -0.00076695
v -0.00031636 0.00821303 -0.00076695
v -0.00050889 0.00806795 -0.00076695
v -0.00066111 0.007881 -0.00076695
v -0.00076416 0.00766307 -0.00076695
v -0.00081206 0.0074268 -0.00076695
v -0.00080203 0.00718594 -0.00076695
v -0.00073465 0.00695447 -0.00076695
v -0.00061383 0.00674586 -0.00076695
v -0.0004466 0.00657222 -0.00076695
v -0.00024267 0.00644365 -0.00076695
v -1.39E-05 0.00636762 -0.00076695
v 0.00022641 0.00634854 -0.00076695
v 0.00046431 0.00638753 -0.00076695
v 0.00068597 0.00648233 -0.00076695
v 0.0008785 0.00662741 -0.00076695
v 0.00103071 0.00681435 -0.00076695
v 0.00113376 0.00703229 -0.00076695
v 0.00118167 0.00726855 -0.00076695
v 0.00117163 0.00750942 -0.00076695
v 0.00110425 0.00774088 -0.00076695
v -0.00062676 0.00700061 -0.0006992
v -0.00068623 0.00720492 -0.0006992
v -0.00069508 0.00741752 -0.0006992
v -0.0006528 0.00762606 -0.0006992
v -0.00056184 0.00781842 -0.0006992
v -0.00042749 0.00798342 -0.0006992
v -0.00025755 0.00811148 -0.0006992
v -6.191E-05 0.00819515 -0.0006992
v 0.00014807 0.00822957 -0.0006992
v 0.00036019 0.00821273 -0.0006992
v 0.00056211 0.00814562 -0.0006992
v 0.00074211 0.00803214 -0.0006992
v 0.00088972 0.00787887 -0.0006992
v 0.00099636 0.00769474 -0.0006992
v 0.00105583 0.00749044 -0.0006992
v 0.00106469 0.00727784 -0.0006992
v 0.00102241 0.0070693 -0.0006992
v 0.00093145 0.00687693 -0.0006992
v 0.00079709 0.00671193 -0.0006992
v 0.00062716 0.00658387 -0.0006992
v 0.00043151 0.0065002 -0.0006992
v 0.00022153 0.00646579 -0.0006992
v 9.41E-06 0.00648262 -0.0006992
v -0.00019251 0.00654973 -0.0006992
v -0.00037251 0.00666322 -0.0006992
v -0.00052011 0.00681648 -0.0006992
v 0.00098343 0.00794949 -0.00063145
v 0.0008162 0.00812313 -0.00063145
v 0.00061228 0.0082517 -0.00063145
v 0.00038351 0.00832774 -0.00063145
v 0.00014319 0.00834681 -0.00063145
v -9.471E-05 0.00830782 -0.00063145
v -0.00031636 0.00821303 -0.00063145
v -0.00050889 0.00806795 -0.00063145
v -0.00066111 0.007881 -0.00063145
v -0.00076416 0.00766307 -0.00063145
v -0.00081206 0.0074268 -0.00063145
v -0.00080203 0.00718594 -0.00063145
v -0.00073465 0.00695447 -0.00063145
v -0.00061383 0.00674586 -0.00063145
v -0.0004466 0.00657222 -0.00063145
v -0.00024267 0.00644365 -0.00063145
v -1.39E-05 0.00636762 -0.00063145
v 0.00022641 0.00634854 -0.00063145
v 0.00046431 0.00638753 -0.00063145
v 0.00068597 0.00648233 -0.00063145
v 0.0008785 0.00662741 -0.00063145
v 0.00103071 0.00681435 -0.00063145
v 0.00113376 0.00703229 -0.00063145
v 0.00118167 0.00726855 -0.00063145
v 0.00117163 0.00750942 -0.00063145
v 0.00110425 0.00774088 -0.00063145
v 0.00098343 0.00794949 -0.00060435
v 0.0008162 0.00812313 -0.00060435
v 0.00061228 0.0082517 -0.00060435
v 0.00038351 0.00832774 -0.00060435
v 0.00014319 0.00834681 -0.00060435
v -9.471E-05 0.00830782 -0.00060435
v -0.00031636 0.00821303 -0.00060435
v -0.00050889 0.00806795 -0.00060435
v -0.00066111 0.007881 -0.00060435
v -0.00076416 0.00766307 -0.00060435
v -0.00081206 0.0074268 -0.00060435
v -0.00080203 0.00718594 -0.00060435
v -0.00073465 0.00695447 -0.00060435
v -0.00061383 0.00674586 -0.00060435
v -0.0004466 0.00657222 -0.00060435
v -0.00024267 0.00644365 -0.00060435
v -1.39E-05 0.00636762 -0.00060435
v 0.00022641 0.00634854 -0.00060435
v 0.00046431 0.00638753 -0.00060435
v 0.00068597 0.00648233 -0.00060435
v 0.0008785 0.00662741 -0.00060435
v 0.00103071 0.00681435 -0.00060435
v 0.00113376 0.00703229 -0.00060435
v 0.00118167 0.00726855 -0.00060435
v 0.00117163 0.00750942 -0.00060435
v 0.00110425 0.00774088 -0.00060435
v -0.00062676 0.00700061 -0.0005366
v -0.00068623 0.00720492 -0.0005366
v -0.00069508 0.00741752 -0.0005366
v -0.0006528 0.00762606 -0.0005366
v -0.00056184 0.00781842 -0.0005366
v -0.00042749 0.00798342 -0.0005366
v -0.00025755 0.00811148 -0.0005366
v -6.191E-05 0.00819515 -0.0005366
v 0.00014807 0.00822957 -0.0005366
v 0.00036019 0.00821273 -0.0005366
v 0.00056211 0.00814562 -0.0005366
v 0.00074211 0.00803214 -0.0005366
v 0.00088972 0.00787887 -0.0005366
v 0.00099636 0.00769474 -0.0005366
v 0.00105583 0.00749044 -0.0005366
v 0.00106469 0.00727784 -0.0005366
v 0.00102241 0.0070693 -0.0005366
v 0.00093145 0.00687693 -0.0005366
v 0.00079709 0.00671193 -0.0005366
v 0.00062716 0.00658387 -0.0005366
v 0.00043151 0.0065002 -0.0005366
v 0.00022153 0.00646579 -0.0005366
v 9.41E-06 0.00648262 -0.0005366
v -0.00019251 0.00654973 -0.0005366
v -0.00037251 0.00666322 -0.0005366
v -0.00052011 0.00681648 -0.0005366
v 0.00098343 0.00794949 -0.00046885
v 0.0008162 0.00812313 -0.00046885
v 0.00061228 0.0082517 -0.00046885
v 0.00038351 0.00832774 -0.00046885
v 0.00014319 0.00834681 -0.00046885
v -9.471E-05 0.00830782 -0.00046885
v -0.00031636 0.00821303 -0.00046885
v -0.00050889 0.00806795 -0.00046885
v -0.00066111 0.007881 -0.00046885
v -0.00076416 0.00766307 -0.00046885
v -0.00081206 0.0074268 -0.00046885
v -0.00080203 0.00718594 -0.00046885
v -0.00073465 0.00695447 -0.00046885
v -0.00061383 0.00674586 -0.00046885
v -0.0004466 0.00657222 -0.00046885
v -0.00024267 0.00644365 -0.00046885
v -1.39E-05 0.00636762 -0.00046885
v 0.00022641 0.00634854 -0.00046885
v 0.00046431 0.00638753 -0.00046885
v 0.00068597 0.00648233 -0.00046885
v 0.0008785 0.00662741 -0.00046885
v 0.00103071 0.00681435 -0.00046885
v 0.00113376 0.00703229 -0.00046885
v 0.00118167 0.00726855 -0.00046885
v 0.00117163 0.00750942 -0.00046885
v 0.00110425 0.00774088 -0.00046885
v 0.00098343 0.00794949 -0.00044175
v 0.0008162 0.00812313 -0.00044175
v 0.00061228 0.0082517 -0.00044175
v 0.00038351 0.00832774 -0.00044175
v 0.00014319 0.00834681 -0.00044175
v -9.471E-05 0.00830782 -0.00044175
v -0.00031636 0.00821303 -0.00044175
v -0.00050889 0.00806795 -0.00044175
v -0.00066111 0.007881 -0.00044175
v -0.00076416 0.00766307 -0.00044175
v -0.00081206 0.0074268 -0.00044175
v -0.00080203 0.00718594 -0.00044175
v -0.00073465 0.00695447 -0.00044175
v -0.00061383 0.00674586 -0.00044175
v -0.0004466 0.00657222 -0.00044175
v -0.00024267 0.00644365 -0.00044175
v -1.39E-05 0.00636762 -0.00044175
v 0.00022641 0.00634854 -0.00044175
v 0.00046431 0.00638753 -0.00044175
v 0.00068597 0.00648233 -0.00044175
v 0.0008785 0.00662741 -0.00044175
v 0.00103071 0.00681435 -0.00044175
v 0.00113376 0.00703229 -0.00044175
v 0.00118167 0.00726855 -0.00044175
v 0.00117163 0.00750942 -0.00044175
v 0.00110425 0.00774088 -0.00044175
v -0.00037251 0.00666322 -0.000374
v 9.41E-06 0.00648262 -0.000374
v -9.155E-05 0.00651618 -0.000374
v -0.00019251 0.00654973 -0.000374
v -0.00028251 0.00660648 -0.000374
v 0.00043151 0.0065002 -0.000374
v 0.00032652 0.006483 -0.000374
v 0.00022153 0.00646579 -0.000374
v 0.00011547 0.00647421 -0.000374
v 0.00079709 0.00671193 -0.000374
v 0.00071213 0.0066479 -0.000374
v 0.00062716 0.00658387 -0.000374
v 0.00052933 0.00654204 -0.000374
v 0.00102241 0.0070693 -0.000374
v 0.00097693 0.00697311 -0.000374
v 0.00093145 0.00687693 -0.000374
v 0.00086427 0.00679443 -0.000374
v 0.00105583 0.00749044 -0.000374
v 0.00106026 0.00738414 -0.000374
v 0.00106469 0.00727784 -0.000374
v 0.00104355 0.00717357 -0.000374
v 0.00088972 0.00787887 -0.000374
v 0.00094304 0.00778681 -0.000374
v 0.00099636 0.00769474 -0.000374
v 0.0010261 0.00759259 -0.000374
v 0.00056211 0.00814562 -0.000374
v 0.00065211 0.00808888 -0.000374
v 0.00074211 0.00803214 -0.000374
v 0.00081591 0.0079555 -0.000374
v 0.00014807 0.00822957 -0.000374
v 0.00025413 0.00822115 -0.000374
v 0.00036019 0.00821273 -0.000374
v 0.00046115 0.00817917 -0.000374
v -0.00025755 0.00811148 -0.000374
v -0.00015973 0.00815332 -0.000374
v -6.191E-05 0.00819515 -0.000374
v 4.308E-05 0.00821236 -0.000374
v -0.00056184 0.00781842 -0.000374
v -0.00049467 0.00790092 -0.000374
v -0.00042749 0.00798342 -0.000374
v -0.00034252 0.00804745 -0.000374
v -0.00069508 0.00741752 -0.000374
v -0.00067394 0.00752179 -0.000374
v -0.0006528 0.00762606 -0.000374
v -0.00060732 0.00772224 -0.000374
v -0.00062676 0.00700061 -0.000374
v -0.00065649 0.00710276 -0.000374
v -0.00068623 0.00720492 -0.000374
v -0.00069066 0.00731122 -0.000374
v -0.00044631 0.00673985 -0.000374
v -0.00052011 0.00681648 -0.000374
v -0.00057343 0.00690855 -0.000374
v 0.00087344 0.00663266 -0.00030625
v 0.00078662 0.00654904 -0.00030625
v 0.00068231 0.00648863 -0.00030625
v 0.00057801 0.00642823 -0.00030625
v 0.00046227 0.00639453 -0.00030625
v 0.00034654 0.00636084 -0.00030625
v 0.00022611 0.00635583 -0.00030625
v 0.00010568 0.00635081 -0.00030625
v -1.246E-05 0.00637476 -0.00030625
v -0.00013059 0.00639871 -0.00030625
v -0.00023956 0.00645024 -0.00030625
v -0.00034853 0.00650177 -0.00030625
v -0.000442 0.00657787 -0.00030625
v -0.00053547 0.00665398 -0.00030625
v -0.00060801 0.00675025 -0.00030625
v -0.00068055 0.00684651 -0.00030625
v -0.00072795 0.00695734 -0.00030625
v -0.00077534 0.00706817 -0.00030625
v -0.00079484 0.00718712 -0.00030625
v -0.00081433 0.00730606 -0.00030625
v -0.0008048 0.00742622 -0.00030625
v -0.00079526 0.00754638 -0.00030625
v -0.00075724 0.00766077 -0.00030625
v -0.00071923 0.00777515 -0.00030625
v -0.00065494 0.00787712 -0.00030625
v -0.00059065 0.00797908 -0.00030625
v -0.00050384 0.00806269 -0.00030625
v -0.00041702 0.00814631 -0.00030625
v -0.00031271 0.00820672 -0.00030625
v -0.0002084 0.00826713 -0.00030625
v -9.267E-05 0.00830082 -0.00030625
v 2.306E-05 0.00833451 -0.00030625
v 0.00014349 0.00833953 -0.00030625
v 0.00026393 0.00834454 -0.00030625
v 0.00038206 0.00832059 -0.00030625
v 0.00050019 0.00829664 -0.00030625
v 0.00060916 0.00824511 -0.00030625
v 0.00071813 0.00819359 -0.00030625
v 0.0008116 0.00811748 -0.00030625
v 0.00090507 0.00804137 -0.00030625
v 0.00098343 0.00794949 -0.00030625
v 0.00105015 0.00784884 -0.00030625
v 0.00109755 0.00773801 -0.00030625
v 0.00114494 0.00762719 -0.00030625
v 0.00116444 0.00750824 -0.00030625
v 0.00118394 0.00738929 -0.00030625
v 0.0011744 0.00726913 -0.00030625
v 0.00116486 0.00714897 -0.00030625
v 0.00112684 0.00703459 -0.00030625
v 0.00108883 0.0069202 -0.00030625
v 0.00102454 0.00681824 -0.00030625
v 0.00096026 0.00671627 -0.00030625
v 0.00098343 0.00794949 -0.00027915
v 0.00110425 0.00774088 -0.00027915
v 0.00117163 0.00750942 -0.00027915
v 0.00118167 0.00726855 -0.00027915
v 0.00113376 0.00703229 -0.00027915
v 0.00103071 0.00681435 -0.00027915
v 0.0008785 0.00662741 -0.00027915
v 0.00068597 0.00648233 -0.00027915
v 0.00046431 0.00638753 -0.00027915
v 0.00022641 0.00634854 -0.00027915
v -1.39E-05 0.00636762 -0.00027915
v -0.00024267 0.00644365 -0.00027915
v -0.0004466 0.00657222 -0.00027915
v -0.00061383 0.00674586 -0.00027915
v -0.00073465 0.00695447 -0.00027915
v -0.00080203 0.00718594 -0.00027915
v -0.00081206 0.0074268 -0.00027915
v -0.00076416 0.00766307 -0.00027915
v -0.00066111 0.007881 -0.00027915
v -0.00050889 0.00806795 -0.00027915
v -0.00031636 0.00821303 -0.00027915
v -9.471E-05 0.00830782 -0.00027915
v 0.00014319 0.00834681 -0.00027915
v 0.00038351 0.00832774 -0.00027915
v 0.00061228 0.0082517 -0.00027915
v 0.0008162 0.00812313 -0.00027915
v -0.00062676 0.00700061 -0.0002114
v -0.00068623 0.00720492 -0.0002114
v -0.00069508 0.00741752 -0.0002114
v -0.0006528 0.00762606 -0.0002114
v -0.00056184 0.00781842 -0.0002114
v -0.00042749 0.00798342 -0.0002114
v -0.00025755 0.00811148 -0.0002114
v -6.191E-05 0.00819515 -0.0002114
v 0.00014807 0.00822957 -0.0002114
v 0.00036019 0.00821273 -0.0002114
v 0.00056211 0.00814562 -0.0002114
v 0.00074211 0.00803214 -0.0002114
v 0.00088972 0.00787887 -0.0002114
v 0.00099636 0.00769474 -0.0002114
v 0.00105583 0.00749044 -0.0002114
v 0.00106469 0.00727784 -0.0002114
v 0.00102241 0.0070693 -0.0002114
v 0.00093145 0.00687693 -0.0002114
v 0.00079709 0.00671193 -0.0002114
v 0.00062716 0.00658387 -0.0002114
v 0.00043151 0.0065002 -0.0002114
v 0.00022153 0.00646579 -0.0002114
v 9.41E-06 0.00648262 -0.0002114
v -0.00019251 0.00654973 -0.0002114
v -0.00037251 0.00666322 -0.0002114
v -0.00052011 0.00681648 -0.0002114
v 0.00098343 0.00794949 -0.00014365
v 0.0008162 0.00812313 -0.00014365
v 0.00061228 0.0082517 -0.00014365
v 0.00038351 0.00832774 -0.00014365
v 0.00014319 0.00834681 -0.00014365
v -9.471E-05 0.00830782 -0.00014365
v -0.00031636 0.00821303 -0.00014365
v -0.00050889 0.00806795 -0.00014365
v -0.00066111 0.007881 -0.00014365
v -0.00076416 0.00766307 -0.00014365
v -0.00081206 0.0074268 -0.00014365
v -0.00080203 0.00718594 -0.00014365
v -0.00073465 0.00695447 -0.00014365
v -0.00061383 0.00674586 -0.00014365
v -0.0004466 0.00657222 -0.00014365
v -0.00024267 0.00644365 -0.00014365
v -1.39E-05 0.00636762 -0.00014365
v 0.00022641 0.00634854 -0.00014365
v 0.00046431 0.00638753 -0.00014365
v 0.00068597 0.00648233 -0.00014365
v 0.0008785 0.00662741 -0.00014365
v 0.00103071 0.00681435 -0.00014365
v 0.00113376 0.00703229 -0.00014365
v 0.00118167 0.00726855 -0.00014365
v 0.00117163 0.00750942 -0.00014365
v 0.00110425 0.00774088 -0.00014365
v 0.00098343 0.00794949 -0.00011655
v 0.0008162 0.00812313 -0.00011655
v 0.00061228 0.0082517 -0.00011655
v 0.00038351 0.00832774 -0.00011655
v 0.00014319 0.00834681 -0.00011655
v -9.471E-05 0.00830782 -0.00011655
v -0.00031636 0.00821303 -0.00011655
v -0.00050889 0.00806795 -0.00011655
v -0.00066111 0.007881 -0.00011655
v -0.00076416 0.00766307 -0.00011655
v -0.00081206 0.0074268 -0.00011655
v -0.00080203 0.00718594 -0.00011655
v -0.00073465 0.00695447 -0.00011655
v -0.00061383 0.00674586 -0.00011655
v -0.0004466 0.00657222 -0.00011655
v -0.00024267 0.00644365 -0.00011655
v -1.39E-05 0.00636762 -0.00011655
v 0.00022641 0.00634854 -0.00011655
v 0.00046431 0.00638753 -0.00011655
v 0.00068597 0.00648233 -0.00011655
v 0.0008785 0.00662741 -0.00011655
v 0.00103071 0.00681435 -0.00011655
v 0.00113376 0.00703229 -0.00011655
v 0.00118167 0.00726855 -0.00011655
v 0.00117163 0.00750942 -0.00011655
v 0.00110425 0.00774088 -0.00011655
v -0.00062676 0.00700061 -4.88E-05
v -0.00068623 0.00720492 -4.88E-05
v -0.00069508 0.00741752 -4.88E-05
v -0.0006528 0.00762606 -4.88E-05
v -0.00056184 0.00781842 -4.88E-05
v -0.00042749 0.00798342 -4.88E-05
v -0.00025755 0.00811148 -4.88E-05
v -6.191E-05 0.00819515 -4.88E-05
v 0.00014807 0.00822957 -4.88E-05
v 0.00036019 0.00821273 -4.88E-05
v 0.00056211 0.00814562 -4.88E-05
v 0.00074211 0.00803214 -4.88E-05
v 0.00088972 0.00787887 -4.88E-05
v 0.00099636 0.00769474 -4.88E-05
v 0.00105583 0.00749044 -4.88E-05
v 0.00106469 0.00727784 -4.88E-05
v 0.00102241 0.0070693 -4.88E-05
v 0.00093145 0.00687693 -4.88E-05
v 0.00079709 0.00671193 -4.88E-05
v 0.00062716 0.00658387 -4.88E-05
v 0.00043151 0.0065002 -4.88E-05
v 0.00022153 0.00646579 -4.88E-05
v 9.41E-06 0.00648262 -4.88E-05
v -0.00019251 0.00654973 -4.88E-05
v -0.00037251 0.00666322 -4.88E-05
v -0.00052011 0.00681648 -4.88E-05
v 0.00098343 0.00794949 1.895E-05
v 0.0008162 0.00812313 1.895E-05
v 0.00061228 0.0082517 1.895E-05
v 0.00038351 0.00832774 1.895E-05
v 0.00014319 0.00834681 1.895E-05
v -9.471E-05 0.00830782 1.895E-05
v -0.00031636 0.00821303 1.895E-05
v -0.00050889 0.00806795 1.895E-05
v -0.00066111 0.007881 1.895E-05
v -0.00076416 0.00766307 1.895E-05
v -0.00081206 0.0074268 1.895E-05
v -0.00080203 0.00718594 1.895E-05
v -0.00073465 0.00695447 1.895E-05
v -0.00061383 0.00674586 1.895E-05
v -0.0004466 0.00657222 1.895E-05
v -0.00024267 0.00644365 1.895E-05
v -1.39E-05 0.00636762 1.895E-05
v 0.00022641 0.00634854 1.895E-05
v 0.00046431 0.00638753 1.895E-05
v 0.00068597 0.00648233 1.895E-05
v 0.0008785 0.00662741 1.895E-05
v 0.00103071 0.00681435 1.895E-05
v 0.00113376 0.00703229 1.895E-05
v 0.00118167 0.00726855 1.895E-05
v 0.00117163 0.00750942 1.895E-05
v 0.00110425 0.00774088 1.895E-05
v 0.00098343 0.00794949 4.605E-05
v 0.0008162 0.00812313 4.605E-05
v 0.00061228 0.0082517 4.605E-05
v 0.00038351 0.00832774 4.605E-05
v 0.00014319 0.00834681 4.605E-05
v -9.471E-05 0.00830782 4.605E-05
v -0.00031636 0.00821303 4.605E-05
v -0.00050889 0.00806795 4.605E-05
v -0.00066111 0.007881 4.605E-05
v -0.00076416 0.00766307 4.605E-05
v -0.00081206 0.0074268 4.605E-05
v -0.00080203 0.00718594 4.605E-05
v -0.00073465 0.00695447 4.605E-05
v -0.00061383 0.00674586 4.605E-05
v -0.0004466 0.00657222 4.605E-05
v -0.00024267 0.00644365 4.605E-05
v -1.39E-05 0.00636762 4.605E-05
v 0.00022641 0.00634854 4.605E-05
v 0.00046431 0.00638753 4.605E-05
v 0.00068597 0.00648233 4.605E-05
v 0.0008785 0.00662741 4.605E-05
v 0.00103071 0.00681435 4.605E-05
v 0.00113376 0.00703229 4.605E-05
v 0.00118167 0.00726855 4.605E-05
v 0.00117163 0.00750942 4.605E-05
v 0.00110425 0.00774088 4.605E-05
v -0.00062676 0.00700061 0.0001138
v -0.00068623 0.00720492 0.0001138
v -0.00069508 0.00741752 0.0001138
v -0.0006528 0.00762606 0.0001138
v -0.00056184 0.00781842 0.0001138
v -0.00042749 0.00798342 0.0001138
v -0.00025755 0.00811148 0.0001138
v -6.191E-05 0.00819515 0.0001138
v 0.00014807 0.00822957 0.0001138
v 0.00036019 0.00821273 0.0001138
v 0.00056211 0.00814562 0.0001138
v 0.00074211 0.00803214 0.0001138
v 0.00088972 0.00787887 0.0001138
v 0.00099636 0.00769474 0.0001138
v 0.00105583 0.00749044 0.0001138
v 0.00106469 0.00727784 0.0001138
v 0.00102241 0.0070693 0.0001138
v 0.00093145 0.00687693 0.0001138
v 0.00079709 0.00671193 0.0001138
v 0.00062716 0.00658387 0.0001138
v 0.00043151 0.0065002 0.0001138
v 0.00022153 0.00646579 0.0001138
v 9.41E-06 0.00648262 0.0001138
v -0.00019251 0.00654973 0.0001138
v -0.00037251 0.00666322 0.0001138
v -0.00052011 0.00681648 0.0001138
v 0.00098343 0.00794949 0.00018155
v 0.0008162 0.00812313 0.00018155
v 0.00061228 0.0082517 0.00018155
v 0.00038351 0.00832774 0.00018155
v 0.00014319 0.00834681 0.00018155
v -9.471E-05 0.00830782 0.00018155
v -0.00031636 0.00821303 0.00018155
v -0.00050889 0.00806795 0.00018155
v -0.00066111 0.007881 0.00018155
v -0.00076416 0.00766307 0.00018155
v -0.00081206 0.0074268 0.00018155
v -0.00080203 0.00718594 0.00018155
v -0.00073465 0.00695447 0.00018155
v -0.00061383 0.00674586 0.00018155
v -0.0004466 0.00657222 0.00018155
v -0.00024267 0.00644365 0.00018155
v -1.39E-05 0.00636762 0.00018155
v 0.00022641 0.00634854 0.00018155
v 0.00046431 0.00638753 0.00018155
v 0.00068597 0.00648233 0.00018155
v 0.0008785 0.00662741 0.00018155
v 0.00103071 0.00681435 0.00018155
v 0.00113376 0.00703229 0.00018155
v 0.00118167 0.00726855 0.00018155
v 0.00117163 0.00750942 0.00018155
v 0.00110425 0.00774088 0.00018155
v 0.00098343 0.00794949 0.00020865
v 0.0008162 0.00812313 0.00020865
v 0.00061228 0.0082517 0.00020865
v 0.00038351 0.00832774 0.00020865
v 0.00014319 0.00834681 0.00020865
v -9.471E-05 0.00830782 0.00020865
v -0.00031636 0.00821303 0.00020865
v -0.00050889 0.00806795 0.00020865
v -0.00066111 0.007881 0.00020865
v -0.00076416 0.00766307 0.00020865
v -0.00081206 0.0074268 0.00020865
v -0.00080203 0.00718594 0.00020865
v -0.00073465 0.00695447 0.00020865
v -0.00061383 0.00674586 0.00020865
v -0.0004466 0.00657222 0.00020865
v -0.00024267 0.00644365 0.00020865
v -1.39E-05 0.00636762 0.00020865
v 0.00022641 0.00634854 0.00020865
v 0.00046431 0.00638753 0.00020865
v 0.00068597 0.00648233 0.00020865
v 0.0008785 0.00662741 0.00020865
v 0.00103071 0.00681435 0.00020865
v 0.00113376 0.00703229 0.00020865
v 0.00118167 0.00726855 0.00020865
v 0.00117163 0.00750942 0.00020865
v 0.00110425 0.00774088 0.00020865
v -0.00062676 0.00700061 0.0002764
v -0.00068623 0.00720492 0.0002764
v -0.00069508 0.00741752 0.0002764
v -0.0006528 0.00762606 0.0002764
v -0.00056184 0.00781842 0.0002764
v -0.00042749 0.00798342 0.0002764
v -0.00025755 0.00811148 0.0002764
v -6.191E-05 0.00819515 0.0002764
v 0.00014807 0.00822957 0.0002764
v 0.00036019 0.00821273 0.0002764
v 0.00056211 0.00814562 0.0002764
v 0.00074211 0.00803214 0.0002764
v 0.00088972 0.00787887 0.0002764
v 0.00099636 0.00769474 0.0002764
v 0.00105583 0.00749044 0.0002764
v 0.00106469 0.00727784 0.0002764
v 0.00102241 0.0070693 0.0002764
v 0.00093145 0.00687693 0.0002764
v 0.00079709 0.00671193 0.0002764
v 0.00062716 0.00658387 0.0002764
v 0.00043151 0.0065002 0.0002764
v 0.00022153 0.00646579 0.0002764
v 9.41E-06 0.00648262 0.0002764
v -0.00019251 0.00654973 0.0002764
v -0.00037251 0.00666322 0.0002764
v -0.00052011 0.00681648 0.0002764
v 0.00098343 0.00794949 0.00034415
v 0.0008162 0.00812313 0.00034415
v 0.00061228 0.0082517 0.00034415
v 0.00038351 0.00832774 0.00034415
v 0.00014319 0.00834681 0.00034415
v -9.471E-05 0.00830782 0.00034415
v -0.00031636 0.00821303 0.00034415
v -0.00050889 0.00806795 0.00034415
v -0.00066111 0.007881 0.00034415
v -0.00076416 0.00766307 0.00034415
v -0.00081206 0.0074268 0.00034415
v -0.00080203 0.00718594 0.00034415
v -0.00073465 0.00695447 0.00034415
v -0.00061383 0.00674586 0.00034415
v -0.0004466 0.00657222 0.00034415
v -0.00024267 0.00644365 0.00034415
v -1.39E-05 0.00636762 0.00034415
v 0.00022641 0.00634854 0.00034415
v 0.00046431 0.00638753 0.00034415
v 0.00068597 0.00648233 0.00034415
v 0.0008785 0.00662741 0.00034415
v 0.00103071 0.00681435 0.00034415
v 0.00113376 0.00703229 0.00034415
v 0.00118167 0.00726855 0.00034415
v 0.00117163 0.00750942 0.00034415
v 0.00110425 0.00774088 0.00034415
v 0.00098343 0.00794949 0.00037125
v 0.0008162 0.00812313 0.00037125
v 0.00061228 0.0082517 0.00037125
v 0.00038351 0.00832774 0.00037125
v 0.00014319 0.00834681 0.00037125
v -9.471E-05 0.00830782 0.00037125
v -0.00031636 0.00821303 0.00037125
v -0.00050889 0.00806795 0.00037125
v -0.00066111 0.007881 0.00037125
v -0.00076416 0.00766307 0.00037125
v -0.00081206 0.0074268 0.00037125
v -0.00080203 0.00718594 0.00037125
v -0.00073465 0.00695447 0.00037125
v -0.00061383 0.00674586 0.00037125
v -0.0004466 0.00657222 0.00037125
v -0.00024267 0.00644365 0.00037125
v -1.39E-05 0.00636762 0.00037125
v 0.00022641 0.00634854 0.00037125
v 0.00046431 0.00638753 0.00037125
v 0.00068597 0.00648233 0.00037125
v 0.0008785 0.00662741 0.00037125
v 0.00103071 0.00681435 0.00037125
v 0.00113376 0.00703229 0.00037125
v 0.00118167 0.00726855 0.00037125
v 0.00117163 0.00750942 0.00037125
v 0.00110425 0.00774088 0.00037125
v -0.00062676 0.00700061 0.000439
v -0.00068623 0.00720492 0.000439
v -0.00069508 0.00741752 0.000439
v -0.0006528 0.00762606 0.000439
v -0.00056184 0.00781842 0.000439
v -0.00042749 0.00798342 0.000439
v -0.00025755 0.00811148 0.000439
v -6.191E-05 0.00819515 0.000439
v 0.00014807 0.00822957 0.000439
v 0.00036019 0.00821273 0.000439
v 0.00056211 0.00814562 0.000439
v 0.00074211 0.00803214 0.000439
v 0.00088972 0.00787887 0.000439
v 0.00099636 0.00769474 0.000439
v 0.00105583 0.00749044 0.000439
v 0.00106469 0.00727784 0.000439
v 0.00102241 0.0070693 0.000439
v 0.00093145 0.00687693 0.000439
v 0.00079709 0.00671193 0.000439
v 0.00062716 0.00658387 0.000439
v 0.00043151 0.0065002 0.000439
v 0.00022153 0.00646579 0.000439
v 9.41E-06 0.00648262 0.000439
v -0.00019251 0.00654973 0.000439
v -0.00037251 0.00666322 0.000439
v -0.00052011 0.00681648 0.000439
v 0.00098343 0.00794949 0.00050675
v 0.0008162 0.00812313 0.00050675
v 0.00061228 0.0082517 0.00050675
v 0.00038351 0.00832774 0.00050675
v 0.00014319 0.00834681 0.00050675
v -9.471E-05 0.00830782 0.00050675
v -0.00031636 0.00821303 0.00050675
v -0.00050889 0.00806795 0.00050675
v -0.00066111 0.007881 0.00050675
v -0.00076416 0.00766307 0.00050675
v -0.00081206 0.0074268 0.00050675
v -0.00080203 0.00718594 0.00050675
v -0.00073465 0.00695447 0.00050675
v -0.00061383 0.00674586 0.00050675
v -0.0004466 0.00657222 0.00050675
v -0.00024267 0.00644365 0.00050675
v -1.39E-05 0.00636762 0.00050675
v 0.00022641 0.00634854 0.00050675
v 0.00046431 0.00638753 0.00050675
v 0.00068597 0.00648233 0.00050675
v 0.0008785 0.00662741 0.00050675
v 0.00103071 0.00681435 0.00050675
v 0.00113376 0.00703229 0.00050675
v 0.00118167 0.00726855 0.00050675
v 0.00117163 0.00750942 0.00050675
v 0.00110425 0.00774088 0.00050675
v 0.00098343 0.00794949 0.00053385
v 0.0008162 0.00812313 0.00053385
v 0.00061228 0.0082517 0.00053385
v 0.00038351 0.00832774 0.00053385
v 0.00014319 0.00834681 0.00053385
v -9.471E-05 0.00830782 0.00053385
v -0.00031636 0.00821303 0.00053385
v -0.00050889 0.00806795 0.00053385
v -0.00066111 0.007881 0.00053385
v -0.00076416 0.00766307 0.00053385
v -0.00081206 0.0074268 0.00053385
v -0.00080203 0.00718594 0.00053385
v -0.00073465 0.00695447 0.00053385
v -0.00061383 0.00674586 0.00053385
v -0.0004466 0.00657222 0.00053385
v -0.00024267 0.00644365 0.00053385
v -1.39E-05 0.00636762 0.00053385
v 0.00022641 0.00634854 0.00053385
v 0.00046431 0.00638753 0.00053385
v 0.00068597 0.00648233 0.00053385
v 0.0008785 0.00662741 0.00053385
v 0.00103071 0.00681435 0.00053385
v 0.00113376 0.00703229 0.00053385
v 0.00118167 0.00726855 0.00053385
v 0.00117163 0.00750942 0.00053385
v 0.00110425 0.00774088 0.00053385
v -0.00062676 0.00700061 0.0006016
v -0.00068623 0.00720492 0.0006016
v -0.00069508 0.00741752 0.0006016
v -0.0006528 0.00762606 0.0006016
v -0.00056184 0.00781842 0.0006016
v -0.00042749 0.00798342 0.0006016
v -0.00025755 0.00811148 0.0006016
v -6.191E-05 0.00819515 0.0006016
v 0.00014807 0.00822957 0.0006016
v 0.00036019 0.00821273 0.0006016
v 0.00056211 0.00814562 0.0006016
v 0.00074211 0.00803214 0.0006016
v 0.00088972 0.00787887 0.0006016
v 0.00099636 0.00769474 0.0006016
v 0.00105583 0.00749044 0.0006016
v 0.00106469 0.00727784 0.0006016
v 0.00102241 0.0070693 0.0006016
v 0.00093145 0.00687693 0.0006016
v 0.00079709 0.00671193 0.0006016
v 0.00062716 0.00658387 0.0006016
v 0.00043151 0.0065002 0.0006016
v 0.00022153 0.00646579 0.0006016
v 9.41E-06 0.00648262 0.0006016
v -0.00019251 0.00654973 0.0006016
v -0.00037251 0.00666322 0.0006016
v -0.00052011 0.00681648 0.0006016
v 0.00098343 0.00794949 0.00066935
v 0.0008162 0.00812313 0.00066935
v 0.00061228 0.0082517 0.00066935
v 0.00038351 0.00832774 0.00066935
v 0.00014319 0.00834681 0.00066935
v -9.471E-05 0.00830782 0.00066935
v -0.00031636 0.00821303 0.00066935
v -0.00050889 0.00806795 0.00066935
v -0.00066111 0.007881 0.00066935
v -0.00076416 0.00766307 0.00066935
v -0.00081206 0.0074268 0.00066935
v -0.00080203 0.00718594 0.00066935
v -0.00073465 0.00695447 0.00066935
v -0.00061383 0.00674586 0.00066935
v -0.0004466 0.00657222 0.00066935
v -0.00024267 0.00644365 0.00066935
v -1.39E-05 0.00636762 0.00066935
v 0.00022641 0.00634854 0.00066935
v 0.00046431 0.00638753 0.00066935
v 0.00068597 0.00648233 0.00066935
v 0.0008785 0.00662741 0.00066935
v 0.00103071 0.00681435 0.00066935
v 0.00113376 0.00703229 0.00066935
v 0.00118167 0.00726855 0.00066935
v 0.00117163 0.00750942 0.00066935
v 0.00110425 0.00774088 0.00066935
v 0.00098343 0.00794949 0.00069645
v 0.0008162 0.00812313 0.00069645
v 0.00061228 0.0082517 0.00069645
v 0.00038351 0.00832774 0.00069645
v 0.00014319 0.00834681 0.00069645
v -9.471E-05 0.00830782 0.00069645
v -0.00031636 0.00821303 0.00069645
v -0.00050889 0.00806795 0.00069645
v -0.00066111 0.007881 0.00069645
v -0.00076416 0.00766307 0.00069645
v -0.00081206 0.0074268 0.00069645
v -0.00080203 0.00718594 0.00069645
v -0.00073465 0.00695447 0.00069645
v -0.00061383 0.00674586 0.00069645
v -0.0004466 0.00657222 0.00069645
v -0.00024267 0.00644365 0.00069645
v -1.39E-05 0.00636762 0.00069645
v 0.00022641 0.00634854 0.00069645
v 0.00046431 0.00638753 0.00069645
v 0.00068597 0.00648233 0.00069645
v 0.0008785 0.00662741 0.00069645
v 0.00103071 0.00681435 0.00069645
v 0.00113376 0.00703229 0.00069645
v 0.00118167 0.00726855 0.00069645
v 0.00117163 0.00750942 0.00069645
v 0.00110425 0.00774088 0.00069645
v -0.00037251 0.00666322 0.0007642
v 9.41E-06 0.00648262 0.0007642
v -9.155E-05 0.00651618 0.0007642
v -0.00019251 0.00654973 0.0007642
v -0.00028251 0.00660648 0.0007642
v 0.00043151 0.0065002 0.0007642
v 0.00032652 0.006483 0.0007642
v 0.00022153 0.00646579 0.0007642
v 0.00011547 0.00647421 0.0007642
v 0.00079709 0.00671193 0.0007642
v 0.00071213 0.0066479 0.0007642
v 0.00062716 0.00658387 0.0007642
v 0.00052933 0.00654204 0.0007642
v 0.00102241 0.0070693 0.0007642
v 0.00097693 0.00697311 0.0007642
v 0.00093145 0.00687693 0.0007642
v 0.00086427 0.00679443 0.0007642
v 0.00105583 0.00749044 0.0007642
v 0.00106026 0.00738414 0.0007642
v 0.00106469 0.00727784 0.0007642
v 0.00104355 0.00717357 0.0007642
v 0.00088972 0.00787887 0.0007642
v 0.00094304 0.00778681 0.0007642
v 0.00099636 0.00769474 0.0007642
v 0.0010261 0.00759259 0.0007642
v 0.00056211 0.00814562 0.0007642
v 0.00065211 0.00808888 0.0007642
v 0.00074211 0.00803214 0.0007642
v 0.00081591 0.0079555 0.0007642
v 0.00014807 0.00822957 0.0007642
v 0.00025413 0.00822115 0.0007642
v 0.00036019 0.00821273 0.0007642
v 0.00046115 0.00817917 0.0007642
v -0.00025755 0.00811148 0.0007642
v -0.00015973 0.00815332 0.0007642
v -6.191E-05 0.00819515 0.0007642
v 4.308E-05 0.00821236 0.0007642
v -0.00056184 0.00781842 0.0007642
v -0.00049467 0.00790092 0.0007642
v -0.00042749 0.00798342 0.0007642
v -0.00034252 0.00804745 0.0007642
v -0.00069508 0.00741752 0.0007642
v -0.00067394 0.00752179 0.0007642
v -0.0006528 0.00762606 0.0007642
v -0.00060732 0.00772224 0.0007642
v -0.00062676 0.00700061 0.0007642
v -0.00065649 0.00710276 0.0007642
v -0.00068623 0.00720492 0.0007642
v -0.00069066 0.00731122 0.0007642
v -0.00044631 0.00673985 0.0007642
v -0.00052011 0.00681648 0.0007642
v -0.00057343 0.00690855 0.0007642
v 0.00087344 0.00663266 0.00083195
v 0.00078662 0.00654904 0.00083195
v 0.00068231 0.00648863 0.00083195
v 0.00057801 0.00642823 0.00083195
v 0.00046227 0.00639453 0.00083195
v 0.00034654 0.00636084 0.00083195
v 0.00022611 0.00635583 0.00083195
v 0.00010568 0.00635081 0.00083195
v -1.246E-05 0.00637476 0.00083195
v -0.00013059 0.00639871 0.00083195
v -0.00023956 0.00645024 0.00083195
v -0.00034853 0.00650177 0.00083195
v -0.000442 0.00657787 0.00083195
v -0.00053547 0.00665398 0.00083195
v -0.00060801 0.00675025 0.00083195
v -0.00068055 0.00684651 0.00083195
v -0.00072795 0.00695734 0.00083195
v -0.00077534 0.00706817 0.00083195
v -0.00079484 0.00718712 0.00083195
v -0.00081433 0.00730606 0.00083195
v -0.0008048 0.00742622 0.00083195
v -0.00079526 0.00754638 0.00083195
v -0.00075724 0.00766077 0.00083195
v -0.00071923 0.00777515 0.00083195
v -0.00065494 0.00787712 0.00083195
v -0.00059065 0.00797908 0.00083195
v -0.00050384 0.00806269 0.00083195
v -0.00041702 0.00814631 0.00083195
v -0.00031271 0.00820672 0.00083195
v -0.0002084 0.00826713 0.00083195
v -9.267E-05 0.00830082 0.00083195
v 2.306E-05 0.00833451 0.00083195
v 0.00014349 0.00833953 0.00083195
v 0.00026393 0.00834454 0.00083195
v 0.00038206 0.00832059 0.00083195
v 0.00050019 0.00829664 0.00083195
v 0.00060916 0.00824511 0.00083195
v 0.00071813 0.00819359 0.00083195
v 0.0008116 0.00811748 0.00083195
v 0.00090507 0.00804137 0.00083195
v 0.00098343 0.00794949 0.00083195
v 0.00105015 0.00784884 0.00083195
v 0.00109755 0.00773801 0.00083195
v 0.00114494 0.00762719 0.00083195
v 0.00116444 0.00750824 0.00083195
v 0.00118394 0.00738929 0.00083195
v 0.0011744 0.00726913 0.00083195
v 0.00116486 0.00714897 0.00083195
v 0.00112684 0.00703459 0.00083195
v 0.00108883 0.0069202 0.00083195
v 0.00102454 0.00681824 0.00083195
v 0.00096026 0.00671627 0.00083195
v 0.00098343 0.00794949 0.00085905
v 0.00110425 0.00774088 0.00085905
v 0.00117163 0.00750942 0.00085905
v 0.00118167 0.00726855 0.00085905
v 0.00113376 0.00703229 0.00085905
v 0.00103071 0.00681435 0.00085905
v 0.0008785 0.00662741 0.00085905
v 0.00068597 0.00648233 0.00085905
v 0.00046431 0.00638753 0.00085905
v 0.00022641 0.00634854 0.00085905
v -1.39E-05 0.00636762 0.00085905
v -0.00024267 0.00644365 0.00085905
v -0.0004466 0.00657222 0.00085905
v -0.00061383 0.00674586 0.00085905
v -0.00073465 0.00695447 0.00085905
v -0.00080203 0.00718594 0.00085905
v -0.00081206 0.0074268 0.00085905
v -0.00076416 0.00766307 0.00085905
v -0.00066111 0.007881 0.00085905
v -0.00050889 0.00806795 0.00085905
v -0.00031636 0.00821303 0.00085905
v -9.471E-05 0.00830782 0.00085905
v 0.00014319 0.00834681 0.00085905
v 0.00038351 0.00832774 0.00085905
v 0.00061228 0.0082517 0.00085905
v 0.0008162 0.00812313 0.00085905
v -0.00037251 0.00666322 0.0009268
v 9.41E-06 0.00648262 0.0009268
v -9.155E-05 0.00651618 0.0009268
v -0.00019251 0.00654973 0.0009268
v -0.00028251 0.00660648 0.0009268
v 0.00043151 0.0065002 0.0009268
v 0.00032652 0.006483 0.0009268
v 0.00022153 0.00646579 0.0009268
v 0.00011547 0.00647421 0.0009268
v 0.00079709 0.00671193 0.0009268
v 0.00071213 0.0066479 0.0009268
v 0.00062716 0.00658387 0.0009268
v 0.00052933 0.00654204 0.0009268
v 0.00102241 0.0070693 0.0009268
v 0.00097693 0.00697311 0.0009268
v 0.00093145 0.00687693 0.0009268
v 0.00086427 0.00679443 0.0009268
v 0.00105583 0.00749044 0.0009268
v 0.00106026 0.00738414 0.0009268
v 0.00106469 0.00727784 0.0009268
v 0.00104355 0.00717357 0.0009268
v 0.00088972 0.00787887 0.0009268
v 0.00094304 0.00778681 0.0009268
v 0.00099636 0.00769474 0.0009268
v 0.0010261 0.00759259 0.0009268
v 0.00056211 0.00814562 0.0009268
v 0.00065211 0.00808888 0.0009268
v 0.00074211 0.00803214 0.0009268
v 0.00081591 0.0079555 0.0009268
v 0.00014807 0.00822957 0.0009268
v 0.00025413 0.00822115 0.0009268
v 0.00036019 0.00821273 0.0009268
v 0.00046115 0.00817917 0.0009268
v -0.00025755 0.00811148 0.0009268
v -0.00015973 0.00815332 0.0009268
v -6.191E-05 0.00819515 0.0009268
v 4.308E-05 0.00821236 0.0009268
v -0.00056184 0.00781842 0.0009268
v -0.00049467 0.00790092 0.0009268
v -0.00042749 0.00798342 0.0009268
v -0.00034252 0.00804745 0.0009268
v -0.00069508 0.00741752 0.0009268
v -0.00067394 0.00752179 0.0009268
v -0.0006528 0.00762606 0.0009268
v -0.00060732 0.00772224 0.0009268
v -0.00062676 0.00700061 0.0009268
v -0.00065649 0.00710276 0.0009268
v -0.00068623 0.00720492 0.0009268
v -0.00069066 0.00731122 0.0009268
v -0.00044631 0.00673985 0.0009268
v -0.00052011 0.00681648 0.0009268
v -0.00057343 0.00690855 0.0009268
v 0.00087344 0.00663266 0.00099455
v 0.00078662 0.00654904 0.00099455
v 0.00068231 0.00648863 0.00099455
v 0.00057801 0.00642823 0.00099455
v 0.00046227 0.00639453 0.00099455
v 0.00034654 0.00636084 0.00099455
v 0.00022611 0.00635583 0.00099455
v 0.00010568 0.00635081 0.00099455
v -1.246E-05 0.00637476 0.00099455
v -0.00013059 0.00639871 0.00099455
v -0.00023956 0.00645024 0.00099455
v -0.00034853 0.00650177 0.00099455
v -0.000442 0.00657787 0.00099455
v -0.00053547 0.00665398 0.00099455
v -0.00060801 0.00675025 0.00099455
v -0.00068055 0.00684651 0.00099455
v -0.00072795 0.00695734 0.00099455
v -0.00077534 0.00706817 0.00099455
v -0.00079484 0.00718712 0.00099455
v -0.00081433 0.00730606 0.00099455
v -0.0008048 0.00742622 0.00099455
v -0.00079526 0.00754638 0.00099455
v -0.00075724 0.00766077 0.00099455
v -0.00071923 0.00777515 0.00099455
v -0.00065494 0.00787712 0.00099455
v -0.00059065 0.00797908 0.00099455
v -0.00050384 0.00806269 0.00099455
v -0.00041702 0.00814631 0.00099455
v -0.00031271 0.00820672 0.00099455
v -0.0002084 0.00826713 0.00099455
v -9.267E-05 0.00830082 0.00099455
v 2.306E-05 0.00833451 0.00099455
v 0.00014349 0.00833953 0.00099455
v 0.00026393 0.00834454 0.00099455
v 0.00038206 0.00832059 0.00099455
v 0.00050019 0.00829664 0.00099455
v 0.00060916 0.00824511 0.00099455
v 0.00071813 0.00819359 0.00099455
v 0.0008116 0.00811748 0.00099455
v 0.00090507 0.00804137 0.00099455
v 0.00098343 0.00794949 0.00099455
v 0.00105015 0.00784884 0.00099455
v 0.00109755 0.00773801 0.00099455
v 0.00114494 0.00762719 0.00099455
v 0.00116444 0.00750824 0.00099455
v 0.00118394 0.00738929 0.00099455
v 0.0011744 0.00726913 0.00099455
v 0.00116486 0.00714897 0.00099455
v 0.00112684 0.00703459 0.00099455
v 0.00108883 0.0069202 0.00099455
v 0.00102454 0.00681824 0.00099455
v 0.00096026 0.00671627 0.00099455
v 0.00090507 0.00804137 0.00102165
v 0.00097761 0.00794511 0.00102165
v 0.00105015 0.00784884 0.00102165
v 0.00109755 0.00773801 0.00102165
v 0.00114494 0.00762719 0.00102165
v 0.00116444 0.00750824 0.00102165
v 0.00118394 0.00738929 0.00102165
v 0.0011744 0.00726913 0.00102165
v 0.00116486 0.00714897 0.00102165
v 0.00112684 0.00703459 0.00102165
v 0.00108883 0.0069202 0.00102165
v 0.00102454 0.00681824 0.00102165
v 0.00096026 0.00671627 0.00102165
v 0.00087344 0.00663266 0.00102165
v 0.00078662 0.00654904 0.00102165
v 0.00068231 0.00648863 0.00102165
v 0.00057801 0.00642823 0.00102165
v 0.00046227 0.00639453 0.00102165
v 0.00034654 0.00636084 0.00102165
v 0.00022611 0.00635583 0.00102165
v 0.00010568 0.00635081 0.00102165
v -1.246E-05 0.00637476 0.00102165
v -0.00013059 0.00639871 0.00102165
v -0.00023956 0.00645024 0.00102165
v -0.00034853 0.00650177 0.00102165
v -0.000442 0.00657787 0.00102165
v -0.00053547 0.00665398 0.00102165
v -0.00061383 0.00674586 0.00102165
v -0.00068055 0.00684651 0.00102165
v -0.00072795 0.00695734 0.00102165
v -0.00077534 0.00706817 0.00102165
v -0.00079484 0.00718712 0.00102165
v -0.00081433 0.00730606 0.00102165
v -0.0008048 0.00742622 0.00102165
v -0.00079526 0.00754638 0.00102165
v -0.00075724 0.00766077 0.00102165
v -0.00071923 0.00777515 0.00102165
v -0.00065494 0.00787712 0.00102165
v -0.00059065 0.00797908 0.00102165
v -0.00050384 0.00806269 0.00102165
v -0.00041702 0.00814631 0.00102165
v -0.00031271 0.00820672 0.00102165
v -0.0002084 0.00826713 0.00102165
v -9.267E-05 0.00830082 0.00102165
v 2.306E-05 0.00833451 0.00102165
v 0.00014349 0.00833953 0.00102165
v 0.00026393 0.00834454 0.00102165
v 0.00038206 0.00832059 0.00102165
v 0.00050019 0.00829664 0.00102165
v 0.00060916 0.00824511 0.00102165
v 0.00071813 0.00819359 0.00102165
v 0.0008116 0.00811748 0.00102165
v -0.0003464 0.00805259 0.0010894
v -0.00049966 0.00790498 0.0010894
v -0.00061314 0.00772499 0.0010894
v -0.00068025 0.00752306 0.0010894
v -0.00069709 0.00731095 0.0010894
v -0.00066267 0.00710097 0.0010894
v -0.000579 0.00690532 0.0010894
v -0.00045095 0.00673538 0.0010894
v -0.00028594 0.00660103 0.0010894
v -9.358E-05 0.00651007 0.0010894
v 0.00011496 0.00646779 0.0010894
v 0.00032756 0.00647664 0.0010894
v 0.00053187 0.00653612 0.0010894
v 0.000716 0.00664276 0.0010894
v 0.00086926 0.00679037 0.0010894
v 0.00098274 0.00697036 0.0010894
v 0.00104985 0.00717229 0.0010894
v 0.00106669 0.00738441 0.0010894
v 0.00103227 0.00759439 0.0010894
v 0.00094861 0.00779003 0.0010894
v 0.00088972 0.00787887 0.0010894
v 0.00082055 0.00795997 0.0010894
v 0.00065554 0.00809432 0.0010894
v 0.00046318 0.00818528 0.0010894
v 0.00025464 0.00822756 0.0010894
v 4.204E-05 0.00821871 0.0010894
v -0.00016226 0.00815923 0.0010894
v 0.00078662 0.00654904 0.00115715
v 0.00068231 0.00648863 0.00115715
v 0.00057801 0.00642823 0.00115715
v 0.00046227 0.00639453 0.00115715
v 0.00034654 0.00636084 0.00115715
v 0.00022611 0.00635583 0.00115715
v 0.00010568 0.00635081 0.00115715
v -1.246E-05 0.00637476 0.00115715
v -0.00013059 0.00639871 0.00115715
v -0.00023956 0.00645024 0.00115715
v -0.00034853 0.00650177 0.00115715
v -0.000442 0.00657787 0.00115715
v -0.00053547 0.00665398 0.00115715
v -0.00060801 0.00675025 0.00115715
v -0.00068055 0.00684651 0.00115715
v -0.00072795 0.00695734 0.00115715
v -0.00077534 0.00706817 0.00115715
v -0.00079484 0.00718712 0.00115715
v -0.00081433 0.00730606 0.00115715
v -0.0008048 0.00742622 0.00115715
v -0.00079526 0.00754638 0.00115715
v -0.00075724 0.00766077 0.00115715
v -0.00071923 0.00777515 0.00115715
v -0.00065494 0.00787712 0.00115715
v -0.00059065 0.00797908 0.00115715
v -0.00050384 0.00806269 0.00115715
v -0.00041702 0.00814631 0.00115715
v -0.00031271 0.00820672 0.00115715
v -0.0002084 0.00826713 0.00115715
v -9.267E-05 0.00830082 0.00115715
v 2.306E-05 0.00833451 0.00115715
v 0.00014349 0.00833953 0.00115715
v 0.00026393 0.00834454 0.00115715
v 0.00038206 0.00832059 0.00115715
v 0.00050019 0.00829664 0.00115715
v 0.00060916 0.00824511 0.00115715
v 0.00071813 0.00819359 0.00115715
v 0.0008116 0.00811748 0.00115715
v 0.00090507 0.00804137 0.00115715
v 0.00098343 0.00794949 0.00115715
v 0.00105015 0.00784884 0.00115715
v 0.00109755 0.00773801 0.00115715
v 0.00114494 0.00762719 0.00115715
v 0.00116444 0.00750824 0.00115715
v 0.00118394 0.00738929 0.00115715
v 0.0011744 0.00726913 0.00115715
v 0.00116486 0.00714897 0.00115715
v 0.00112684 0.00703459 0.00115715
v 0.00108883 0.0069202 0.00115715
v 0.00102454 0.00681824 0.00115715
v 0.00096026 0.00671627 0.00115715
v 0.00087344 0.00663266 0.00115715
v 0.0008785 0.00662741 0.0012
v 0.00110425 0.00774088 0.0012
v 0.00117163 0.00750942 0.0012
v 0.00098343 0.00794949 0.0012
v 0.00118167 0.00726855 0.0012
v 0.00113376 0.00703229 0.0012
v 0.00103071 0.00681435 0.0012
v 0.00068597 0.00648233 0.0012
v 0.00046431 0.00638753 0.0012
v 0.00022641 0.00634854 0.0012
v -1.39E-05 0.00636762 0.0012
v -0.00024267 0.00644365 0.0012
v -0.0004466 0.00657222 0.0012
v -0.00061383 0.00674586 0.0012
v -0.00080203 0.00718594 0.0012
v -0.00073465 0.00695447 0.0012
v -0.00081206 0.0074268 0.0012
v -0.00076416 0.00766307 0.0012
v -0.00066111 0.007881 0.0012
v -0.00050889 0.00806795 0.0012
v -0.00031636 0.00821303 0.0012
v -9.471E-05 0.00830782 0.0012
v 0.00014319 0.00834681 0.0012
v 0.00038351 0.00832774 0.0012
v 0.00061228 0.0082517 0.0012
v 0.0008162 0.00812313 0.0012
v -0.00065734 0.00698753 0.002
v -0.00071906 0.00719954 0.002
v -0.00072824 0.00742015 0.002
v -0.00068437 0.00763655 0.002
v -0.00058998 0.00783616 0.002
v -0.00045057 0.00800738 0.002
v -0.00027422 0.00814027 0.002
v -7.121E-05 0.00822709 0.002
v 0.00014669 0.0082628 0.002
v 0.0003668 0.00824533 0.002
v 0.00057633 0.00817569 0.002
v 0.00076311 0.00805793 0.002
v 0.00091628 0.00789889 0.002
v 0.00102694 0.00770782 0.002
v 0.00108866 0.00749582 0.002
v 0.00109785 0.00727521 0.002
v 0.00105397 0.00705881 0.002
v 0.00095958 0.00685919 0.002
v 0.00082017 0.00668797 0.002
v 0.00064383 0.00655509 0.002
v 0.00044081 0.00646827 0.002
v 0.00022291 0.00643255 0.002
v 2.8E-06 0.00645002 0.002
v -0.00020673 0.00651966 0.002
v -0.00039351 0.00663742 0.002
v -0.00054668 0.00679646 0.002
v -0.00079869 0.00636418 0.002
v -0.00031364 0.00604919 0.002
v -0.0004895 0.00613119 0.002
v -0.00065224 0.00623688 0.002
v 6.358E-05 0.0059621 0.002
v -0.00012807 0.00599245 0.002
v 1.529E-05 0.00872818 0.002
v 0.00020907 0.00873833 0.002
v 0.0004502 0.00598236 0.002
v 0.0002576 0.00595871 0.002
v 0.00098258 0.00620835 0.002
v 0.00081625 0.00610841 0.002
v 0.00063763 0.00603259 0.002
v 0.00126571 0.00647238 0.002
v 0.00113338 0.00633046 0.002
v 0.00146511 0.00680423 0.002
v 0.00137701 0.00663133 0.002
v 0.00157546 0.00737196 0.002
v 0.0015653 0.00717818 0.002
v 0.00152828 0.0069877 0.002
v -0.00035866 0.00862798 0.002
v -0.00017519 0.00869115 0.002
v -0.00105447 0.00797911 0.002
v -0.00095454 0.00814544 0.002
v -0.00083242 0.00829624 0.002
v -0.00069051 0.00842858 0.002
v -0.00053155 0.00853988 0.002
v -0.00092599 0.00651063 0.002
v -0.00103168 0.00667336 0.002
v -0.00111368 0.00684923 0.002
v -0.00118051 0.00761306 0.002
v -0.00113029 0.00780049 0.002
v -0.00117042 0.00703479 0.002
v -0.00120077 0.00722645 0.002
v -0.00120416 0.00742046 0.002
v 0.00151489 0.00775433 0.002
v 0.00155855 0.00756526 0.002
v 0.00135128 0.0081052 0.002
v 0.00144535 0.00793549 0.002
v 0.0012345 0.00826017 0.002
v 0.0012956 0.00818473 0.002
v 0.00094232 0.00851416 0.002
v 0.00109729 0.00839738 0.002
v 0.00040238 0.00872142 0.002
v 0.00059145 0.00867777 0.002
v 0.0007726 0.00860823 0.002
v -0.00030587 0.00594289 0.00210872
v -0.00034934 0.00595618 0.00210872
v -0.00034802 0.00595961 0.00207181
v -0.0005378 0.00604406 0.00210872
v -0.00053601 0.00604728 0.00207181
v -0.00057047 0.00606528 0.00210872
v -0.00070998 0.00616025 0.00207181
v -0.00071219 0.00615732 0.00210872
v -0.00086653 0.00629634 0.00207181
v -0.00080538 0.00623833 0.00210872
v -0.00015048 0.00589539 0.00210872
v -0.00014965 0.00589897 0.00207181
v -2.21E-05 0.00587505 0.00210872
v 5.522E-05 0.00586652 0.00207181
v 5.49E-05 0.00586286 0.00210872
v 0.00026262 0.0058629 0.00207181
v 0.00026281 0.00585923 0.00210872
v 0.0004685 0.00588818 0.00207181
v 0.00046921 0.00588457 0.00210872
v 0.00026925 0.00586002 0.00210872
v 0.00108009 0.00615944 0.00210872
v 0.00103972 0.00612674 0.00210872
v 0.00103761 0.00612975 0.00207181
v 0.00086147 0.00601964 0.00210872
v 0.00085981 0.00602292 0.00207181
v 0.00083159 0.00600696 0.00210872
v 0.00066887 0.00594187 0.00207181
v 0.00067006 0.00593839 0.00210872
v 0.00055707 0.00590812 0.00210872
v 0.00120132 0.00625761 0.00210872
v 0.00119881 0.00626029 0.00207181
v 0.0012944 0.00635743 0.00210872
v 0.00134028 0.006412 0.00207181
v 0.00134313 0.00640969 0.00210872
v 0.00145925 0.00658192 0.00207181
v 0.0014624 0.00658002 0.00210872
v 0.00155342 0.00676674 0.00207181
v 0.00155681 0.0067653 0.00210872
v 0.00146829 0.00659159 0.00210872
v 0.00166997 0.00743193 0.00210872
v 0.00167506 0.0073737 0.00210872
v 0.00167139 0.00737363 0.00207181
v 0.00166418 0.00716604 0.00210872
v 0.00166053 0.00716649 0.00207181
v 0.00165923 0.00714055 0.00210872
v 0.00162095 0.00696287 0.00207181
v 0.0016245 0.00696192 0.00210872
v 0.00158854 0.00685746 0.00210872
v 0.00165694 0.00758085 0.00210872
v 0.00165331 0.00758027 0.00207181
v 0.00162477 0.00772017 0.00210872
v 0.00160665 0.00778238 0.00207181
v 0.00161016 0.00778346 0.00210872
v 0.00153231 0.00797604 0.00207181
v 0.00153564 0.00797759 0.00210872
v 0.00143174 0.00815746 0.00207181
v 0.00143483 0.00815946 0.00210872
v 0.0015262 0.00799462 0.00210872
v 0.00093976 0.0086292 0.00210872
v 0.00099657 0.00859771 0.00210872
v 0.00099457 0.00859463 0.00207181
v 0.00116265 0.00847257 0.00210872
v 0.00116023 0.00846979 0.00207181
v 0.00117641 0.0084588 0.00210872
v 0.00130691 0.00832312 0.00207181
v 0.00130968 0.00832553 0.00210872
v 0.00137226 0.00824249 0.00210872
v 0.0008147 0.00869852 0.00210872
v 0.00081315 0.00869519 0.00207181
v 0.00067514 0.00875209 0.00210872
v 0.0006195 0.00876952 0.00207181
v 0.00062057 0.00877304 0.00210872
v 0.00041738 0.00881619 0.00207181
v 0.00041796 0.00881982 0.00210872
v 3.6E-06 0.00882341 0.00207181
v 0.00010048 0.00883216 0.00210872
v 0.00021074 0.00883426 0.00207181
v 0.00021081 0.00883794 0.00210872
v 0.00039209 0.00882208 0.00210872
v -0.00046125 0.00868724 0.00210872
v -0.00039758 0.00871968 0.00210872
v -0.00039615 0.00871629 0.00207181
v -0.00020097 0.00878738 0.00210872
v -0.00020002 0.00878383 0.00207181
v -0.00018823 0.00878985 0.00210872
v 3.15E-06 0.00882705 0.00210872
v -0.00058286 0.00862527 0.00210872
v -0.00058097 0.00862212 0.00207181
v -0.00071064 0.0085358 0.00210872
v -0.00075089 0.00850314 0.00207181
v -0.0007532 0.008506 0.00210872
v -0.00090259 0.00836168 0.00207181
v -0.00090528 0.00836418 0.00210872
v -0.00113996 0.00802267 0.00207181
v -0.00109639 0.00810231 0.00210872
v -0.00103313 0.00820047 0.00207181
v -0.00103614 0.00820258 0.00210872
v -0.00092571 0.00833896 0.00210872
v -0.0012878 0.00755469 0.00210872
v -0.0012783 0.00763207 0.00210872
v -0.0012747 0.00763137 0.00207181
v -0.00122449 0.00783293 0.00210872
v -0.00122101 0.00783173 0.00207181
v -0.00122195 0.0078389 0.00210872
v -0.00114324 0.00802434 0.00210872
v -0.00130364 0.00742568 0.00210872
v -0.00129997 0.00742548 0.00207181
v -0.00130081 0.00726321 0.00210872
v -0.00129635 0.00721809 0.00207181
v -0.00130001 0.00721777 0.00210872
v -0.0012639 0.00701321 0.00207181
v -0.00126748 0.00701238 0.00210872
v -0.00086913 0.00629374 0.00210872
v -0.00100555 0.00645067 0.00210872
v -0.00100262 0.00645288 0.00207181
v -0.00111881 0.00662507 0.00210872
v -0.00111559 0.00662685 0.00207181
v -0.0011545 0.00670162 0.00210872
v -0.00120326 0.00681484 0.00207181
v -0.00120669 0.00681353 0.00210872
v -0.00125609 0.00697513 0.00210872
v 0.00126201 0.00828408 0.00200688
v 0.0011212 0.00842489 0.00200688
v 0.00096217 0.00854473 0.00200688
v 0.00078801 0.00864127 0.00200688
v 0.0006021 0.00871263 0.00200688
v 0.00040808 0.00875742 0.00200688
v 0.00020971 0.00877478 0.00200688
v 1.085E-05 0.00876435 0.00200688
v -0.00018462 0.00872636 0.00200688
v -0.0003729 0.00866153 0.00200688
v -0.00055033 0.00857112 0.00200688
v -0.00071344 0.00845691 0.00200688
v -0.00085908 0.0083211 0.00200688
v -0.00098439 0.00816635 0.00200688
v -0.00108695 0.00799566 0.00200688
v -0.00116475 0.00781236 0.00200688
v -0.00121629 0.00762002 0.00200688
v -0.00124056 0.00742237 0.00200688
v -0.00123708 0.00722327 0.00200688
v -0.00120593 0.00702659 0.00200688
v -0.00114771 0.00683617 0.00200688
v -0.00106355 0.00665569 0.00200688
v -0.0009551 0.00648869 0.00200688
v -0.00082446 0.00633841 0.00200688
v -0.00067417 0.00620777 0.00200688
v -0.00050717 0.00609931 0.00200688
v -0.0003267 0.00601516 0.00200688
v -0.00013627 0.00595694 0.00200688
v 6.041E-05 0.00592579 0.00200688
v 0.00025951 0.00592232 0.00200688
v 0.00045715 0.00594658 0.00200688
v 0.0006495 0.00599812 0.00200688
v 0.00083279 0.00607593 0.00200688
v 0.00100348 0.00617849 0.00200688
v 0.00115823 0.00630381 0.00200688
v 0.00129404 0.00644944 0.00200688
v 0.00140825 0.00661256 0.00200688
v 0.00149866 0.00678999 0.00200688
v 0.00156348 0.00697827 0.00200688
v 0.00160148 0.00717374 0.00200688
v 0.0016119 0.00737259 0.00200688
v 0.00159454 0.00757096 0.00200688
v 0.00154975 0.00776499 0.00200688
v 0.00147839 0.00795089 0.00200688
v 0.00138185 0.00812505 0.00200688
v -0.00098487 0.00646626 0.00203244
v -0.00085082 0.00631205 0.00203244
v -0.00069661 0.00617799 0.00203244
v -0.00052524 0.00606671 0.00203244
v -0.00034006 0.00598036 0.00203244
v -0.00014466 0.00592062 0.00203244
v 5.716E-05 0.00588865 0.00203244
v 0.00026146 0.00588509 0.00203244
v 0.00046427 0.00590999 0.00203244
v 0.00066163 0.00596287 0.00203244
v 0.00084972 0.00604271 0.00203244
v 0.00102486 0.00614795 0.00203244
v 0.00118366 0.00627654 0.00203244
v 0.00132301 0.00642598 0.00203244
v 0.00144021 0.00659336 0.00203244
v 0.00153297 0.00677542 0.00203244
v 0.00159949 0.00696862 0.00203244
v 0.00163848 0.00716919 0.00203244
v 0.00164918 0.00737324 0.00203244
v 0.00163137 0.0075768 0.00203244
v 0.0015854 0.00777589 0.00203244
v 0.00151217 0.00796665 0.00203244
v 0.00141311 0.00814536 0.00203244
v 0.00129014 0.00830854 0.00203244
v 0.00114566 0.00845303 0.00203244
v 0.00098247 0.00857599 0.00203244
v 0.00080376 0.00867505 0.00203244
v 0.000613 0.00874828 0.00203244
v 0.00041391 0.00879424 0.00203244
v 0.00021036 0.00881205 0.00203244
v 6.31E-06 0.00880136 0.00203244
v -0.00019427 0.00876237 0.00203244
v -0.00038747 0.00869584 0.00203244
v -0.00056953 0.00860308 0.00203244
v -0.0007369 0.00848588 0.00203244
v -0.00088634 0.00834653 0.00203244
v -0.00101493 0.00818773 0.00203244
v -0.00112017 0.00801258 0.00203244
v -0.0012 0.0078245 0.00203244
v -0.00125289 0.00762713 0.00203244
v -0.00127779 0.00742432 0.00203244
v -0.00127422 0.00722002 0.00203244
v -0.00124226 0.00701821 0.00203244
v -0.00118252 0.00682281 0.00203244
v -0.00109616 0.00663762 0.00203244
v 0.00041465 0.00676019 0.00228
v 0.00068618 0.00696481 0.00228
v 0.00027171 0.00694987 0.00228
v 0.00054324 0.00715449 0.00228
v 0.00019013 0.00701361 0.00228
v -0.00013486 0.00744487 0.00228
v -0.00014926 0.00734235 0.00228
v 0.00037799 0.00770612 0.00228
v 0.00056767 0.00784906 0.00228
v 0.00050446 0.00725048 0.00228
v 0.00051887 0.007353 0.00228
v 0.0005826 0.00743458 0.00228
v 0.00077229 0.00757752 0.00228
v -4.504E-05 0.00793517 0.00228
v -0.00031658 0.00773055 0.00228
v 9.79E-05 0.00774548 0.00228
v -0.00017364 0.00754086 0.00228
v 0.00017948 0.00768174 0.00228
v 0.000282 0.00766733 0.00228
v -0.00040269 0.00711783 0.00228
v -0.00019807 0.0068463 0.00228
v -0.000213 0.00726077 0.00228
v -8.38E-06 0.00698924 0.00228
v 8.761E-05 0.00702802 0.00228
v -0.00077324 0.00627428 0.0027
v -0.00096424 0.00648181 0.0027
v -0.00054542 0.006108 0.0027
v -0.00028954 0.00598936 0.0027
v -1.543E-05 0.00592292 0.0027
v 0.00026637 0.00591123 0.0027
v 0.00054504 0.00595475 0.0027
v 0.00080987 0.00605179 0.0027
v 0.00105067 0.00619864 0.0027
v 0.0012582 0.00638964 0.0027
v 0.00142448 0.00661746 0.0027
v 0.00154312 0.00687334 0.0027
v 0.00160956 0.00714745 0.0027
v 0.00162124 0.00742925 0.0027
v 0.00157773 0.00770792 0.0027
v 0.00148069 0.00797274 0.0027
v 0.00133384 0.00821355 0.0027
v 0.00114284 0.00842108 0.0027
v 0.00091502 0.00858735 0.0027
v 0.00065914 0.00870599 0.0027
v 0.00038503 0.00877243 0.0027
v 0.00010323 0.00878412 0.0027
v -0.00017544 0.0087406 0.0027
v -0.00044027 0.00864356 0.0027
v -0.00068107 0.00849672 0.0027
v -0.0008886 0.00830571 0.0027
v -0.00105488 0.0080779 0.0027
v -0.00117352 0.00782202 0.0027
v -0.00123996 0.00754791 0.0027
v -0.00125164 0.0072661 0.0027
v -0.00120813 0.00698743 0.0027
v -0.00111108 0.00672261 0.0027
v -0.00059635 0.0069719 0.0027
v -0.00039173 0.00670036 0.0027
v -8.38E-06 0.00698924 0.0027
v 8.761E-05 0.00702802 0.0027
v 0.00019013 0.00701361 0.0027
v 0.00027171 0.00694987 0.0027
v 0.00056058 0.00656653 0.0027
v 0.00083211 0.00677115 0.0027
v 0.00054324 0.00715449 0.0027
v 0.00050446 0.00725048 0.0027
v 0.00051887 0.007353 0.0027
v 0.0005826 0.00743458 0.0027
v 0.00096595 0.00772345 0.0027
v 0.00076133 0.00799499 0.0027
v 0.00037799 0.00770612 0.0027
v 0.000282 0.00766733 0.0027
v 0.00017948 0.00768174 0.0027
v 9.79E-05 0.00774548 0.0027
v -0.00019098 0.00812882 0.0027
v -0.00046251 0.00792421 0.0027
v -0.00017364 0.00754086 0.0027
v -0.00013486 0.00744487 0.0027
v -0.00014926 0.00734235 0.0027
v -0.000213 0.00726077 0.0027
v 0.00805259 0.0003464 -0.002
v 0.00815923 0.00016226 -0.002
v 0.00734768 -0.0001848 -0.002
v 0.00790498 0.00049966 -0.002
v 0.00731095 0.00069709 -0.002
v 0.00752306 0.00068025 -0.002
v 0.00772499 0.00061314 -0.002
v 0.00673538 0.00045095 -0.002
v 0.00690532 0.000579 -0.002
v 0.00710097 0.00066267 -0.002
v 0.00646779 -0.00011496 -0.002
v 0.00651007 9.358E-05 -0.002
v 0.00660103 0.00028594 -0.002
v 0.00664276 -0.000716 -0.002
v 0.00653612 -0.00053187 -0.002
v 0.00647664 -0.00032756 -0.002
v 0.00717229 -0.00104985 -0.002
v 0.00697036 -0.00098274 -0.002
v 0.00679037 -0.00086926 -0.002
v 0.00779003 -0.00094861 -0.002
v 0.00759439 -0.00103227 -0.002
v 0.00738441 -0.00106669 -0.002
v 0.00818528 -0.00046318 -0.002
v 0.00809432 -0.00065554 -0.002
v 0.00795997 -0.00082055 -0.002
v 0.00821871 -4.204E-05 -0.002
v 0.00822756 -0.00025464 -0.002
v 0.00814631 0.00041702 -0.00193225
v 0.00797908 0.00059065 -0.00193225
v 0.00777515 0.00071923 -0.00193225
v 0.00754638 0.00079526 -0.00193225
v 0.00730606 0.00081433 -0.00193225
v 0.00706817 0.00077534 -0.00193225
v 0.00684651 0.00068055 -0.00193225
v 0.00665398 0.00053547 -0.00193225
v 0.00650177 0.00034853 -0.00193225
v 0.00639871 0.00013059 -0.00193225
v 0.00635081 -0.00010568 -0.00193225
v 0.00636084 -0.00034654 -0.00193225
v 0.00642823 -0.00057801 -0.00193225
v 0.00654904 -0.00078662 -0.00193225
v 0.00671627 -0.00096026 -0.00193225
v 0.0069202 -0.00108883 -0.00193225
v 0.00714897 -0.00116486 -0.00193225
v 0.00738929 -0.00118394 -0.00193225
v 0.00762719 -0.00114494 -0.00193225
v 0.00784884 -0.00105015 -0.00193225
v 0.00804137 -0.00090507 -0.00193225
v 0.00819359 -0.00071813 -0.00193225
v 0.00829664 -0.00050019 -0.00193225
v 0.00834454 -0.00026393 -0.00193225
v 0.00833451 -2.306E-05 -0.00193225
v 0.00826713 0.0002084 -0.00193225
v 0.00814631 0.00041702 -0.00190515
v 0.00797908 0.00059065 -0.00190515
v 0.00777515 0.00071923 -0.00190515
v 0.00754638 0.00079526 -0.00190515
v 0.00730606 0.00081433 -0.00190515
v 0.00706817 0.00077534 -0.00190515
v 0.00684651 0.00068055 -0.00190515
v 0.00665398 0.00053547 -0.00190515
v 0.00650177 0.00034853 -0.00190515
v 0.00639871 0.00013059 -0.00190515
v 0.00635081 -0.00010568 -0.00190515
v 0.00636084 -0.00034654 -0.00190515
v 0.00642823 -0.00057801 -0.00190515
v 0.00654904 -0.00078662 -0.00190515
v 0.00671627 -0.00096026 -0.00190515
v 0.0069202 -0.00108883 -0.00190515
v 0.00714897 -0.00116486 -0.00190515
v 0.00738929 -0.00118394 -0.00190515
v 0.00762719 -0.00114494 -0.00190515
v 0.00784884 -0.00105015 -0.00190515
v 0.00804137 -0.00090507 -0.00190515
v 0.00819359 -0.00071813 -0.00190515
v 0.00829664 -0.00050019 -0.00190515
v 0.00834454 -0.00026393 -0.00190515
v 0.00833451 -2.306E-05 -0.00190515
v 0.00826713 0.0002084 -0.00190515
v 0.00653612 -0.00053187 -0.0018374
v 0.00647664 -0.00032756 -0.0018374
v 0.00646779 -0.00011496 -0.0018374
v 0.00651007 9.358E-05 -0.0018374
v 0.00660103 0.00028594 -0.0018374
v 0.00673538 0.00045095 -0.0018374
v 0.00690532 0.000579 -0.0018374
v 0.00710097 0.00066267 -0.0018374
v 0.00731095 0.00069709 -0.0018374
v 0.00752306 0.00068025 -0.0018374
v 0.00772499 0.00061314 -0.0018374
v 0.00790498 0.00049966 -0.0018374
v 0.00805259 0.0003464 -0.0018374
v 0.00815923 0.00016226 -0.0018374
v 0.00821871 -4.204E-05 -0.0018374
v 0.00822756 -0.00025464 -0.0018374
v 0.00818528 -0.00046318 -0.0018374
v 0.00809432 -0.00065554 -0.0018374
v 0.00795997 -0.00082055 -0.0018374
v 0.00779003 -0.00094861 -0.0018374
v 0.00759439 -0.00103227 -0.0018374
v 0.00738441 -0.00106669 -0.0018374
v 0.00717229 -0.00104985 -0.0018374
v 0.00697036 -0.00098274 -0.0018374
v 0.00679037 -0.00086926 -0.0018374
v 0.00664276 -0.000716 -0.0018374
v 0.00814631 0.00041702 -0.00176965
v 0.00797908 0.00059065 -0.00176965
v 0.00777515 0.00071923 -0.00176965
v 0.00754638 0.00079526 -0.00176965
v 0.00730606 0.00081433 -0.00176965
v 0.00706817 0.00077534 -0.00176965
v 0.00684651 0.00068055 -0.00176965
v 0.00665398 0.00053547 -0.00176965
v 0.00650177 0.00034853 -0.00176965
v 0.00639871 0.00013059 -0.00176965
v 0.00635081 -0.00010568 -0.00176965
v 0.00636084 -0.00034654 -0.00176965
v 0.00642823 -0.00057801 -0.00176965
v 0.00654904 -0.00078662 -0.00176965
v 0.00671627 -0.00096026 -0.00176965
v 0.0069202 -0.00108883 -0.00176965
v 0.00714897 -0.00116486 -0.00176965
v 0.00738929 -0.00118394 -0.00176965
v 0.00762719 -0.00114494 -0.00176965
v 0.00784884 -0.00105015 -0.00176965
v 0.00804137 -0.00090507 -0.00176965
v 0.00819359 -0.00071813 -0.00176965
v 0.00829664 -0.00050019 -0.00176965
v 0.00834454 -0.00026393 -0.00176965
v 0.00833451 -2.306E-05 -0.00176965
v 0.00826713 0.0002084 -0.00176965
v 0.00814631 0.00041702 -0.00174255
v 0.00797908 0.00059065 -0.00174255
v 0.00777515 0.00071923 -0.00174255
v 0.00754638 0.00079526 -0.00174255
v 0.00730606 0.00081433 -0.00174255
v 0.00706817 0.00077534 -0.00174255
v 0.00684651 0.00068055 -0.00174255
v 0.00665398 0.00053547 -0.00174255
v 0.00650177 0.00034853 -0.00174255
v 0.00639871 0.00013059 -0.00174255
v 0.00635081 -0.00010568 -0.00174255
v 0.00636084 -0.00034654 -0.00174255
v 0.00642823 -0.00057801 -0.00174255
v 0.00654904 -0.00078662 -0.00174255
v 0.00671627 -0.00096026 -0.00174255
v 0.0069202 -0.00108883 -0.00174255
v 0.00714897 -0.00116486 -0.00174255
v 0.00738929 -0.00118394 -0.00174255
v 0.00762719 -0.00114494 -0.00174255
v 0.00784884 -0.00105015 -0.00174255
v 0.00804137 -0.00090507 -0.00174255
v 0.00819359 -0.00071813 -0.00174255
v 0.00829664 -0.00050019 -0.00174255
v 0.00834454 -0.00026393 -0.00174255
v 0.00833451 -2.306E-05 -0.00174255
v 0.00826713 0.0002084 -0.00174255
v 0.00653612 -0.00053187 -0.0016748
v 0.00647664 -0.00032756 -0.0016748
v 0.00646779 -0.00011496 -0.0016748
v 0.00651007 9.358E-05 -0.0016748
v 0.00660103 0.00028594 -0.0016748
v 0.00673538 0.00045095 -0.0016748
v 0.00690532 0.000579 -0.0016748
v 0.00710097 0.00066267 -0.0016748
v 0.00731095 0.00069709 -0.0016748
v 0.00752306 0.00068025 -0.0016748
v 0.00772499 0.00061314 -0.0016748
v 0.00790498 0.00049966 -0.0016748
v 0.00805259 0.0003464 -0.0016748
v 0.00815923 0.00016226 -0.0016748
v 0.00821871 -4.204E-05 -0.0016748
v 0.00822756 -0.00025464 -0.0016748
v 0.00818528 -0.00046318 -0.0016748
v 0.00809432 -0.00065554 -0.0016748
v 0.00795997 -0.00082055 -0.0016748
v 0.00779003 -0.00094861 -0.0016748
v 0.00759439 -0.00103227 -0.0016748
v 0.00738441 -0.00106669 -0.0016748
v 0.00717229 -0.00104985 -0.0016748
v 0.00697036 -0.00098274 -0.0016748
v 0.00679037 -0.00086926 -0.0016748
v 0.00664276 -0.000716 -0.0016748
v 0.00814631 0.00041702 -0.00160705
v 0.00797908 0.00059065 -0.00160705
v 0.00777515 0.00071923 -0.00160705
v 0.00754638 0.00079526 -0.00160705
v 0.00730606 0.00081433 -0.00160705
v 0.00706817 0.00077534 -0.00160705
v 0.00684651 0.00068055 -0.00160705
v 0.00665398 0.00053547 -0.00160705
v 0.00650177 0.00034853 -0.00160705
v 0.00639871 0.00013059 -0.00160705
v 0.00635081 -0.00010568 -0.00160705
v 0.00636084 -0.00034654 -0.00160705
v 0.00642823 -0.00057801 -0.00160705
v 0.00654904 -0.00078662 -0.00160705
v 0.00671627 -0.00096026 -0.00160705
v 0.0069202 -0.00108883 -0.00160705
v 0.00714897 -0.00116486 -0.00160705
v 0.00738929 -0.00118394 -0.00160705
v 0.00762719 -0.00114494 -0.00160705
v 0.00784884 -0.00105015 -0.00160705
v 0.00804137 -0.00090507 -0.00160705
v 0.00819359 -0.00071813 -0.00160705
v 0.00829664 -0.00050019 -0.00160705
v 0.00834454 -0.00026393 -0.00160705
v 0.00833451 -2.306E-05 -0.00160705
v 0.00826713 0.0002084 -0.00160705
v 0.00814631 0.00041702 -0.00157995
v 0.00797908 0.00059065 -0.00157995
v 0.00777515 0.00071923 -0.00157995
v 0.00754638 0.00079526 -0.00157995
v 0.00730606 0.00081433 -0.00157995
v 0.00706817 0.00077534 -0.00157995
v 0.00684651 0.00068055 -0.00157995
v 0.00665398 0.00053547 -0.00157995
v 0.00650177 0.00034853 -0.00157995
v 0.00639871 0.00013059 -0.00157995
v 0.00635081 -0.00010568 -0.00157995
v 0.00636084 -0.00034654 -0.00157995
v 0.00642823 -0.00057801 -0.00157995
v 0.00654904 -0.00078662 -0.00157995
v 0.00671627 -0.00096026 -0.00157995
v 0.0069202 -0.00108883 -0.00157995
v 0.00714897 -0.00116486 -0.00157995
v 0.00738929 -0.00118394 -0.00157995
v 0.00762719 -0.00114494 -0.00157995
v 0.00784884 -0.00105015 -0.00157995
v 0.00804137 -0.00090507 -0.00157995
v 0.00819359 -0.00071813 -0.00157995
v 0.00829664 -0.00050019 -0.00157995
v 0.00834454 -0.00026393 -0.00157995
v 0.00833451 -2.306E-05 -0.00157995
v 0.00826713 0.0002084 -0.00157995
v 0.00653612 -0.00053187 -0.0015122
v 0.00647664 -0.00032756 -0.0015122
v 0.00646779 -0.00011496 -0.0015122
v 0.00651007 9.358E-05 -0.0015122
v 0.00660103 0.00028594 -0.0015122
v 0.00673538 0.00045095 -0.0015122
v 0.00690532 0.000579 -0.0015122
v 0.00710097 0.00066267 -0.0015122
v 0.00731095 0.00069709 -0.0015122
v 0.00752306 0.00068025 -0.0015122
v 0.00772499 0.00061314 -0.0015122
v 0.00790498 0.00049966 -0.0015122
v 0.00805259 0.0003464 -0.0015122
v 0.00815923 0.00016226 -0.0015122
v 0.00821871 -4.204E-05 -0.0015122
v 0.00822756 -0.00025464 -0.0015122
v 0.00818528 -0.00046318 -0.0015122
v 0.00809432 -0.00065554 -0.0015122
v 0.00795997 -0.00082055 -0.0015122
v 0.00779003 -0.00094861 -0.0015122
v 0.00759439 -0.00103227 -0.0015122
v 0.00738441 -0.00106669 -0.0015122
v 0.00717229 -0.00104985 -0.0015122
v 0.00697036 -0.00098274 -0.0015122
v 0.00679037 -0.00086926 -0.0015122
v 0.00664276 -0.000716 -0.0015122
v 0.00814631 0.00041702 -0.00144445
v 0.00797908 0.00059065 -0.00144445
v 0.00777515 0.00071923 -0.00144445
v 0.00754638 0.00079526 -0.00144445
v 0.00730606 0.00081433 -0.00144445
v 0.00706817 0.00077534 -0.00144445
v 0.00684651 0.00068055 -0.00144445
v 0.00665398 0.00053547 -0.00144445
v 0.00650177 0.00034853 -0.00144445
v 0.00639871 0.00013059 -0.00144445
v 0.00635081 -0.00010568 -0.00144445
v 0.00636084 -0.00034654 -0.00144445
v 0.00642823 -0.00057801 -0.00144445
v 0.00654904 -0.00078662 -0.00144445
v 0.00671627 -0.00096026 -0.00144445
v 0.0069202 -0.00108883 -0.00144445
v 0.00714897 -0.00116486 -0.00144445
v 0.00738929 -0.00118394 -0.00144445
v 0.00762719 -0.00114494 -0.00144445
v 0.00784884 -0.00105015 -0.00144445
v 0.00804137 -0.00090507 -0.00144445
v 0.00819359 -0.00071813 -0.00144445
v 0.00829664 -0.00050019 -0.00144445
v 0.00834454 -0.00026393 -0.00144445
v 0.00833451 -2.306E-05 -0.00144445
v 0.00826713 0.0002084 -0.00144445
v 0.00814631 0.00041702 -0.00141735
v 0.00797908 0.00059065 -0.00141735
v 0.00777515 0.00071923 -0.00141735
v 0.00754638 0.00079526 -0.00141735
v 0.00730606 0.00081433 -0.00141735
v 0.00706817 0.00077534 -0.00141735
v 0.00684651 0.00068055 -0.00141735
v 0.00665398 0.00053547 -0.00141735
v 0.00650177 0.00034853 -0.00141735
v 0.00639871 0.00013059 -0.00141735
v 0.00635081 -0.00010568 -0.00141735
v 0.00636084 -0.00034654 -0.00141735
v 0.00642823 -0.00057801 -0.00141735
v 0.00654904 -0.00078662 -0.00141735
v 0.00671627 -0.00096026 -0.00141735
v 0.0069202 -0.00108883 -0.00141735
v 0.00714897 -0.00116486 -0.00141735
v 0.00738929 -0.00118394 -0.00141735
v 0.00762719 -0.00114494 -0.00141735
v 0.00784884 -0.00105015 -0.00141735
v 0.00804137 -0.00090507 -0.00141735
v 0.00819359 -0.00071813 -0.00141735
v 0.00829664 -0.00050019 -0.00141735
v 0.00834454 -0.00026393 -0.00141735
v 0.00833451 -2.306E-05 -0.00141735
v 0.00826713 0.0002084 -0.00141735
v 0.00653612 -0.00053187 -0.0013496
v 0.00647664 -0.00032756 -0.0013496
v 0.00646779 -0.00011496 -0.0013496
v 0.00651007 9.358E-05 -0.0013496
v 0.00660103 0.00028594 -0.0013496
v 0.00673538 0.00045095 -0.0013496
v 0.00690532 0.000579 -0.0013496
v 0.00710097 0.00066267 -0.0013496
v 0.00731095 0.00069709 -0.0013496
v 0.00752306 0.00068025 -0.0013496
v 0.00772499 0.00061314 -0.0013496
v 0.00790498 0.00049966 -0.0013496
v 0.00805259 0.0003464 -0.0013496
v 0.00815923 0.00016226 -0.0013496
v 0.00821871 -4.204E-05 -0.0013496
v 0.00822756 -0.00025464 -0.0013496
v 0.00818528 -0.00046318 -0.0013496
v 0.00809432 -0.00065554 -0.0013496
v 0.00795997 -0.00082055 -0.0013496
v 0.00779003 -0.00094861 -0.0013496
v 0.00759439 -0.00103227 -0.0013496
v 0.00738441 -0.00106669 -0.0013496
v 0.00717229 -0.00104985 -0.0013496
v 0.00697036 -0.00098274 -0.0013496
v 0.00679037 -0.00086926 -0.0013496
v 0.00664276 -0.000716 -0.0013496
v 0.00814631 0.00041702 -0.00128185
v 0.00797908 0.00059065 -0.00128185
v 0.00777515 0.00071923 -0.00128185
v 0.00754638 0.00079526 -0.00128185
v 0.00730606 0.00081433 -0.00128185
v 0.00706817 0.00077534 -0.00128185
v 0.00684651 0.00068055 -0.00128185
v 0.00665398 0.00053547 -0.00128185
v 0.00650177 0.00034853 -0.00128185
v 0.00639871 0.00013059 -0.00128185
v 0.00635081 -0.00010568 -0.00128185
v 0.00636084 -0.00034654 -0.00128185
v 0.00642823 -0.00057801 -0.00128185
v 0.00654904 -0.00078662 -0.00128185
v 0.00671627 -0.00096026 -0.00128185
v 0.0069202 -0.00108883 -0.00128185
v 0.00714897 -0.00116486 -0.00128185
v 0.00738929 -0.00118394 -0.00128185
v 0.00762719 -0.00114494 -0.00128185
v 0.00784884 -0.00105015 -0.00128185
v 0.00804137 -0.00090507 -0.00128185
v 0.00819359 -0.00071813 -0.00128185
v 0.00829664 -0.00050019 -0.00128185
v 0.00834454 -0.00026393 -0.00128185
v 0.00833451 -2.306E-05 -0.00128185
v 0.00826713 0.0002084 -0.00128185
v 0.00814631 0.00041702 -0.00125475
v 0.00797908 0.00059065 -0.00125475
v 0.00777515 0.00071923 -0.00125475
v 0.00754638 0.00079526 -0.00125475
v 0.00730606 0.00081433 -0.00125475
v 0.00706817 0.00077534 -0.00125475
v 0.00684651 0.00068055 -0.00125475
v 0.00665398 0.00053547 -0.00125475
v 0.00650177 0.00034853 -0.00125475
v 0.00639871 0.00013059 -0.00125475
v 0.00635081 -0.00010568 -0.00125475
v 0.00636084 -0.00034654 -0.00125475
v 0.00642823 -0.00057801 -0.00125475
v 0.00654904 -0.00078662 -0.00125475
v 0.00671627 -0.00096026 -0.00125475
v 0.0069202 -0.00108883 -0.00125475
v 0.00714897 -0.00116486 -0.00125475
v 0.00738929 -0.00118394 -0.00125475
v 0.00762719 -0.00114494 -0.00125475
v 0.00784884 -0.00105015 -0.00125475
v 0.00804137 -0.00090507 -0.00125475
v 0.00819359 -0.00071813 -0.00125475
v 0.00829664 -0.00050019 -0.00125475
v 0.00834454 -0.00026393 -0.00125475
v 0.00833451 -2.306E-05 -0.00125475
v 0.00826713 0.0002084 -0.00125475
v 0.00679037 -0.00086926 -0.001187
v 0.00717229 -0.00104985 -0.001187
v 0.00707133 -0.0010163 -0.001187
v 0.00697036 -0.00098274 -0.001187
v 0.00688037 -0.000926 -0.001187
v 0.00759439 -0.00103227 -0.001187
v 0.0074894 -0.00104948 -0.001187
v 0.00738441 -0.00106669 -0.001187
v 0.00727835 -0.00105827 -0.001187
v 0.00795997 -0.00082055 -0.001187
v 0.007875 -0.00088458 -0.001187
v 0.00779003 -0.00094861 -0.001187
v 0.00769221 -0.00099044 -0.001187
v 0.00818528 -0.00046318 -0.001187
v 0.0081398 -0.00055936 -0.001187
v 0.00809432 -0.00065554 -0.001187
v 0.00802714 -0.00073805 -0.001187
v 0.00821871 -4.204E-05 -0.001187
v 0.00822314 -0.00014834 -0.001187
v 0.00822756 -0.00025464 -0.001187
v 0.00820642 -0.00035891 -0.001187
v 0.00805259 0.0003464 -0.001187
v 0.00810591 0.00025433 -0.001187
v 0.00815923 0.00016226 -0.001187
v 0.00818897 6.011E-05 -0.001187
v 0.00772499 0.00061314 -0.001187
v 0.00781499 0.0005564 -0.001187
v 0.00790498 0.00049966 -0.001187
v 0.00797879 0.00042303 -0.001187
v 0.00731095 0.00069709 -0.001187
v 0.00741701 0.00068867 -0.001187
v 0.00752306 0.00068025 -0.001187
v 0.00762403 0.0006467 -0.001187
v 0.00690532 0.000579 -0.001187
v 0.00700314 0.00062084 -0.001187
v 0.00710097 0.00066267 -0.001187
v 0.00720596 0.00067988 -0.001187
v 0.00660103 0.00028594 -0.001187
v 0.00666821 0.00036844 -0.001187
v 0.00673538 0.00045095 -0.001187
v 0.00682035 0.00051498 -0.001187
v 0.00646779 -0.00011496 -0.001187
v 0.00648893 -1.069E-05 -0.001187
v 0.00651007 9.358E-05 -0.001187
v 0.00655555 0.00018976 -0.001187
v 0.00653612 -0.00053187 -0.001187
v 0.00650638 -0.00042971 -0.001187
v 0.00647664 -0.00032756 -0.001187
v 0.00647222 -0.00022126 -0.001187
v 0.00671656 -0.00079263 -0.001187
v 0.00664276 -0.000716 -0.001187
v 0.00658944 -0.00062393 -0.001187
v 0.00803631 -0.00089982 -0.00111925
v 0.00794949 -0.00098343 -0.00111925
v 0.00784519 -0.00104384 -0.00111925
v 0.00774088 -0.00110425 -0.00111925
v 0.00762515 -0.00113794 -0.00111925
v 0.00750942 -0.00117163 -0.00111925
v 0.00738898 -0.00117665 -0.00111925
v 0.00726855 -0.00118167 -0.00111925
v 0.00715042 -0.00115771 -0.00111925
v 0.00703229 -0.00113376 -0.00111925
v 0.00692332 -0.00108224 -0.00111925
v 0.00681435 -0.00103071 -0.00111925
v 0.00672088 -0.0009546 -0.00111925
v 0.00662741 -0.0008785 -0.00111925
v 0.00655487 -0.00078223 -0.00111925
v 0.00648233 -0.00068597 -0.00111925
v 0.00643493 -0.00057514 -0.00111925
v 0.00638753 -0.00046431 -0.00111925
v 0.00636804 -0.00034536 -0.00111925
v 0.00634854 -0.00022641 -0.00111925
v 0.00635808 -0.00010625 -0.00111925
v 0.00636762 1.39E-05 -0.00111925
v 0.00640563 0.00012829 -0.00111925
v 0.00644365 0.00024267 -0.00111925
v 0.00650794 0.00034464 -0.00111925
v 0.00657222 0.0004466 -0.00111925
v 0.00665904 0.00053022 -0.00111925
v 0.00674586 0.00061383 -0.00111925
v 0.00685016 0.00067424 -0.00111925
v 0.00695447 0.00073465 -0.00111925
v 0.0070702 0.00076834 -0.00111925
v 0.00718594 0.00080203 -0.00111925
v 0.00730637 0.00080705 -0.00111925
v 0.0074268 0.00081206 -0.00111925
v 0.00754493 0.00078811 -0.00111925
v 0.00766307 0.00076416 -0.00111925
v 0.00777203 0.00071263 -0.00111925
v 0.007881 0.00066111 -0.00111925
v 0.00797447 0.000585 -0.00111925
v 0.00806795 0.00050889 -0.00111925
v 0.00814631 0.00041702 -0.00111925
v 0.00821303 0.00031636 -0.00111925
v 0.00826042 0.00020554 -0.00111925
v 0.00830782 9.471E-05 -0.00111925
v 0.00832731 -2.424E-05 -0.00111925
v 0.00834681 -0.00014319 -0.00111925
v 0.00833727 -0.00026335 -0.00111925
v 0.00832774 -0.00038351 -0.00111925
v 0.00828972 -0.00049789 -0.00111925
v 0.0082517 -0.00061228 -0.00111925
v 0.00818742 -0.00071424 -0.00111925
v 0.00812313 -0.0008162 -0.00111925
v 0.00814631 0.00041702 -0.00109215
v 0.00826713 0.0002084 -0.00109215
v 0.00833451 -2.306E-05 -0.00109215
v 0.00834454 -0.00026393 -0.00109215
v 0.00829664 -0.00050019 -0.00109215
v 0.00819359 -0.00071813 -0.00109215
v 0.00804137 -0.00090507 -0.00109215
v 0.00784884 -0.00105015 -0.00109215
v 0.00762719 -0.00114494 -0.00109215
v 0.00738929 -0.00118394 -0.00109215
v 0.00714897 -0.00116486 -0.00109215
v 0.0069202 -0.00108883 -0.00109215
v 0.00671627 -0.00096026 -0.00109215
v 0.00654904 -0.00078662 -0.00109215
v 0.00642823 -0.00057801 -0.00109215
v 0.00636084 -0.00034654 -0.00109215
v 0.00635081 -0.00010568 -0.00109215
v 0.00639871 0.00013059 -0.00109215
v 0.00650177 0.00034853 -0.00109215
v 0.00665398 0.00053547 -0.00109215
v 0.00684651 0.00068055 -0.00109215
v 0.00706817 0.00077534 -0.00109215
v 0.00730606 0.00081433 -0.00109215
v 0.00754638 0.00079526 -0.00109215
v 0.00777515 0.00071923 -0.00109215
v 0.00797908 0.00059065 -0.00109215
v 0.00653612 -0.00053187 -0.0010244
v 0.00647664 -0.00032756 -0.0010244
v 0.00646779 -0.00011496 -0.0010244
v 0.00651007 9.358E-05 -0.0010244
v 0.00660103 0.00028594 -0.0010244
v 0.00673538 0.00045095 -0.0010244
v 0.00690532 0.000579 -0.0010244
v 0.00710097 0.00066267 -0.0010244
v 0.00731095 0.00069709 -0.0010244
v 0.00752306 0.00068025 -0.0010244
v 0.00772499 0.00061314 -0.0010244
v 0.00790498 0.00049966 -0.0010244
v 0.00805259 0.0003464 -0.0010244
v 0.00815923 0.00016226 -0.0010244
v 0.00821871 -4.204E-05 -0.0010244
v 0.00822756 -0.00025464 -0.0010244
v 0.00818528 -0.00046318 -0.0010244
v 0.00809432 -0.00065554 -0.0010244
v 0.00795997 -0.00082055 -0.0010244
v 0.00779003 -0.00094861 -0.0010244
v 0.00759439 -0.00103227 -0.0010244
v 0.00738441 -0.00106669 -0.0010244
v 0.00717229 -0.00104985 -0.0010244
v 0.00697036 -0.00098274 -0.0010244
v 0.00679037 -0.00086926 -0.0010244
v 0.00664276 -0.000716 -0.0010244
v 0.00814631 0.00041702 -0.00095665
v 0.00797908 0.00059065 -0.00095665
v 0.00777515 0.00071923 -0.00095665
v 0.00754638 0.00079526 -0.00095665
v 0.00730606 0.00081433 -0.00095665
v 0.00706817 0.00077534 -0.00095665
v 0.00684651 0.00068055 -0.00095665
v 0.00665398 0.00053547 -0.00095665
v 0.00650177 0.00034853 -0.00095665
v 0.00639871 0.00013059 -0.00095665
v 0.00635081 -0.00010568 -0.00095665
v 0.00636084 -0.00034654 -0.00095665
v 0.00642823 -0.00057801 -0.00095665
v 0.00654904 -0.00078662 -0.00095665
v 0.00671627 -0.00096026 -0.00095665
v 0.0069202 -0.00108883 -0.00095665
v 0.00714897 -0.00116486 -0.00095665
v 0.00738929 -0.00118394 -0.00095665
v 0.00762719 -0.00114494 -0.00095665
v 0.00784884 -0.00105015 -0.00095665
v 0.00804137 -0.00090507 -0.00095665
v 0.00819359 -0.00071813 -0.00095665
v 0.00829664 -0.00050019 -0.00095665
v 0.00834454 -0.00026393 -0.00095665
v 0.00833451 -2.306E-05 -0.00095665
v 0.00826713 0.0002084 -0.00095665
v 0.00821303 0.00031636 -0.00092955
v 0.00826042 0.00020554 -0.00092955
v 0.00830782 9.471E-05 -0.00092955
v 0.00832731 -2.424E-05 -0.00092955
v 0.00834681 -0.00014319 -0.00092955
v 0.00833727 -0.00026335 -0.00092955
v 0.00832774 -0.00038351 -0.00092955
v 0.00828972 -0.00049789 -0.00092955
v 0.0082517 -0.00061228 -0.00092955
v 0.00818742 -0.00071424 -0.00092955
v 0.00812313 -0.0008162 -0.00092955
v 0.00803631 -0.00089982 -0.00092955
v 0.00794949 -0.00098343 -0.00092955
v 0.00784519 -0.00104384 -0.00092955
v 0.00774088 -0.00110425 -0.00092955
v 0.00762515 -0.00113794 -0.00092955
v 0.00750942 -0.00117163 -0.00092955
v 0.00738898 -0.00117665 -0.00092955
v 0.00726855 -0.00118167 -0.00092955
v 0.00715042 -0.00115771 -0.00092955
v 0.00703229 -0.00113376 -0.00092955
v 0.00692332 -0.00108224 -0.00092955
v 0.00681435 -0.00103071 -0.00092955
v 0.00672088 -0.0009546 -0.00092955
v 0.00662741 -0.0008785 -0.00092955
v 0.00654904 -0.00078662 -0.00092955
v 0.00648233 -0.00068597 -0.00092955
v 0.00643493 -0.00057514 -0.00092955
v 0.00638753 -0.00046431 -0.00092955
v 0.00636804 -0.00034536 -0.00092955
v 0.00634854 -0.00022641 -0.00092955
v 0.00635808 -0.00010625 -0.00092955
v 0.00636762 1.39E-05 -0.00092955
v 0.00640563 0.00012829 -0.00092955
v 0.00644365 0.00024267 -0.00092955
v 0.00650794 0.00034464 -0.00092955
v 0.00657222 0.0004466 -0.00092955
v 0.00695447 0.00073465 -0.00092955
v 0.00665904 0.00053022 -0.00092955
v 0.00674586 0.00061383 -0.00092955
v 0.00685016 0.00067424 -0.00092955
v 0.0070702 0.00076834 -0.00092955
v 0.00718594 0.00080203 -0.00092955
v 0.00730637 0.00080705 -0.00092955
v 0.0074268 0.00081206 -0.00092955
v 0.00754493 0.00078811 -0.00092955
v 0.00766307 0.00076416 -0.00092955
v 0.00777203 0.00071263 -0.00092955
v 0.007881 0.00066111 -0.00092955
v 0.00797447 0.000585 -0.00092955
v 0.00806795 0.00050889 -0.00092955
v 0.00814049 0.00041263 -0.00092955
v 0.00690855 0.00057343 -0.0008618
v 0.00681648 0.00052011 -0.0008618
v 0.00673985 0.00044631 -0.0008618
v 0.00666322 0.00037251 -0.0008618
v 0.00660648 0.00028251 -0.0008618
v 0.00654973 0.00019251 -0.0008618
v 0.00651618 9.155E-05 -0.0008618
v 0.00648262 -9.41E-06 -0.0008618
v 0.00647421 -0.00011547 -0.0008618
v 0.00646579 -0.00022153 -0.0008618
v 0.006483 -0.00032652 -0.0008618
v 0.0065002 -0.00043151 -0.0008618
v 0.00654204 -0.00052933 -0.0008618
v 0.00658387 -0.00062716 -0.0008618
v 0.0066479 -0.00071213 -0.0008618
v 0.00671193 -0.00079709 -0.0008618
v 0.00679443 -0.00086427 -0.0008618
v 0.00687693 -0.00093145 -0.0008618
v 0.00697311 -0.00097693 -0.0008618
v 0.0070693 -0.00102241 -0.0008618
v 0.00717357 -0.00104355 -0.0008618
v 0.00727784 -0.00106469 -0.0008618
v 0.00738414 -0.00106026 -0.0008618
v 0.00749044 -0.00105583 -0.0008618
v 0.00759259 -0.0010261 -0.0008618
v 0.00769474 -0.00099636 -0.0008618
v 0.00778681 -0.00094304 -0.0008618
v 0.00787887 -0.00088972 -0.0008618
v 0.0079555 -0.00081591 -0.0008618
v 0.00803214 -0.00074211 -0.0008618
v 0.00808888 -0.00065211 -0.0008618
v 0.00814562 -0.00056211 -0.0008618
v 0.00817917 -0.00046115 -0.0008618
v 0.00821273 -0.00036019 -0.0008618
v 0.00822115 -0.00025413 -0.0008618
v 0.00822957 -0.00014807 -0.0008618
v 0.00821236 -4.308E-05 -0.0008618
v 0.00819515 6.191E-05 -0.0008618
v 0.00815332 0.00015973 -0.0008618
v 0.00811148 0.00025755 -0.0008618
v 0.00805259 0.0003464 -0.0008618
v 0.00798342 0.00042749 -0.0008618
v 0.00790092 0.00049467 -0.0008618
v 0.00781842 0.00056184 -0.0008618
v 0.00772224 0.00060732 -0.0008618
v 0.00762606 0.0006528 -0.0008618
v 0.00752179 0.00067394 -0.0008618
v 0.00741752 0.00069508 -0.0008618
v 0.00731122 0.00069066 -0.0008618
v 0.00720492 0.00068623 -0.0008618
v 0.00710276 0.00065649 -0.0008618
v 0.00700061 0.00062676 -0.0008618
v 0.00665398 0.00053547 -0.00079405
v 0.00833451 -2.306E-05 -0.00079405
v 0.00834454 -0.00026393 -0.00079405
v 0.00826713 0.0002084 -0.00079405
v 0.00829664 -0.00050019 -0.00079405
v 0.00819359 -0.00071813 -0.00079405
v 0.00804137 -0.00090507 -0.00079405
v 0.00784884 -0.00105015 -0.00079405
v 0.00762719 -0.00114494 -0.00079405
v 0.00738929 -0.00118394 -0.00079405
v 0.00714897 -0.00116486 -0.00079405
v 0.0069202 -0.00108883 -0.00079405
v 0.00671627 -0.00096026 -0.00079405
v 0.00654904 -0.00078662 -0.00079405
v 0.00642823 -0.00057801 -0.00079405
v 0.00636084 -0.00034654 -0.00079405
v 0.00635081 -0.00010568 -0.00079405
v 0.00639871 0.00013059 -0.00079405
v 0.00650177 0.00034853 -0.00079405
v 0.00684651 0.00068055 -0.00079405
v 0.00706817 0.00077534 -0.00079405
v 0.00730606 0.00081433 -0.00079405
v 0.00754638 0.00079526 -0.00079405
v 0.00777515 0.00071923 -0.00079405
v 0.00797908 0.00059065 -0.00079405
v 0.00814631 0.00041702 -0.00079405
v 0.00814631 0.00041702 -0.00076695
v 0.00797908 0.00059065 -0.00076695
v 0.00777515 0.00071923 -0.00076695
v 0.00754638 0.00079526 -0.00076695
v 0.00730606 0.00081433 -0.00076695
v 0.00706817 0.00077534 -0.00076695
v 0.00684651 0.00068055 -0.00076695
v 0.00665398 0.00053547 -0.00076695
v 0.00650177 0.00034853 -0.00076695
v 0.00639871 0.00013059 -0.00076695
v 0.00635081 -0.00010568 -0.00076695
v 0.00636084 -0.00034654 -0.00076695
v 0.00642823 -0.00057801 -0.00076695
v 0.00654904 -0.00078662 -0.00076695
v 0.00671627 -0.00096026 -0.00076695
v 0.0069202 -0.00108883 -0.00076695
v 0.00714897 -0.00116486 -0.00076695
v 0.00738929 -0.00118394 -0.00076695
v 0.00762719 -0.00114494 -0.00076695
v 0.00784884 -0.00105015 -0.00076695
v 0.00804137 -0.00090507 -0.00076695
v 0.00819359 -0.00071813 -0.00076695
v 0.00829664 -0.00050019 -0.00076695
v 0.00834454 -0.00026393 -0.00076695
v 0.00833451 -2.306E-05 -0.00076695
v 0.00826713 0.0002084 -0.00076695
v 0.00653612 -0.00053187 -0.0006992
v 0.00647664 -0.00032756 -0.0006992
v 0.00646779 -0.00011496 -0.0006992
v 0.00651007 9.358E-05 -0.0006992
v 0.00660103 0.00028594 -0.0006992
v 0.00673538 0.00045095 -0.0006992
v 0.00690532 0.000579 -0.0006992
v 0.00710097 0.00066267 -0.0006992
v 0.00731095 0.00069709 -0.0006992
v 0.00752306 0.00068025 -0.0006992
v 0.00772499 0.00061314 -0.0006992
v 0.00790498 0.00049966 -0.0006992
v 0.00805259 0.0003464 -0.0006992
v 0.00815923 0.00016226 -0.0006992
v 0.00821871 -4.204E-05 -0.0006992
v 0.00822756 -0.00025464 -0.0006992
v 0.00818528 -0.00046318 -0.0006992
v 0.00809432 -0.00065554 -0.0006992
v 0.00795997 -0.00082055 -0.0006992
v 0.00779003 -0.00094861 -0.0006992
v 0.00759439 -0.00103227 -0.0006992
v 0.00738441 -0.00106669 -0.0006992
v 0.00717229 -0.00104985 -0.0006992
v 0.00697036 -0.00098274 -0.0006992
v 0.00679037 -0.00086926 -0.0006992
v 0.00664276 -0.000716 -0.0006992
v 0.00814631 0.00041702 -0.00063145
v 0.00797908 0.00059065 -0.00063145
v 0.00777515 0.00071923 -0.00063145
v 0.00754638 0.00079526 -0.00063145
v 0.00730606 0.00081433 -0.00063145
v 0.00706817 0.00077534 -0.00063145
v 0.00684651 0.00068055 -0.00063145
v 0.00665398 0.00053547 -0.00063145
v 0.00650177 0.00034853 -0.00063145
v 0.00639871 0.00013059 -0.00063145
v 0.00635081 -0.00010568 -0.00063145
v 0.00636084 -0.00034654 -0.00063145
v 0.00642823 -0.00057801 -0.00063145
v 0.00654904 -0.00078662 -0.00063145
v 0.00671627 -0.00096026 -0.00063145
v 0.0069202 -0.00108883 -0.00063145
v 0.00714897 -0.00116486 -0.00063145
v 0.00738929 -0.00118394 -0.00063145
v 0.00762719 -0.00114494 -0.00063145
v 0.00784884 -0.00105015 -0.00063145
v 0.00804137 -0.00090507 -0.00063145
v 0.00819359 -0.00071813 -0.00063145
v 0.00829664 -0.00050019 -0.00063145
v 0.00834454 -0.00026393 -0.00063145
v 0.00833451 -2.306E-05 -0.00063145
v 0.00826713 0.0002084 -0.00063145
v 0.00814631 0.00041702 -0.00060435
v 0.00797908 0.00059065 -0.00060435
v 0.00777515 0.00071923 -0.00060435
v 0.00754638 0.00079526 -0.00060435
v 0.00730606 0.00081433 -0.00060435
v 0.00706817 0.00077534 -0.00060435
v 0.00684651 0.00068055 -0.00060435
v 0.00665398 0.00053547 -0.00060435
v 0.00650177 0.00034853 -0.00060435
v 0.00639871 0.00013059 -0.00060435
v 0.00635081 -0.00010568 -0.00060435
v 0.00636084 -0.00034654 -0.00060435
v 0.00642823 -0.00057801 -0.00060435
v 0.00654904 -0.00078662 -0.00060435
v 0.00671627 -0.00096026 -0.00060435
v 0.0069202 -0.00108883 -0.00060435
v 0.00714897 -0.00116486 -0.00060435
v 0.00738929 -0.00118394 -0.00060435
v 0.00762719 -0.00114494 -0.00060435
v 0.00784884 -0.00105015 -0.00060435
v 0.00804137 -0.00090507 -0.00060435
v 0.00819359 -0.00071813 -0.00060435
v 0.00829664 -0.00050019 -0.00060435
v 0.00834454 -0.00026393 -0.00060435
v 0.00833451 -2.306E-05 -0.00060435
v 0.00826713 0.0002084 -0.00060435
v 0.00653612 -0.00053187 -0.0005366
v 0.00647664 -0.00032756 -0.0005366
v 0.00646779 -0.00011496 -0.0005366
v 0.00651007 9.358E-05 -0.0005366
v 0.00660103 0.00028594 -0.0005366
v 0.00673538 0.00045095 -0.0005366
v 0.00690532 0.000579 -0.0005366
v 0.00710097 0.00066267 -0.0005366
v 0.00731095 0.00069709 -0.0005366
v 0.00752306 0.00068025 -0.0005366
v 0.00772499 0.00061314 -0.0005366
v 0.00790498 0.00049966 -0.0005366
v 0.00805259 0.0003464 -0.0005366
v 0.00815923 0.00016226 -0.0005366
v 0.00821871 -4.204E-05 -0.0005366
v 0.00822756 -0.00025464 -0.0005366
v 0.00818528 -0.00046318 -0.0005366
v 0.00809432 -0.00065554 -0.0005366
v 0.00795997 -0.00082055 -0.0005366
v 0.00779003 -0.00094861 -0.0005366
v 0.00759439 -0.00103227 -0.0005366
v 0.00738441 -0.00106669 -0.0005366
v 0.00717229 -0.00104985 -0.0005366
v 0.00697036 -0.00098274 -0.0005366
v 0.00679037 -0.00086926 -0.0005366
v 0.00664276 -0.000716 -0.0005366
v 0.00814631 0.00041702 -0.00046885
v 0.00797908 0.00059065 -0.00046885
v 0.00777515 0.00071923 -0.00046885
v 0.00754638 0.00079526 -0.00046885
v 0.00730606 0.00081433 -0.00046885
v 0.00706817 0.00077534 -0.00046885
v 0.00684651 0.00068055 -0.00046885
v 0.00665398 0.00053547 -0.00046885
v 0.00650177 0.00034853 -0.00046885
v 0.00639871 0.00013059 -0.00046885
v 0.00635081 -0.00010568 -0.00046885
v 0.00636084 -0.00034654 -0.00046885
v 0.00642823 -0.00057801 -0.00046885
v 0.00654904 -0.00078662 -0.00046885
v 0.00671627 -0.00096026 -0.00046885
v 0.0069202 -0.00108883 -0.00046885
v 0.00714897 -0.00116486 -0.00046885
v 0.00738929 -0.00118394 -0.00046885
v 0.00762719 -0.00114494 -0.00046885
v 0.00784884 -0.00105015 -0.00046885
v 0.00804137 -0.00090507 -0.00046885
v 0.00819359 -0.00071813 -0.00046885
v 0.00829664 -0.00050019 -0.00046885
v 0.00834454 -0.00026393 -0.00046885
v 0.00833451 -2.306E-05 -0.00046885
v 0.00826713 0.0002084 -0.00046885
v 0.00814631 0.00041702 -0.00044175
v 0.00797908 0.00059065 -0.00044175
v 0.00777515 0.00071923 -0.00044175
v 0.00754638 0.00079526 -0.00044175
v 0.00730606 0.00081433 -0.00044175
v 0.00706817 0.00077534 -0.00044175
v 0.00684651 0.00068055 -0.00044175
v 0.00665398 0.00053547 -0.00044175
v 0.00650177 0.00034853 -0.00044175
v 0.00639871 0.00013059 -0.00044175
v 0.00635081 -0.00010568 -0.00044175
v 0.00636084 -0.00034654 -0.00044175
v 0.00642823 -0.00057801 -0.00044175
v 0.00654904 -0.00078662 -0.00044175
v 0.00671627 -0.00096026 -0.00044175
v 0.0069202 -0.00108883 -0.00044175
v 0.00714897 -0.00116486 -0.00044175
v 0.00738929 -0.00118394 -0.00044175
v 0.00762719 -0.00114494 -0.00044175
v 0.00784884 -0.00105015 -0.00044175
v 0.00804137 -0.00090507 -0.00044175
v 0.00819359 -0.00071813 -0.00044175
v 0.00829664 -0.00050019 -0.00044175
v 0.00834454 -0.00026393 -0.00044175
v 0.00833451 -2.306E-05 -0.00044175
v 0.00826713 0.0002084 -0.00044175
v 0.00679037 -0.00086926 -0.000374
v 0.00717229 -0.00104985 -0.000374
v 0.00707133 -0.0010163 -0.000374
v 0.00697036 -0.00098274 -0.000374
v 0.00688037 -0.000926 -0.000374
v 0.00759439 -0.00103227 -0.000374
v 0.0074894 -0.00104948 -0.000374
v 0.00738441 -0.00106669 -0.000374
v 0.00727835 -0.00105827 -0.000374
v 0.00795997 -0.00082055 -0.000374
v 0.007875 -0.00088458 -0.000374
v 0.00779003 -0.00094861 -0.000374
v 0.00769221 -0.00099044 -0.000374
v 0.00818528 -0.00046318 -0.000374
v 0.0081398 -0.00055936 -0.000374
v 0.00809432 -0.00065554 -0.000374
v 0.00802714 -0.00073805 -0.000374
v 0.00821871 -4.204E-05 -0.000374
v 0.00822314 -0.00014834 -0.000374
v 0.00822756 -0.00025464 -0.000374
v 0.00820642 -0.00035891 -0.000374
v 0.00805259 0.0003464 -0.000374
v 0.00810591 0.00025433 -0.000374
v 0.00815923 0.00016226 -0.000374
v 0.00818897 6.011E-05 -0.000374
v 0.00772499 0.00061314 -0.000374
v 0.00781499 0.0005564 -0.000374
v 0.00790498 0.00049966 -0.000374
v 0.00797879 0.00042303 -0.000374
v 0.00731095 0.00069709 -0.000374
v 0.00741701 0.00068867 -0.000374
v 0.00752306 0.00068025 -0.000374
v 0.00762403 0.0006467 -0.000374
v 0.00690532 0.000579 -0.000374
v 0.00700314 0.00062084 -0.000374
v 0.00710097 0.00066267 -0.000374
v 0.00720596 0.00067988 -0.000374
v 0.00660103 0.00028594 -0.000374
v 0.00666821 0.00036844 -0.000374
v 0.00673538 0.00045095 -0.000374
v 0.00682035 0.00051498 -0.000374
v 0.00646779 -0.00011496 -0.000374
v 0.00648893 -1.069E-05 -0.000374
v 0.00651007 9.358E-05 -0.000374
v 0.00655555 0.00018976 -0.000374
v 0.00653612 -0.00053187 -0.000374
v 0.00650638 -0.00042971 -0.000374
v 0.00647664 -0.00032756 -0.000374
v 0.00647222 -0.00022126 -0.000374
v 0.00671656 -0.00079263 -0.000374
v 0.00664276 -0.000716 -0.000374
v 0.00658944 -0.00062393 -0.000374
v 0.00803631 -0.00089982 -0.00030625
v 0.00794949 -0.00098343 -0.00030625
v 0.00784519 -0.00104384 -0.00030625
v 0.00774088 -0.00110425 -0.00030625
v 0.00762515 -0.00113794 -0.00030625
v 0.00750942 -0.00117163 -0.00030625
v 0.00738898 -0.00117665 -0.00030625
v 0.00726855 -0.00118167 -0.00030625
v 0.00715042 -0.00115771 -0.00030625
v 0.00703229 -0.00113376 -0.00030625
v 0.00692332 -0.00108224 -0.00030625
v 0.00681435 -0.00103071 -0.00030625
v 0.00672088 -0.0009546 -0.00030625
v 0.00662741 -0.0008785 -0.00030625
v 0.00655487 -0.00078223 -0.00030625
v 0.00648233 -0.00068597 -0.00030625
v 0.00643493 -0.00057514 -0.00030625
v 0.00638753 -0.00046431 -0.00030625
v 0.00636804 -0.00034536 -0.00030625
v 0.00634854 -0.00022641 -0.00030625
v 0.00635808 -0.00010625 -0.00030625
v 0.00636762 1.39E-05 -0.00030625
v 0.00640563 0.00012829 -0.00030625
v 0.00644365 0.00024267 -0.00030625
v 0.00650794 0.00034464 -0.00030625
v 0.00657222 0.0004466 -0.00030625
v 0.00665904 0.00053022 -0.00030625
v 0.00674586 0.00061383 -0.00030625
v 0.00685016 0.00067424 -0.00030625
v 0.00695447 0.00073465 -0.00030625
v 0.0070702 0.00076834 -0.00030625
v 0.00718594 0.00080203 -0.00030625
v 0.00730637 0.00080705 -0.00030625
v 0.0074268 0.00081206 -0.00030625
v 0.00754493 0.00078811 -0.00030625
v 0.00766307 0.00076416 -0.00030625
v 0.00777203 0.00071263 -0.00030625
v 0.007881 0.00066111 -0.00030625
v 0.00797447 0.000585 -0.00030625
v 0.00806795 0.00050889 -0.00030625
v 0.00814631 0.00041702 -0.00030625
v 0.00821303 0.00031636 -0.00030625
v 0.00826042 0.00020554 -0.00030625
v 0.00830782 9.471E-05 -0.00030625
v 0.00832731 -2.424E-05 -0.00030625
v 0.00834681 -0.00014319 -0.00030625
v 0.00833727 -0.00026335 -0.00030625
v 0.00832774 -0.00038351 -0.00030625
v 0.00828972 -0.00049789 -0.00030625
v 0.0082517 -0.00061228 -0.00030625
v 0.00818742 -0.00071424 -0.00030625
v 0.00812313 -0.0008162 -0.00030625
v 0.00814631 0.00041702 -0.00027915
v 0.00826713 0.0002084 -0.00027915
v 0.00833451 -2.306E-05 -0.00027915
v 0.00834454 -0.00026393 -0.00027915
v 0.00829664 -0.00050019 -0.00027915
v 0.00819359 -0.00071813 -0.00027915
v 0.00804137 -0.00090507 -0.00027915
v 0.00784884 -0.00105015 -0.00027915
v 0.00762719 -0.00114494 -0.00027915
v 0.00738929 -0.00118394 -0.00027915
v 0.00714897 -0.00116486 -0.00027915
v 0.0069202 -0.00108883 -0.00027915
v 0.00671627 -0.00096026 -0.00027915
v 0.00654904 -0.00078662 -0.00027915
v 0.00642823 -0.00057801 -0.00027915
v 0.00636084 -0.00034654 -0.00027915
v 0.00635081 -0.00010568 -0.00027915
v 0.00639871 0.00013059 -0.00027915
v 0.00650177 0.00034853 -0.00027915
v 0.00665398 0.00053547 -0.00027915
v 0.00684651 0.00068055 -0.00027915
v 0.00706817 0.00077534 -0.00027915
v 0.00730606 0.00081433 -0.00027915
v 0.00754638 0.00079526 -0.00027915
v 0.00777515 0.00071923 -0.00027915
v 0.00797908 0.00059065 -0.00027915
v 0.00653612 -0.00053187 -0.0002114
v 0.00647664 -0.00032756 -0.0002114
v 0.00646779 -0.00011496 -0.0002114
v 0.00651007 9.358E-05 -0.0002114
v 0.00660103 0.00028594 -0.0002114
v 0.00673538 0.00045095 -0.0002114
v 0.00690532 0.000579 -0.0002114
v 0.00710097 0.00066267 -0.0002114
v 0.00731095 0.00069709 -0.0002114
v 0.00752306 0.00068025 -0.0002114
v 0.00772499 0.00061314 -0.0002114
v 0.00790498 0.00049966 -0.0002114
v 0.00805259 0.0003464 -0.0002114
v 0.00815923 0.00016226 -0.0002114
v 0.00821871 -4.204E-05 -0.0002114
v 0.00822756 -0.00025464 -0.0002114
v 0.00818528 -0.00046318 -0.0002114
v 0.00809432 -0.00065554 -0.0002114
v 0.00795997 -0.00082055 -0.0002114
v 0.00779003 -0.00094861 -0.0002114
v 0.00759439 -0.00103227 -0.0002114
v 0.00738441 -0.00106669 -0.0002114
v 0.00717229 -0.00104985 -0.0002114
v 0.00697036 -0.00098274 -0.0002114
v 0.00679037 -0.00086926 -0.0002114
v 0.00664276 -0.000716 -0.0002114
v 0.00814631 0.00041702 -0.00014365
v 0.00797908 0.00059065 -0.00014365
v 0.00777515 0.00071923 -0.00014365
v 0.00754638 0.00079526 -0.00014365
v 0.00730606 0.00081433 -0.00014365
v 0.00706817 0.00077534 -0.00014365
v 0.00684651 0.00068055 -0.00014365
v 0.00665398 0.00053547 -0.00014365
v 0.00650177 0.00034853 -0.00014365
v 0.00639871 0.00013059 -0.00014365
v 0.00635081 -0.00010568 -0.00014365
v 0.00636084 -0.00034654 -0.00014365
v 0.00642823 -0.00057801 -0.00014365
v 0.00654904 -0.00078662 -0.00014365
v 0.00671627 -0.00096026 -0.00014365
v 0.0069202 -0.00108883 -0.00014365
v 0.00714897 -0.00116486 -0.00014365
v 0.00738929 -0.00118394 -0.00014365
v 0.00762719 -0.00114494 -0.00014365
v 0.00784884 -0.00105015 -0.00014365
v 0.00804137 -0.00090507 -0.00014365
v 0.00819359 -0.00071813 -0.00014365
v 0.00829664 -0.00050019 -0.00014365
v 0.00834454 -0.00026393 -0.00014365
v 0.00833451 -2.306E-05 -0.00014365
v 0.00826713 0.0002084 -0.00014365
v 0.00814631 0.00041702 -0.00011655
v 0.00797908 0.00059065 -0.00011655
v 0.00777515 0.00071923 -0.00011655
v 0.00754638 0.00079526 -0.00011655
v 0.00730606 0.00081433 -0.00011655
v 0.00706817 0.00077534 -0.00011655
v 0.00684651 0.00068055 -0.00011655
v 0.00665398 0.00053547 -0.00011655
v 0.00650177 0.00034853 -0.00011655
v 0.00639871 0.00013059 -0.00011655
v 0.00635081 -0.00010568 -0.00011655
v 0.00636084 -0.00034654 -0.00011655
v 0.00642823 -0.00057801 -0.00011655
v 0.00654904 -0.00078662 -0.00011655
v 0.00671627 -0.00096026 -0.00011655
v 0.0069202 -0.00108883 -0.00011655
v 0.00714897 -0.00116486 -0.00011655
v 0.00738929 -0.00118394 -0.00011655
v 0.00762719 -0.00114494 -0.00011655
v 0.00784884 -0.00105015 -0.00011655
v 0.00804137 -0.00090507 -0.00011655
v 0.00819359 -0.00071813 -0.00011655
v 0.00829664 -0.00050019 -0.00011655
v 0.00834454 -0.00026393 -0.00011655
v 0.00833451 -2.306E-05 -0.00011655
v 0.00826713 0.0002084 -0.00011655
v 0.00653612 -0.00053187 -4.88E-05
v 0.00647664 -0.00032756 -4.88E-05
v 0.00646779 -0.00011496 -4.88E-05
v 0.00651007 9.358E-05 -4.88E-05
v 0.00660103 0.00028594 -4.88E-05
v 0.00673538 0.00045095 -4.88E-05
v 0.00690532 0.000579 -4.88E-05
v 0.00710097 0.00066267 -4.88E-05
v 0.00731095 0.00069709 -4.88E-05
v 0.00752306 0.00068025 -4.88E-05
v 0.00772499 0.00061314 -4.88E-05
v 0.00790498 0.00049966 -4.88E-05
v 0.00805259 0.0003464 -4.88E-05
v 0.00815923 0.00016226 -4.88E-05
v 0.00821871 -4.204E-05 -4.88E-05
v 0.00822756 -0.00025464 -4.88E-05
v 0.00818528 -0.00046318 -4.88E-05
v 0.00809432 -0.00065554 -4.88E-05
v 0.00795997 -0.00082055 -4.88E-05
v 0.00779003 -0.00094861 -4.88E-05
v 0.00759439 -0.00103227 -4.88E-05
v 0.00738441 -0.00106669 -4.88E-05
v 0.00717229 -0.00104985 -4.88E-05
v 0.00697036 -0.00098274 -4.88E-05
v 0.00679037 -0.00086926 -4.88E-05
v 0.00664276 -0.000716 -4.88E-05
v 0.00814631 0.00041702 1.895E-05
v 0.00797908 0.00059065 1.895E-05
v 0.00777515 0.00071923 1.895E-05
v 0.00754638 0.00079526 1.895E-05
v 0.00730606 0.00081433 1.895E-05
v 0.00706817 0.00077534 1.895E-05
v 0.00684651 0.00068055 1.895E-05
v 0.00665398 0.00053547 1.895E-05
v 0.00650177 0.00034853 1.895E-05
v 0.00639871 0.00013059 1.895E-05
v 0.00635081 -0.00010568 1.895E-05
v 0.00636084 -0.00034654 1.895E-05
v 0.00642823 -0.00057801 1.895E-05
v 0.00654904 -0.00078662 1.895E-05
v 0.00671627 -0.00096026 1.895E-05
v 0.0069202 -0.00108883 1.895E-05
v 0.00714897 -0.00116486 1.895E-05
v 0.00738929 -0.00118394 1.895E-05
v 0.00762719 -0.00114494 1.895E-05
v 0.00784884 -0.00105015 1.895E-05
v 0.00804137 -0.00090507 1.895E-05
v 0.00819359 -0.00071813 1.895E-05
v 0.00829664 -0.00050019 1.895E-05
v 0.00834454 -0.00026393 1.895E-05
v 0.00833451 -2.306E-05 1.895E-05
v 0.00826713 0.0002084 1.895E-05
v 0.00814631 0.00041702 4.605E-05
v 0.00797908 0.00059065 4.605E-05
v 0.00777515 0.00071923 4.605E-05
v 0.00754638 0.00079526 4.605E-05
v 0.00730606 0.00081433 4.605E-05
v 0.00706817 0.00077534 4.605E-05
v 0.00684651 0.00068055 4.605E-05
v 0.00665398 0.00053547 4.605E-05
v 0.00650177 0.00034853 4.605E-05
v 0.00639871 0.00013059 4.605E-05
v 0.00635081 -0.00010568 4.605E-05
v 0.00636084 -0.00034654 4.605E-05
v 0.00642823 -0.00057801 4.605E-05
v 0.00654904 -0.00078662 4.605E-05
v 0.00671627 -0.00096026 4.605E-05
v 0.0069202 -0.00108883 4.605E-05
v 0.00714897 -0.00116486 4.605E-05
v 0.00738929 -0.00118394 4.605E-05
v 0.00762719 -0.00114494 4.605E-05
v 0.00784884 -0.00105015 4.605E-05
v 0.00804137 -0.00090507 4.605E-05
v 0.00819359 -0.00071813 4.605E-05
v 0.00829664 -0.00050019 4.605E-05
v 0.00834454 -0.00026393 4.605E-05
v 0.00833451 -2.306E-05 4.605E-05
v 0.00826713 0.0002084 4.605E-05
v 0.00653612 -0.00053187 0.0001138
v 0.00647664 -0.00032756 0.0001138
v 0.00646779 -0.00011496 0.0001138
v 0.00651007 9.358E-05 0.0001138
v 0.00660103 0.00028594 0.0001138
v 0.00673538 0.00045095 0.0001138
v 0.00690532 0.000579 0.0001138
v 0.00710097 0.00066267 0.0001138
v 0.00731095 0.00069709 0.0001138
v 0.00752306 0.00068025 0.0001138
v 0.00772499 0.00061314 0.0001138
v 0.00790498 0.00049966 0.0001138
v 0.00805259 0.0003464 0.0001138
v 0.00815923 0.00016226 0.0001138
v 0.00821871 -4.204E-05 0.0001138
v 0.00822756 -0.00025464 0.0001138
v 0.00818528 -0.00046318 0.0001138
v 0.00809432 -0.00065554 0.0001138
v 0.00795997 -0.00082055 0.0001138
v 0.00779003 -0.00094861 0.0001138
v 0.00759439 -0.00103227 0.0001138
v 0.00738441 -0.00106669 0.0001138
v 0.00717229 -0.00104985 0.0001138
v 0.00697036 -0.00098274 0.0001138
v 0.00679037 -0.00086926 0.0001138
v 0.00664276 -0.000716 0.0001138
v 0.00814631 0.00041702 0.00018155
v 0.00797908 0.00059065 0.00018155
v 0.00777515 0.00071923 0.00018155
v 0.00754638 0.00079526 0.00018155
v 0.00730606 0.00081433 0.00018155
v 0.00706817 0.00077534 0.00018155
v 0.00684651 0.00068055 0.00018155
v 0.00665398 0.00053547 0.00018155
v 0.00650177 0.00034853 0.00018155
v 0.00639871 0.00013059 0.00018155
v 0.00635081 -0.00010568 0.00018155
v 0.00636084 -0.00034654 0.00018155
v 0.00642823 -0.00057801 0.00018155
v 0.00654904 -0.00078662 0.00018155
v 0.00671627 -0.00096026 0.00018155
v 0.0069202 -0.00108883 0.00018155
v 0.00714897 -0.00116486 0.00018155
v 0.00738929 -0.00118394 0.00018155
v 0.00762719 -0.00114494 0.00018155
v 0.00784884 -0.00105015 0.00018155
v 0.00804137 -0.00090507 0.00018155
v 0.00819359 -0.00071813 0.00018155
v 0.00829664 -0.00050019 0.00018155
v 0.00834454 -0.00026393 0.00018155
v 0.00833451 -2.306E-05 0.00018155
v 0.00826713 0.0002084 0.00018155
v 0.00814631 0.00041702 0.00020865
v 0.00797908 0.00059065 0.00020865
v 0.00777515 0.00071923 0.00020865
v 0.00754638 0.00079526 0.00020865
v 0.00730606 0.00081433 0.00020865
v 0.00706817 0.00077534 0.00020865
v 0.00684651 0.00068055 0.00020865
v 0.00665398 0.00053547 0.00020865
v 0.00650177 0.00034853 0.00020865
v 0.00639871 0.00013059 0.00020865
v 0.00635081 -0.00010568 0.00020865
v 0.00636084 -0.00034654 0.00020865
v 0.00642823 -0.00057801 0.00020865
v 0.00654904 -0.00078662 0.00020865
v 0.00671627 -0.00096026 0.00020865
v 0.0069202 -0.00108883 0.00020865
v 0.00714897 -0.00116486 0.00020865
v 0.00738929 -0.00118394 0.00020865
v 0.00762719 -0.00114494 0.00020865
v 0.00784884 -0.00105015 0.00020865
v 0.00804137 -0.00090507 0.00020865
v 0.00819359 -0.00071813 0.00020865
v 0.00829664 -0.00050019 0.00020865
v 0.00834454 -0.00026393 0.00020865
v 0.00833451 -2.306E-05 0.00020865
v 0.00826713 0.0002084 0.00020865
v 0.00653612 -0.00053187 0.0002764
v 0.00647664 -0.00032756 0.0002764
v 0.00646779 -0.00011496 0.0002764
v 0.00651007 9.358E-05 0.0002764
v 0.00660103 0.00028594 0.0002764
v 0.00673538 0.00045095 0.0002764
v 0.00690532 0.000579 0.0002764
v 0.00710097 0.00066267 0.0002764
v 0.00731095 0.00069709 0.0002764
v 0.00752306 0.00068025 0.0002764
v 0.00772499 0.00061314 0.0002764
v 0.00790498 0.00049966 0.0002764
v 0.00805259 0.0003464 0.0002764
v 0.00815923 0.00016226 0.0002764
v 0.00821871 -4.204E-05 0.0002764
v 0.00822756 -0.00025464 0.0002764
v 0.00818528 -0.00046318 0.0002764
v 0.00809432 -0.00065554 0.0002764
v 0.00795997 -0.00082055 0.0002764
v 0.00779003 -0.00094861 0.0002764
v 0.00759439 -0.00103227 0.0002764
v 0.00738441 -0.00106669 0.0002764
v 0.00717229 -0.00104985 0.0002764
v 0.00697036 -0.00098274 0.0002764
v 0.00679037 -0.00086926 0.0002764
v 0.00664276 -0.000716 0.0002764
v 0.00814631 0.00041702 0.00034415
v 0.00797908 0.00059065 0.00034415
v 0.00777515 0.00071923 0.00034415
v 0.00754638 0.00079526 0.00034415
v 0.00730606 0.00081433 0.00034415
v 0.00706817 0.00077534 0.00034415
v 0.00684651 0.00068055 0.00034415
v 0.00665398 0.00053547 0.00034415
v 0.00650177 0.00034853 0.00034415
v 0.00639871 0.00013059 0.00034415
v 0.00635081 -0.00010568 0.00034415
v 0.00636084 -0.00034654 0.00034415
v 0.00642823 -0.00057801 0.00034415
v 0.00654904 -0.00078662 0.00034415
v 0.00671627 -0.00096026 0.00034415
v 0.0069202 -0.00108883 0.00034415
v 0.00714897 -0.00116486 0.00034415
v 0.00738929 -0.00118394 0.00034415
v 0.00762719 -0.00114494 0.00034415
v 0.00784884 -0.00105015 0.00034415
v 0.00804137 -0.00090507 0.00034415
v 0.00819359 -0.00071813 0.00034415
v 0.00829664 -0.00050019 0.00034415
v 0.00834454 -0.00026393 0.00034415
v 0.00833451 -2.306E-05 0.00034415
v 0.00826713 0.0002084 0.00034415
v 0.00814631 0.00041702 0.00037125
v 0.00797908 0.00059065 0.00037125
v 0.00777515 0.00071923 0.00037125
v 0.00754638 0.00079526 0.00037125
v 0.00730606 0.00081433 0.00037125
v 0.00706817 0.00077534 0.00037125
v 0.00684651 0.00068055 0.00037125
v 0.00665398 0.00053547 0.00037125
v 0.00650177 0.00034853 0.00037125
v 0.00639871 0.00013059 0.00037125
v 0.00635081 -0.00010568 0.00037125
v 0.00636084 -0.00034654 0.00037125
v 0.00642823 -0.00057801 0.00037125
v 0.00654904 -0.00078662 0.00037125
v 0.00671627 -0.00096026 0.00037125
v 0.0069202 -0.00108883 0.00037125
v 0.00714897 -0.00116486 0.00037125
v 0.00738929 -0.00118394 0.00037125
v 0.00762719 -0.00114494 0.00037125
v 0.00784884 -0.00105015 0.00037125
v 0.00804137 -0.00090507 0.00037125
v 0.00819359 -0.00071813 0.00037125
v 0.00829664 -0.00050019 0.00037125
v 0.00834454 -0.00026393 0.00037125
v 0.00833451 -2.306E-05 0.00037125
v 0.00826713 0.0002084 0.00037125
v 0.00653612 -0.00053187 0.000439
v 0.00647664 -0.00032756 0.000439
v 0.00646779 -0.00011496 0.000439
v 0.00651007 9.358E-05 0.000439
v 0.00660103 0.00028594 0.000439
v 0.00673538 0.00045095 0.000439
v 0.00690532 0.000579 0.000439
v 0.00710097 0.00066267 0.000439
v 0.00731095 0.00069709 0.000439
v 0.00752306 0.00068025 0.000439
v 0.00772499 0.00061314 0.000439
v 0.00790498 0.00049966 0.000439
v 0.00805259 0.0003464 0.000439
v 0.00815923 0.00016226 0.000439
v 0.00821871 -4.204E-05 0.000439
v 0.00822756 -0.00025464 0.000439
v 0.00818528 -0.00046318 0.000439
v 0.00809432 -0.00065554 0.000439
v 0.00795997 -0.00082055 0.000439
v 0.00779003 -0.00094861 0.000439
v 0.00759439 -0.00103227 0.000439
v 0.00738441 -0.00106669 0.000439
v 0.00717229 -0.00104985 0.000439
v 0.00697036 -0.00098274 0.000439
v 0.00679037 -0.00086926 0.000439
v 0.00664276 -0.000716 0.000439
v 0.00814631 0.00041702 0.00050675
v 0.00797908 0.00059065 0.00050675
v 0.00777515 0.00071923 0.00050675
v 0.00754638 0.00079526 0.00050675
v 0.00730606 0.00081433 0.00050675
v 0.00706817 0.00077534 0.00050675
v 0.00684651 0.00068055 0.00050675
v 0.00665398 0.00053547 0.00050675
v 0.00650177 0.00034853 0.00050675
v 0.00639871 0.00013059 0.00050675
v 0.00635081 -0.00010568 0.00050675
v 0.00636084 -0.00034654 0.00050675
v 0.00642823 -0.00057801 0.00050675
v 0.00654904 -0.00078662 0.00050675
v 0.00671627 -0.00096026 0.00050675
v 0.0069202 -0.00108883 0.00050675
v 0.00714897 -0.00116486 0.00050675
v 0.00738929 -0.00118394 0.00050675
v 0.00762719 -0.00114494 0.00050675
v 0.00784884 -0.00105015 0.00050675
v 0.00804137 -0.00090507 0.00050675
v 0.00819359 -0.00071813 0.00050675
v 0.00829664 -0.00050019 0.00050675
v 0.00834454 -0.00026393 0.00050675
v 0.00833451 -2.306E-05 0.00050675
v 0.00826713 0.0002084 0.00050675
v 0.00814631 0.00041702 0.00053385
v 0.00797908 0.00059065 0.00053385
v 0.00777515 0.00071923 0.00053385
v 0.00754638 0.00079526 0.00053385
v 0.00730606 0.00081433 0.00053385
v 0.00706817 0.00077534 0.00053385
v 0.00684651 0.00068055 0.00053385
v 0.00665398 0.00053547 0.00053385
v 0.00650177 0.00034853 0.00053385
v 0.00639871 0.00013059 0.00053385
v 0.00635081 -0.00010568 0.00053385
v 0.00636084 -0.00034654 0.00053385
v 0.00642823 -0.00057801 0.00053385
v 0.00654904 -0.00078662 0.00053385
v 0.00671627 -0.00096026 0.00053385
v 0.0069202 -0.00108883 0.00053385
v 0.00714897 -0.00116486 0.00053385
v 0.00738929 -0.00118394 0.00053385
v 0.00762719 -0.00114494 0.00053385
v 0.00784884 -0.00105015 0.00053385
v 0.00804137 -0.00090507 0.00053385
v 0.00819359 -0.00071813 0.00053385
v 0.00829664 -0.00050019 0.00053385
v 0.00834454 -0.00026393 0.00053385
v 0.00833451 -2.306E-05 0.00053385
v 0.00826713 0.0002084 0.00053385
v 0.00653612 -0.00053187 0.0006016
v 0.00647664 -0.00032756 0.0006016
v 0.00646779 -0.00011496 0.0006016
v 0.00651007 9.358E-05 0.0006016
v 0.00660103 0.00028594 0.0006016
v 0.00673538 0.00045095 0.0006016
v 0.00690532 0.000579 0.0006016
v 0.00710097 0.00066267 0.0006016
v 0.00731095 0.00069709 0.0006016
v 0.00752306 0.00068025 0.0006016
v 0.00772499 0.00061314 0.0006016
v 0.00790498 0.00049966 0.0006016
v 0.00805259 0.0003464 0.0006016
v 0.00815923 0.00016226 0.0006016
v 0.00821871 -4.204E-05 0.0006016
v 0.00822756 -0.00025464 0.0006016
v 0.00818528 -0.00046318 0.0006016
v 0.00809432 -0.00065554 0.0006016
v 0.00795997 -0.00082055 0.0006016
v 0.00779003 -0.00094861 0.0006016
v 0.00759439 -0.00103227 0.0006016
v 0.00738441 -0.00106669 0.0006016
v 0.00717229 -0.00104985 0.0006016
v 0.00697036 -0.00098274 0.0006016
v 0.00679037 -0.00086926 0.0006016
v 0.00664276 -0.000716 0.0006016
v 0.00814631 0.00041702 0.00066935
v 0.00797908 0.00059065 0.00066935
v 0.00777515 0.00071923 0.00066935
v 0.00754638 0.00079526 0.00066935
v 0.00730606 0.00081433 0.00066935
v 0.00706817 0.00077534 0.00066935
v 0.00684651 0.00068055 0.00066935
v 0.00665398 0.00053547 0.00066935
v 0.00650177 0.00034853 0.00066935
v 0.00639871 0.00013059 0.00066935
v 0.00635081 -0.00010568 0.00066935
v 0.00636084 -0.00034654 0.00066935
v 0.00642823 -0.00057801 0.00066935
v 0.00654904 -0.00078662 0.00066935
v 0.00671627 -0.00096026 0.00066935
v 0.0069202 -0.00108883 0.00066935
v 0.00714897 -0.00116486 0.00066935
v 0.00738929 -0.00118394 0.00066935
v 0.00762719 -0.00114494 0.00066935
v 0.00784884 -0.00105015 0.00066935
v 0.00804137 -0.00090507 0.00066935
v 0.00819359 -0.00071813 0.00066935
v 0.00829664 -0.00050019 0.00066935
v 0.00834454 -0.00026393 0.00066935
v 0.00833451 -2.306E-05 0.00066935
v 0.00826713 0.0002084 0.00066935
v 0.00814631 0.00041702 0.00069645
v 0.00797908 0.00059065 0.00069645
v 0.00777515 0.00071923 0.00069645
v 0.00754638 0.00079526 0.00069645
v 0.00730606 0.00081433 0.00069645
v 0.00706817 0.00077534 0.00069645
v 0.00684651 0.00068055 0.00069645
v 0.00665398 0.00053547 0.00069645
v 0.00650177 0.00034853 0.00069645
v 0.00639871 0.00013059 0.00069645
v 0.00635081 -0.00010568 0.00069645
v 0.00636084 -0.00034654 0.00069645
v 0.00642823 -0.00057801 0.00069645
v 0.00654904 -0.00078662 0.00069645
v 0.00671627 -0.00096026 0.00069645
v 0.0069202 -0.00108883 0.00069645
v 0.00714897 -0.00116486 0.00069645
v 0.00738929 -0.00118394 0.00069645
v 0.00762719 -0.00114494 0.00069645
v 0.00784884 -0.00105015 0.00069645
v 0.00804137 -0.00090507 0.00069645
v 0.00819359 -0.00071813 0.00069645
v 0.00829664 -0.00050019 0.00069645
v 0.00834454 -0.00026393 0.00069645
v 0.00833451 -2.306E-05 0.00069645
v 0.00826713 0.0002084 0.00069645
v 0.00679037 -0.00086926 0.0007642
v 0.00717229 -0.00104985 0.0007642
v 0.00707133 -0.0010163 0.0007642
v 0.00697036 -0.00098274 0.0007642
v 0.00688037 -0.000926 0.0007642
v 0.00759439 -0.00103227 0.0007642
v 0.0074894 -0.00104948 0.0007642
v 0.00738441 -0.00106669 0.0007642
v 0.00727835 -0.00105827 0.0007642
v 0.00795997 -0.00082055 0.0007642
v 0.007875 -0.00088458 0.0007642
v 0.00779003 -0.00094861 0.0007642
v 0.00769221 -0.00099044 0.0007642
v 0.00818528 -0.00046318 0.0007642
v 0.0081398 -0.00055936 0.0007642
v 0.00809432 -0.00065554 0.0007642
v 0.00802714 -0.00073805 0.0007642
v 0.00821871 -4.204E-05 0.0007642
v 0.00822314 -0.00014834 0.0007642
v 0.00822756 -0.00025464 0.0007642
v 0.00820642 -0.00035891 0.0007642
v 0.00805259 0.0003464 0.0007642
v 0.00810591 0.00025433 0.0007642
v 0.00815923 0.00016226 0.0007642
v 0.00818897 6.011E-05 0.0007642
v 0.00772499 0.00061314 0.0007642
v 0.00781499 0.0005564 0.0007642
v 0.00790498 0.00049966 0.0007642
v 0.00797879 0.00042303 0.0007642
v 0.00731095 0.00069709 0.0007642
v 0.00741701 0.00068867 0.0007642
v 0.00752306 0.00068025 0.0007642
v 0.00762403 0.0006467 0.0007642
v 0.00690532 0.000579 0.0007642
v 0.00700314 0.00062084 0.0007642
v 0.00710097 0.00066267 0.0007642
v 0.00720596 0.00067988 0.0007642
v 0.00660103 0.00028594 0.0007642
v 0.00666821 0.00036844 0.0007642
v 0.00673538 0.00045095 0.0007642
v 0.00682035 0.00051498 0.0007642
v 0.00646779 -0.00011496 0.0007642
v 0.00648893 -1.069E-05 0.0007642
v 0.00651007 9.358E-05 0.0007642
v 0.00655555 0.00018976 0.0007642
v 0.00653612 -0.00053187 0.0007642
v 0.00650638 -0.00042971 0.0007642
v 0.00647664 -0.00032756 0.0007642
v 0.00647222 -0.00022126 0.0007642
v 0.00671656 -0.00079263 0.0007642
v 0.00664276 -0.000716 0.0007642
v 0.00658944 -0.00062393 0.0007642
v 0.00803631 -0.00089982 0.00083195
v 0.00794949 -0.00098343 0.00083195
v 0.00784519 -0.00104384 0.00083195
v 0.00774088 -0.00110425 0.00083195
v 0.00762515 -0.00113794 0.00083195
v 0.00750942 -0.00117163 0.00083195
v 0.00738898 -0.00117665 0.00083195
v 0.00726855 -0.00118167 0.00083195
v 0.00715042 -0.00115771 0.00083195
v 0.00703229 -0.00113376 0.00083195
v 0.00692332 -0.00108224 0.00083195
v 0.00681435 -0.00103071 0.00083195
v 0.00672088 -0.0009546 0.00083195
v 0.00662741 -0.0008785 0.00083195
v 0.00655487 -0.00078223 0.00083195
v 0.00648233 -0.00068597 0.00083195
v 0.00643493 -0.00057514 0.00083195
v 0.00638753 -0.00046431 0.00083195
v 0.00636804 -0.00034536 0.00083195
v 0.00634854 -0.00022641 0.00083195
v 0.00635808 -0.00010625 0.00083195
v 0.00636762 1.39E-05 0.00083195
v 0.00640563 0.00012829 0.00083195
v 0.00644365 0.00024267 0.00083195
v 0.00650794 0.00034464 0.00083195
v 0.00657222 0.0004466 0.00083195
v 0.00665904 0.00053022 0.00083195
v 0.00674586 0.00061383 0.00083195
v 0.00685016 0.00067424 0.00083195
v 0.00695447 0.00073465 0.00083195
v 0.0070702 0.00076834 0.00083195
v 0.00718594 0.00080203 0.00083195
v 0.00730637 0.00080705 0.00083195
v 0.0074268 0.00081206 0.00083195
v 0.00754493 0.00078811 0.00083195
v 0.00766307 0.00076416 0.00083195
v 0.00777203 0.00071263 0.00083195
v 0.007881 0.00066111 0.00083195
v 0.00797447 0.000585 0.00083195
v 0.00806795 0.00050889 0.00083195
v 0.00814631 0.00041702 0.00083195
v 0.00821303 0.00031636 0.00083195
v 0.00826042 0.00020554 0.00083195
v 0.00830782 9.471E-05 0.00083195
v 0.00832731 -2.424E-05 0.00083195
v 0.00834681 -0.00014319 0.00083195
v 0.00833727 -0.00026335 0.00083195
v 0.00832774 -0.00038351 0.00083195
v 0.00828972 -0.00049789 0.00083195
v 0.0082517 -0.00061228 0.00083195
v 0.00818742 -0.00071424 0.00083195
v 0.00812313 -0.0008162 0.00083195
v 0.00814631 0.00041702 0.00085905
v 0.00826713 0.0002084 0.00085905
v 0.00833451 -2.306E-05 0.00085905
v 0.00834454 -0.00026393 0.00085905
v 0.00829664 -0.00050019 0.00085905
v 0.00819359 -0.00071813 0.00085905
v 0.00804137 -0.00090507 0.00085905
v 0.00784884 -0.00105015 0.00085905
v 0.00762719 -0.00114494 0.00085905
v 0.00738929 -0.00118394 0.00085905
v 0.00714897 -0.00116486 0.00085905
v 0.0069202 -0.00108883 0.00085905
v 0.00671627 -0.00096026 0.00085905
v 0.00654904 -0.00078662 0.00085905
v 0.00642823 -0.00057801 0.00085905
v 0.00636084 -0.00034654 0.00085905
v 0.00635081 -0.00010568 0.00085905
v 0.00639871 0.00013059 0.00085905
v 0.00650177 0.00034853 0.00085905
v 0.00665398 0.00053547 0.00085905
v 0.00684651 0.00068055 0.00085905
v 0.00706817 0.00077534 0.00085905
v 0.00730606 0.00081433 0.00085905
v 0.00754638 0.00079526 0.00085905
v 0.00777515 0.00071923 0.00085905
v 0.00797908 0.00059065 0.00085905
v 0.00679037 -0.00086926 0.0009268
v 0.00717229 -0.00104985 0.0009268
v 0.00707133 -0.0010163 0.0009268
v 0.00697036 -0.00098274 0.0009268
v 0.00688037 -0.000926 0.0009268
v 0.00759439 -0.00103227 0.0009268
v 0.0074894 -0.00104948 0.0009268
v 0.00738441 -0.00106669 0.0009268
v 0.00727835 -0.00105827 0.0009268
v 0.00795997 -0.00082055 0.0009268
v 0.007875 -0.00088458 0.0009268
v 0.00779003 -0.00094861 0.0009268
v 0.00769221 -0.00099044 0.0009268
v 0.00818528 -0.00046318 0.0009268
v 0.0081398 -0.00055936 0.0009268
v 0.00809432 -0.00065554 0.0009268
v 0.00802714 -0.00073805 0.0009268
v 0.00821871 -4.204E-05 0.0009268
v 0.00822314 -0.00014834 0.0009268
v 0.00822756 -0.00025464 0.0009268
v 0.00820642 -0.00035891 0.0009268
v 0.00805259 0.0003464 0.0009268
v 0.00810591 0.00025433 0.0009268
v 0.00815923 0.00016226 0.0009268
v 0.00818897 6.011E-05 0.0009268
v 0.00772499 0.00061314 0.0009268
v 0.00781499 0.0005564 0.0009268
v 0.00790498 0.00049966 0.0009268
v 0.00797879 0.00042303 0.0009268
v 0.00731095 0.00069709 0.0009268
v 0.00741701 0.00068867 0.0009268
v 0.00752306 0.00068025 0.0009268
v 0.00762403 0.0006467 0.0009268
v 0.00690532 0.000579 0.0009268
v 0.00700314 0.00062084 0.0009268
v 0.00710097 0.00066267 0.0009268
v 0.00720596 0.00067988 0.0009268
v 0.00660103 0.00028594 0.0009268
v 0.00666821 0.00036844 0.0009268
v 0.00673538 0.00045095 0.0009268
v 0.00682035 0.00051498 0.0009268
v 0.00646779 -0.00011496 0.0009268
v 0.00648893 -1.069E-05 0.0009268
v 0.00651007 9.358E-05 0.0009268
v 0.00655555 0.00018976 0.0009268
v 0.00653612 -0.00053187 0.0009268
v 0.00650638 -0.00042971 0.0009268
v 0.00647664 -0.00032756 0.0009268
v 0.00647222 -0.00022126 0.0009268
v 0.00671656 -0.00079263 0.0009268
v 0.00664276 -0.000716 0.0009268
v 0.00658944 -0.00062393 0.0009268
v 0.00803631 -0.00089982 0.00099455
v 0.00794949 -0.00098343 0.00099455
v 0.00784519 -0.00104384 0.00099455
v 0.00774088 -0.00110425 0.00099455
v 0.00762515 -0.00113794 0.00099455
v 0.00750942 -0.00117163 0.00099455
v 0.00738898 -0.00117665 0.00099455
v 0.00726855 -0.00118167 0.00099455
v 0.00715042 -0.00115771 0.00099455
v 0.00703229 -0.00113376 0.00099455
v 0.00692332 -0.00108224 0.00099455
v 0.00681435 -0.00103071 0.00099455
v 0.00672088 -0.0009546 0.00099455
v 0.00662741 -0.0008785 0.00099455
v 0.00655487 -0.00078223 0.00099455
v 0.00648233 -0.00068597 0.00099455
v 0.00643493 -0.00057514 0.00099455
v 0.00638753 -0.00046431 0.00099455
v 0.00636804 -0.00034536 0.00099455
v 0.00634854 -0.00022641 0.00099455
v 0.00635808 -0.00010625 0.00099455
v 0.00636762 1.39E-05 0.00099455
v 0.00640563 0.00012829 0.00099455
v 0.00644365 0.00024267 0.00099455
v 0.00650794 0.00034464 0.00099455
v 0.00657222 0.0004466 0.00099455
v 0.00665904 0.00053022 0.00099455
v 0.00674586 0.00061383 0.00099455
v 0.00685016 0.00067424 0.00099455
v 0.00695447 0.00073465 0.00099455
v 0.0070702 0.00076834 0.00099455
v 0.00718594 0.00080203 0.00099455
v 0.00730637 0.00080705 0.00099455
v 0.0074268 0.00081206 0.00099455
v 0.00754493 0.00078811 0.00099455
v 0.00766307 0.00076416 0.00099455
v 0.00777203 0.00071263 0.00099455
v 0.007881 0.00066111 0.00099455
v 0.00797447 0.000585 0.00099455
v 0.00806795 0.00050889 0.00099455
v 0.00814631 0.00041702 0.00099455
v 0.00821303 0.00031636 0.00099455
v 0.00826042 0.00020554 0.00099455
v 0.00830782 9.471E-05 0.00099455
v 0.00832731 -2.424E-05 0.00099455
v 0.00834681 -0.00014319 0.00099455
v 0.00833727 -0.00026335 0.00099455
v 0.00832774 -0.00038351 0.00099455
v 0.00828972 -0.00049789 0.00099455
v 0.0082517 -0.00061228 0.00099455
v 0.00818742 -0.00071424 0.00099455
v 0.00812313 -0.0008162 0.00099455
v 0.00806795 0.00050889 0.00102165
v 0.00814049 0.00041263 0.00102165
v 0.00821303 0.00031636 0.00102165
v 0.00826042 0.00020554 0.00102165
v 0.00830782 9.471E-05 0.00102165
v 0.00832731 -2.424E-05 0.00102165
v 0.00834681 -0.00014319 0.00102165
v 0.00833727 -0.00026335 0.00102165
v 0.00832774 -0.00038351 0.00102165
v 0.00828972 -0.00049789 0.00102165
v 0.0082517 -0.00061228 0.00102165
v 0.00818742 -0.00071424 0.00102165
v 0.00812313 -0.0008162 0.00102165
v 0.00803631 -0.00089982 0.00102165
v 0.00794949 -0.00098343 0.00102165
v 0.00784519 -0.00104384 0.00102165
v 0.00774088 -0.00110425 0.00102165
v 0.00762515 -0.00113794 0.00102165
v 0.00750942 -0.00117163 0.00102165
v 0.00738898 -0.00117665 0.00102165
v 0.00726855 -0.00118167 0.00102165
v 0.00715042 -0.00115771 0.00102165
v 0.00703229 -0.00113376 0.00102165
v 0.00692332 -0.00108224 0.00102165
v 0.00681435 -0.00103071 0.00102165
v 0.00672088 -0.0009546 0.00102165
v 0.00662741 -0.0008785 0.00102165
v 0.00654904 -0.00078662 0.00102165
v 0.00648233 -0.00068597 0.00102165
v 0.00643493 -0.00057514 0.00102165
v 0.00638753 -0.00046431 0.00102165
v 0.00636804 -0.00034536 0.00102165
v 0.00634854 -0.00022641 0.00102165
v 0.00635808 -0.00010625 0.00102165
v 0.00636762 1.39E-05 0.00102165
v 0.00640563 0.00012829 0.00102165
v 0.00644365 0.00024267 0.00102165
v 0.00650794 0.00034464 0.00102165
v 0.00657222 0.0004466 0.00102165
v 0.00665904 0.00053022 0.00102165
v 0.00674586 0.00061383 0.00102165
v 0.00685016 0.00067424 0.00102165
v 0.00695447 0.00073465 0.00102165
v 0.0070702 0.00076834 0.00102165
v 0.00718594 0.00080203 0.00102165
v 0.00730637 0.00080705 0.00102165
v 0.0074268 0.00081206 0.00102165
v 0.00754493 0.00078811 0.00102165
v 0.00766307 0.00076416 0.00102165
v 0.00777203 0.00071263 0.00102165
v 0.007881 0.00066111 0.00102165
v 0.00797447 0.000585 0.00102165
v 0.00681648 0.00052011 0.0010894
v 0.00666322 0.00037251 0.0010894
v 0.00654973 0.00019251 0.0010894
v 0.00648262 -9.41E-06 0.0010894
v 0.00646579 -0.00022153 0.0010894
v 0.0065002 -0.00043151 0.0010894
v 0.00658387 -0.00062716 0.0010894
v 0.00671193 -0.00079709 0.0010894
v 0.00687693 -0.00093145 0.0010894
v 0.0070693 -0.00102241 0.0010894
v 0.00727784 -0.00106469 0.0010894
v 0.00749044 -0.00105583 0.0010894
v 0.00769474 -0.00099636 0.0010894
v 0.00787887 -0.00088972 0.0010894
v 0.00803214 -0.00074211 0.0010894
v 0.00814562 -0.00056211 0.0010894
v 0.00821273 -0.00036019 0.0010894
v 0.00822957 -0.00014807 0.0010894
v 0.00819515 6.191E-05 0.0010894
v 0.00811148 0.00025755 0.0010894
v 0.00805259 0.0003464 0.0010894
v 0.00798342 0.00042749 0.0010894
v 0.00781842 0.00056184 0.0010894
v 0.00762606 0.0006528 0.0010894
v 0.00741752 0.00069508 0.0010894
v 0.00720492 0.00068623 0.0010894
v 0.00700061 0.00062676 0.0010894
v 0.00794949 -0.00098343 0.00115715
v 0.00784519 -0.00104384 0.00115715
v 0.00774088 -0.00110425 0.00115715
v 0.00762515 -0.00113794 0.00115715
v 0.00750942 -0.00117163 0.00115715
v 0.00738898 -0.00117665 0.00115715
v 0.00726855 -0.00118167 0.00115715
v 0.00715042 -0.00115771 0.00115715
v 0.00703229 -0.00113376 0.00115715
v 0.00692332 -0.00108224 0.00115715
v 0.00681435 -0.00103071 0.00115715
v 0.00672088 -0.0009546 0.00115715
v 0.00662741 -0.0008785 0.00115715
v 0.00655487 -0.00078223 0.00115715
v 0.00648233 -0.00068597 0.00115715
v 0.00643493 -0.00057514 0.00115715
v 0.00638753 -0.00046431 0.00115715
v 0.00636804 -0.00034536 0.00115715
v 0.00634854 -0.00022641 0.00115715
v 0.00635808 -0.00010625 0.00115715
v 0.00636762 1.39E-05 0.00115715
v 0.00640563 0.00012829 0.00115715
v 0.00644365 0.00024267 0.00115715
v 0.00650794 0.00034464 0.00115715
v 0.00657222 0.0004466 0.00115715
v 0.00665904 0.00053022 0.00115715
v 0.00674586 0.00061383 0.00115715
v 0.00685016 0.00067424 0.00115715
v 0.00695447 0.00073465 0.00115715
v 0.0070702 0.00076834 0.00115715
v 0.00718594 0.00080203 0.00115715
v 0.00730637 0.00080705 0.00115715
v 0.0074268 0.00081206 0.00115715
v 0.00754493 0.00078811 0.00115715
v 0.00766307 0.00076416 0.00115715
v 0.00777203 0.00071263 0.00115715
v 0.007881 0.00066111 0.00115715
v 0.00797447 0.000585 0.00115715
v 0.00806795 0.00050889 0.00115715
v 0.00814631 0.00041702 0.00115715
v 0.00821303 0.00031636 0.00115715
v 0.00826042 0.00020554 0.00115715
v 0.00830782 9.471E-05 0.00115715
v 0.00832731 -2.424E-05 0.00115715
v 0.00834681 -0.00014319 0.00115715
v 0.00833727 -0.00026335 0.00115715
v 0.00832774 -0.00038351 0.00115715
v 0.00828972 -0.00049789 0.00115715
v 0.0082517 -0.00061228 0.00115715
v 0.00818742 -0.00071424 0.00115715
v 0.00812313 -0.0008162 0.00115715
v 0.00803631 -0.00089982 0.00115715
v 0.00804137 -0.00090507 0.0012
v 0.00826713 0.0002084 0.0012
v 0.00833451 -2.306E-05 0.0012
v 0.00814631 0.00041702 0.0012
v 0.00834454 -0.00026393 0.0012
v 0.00829664 -0.00050019 0.0012
v 0.00819359 -0.00071813 0.0012
v 0.00784884 -0.00105015 0.0012
v 0.00762719 -0.00114494 0.0012
v 0.00738929 -0.00118394 0.0012
v 0.00714897 -0.00116486 0.0012
v 0.0069202 -0.00108883 0.0012
v 0.00671627 -0.00096026 0.0012
v 0.00654904 -0.00078662 0.0012
v 0.00636084 -0.00034654 0.0012
v 0.00642823 -0.00057801 0.0012
v 0.00635081 -0.00010568 0.0012
v 0.00639871 0.00013059 0.0012
v 0.00650177 0.00034853 0.0012
v 0.00665398 0.00053547 0.0012
v 0.00684651 0.00068055 0.0012
v 0.00706817 0.00077534 0.0012
v 0.00730606 0.00081433 0.0012
v 0.00754638 0.00079526 0.0012
v 0.00777515 0.00071923 0.0012
v 0.00797908 0.00059065 0.0012
v 0.00650554 -0.00054494 0.002
v 0.00644382 -0.00033294 0.002
v 0.00643463 -0.00011233 0.002
v 0.00647851 0.00010407 0.002
v 0.00657289 0.00030368 0.002
v 0.00671231 0.0004749 0.002
v 0.00688865 0.00060779 0.002
v 0.00709167 0.00069461 0.002
v 0.00730956 0.00073032 0.002
v 0.00752967 0.00071285 0.002
v 0.00773921 0.00064321 0.002
v 0.00792599 0.00052545 0.002
v 0.00807916 0.00036641 0.002
v 0.00818982 0.00017534 0.002
v 0.00825153 -3.666E-05 0.002
v 0.00826072 -0.00025727 0.002
v 0.00821685 -0.00047367 0.002
v 0.00812246 -0.00067328 0.002
v 0.00798304 -0.00084451 0.002
v 0.0078067 -0.00097739 0.002
v 0.00760368 -0.00106421 0.002
v 0.00738579 -0.00109992 0.002
v 0.00716568 -0.00108245 0.002
v 0.00695614 -0.00101281 0.002
v 0.00676937 -0.00089505 0.002
v 0.0066162 -0.00073602 0.002
v 0.00636419 -0.0011683 0.002
v 0.00684924 -0.00148329 0.002
v 0.00667337 -0.00140129 0.002
v 0.00651063 -0.0012956 0.002
v 0.00722646 -0.00157038 0.002
v 0.0070348 -0.00154002 0.002
v 0.00717817 0.0011957 0.002
v 0.00737194 0.00120586 0.002
v 0.00761307 -0.00155012 0.002
v 0.00742047 -0.00157376 0.002
v 0.00814545 -0.00132413 0.002
v 0.00797912 -0.00142407 0.002
v 0.0078005 -0.00149989 0.002
v 0.00842859 -0.0010601 0.002
v 0.00829625 -0.00120201 0.002
v 0.00862798 -0.00072825 0.002
v 0.00853989 -0.00090115 0.002
v 0.00873833 -0.00016052 0.002
v 0.00872818 -0.0003543 0.002
v 0.00869115 -0.00054478 0.002
v 0.00680422 0.0010955 0.002
v 0.00698769 0.00115867 0.002
v 0.0061084 0.00044663 0.002
v 0.00620834 0.00061296 0.002
v 0.00633046 0.00076376 0.002
v 0.00647237 0.0008961 0.002
v 0.00663132 0.0010074 0.002
v 0.00623688 -0.00102185 0.002
v 0.0061312 -0.00085911 0.002
v 0.00604919 -0.00068325 0.002
v 0.00598236 8.058E-05 0.002
v 0.00603258 0.00026802 0.002
v 0.00599246 -0.00049768 0.002
v 0.0059621 -0.00030603 0.002
v 0.00595871 -0.00011201 0.002
v 0.00867777 0.00022185 0.002
v 0.00872142 3.278E-05 0.002
v 0.00851415 0.00057273 0.002
v 0.00860823 0.00040301 0.002
v 0.00839738 0.0007277 0.002
v 0.00845847 0.00065225 0.002
v 0.00810519 0.00098168 0.002
v 0.00826016 0.0008649 0.002
v 0.00756525 0.00118894 0.002
v 0.00775432 0.0011453 0.002
v 0.00793548 0.00107576 0.002
v 0.00685701 -0.00158958 0.00210872
v 0.00681354 -0.00157629 0.00210872
v 0.00681486 -0.00157286 0.00207181
v 0.00662508 -0.00148842 0.00210872
v 0.00662686 -0.0014852 0.00207181
v 0.00659241 -0.0014672 0.00210872
v 0.0064529 -0.00137223 0.00207181
v 0.00645068 -0.00137516 0.00210872
v 0.00629635 -0.00123614 0.00207181
v 0.00635749 -0.00129415 0.00210872
v 0.0070124 -0.00163709 0.00210872
v 0.00701322 -0.00163351 0.00207181
v 0.00714078 -0.00165742 0.00210872
v 0.0072181 -0.00166596 0.00207181
v 0.00721778 -0.00166962 0.00210872
v 0.0074255 -0.00166958 0.00207181
v 0.00742569 -0.00167325 0.00210872
v 0.00763138 -0.0016443 0.00207181
v 0.00763208 -0.0016479 0.00210872
v 0.00743213 -0.00167246 0.00210872
v 0.00824297 -0.00137304 0.00210872
v 0.00820259 -0.00140573 0.00210872
v 0.00820048 -0.00140272 0.00207181
v 0.00802435 -0.00151283 0.00210872
v 0.00802268 -0.00150956 0.00207181
v 0.00799447 -0.00152552 0.00210872
v 0.00783174 -0.00159061 0.00207181
v 0.00783294 -0.00159408 0.00210872
v 0.00771995 -0.00162436 0.00210872
v 0.00836419 -0.00127487 0.00210872
v 0.00836169 -0.00127218 0.00207181
v 0.00845727 -0.00117505 0.00210872
v 0.00850315 -0.00112048 0.00207181
v 0.00850601 -0.00112279 0.00210872
v 0.00862213 -0.00095056 0.00207181
v 0.00862528 -0.00095245 0.00210872
v 0.0087163 -0.00076574 0.00207181
v 0.00871968 -0.00076718 0.00210872
v 0.00863117 -0.00094089 0.00210872
v 0.00883284 -0.00010055 0.00210872
v 0.00883794 -0.00015878 0.00210872
v 0.00883426 -0.00015885 0.00207181
v 0.00882706 -0.00036644 0.00210872
v 0.00882341 -0.00036599 0.00207181
v 0.0088221 -0.00039193 0.00210872
v 0.00878383 -0.00056961 0.00207181
v 0.00878738 -0.00057056 0.00210872
v 0.00875141 -0.00067502 0.00210872
v 0.00881981 4.837E-05 0.00210872
v 0.00881618 4.779E-05 0.00207181
v 0.00878765 0.00018769 0.00210872
v 0.00876952 0.00024991 0.00207181
v 0.00877304 0.00025098 0.00210872
v 0.00869518 0.00044356 0.00207181
v 0.00869852 0.00044511 0.00210872
v 0.00859462 0.00062498 0.00207181
v 0.0085977 0.00062698 0.00210872
v 0.00868908 0.00046214 0.00210872
v 0.00810264 0.00109672 0.00210872
v 0.00815945 0.00106523 0.00210872
v 0.00815745 0.00106215 0.00207181
v 0.00832552 0.00094009 0.00210872
v 0.00832311 0.00093731 0.00207181
v 0.00833929 0.00092632 0.00210872
v 0.00846978 0.00079064 0.00207181
v 0.00847256 0.00079305 0.00210872
v 0.00853513 0.00071002 0.00210872
v 0.00797758 0.00116604 0.00210872
v 0.00797603 0.00116271 0.00207181
v 0.00783802 0.00121961 0.00210872
v 0.00778237 0.00123705 0.00207181
v 0.00778345 0.00124056 0.00210872
v 0.00758026 0.00128371 0.00207181
v 0.00758083 0.00128734 0.00210872
v 0.00716647 0.00129093 0.00207181
v 0.00726336 0.00129968 0.00210872
v 0.00737362 0.00130179 0.00207181
v 0.00737368 0.00130546 0.00210872
v 0.00755497 0.0012896 0.00210872
v 0.00670162 0.00115476 0.00210872
v 0.00676529 0.0011872 0.00210872
v 0.00676673 0.00118381 0.00207181
v 0.0069619 0.0012549 0.00210872
v 0.00696285 0.00125135 0.00207181
v 0.00697464 0.00125737 0.00210872
v 0.00716603 0.00129458 0.00210872
v 0.00658001 0.00109279 0.00210872
v 0.00658191 0.00108964 0.00207181
v 0.00645223 0.00100332 0.00210872
v 0.00641199 0.00097067 0.00207181
v 0.00640968 0.00097352 0.00210872
v 0.00626029 0.0008292 0.00207181
v 0.0062576 0.0008317 0.00210872
v 0.00602291 0.00049019 0.00207181
v 0.00606649 0.00056983 0.00210872
v 0.00612975 0.00066799 0.00207181
v 0.00612674 0.0006701 0.00210872
v 0.00623717 0.00080648 0.00210872
v 0.00587507 2.221E-05 0.00210872
v 0.00588457 9.959E-05 0.00210872
v 0.00588818 9.889E-05 0.00207181
v 0.00593839 0.00030045 0.00210872
v 0.00594187 0.00029925 0.00207181
v 0.00594092 0.00030642 0.00210872
v 0.00601964 0.00049186 0.00210872
v 0.00585923 -0.0001068 0.00210872
v 0.0058629 -0.00010699 0.00207181
v 0.00586207 -0.00026926 0.00210872
v 0.00586652 -0.00031439 0.00207181
v 0.00586286 -0.00031471 0.00210872
v 0.00589897 -0.00051927 0.00207181
v 0.00589539 -0.00052009 0.00210872
v 0.00629375 -0.00123874 0.00210872
v 0.00615732 -0.0010818 0.00210872
v 0.00616026 -0.00107959 0.00207181
v 0.00604407 -0.00090741 0.00210872
v 0.00604728 -0.00090563 0.00207181
v 0.00600837 -0.00083086 0.00210872
v 0.00595962 -0.00071763 0.00207181
v 0.00595619 -0.00071895 0.00210872
v 0.00590678 -0.00055735 0.00210872
v 0.00842488 0.00075161 0.00200688
v 0.00828408 0.00089241 0.00200688
v 0.00812504 0.00101225 0.00200688
v 0.00795088 0.00110879 0.00200688
v 0.00776498 0.00118015 0.00200688
v 0.00757095 0.00122494 0.00200688
v 0.00737258 0.0012423 0.00200688
v 0.00717372 0.00123188 0.00200688
v 0.00697825 0.00119388 0.00200688
v 0.00678997 0.00112905 0.00200688
v 0.00661255 0.00103864 0.00200688
v 0.00644943 0.00092443 0.00200688
v 0.0063038 0.00078862 0.00200688
v 0.00617848 0.00063387 0.00200688
v 0.00607593 0.00046318 0.00200688
v 0.00599812 0.00027988 0.00200688
v 0.00594658 8.754E-05 0.00200688
v 0.00592232 -0.00011011 0.00200688
v 0.00592579 -0.00030921 0.00200688
v 0.00595694 -0.00050588 0.00200688
v 0.00601516 -0.00069631 0.00200688
v 0.00609932 -0.00087678 0.00200688
v 0.00620777 -0.00104379 0.00200688
v 0.00633842 -0.00119407 0.00200688
v 0.0064887 -0.00132471 0.00200688
v 0.00665571 -0.00143316 0.00200688
v 0.00683618 -0.00151732 0.00200688
v 0.00702661 -0.00157554 0.00200688
v 0.00722328 -0.00160669 0.00200688
v 0.00742238 -0.00161016 0.00200688
v 0.00762003 -0.00158589 0.00200688
v 0.00781237 -0.00153435 0.00200688
v 0.00799567 -0.00145655 0.00200688
v 0.00816636 -0.00135399 0.00200688
v 0.00832111 -0.00122867 0.00200688
v 0.00845691 -0.00108304 0.00200688
v 0.00857113 -0.00091992 0.00200688
v 0.00866153 -0.00074249 0.00200688
v 0.00872636 -0.00055421 0.00200688
v 0.00876435 -0.00035874 0.00200688
v 0.00877478 -0.00015989 0.00200688
v 0.00875742 3.849E-05 0.00200688
v 0.00871262 0.00023251 0.00200688
v 0.00864126 0.00041841 0.00200688
v 0.00854472 0.00059258 0.00200688
v 0.006178 -0.00106622 0.00203244
v 0.00631205 -0.00122043 0.00203244
v 0.00646626 -0.00135448 0.00203244
v 0.00663763 -0.00146577 0.00203244
v 0.00682282 -0.00155212 0.00203244
v 0.00701822 -0.00161186 0.00203244
v 0.00722003 -0.00164383 0.00203244
v 0.00742433 -0.00164739 0.00203244
v 0.00762714 -0.00162249 0.00203244
v 0.00782451 -0.0015696 0.00203244
v 0.00801259 -0.00148976 0.00203244
v 0.00818774 -0.00138453 0.00203244
v 0.00834653 -0.00125594 0.00203244
v 0.00848589 -0.0011065 0.00203244
v 0.00860308 -0.00093912 0.00203244
v 0.00869585 -0.00075706 0.00203244
v 0.00876237 -0.00056386 0.00203244
v 0.00880136 -0.00036328 0.00203244
v 0.00881205 -0.00015923 0.00203244
v 0.00879424 4.432E-05 0.00203244
v 0.00874828 0.00024341 0.00203244
v 0.00867505 0.00043417 0.00203244
v 0.00857599 0.00061288 0.00203244
v 0.00845302 0.00077607 0.00203244
v 0.00830853 0.00092055 0.00203244
v 0.00814535 0.00104352 0.00203244
v 0.00796664 0.00114258 0.00203244
v 0.00777588 0.0012158 0.00203244
v 0.00757678 0.00126176 0.00203244
v 0.00737323 0.00127957 0.00203244
v 0.00716918 0.00126888 0.00203244
v 0.0069686 0.00122989 0.00203244
v 0.00677541 0.00116336 0.00203244
v 0.00659335 0.0010706 0.00203244
v 0.00642597 0.0009534 0.00203244
v 0.00627653 0.00081405 0.00203244
v 0.00614795 0.00065525 0.00203244
v 0.00604271 0.00048011 0.00203244
v 0.00596287 0.00029202 0.00203244
v 0.00590999 9.465E-05 0.00203244
v 0.00588509 -0.00010816 0.00203244
v 0.00588865 -0.00031246 0.00203244
v 0.00592062 -0.00051427 0.00203244
v 0.00598036 -0.00070967 0.00203244
v 0.00606671 -0.00089486 0.00203244
v 0.00757752 -0.00077229 0.00228
v 0.00784906 -0.00056767 0.00228
v 0.00743458 -0.0005826 0.00228
v 0.00770612 -0.00037799 0.00228
v 0.007353 -0.00051887 0.00228
v 0.00702802 -8.761E-05 0.00228
v 0.00701361 -0.00019013 0.00228
v 0.00754086 0.00017364 0.00228
v 0.00773055 0.00031658 0.00228
v 0.00766733 -0.000282 0.00228
v 0.00768174 -0.00017948 0.00228
v 0.00774548 -9.79E-05 0.00228
v 0.00793517 4.504E-05 0.00228
v 0.00711783 0.00040269 0.00228
v 0.0068463 0.00019807 0.00228
v 0.00726077 0.000213 0.00228
v 0.00698924 8.38E-06 0.00228
v 0.00734235 0.00014926 0.00228
v 0.00744487 0.00013486 0.00228
v 0.00676019 -0.00041465 0.00228
v 0.00696481 -0.00068618 0.00228
v 0.00694987 -0.00027171 0.00228
v 0.00715449 -0.00054324 0.00228
v 0.00725048 -0.00050446 0.00228
v 0.00638964 -0.0012582 0.0027
v 0.00619864 -0.00105067 0.0027
v 0.00661746 -0.00142448 0.0027
v 0.00687334 -0.00154312 0.0027
v 0.00714745 -0.00160956 0.0027
v 0.00742925 -0.00162124 0.0027
v 0.00770792 -0.00157773 0.0027
v 0.00797274 -0.00148069 0.0027
v 0.00821355 -0.00133384 0.0027
v 0.00842108 -0.00114284 0.0027
v 0.00858735 -0.00091502 0.0027
v 0.00870599 -0.00065914 0.0027
v 0.00877243 -0.00038503 0.0027
v 0.00878412 -0.00010323 0.0027
v 0.0087406 0.00017544 0.0027
v 0.00864356 0.00044027 0.0027
v 0.00849672 0.00068107 0.0027
v 0.00830571 0.0008886 0.0027
v 0.0080779 0.00105488 0.0027
v 0.00782202 0.00117352 0.0027
v 0.00754791 0.00123996 0.0027
v 0.0072661 0.00125164 0.0027
v 0.00698743 0.00120813 0.0027
v 0.00672261 0.00111108 0.0027
v 0.00648181 0.00096424 0.0027
v 0.00627428 0.00077324 0.0027
v 0.006108 0.00054542 0.0027
v 0.00598936 0.00028954 0.0027
v 0.00592292 1.543E-05 0.0027
v 0.00591123 -0.00026637 0.0027
v 0.00595475 -0.00054504 0.0027
v 0.00605179 -0.00080987 0.0027
v 0.00656653 -0.00056058 0.0027
v 0.00677115 -0.00083211 0.0027
v 0.00715449 -0.00054324 0.0027
v 0.00725048 -0.00050446 0.0027
v 0.007353 -0.00051887 0.0027
v 0.00743458 -0.0005826 0.0027
v 0.00772345 -0.00096595 0.0027
v 0.00799499 -0.00076133 0.0027
v 0.00770612 -0.00037799 0.0027
v 0.00766733 -0.000282 0.0027
v 0.00768174 -0.00017948 0.0027
v 0.00774548 -9.79E-05 0.0027
v 0.00812882 0.00019098 0.0027
v 0.00792421 0.00046251 0.0027
v 0.00754086 0.00017364 0.0027
v 0.00744487 0.00013486 0.0027
v 0.00734235 0.00014926 0.0027
v 0.00726077 0.000213 0.0027
v 0.0069719 0.00059635 0.0027
v 0.00670036 0.00039173 0.0027
v 0.00698924 8.38E-06 0.0027
v 0.00702802 -8.761E-05 0.0027
v 0.00701361 -0.00019013 0.0027
v 0.00694987 -0.00027171 0.0027
vn -0 -0 -1
vn 0.34413 0.35937 -0.86743
vn 0.28217 0.40982 -0.86743
vn 0.24813 0.43128 -0.86743
vn 0.17589 0.46544 -0.86743
vn 0.1377 0.47813 -0.86743
vn 0.0594 0.49401 -0.86743
vn 0.01928 0.49719 -0.86743
vn -0.06055 0.49387 -0.86743
vn -0.10027 0.48736 -0.86743
vn -0.17698 0.46502 -0.86743
vn -0.21399 0.4492 -0.86743
vn -0.28313 0.40916 -0.86743
vn -0.31527 0.38494 -0.86743
vn -0.37282 0.32951 -0.86743
vn -0.39823 0.2983 -0.86743
vn -0.44084 0.23071 -0.86743
vn -0.45805 0.19433 -0.86743
vn -0.48325 0.11851 -0.86743
vn -0.49124 0.07907 -0.86743
vn -0.49756 -0.00058 -0.86743
vn -0.49589 -0.04079 -0.86743
vn -0.48297 -0.11964 -0.86743
vn -0.47172 -0.15828 -0.86743
vn -0.4403 -0.23175 -0.86743
vn -0.42013 -0.26657 -0.86743
vn -0.37205 -0.33038 -0.86743
vn -0.34413 -0.35937 -0.86743
vn -0.28217 -0.40982 -0.86743
vn -0.24813 -0.43128 -0.86743
vn -0.17589 -0.46544 -0.86743
vn -0.1377 -0.47813 -0.86743
vn -0.0594 -0.49401 -0.86743
vn -0.01928 -0.49719 -0.86743
vn 0.06055 -0.49387 -0.86743
vn 0.10027 -0.48736 -0.86743
vn 0.17698 -0.46502 -0.86743
vn 0.21399 -0.4492 -0.86743
vn 0.28313 -0.40916 -0.86743
vn 0.31527 -0.38494 -0.86743
vn 0.37282 -0.32951 -0.86743
vn 0.39823 -0.2983 -0.86743
vn 0.44084 -0.23071 -0.86743
vn 0.45805 -0.19433 -0.86743
vn 0.48325 -0.11851 -0.86743
vn 0.49124 -0.07907 -0.86743
vn 0.49756 0.00058 -0.86743
vn 0.49589 0.04079 -0.86743
vn 0.48297 0.11964 -0.86743
vn 0.47172 0.15828 -0.86743
vn 0.4403 0.23175 -0.86743
vn 0.42013 0.26657 -0.86743
vn 0.37205 0.33038 -0.86743
vn 0.69163 0.72226 -0
vn 0.5671 0.82365 -0
vn 0.49868 0.86679 -0
vn 0.35351 0.93543 -0
vn 0.27676 0.96094 -0
vn 0.11937 0.99285 -0
vn 0.03875 0.99925 -0
vn -0.1217 0.99257 -0
vn -0.20152 0.97949 -0
vn -0.3557 0.9346 -0
vn -0.43007 0.9028 0
vn -0.56903 0.82232 0
vn -0.63362 0.77364 0
vn -0.74929 0.66225 0
vn -0.80036 0.59952 0
vn -0.886 0.46369 0
vn -0.92057 0.39057 0
vn -0.97122 0.23818 0
vn -0.98729 0.15891 0
vn -1 -0.00117 0
vn -0.99663 -0.08198 0
vn -0.97066 -0.24045 0
vn -0.94805 -0.31811 0
vn -0.88491 -0.46576 0
vn -0.84438 -0.53575 0
vn -0.74773 -0.664 0
vn -0.69163 -0.72226 0
vn -0.5671 -0.82365 0
vn -0.49868 -0.86679 0
vn -0.35351 -0.93543 0
vn -0.27676 -0.96094 0
vn -0.11937 -0.99285 0
vn -0.03875 -0.99925 0
vn 0.1217 -0.99257 0
vn 0.20152 -0.97949 0
vn 0.3557 -0.9346 0
vn 0.43007 -0.9028 -0
vn 0.56903 -0.82232 -0
vn 0.63362 -0.77364 -0
vn 0.74929 -0.66225 -0
vn 0.80036 -0.59952 -0
vn 0.886 -0.46369 -0
vn 0.92057 -0.39057 -0
vn 0.97122 -0.23818 -0
vn 0.98729 -0.15891 -0
vn 1 0.00117 -0
vn 0.99663 0.08198 -0
vn 0.97066 0.24045 -0
vn 0.94805 0.31811 -0
vn 0.88491 0.46576 -0
vn 0.84438 0.53575 -0
vn 0.74773 0.664 -0
vn -0.4403 -0.23175 0.86743
vn -0.47172 -0.15828 0.86743
vn -0.48297 -0.11964 0.86743
vn -0.49589 -0.04079 0.86743
vn -0.49756 -0.00058 0.86743
vn -0.49124 0.07907 0.86743
vn -0.48325 0.11851 0.86743
vn -0.45805 0.19433 0.86743
vn -0.44084 0.23071 0.86743
vn -0.39823 0.2983 0.86743
vn -0.37282 0.32951 0.86743
vn -0.31527 0.38494 0.86743
vn -0.28313 0.40916 0.86743
vn -0.21399 0.4492 0.86743
vn -0.17698 0.46502 0.86743
vn -0.10027 0.48736 0.86743
vn -0.06055 0.49387 0.86743
vn 0.01928 0.49719 0.86743
vn 0.0594 0.49401 0.86743
vn 0.1377 0.47813 0.86743
vn 0.17589 0.46544 0.86743
vn 0.24813 0.43128 0.86743
vn 0.28217 0.40982 0.86743
vn 0.34413 0.35937 0.86743
vn 0.37205 0.33038 0.86743
vn 0.42013 0.26657 0.86743
vn 0.4403 0.23175 0.86743
vn 0.47172 0.15828 0.86743
vn 0.48297 0.11964 0.86743
vn 0.49589 0.04079 0.86743
vn 0.49756 0.00058 0.86743
vn 0.49124 -0.07907 0.86743
vn 0.48325 -0.11851 0.86743
vn 0.45805 -0.19433 0.86743
vn 0.44084 -0.23071 0.86743
vn 0.39823 -0.2983 0.86743
vn 0.37282 -0.32951 0.86743
vn 0.31527 -0.38494 0.86743
vn 0.28313 -0.40916 0.86743
vn 0.21399 -0.4492 0.86743
vn 0.17698 -0.46502 0.86743
vn 0.10027 -0.48736 0.86743
vn 0.06055 -0.49387 0.86743
vn -0.01928 -0.49719 0.86743
vn -0.0594 -0.49401 0.86743
vn -0.1377 -0.47813 0.86743
vn -0.17589 -0.46544 0.86743
vn -0.24813 -0.43128 0.86743
vn -0.28217 -0.40982 0.86743
vn -0.34413 -0.35937 0.86743
vn -0.37205 -0.33038 0.86743
vn -0.42013 -0.26657 0.86743
vn -0.15712 -0.47275 0.86708
vn -0.19514 -0.45969 0.86638
vn -0.26569 -0.42141 0.86708
vn -0.29948 -0.39963 0.86638
vn 0.08057 -0.49161 0.86708
vn 0.04084 -0.49772 0.86638
vn -0.03942 -0.49661 0.86708
vn -0.07945 -0.49303 0.86638
vn 0.29981 -0.39786 0.86708
vn 0.26747 -0.42173 0.86638
vn 0.19588 -0.45805 0.86708
vn 0.15877 -0.47348 0.86638
vn 0.45805 -0.19433 0.86743
vn 0.45036 -0.21296 0.86708
vn 0.43282 -0.24912 0.86638
vn 0.38631 -0.31455 0.86708
vn 0.36062 -0.34546 0.86638
vn 0.49774 0.02073 0.86708
vn 0.49901 -0.01945 0.86638
vn 0.48824 -0.09899 0.86708
vn 0.47986 -0.1383 0.86638
vn 0.4311 0.24967 0.86708
vn 0.45089 0.21468 0.86638
vn 0.47832 0.13924 0.86708
vn 0.48917 0.10054 0.86638
vn 0.26569 0.42141 0.86708
vn 0.29948 0.39963 0.86638
vn 0.35882 0.34558 0.86708
vn 0.38641 0.31635 0.86638
vn 0.03942 0.49661 0.86708
vn 0.07945 0.49303 0.86638
vn 0.15712 0.47275 0.86708
vn 0.19514 0.45969 0.86638
vn -0.19588 0.45805 0.86708
vn -0.15877 0.47348 0.86638
vn -0.08057 0.49161 0.86708
vn -0.04084 0.49772 0.86638
vn -0.38631 0.31455 0.86708
vn -0.36062 0.34546 0.86638
vn -0.29981 0.39786 0.86708
vn -0.26747 0.42173 0.86638
vn -0.48824 0.09899 0.86708
vn -0.47986 0.1383 0.86638
vn -0.45036 0.21296 0.86708
vn -0.43282 0.24912 0.86638
vn -0.47832 -0.13924 0.86708
vn -0.48917 -0.10054 0.86638
vn -0.49774 -0.02073 0.86708
vn -0.49901 0.01945 0.86638
vn -0.35882 -0.34558 0.86708
vn -0.38641 -0.31635 0.86638
vn -0.4311 -0.24967 0.86708
vn -0.45089 -0.21468 0.86638
vn 0.33167 -0.37335 -0.86638
vn 0.31635 -0.38641 -0.86638
vn 0.28425 -0.4106 -0.86638
vn 0.26747 -0.42173 -0.86638
vn 0.23268 -0.44187 -0.86638
vn 0.21468 -0.45089 -0.86638
vn 0.17773 -0.4667 -0.86638
vn 0.15877 -0.47348 -0.86638
vn 0.12018 -0.48472 -0.86638
vn 0.10054 -0.48917 -0.86638
vn 0.06087 -0.49567 -0.86638
vn 0.04084 -0.49772 -0.86638
vn 0.00068 -0.49939 -0.86638
vn -0.01945 -0.49901 -0.86638
vn -0.05952 -0.49583 -0.86638
vn -0.07945 -0.49303 -0.86638
vn -0.11885 -0.48504 -0.86638
vn -0.1383 -0.47986 -0.86638
vn -0.17645 -0.46718 -0.86638
vn -0.19514 -0.45969 -0.86638
vn -0.23147 -0.44251 -0.86638
vn -0.24912 -0.43282 -0.86638
vn -0.28312 -0.41138 -0.86638
vn -0.29948 -0.39963 -0.86638
vn -0.33065 -0.37425 -0.86638
vn -0.34546 -0.36062 -0.86638
vn -0.37335 -0.33167 -0.86638
vn -0.38641 -0.31635 -0.86638
vn -0.4106 -0.28425 -0.86638
vn -0.42173 -0.26747 -0.86638
vn -0.44187 -0.23268 -0.86638
vn -0.45089 -0.21468 -0.86638
vn -0.4667 -0.17773 -0.86638
vn -0.47348 -0.15877 -0.86638
vn -0.48472 -0.12018 -0.86638
vn -0.48917 -0.10054 -0.86638
vn -0.49567 -0.06087 -0.86638
vn -0.49772 -0.04084 -0.86638
vn -0.49939 -0.00068 -0.86638
vn -0.49901 0.01945 -0.86638
vn -0.49583 0.05952 -0.86638
vn -0.49303 0.07945 -0.86638
vn -0.48504 0.11885 -0.86638
vn -0.47986 0.1383 -0.86638
vn -0.46718 0.17645 -0.86638
vn -0.45969 0.19514 -0.86638
vn -0.44251 0.23147 -0.86638
vn -0.43282 0.24912 -0.86638
vn -0.41138 0.28312 -0.86638
vn -0.39963 0.29948 -0.86638
vn -0.37425 0.33065 -0.86638
vn -0.36062 0.34546 -0.86638
vn -0.33167 0.37335 -0.86638
vn -0.31635 0.38641 -0.86638
vn -0.28425 0.4106 -0.86638
vn -0.26747 0.42173 -0.86638
vn -0.23268 0.44187 -0.86638
vn -0.21468 0.45089 -0.86638
vn -0.17773 0.4667 -0.86638
vn -0.15877 0.47348 -0.86638
vn -0.12018 0.48472 -0.86638
vn -0.10054 0.48917 -0.86638
vn -0.06087 0.49567 -0.86638
vn -0.04084 0.49772 -0.86638
vn -0.00068 0.49939 -0.86638
vn 0.01945 0.49901 -0.86638
vn 0.05952 0.49583 -0.86638
vn 0.07945 0.49303 -0.86638
vn 0.11885 0.48504 -0.86638
vn 0.1383 0.47986 -0.86638
vn 0.17645 0.46718 -0.86638
vn 0.19514 0.45969 -0.86638
vn 0.23147 0.44251 -0.86638
vn 0.24912 0.43282 -0.86638
vn 0.28312 0.41138 -0.86638
vn 0.29948 0.39963 -0.86638
vn 0.33065 0.37425 -0.86638
vn 0.34546 0.36062 -0.86638
vn 0.37335 0.33167 -0.86638
vn 0.38641 0.31635 -0.86638
vn 0.4106 0.28425 -0.86638
vn 0.42173 0.26747 -0.86638
vn 0.44187 0.23268 -0.86638
vn 0.45089 0.21468 -0.86638
vn 0.4667 0.17773 -0.86638
vn 0.47348 0.15877 -0.86638
vn 0.48472 0.12018 -0.86638
vn 0.48917 0.10054 -0.86638
vn 0.49567 0.06087 -0.86638
vn 0.49772 0.04084 -0.86638
vn 0.49939 0.00068 -0.86638
vn 0.49901 -0.01945 -0.86638
vn 0.49583 -0.05952 -0.86638
vn 0.49303 -0.07945 -0.86638
vn 0.48504 -0.11885 -0.86638
vn 0.47986 -0.1383 -0.86638
vn 0.46718 -0.17645 -0.86638
vn 0.45969 -0.19514 -0.86638
vn 0.44251 -0.23147 -0.86638
vn 0.43282 -0.24912 -0.86638
vn 0.41138 -0.28312 -0.86638
vn 0.39963 -0.29948 -0.86638
vn 0.37425 -0.33065 -0.86638
vn 0.36062 -0.34546 -0.86638
vn 0.86535 0.50117 -0
vn 0.96014 0.27951 -0
vn 0.93453 0.35588 -0
vn 0.90288 0.42989 -0
vn 0.99913 0.04161 -0
vn 0.99254 0.1219 -0
vn 0.97952 0.20132 -0
vn 0.98006 -0.19871 -0
vn 0.99287 -0.11918 -0
vn 0.99924 -0.03894 -0
vn 0.90403 -0.42748 -0
vn 0.9355 -0.35332 -0
vn 0.96089 -0.27694 -0
vn 0.77546 -0.6314 -0
vn 0.82376 -0.56694 -0
vn 0.86669 -0.49885 -0
vn 0.60182 -0.79863 -0
vn 0.66415 -0.7476 -0
vn 0.72212 -0.69177 -0
vn 0.39321 -0.91945 0
vn 0.46593 -0.88482 -0
vn 0.53559 -0.84448 -0
vn 0.16174 -0.98683 0
vn 0.24064 -0.97061 0
vn 0.31792 -0.94812 0
vn -0.07912 -0.99686 0
vn 0.00137 -1 0
vn 0.08179 -0.99665 0
vn -0.31539 -0.94896 0
vn -0.23799 -0.97127 0
vn -0.1591 -0.98726 0
vn -0.53333 -0.84591 0
vn -0.46351 -0.88609 0
vn -0.39075 -0.9205 0
vn -0.72027 -0.69369 0
vn -0.6621 -0.74942 0
vn -0.59968 -0.80024 0
vn -0.86535 -0.50117 0
vn -0.82221 -0.56919 0
vn -0.77377 -0.63347 0
vn -0.96014 -0.27951 0
vn -0.93453 -0.35588 0
vn -0.90288 -0.42989 0
vn -0.99913 -0.04161 0
vn -0.99254 -0.1219 0
vn -0.97952 -0.20132 0
vn -0.98006 0.19871 0
vn -0.99287 0.11918 0
vn -0.99924 0.03894 0
vn -0.90403 0.42748 0
vn -0.9355 0.35332 0
vn -0.96089 0.27694 0
vn -0.77546 0.6314 0
vn -0.82376 0.56694 0
vn -0.86669 0.49885 0
vn -0.60182 0.79863 0
vn -0.66415 0.7476 0
vn -0.72212 0.69177 0
vn -0.39321 0.91945 -0
vn -0.46593 0.88482 0
vn -0.53559 0.84448 0
vn -0.16174 0.98683 -0
vn -0.24064 0.97061 -0
vn -0.31792 0.94812 -0
vn 0.07912 0.99686 -0
vn -0.00137 1 -0
vn -0.08179 0.99665 -0
vn 0.31539 0.94896 -0
vn 0.23799 0.97127 -0
vn 0.1591 0.98726 -0
vn 0.53333 0.84591 -0
vn 0.46351 0.88609 -0
vn 0.39075 0.9205 -0
vn 0.82221 0.56919 -0
vn 0.77377 0.63347 -0
vn 0.72027 0.69369 -0
vn 0.6621 0.74942 -0
vn 0.59968 0.80024 -0
vn 0.96014 0.27951 -0
vn 0.96089 -0.27694 -0
vn 0.82376 -0.56694 -0
vn 0.31792 -0.94812 0
vn 0.00137 -1 0
vn -0.53333 -0.84591 0
vn -0.96014 -0.27951 0
vn -0.96089 0.27694 0
vn -0.82376 0.56694 0
vn -0.31792 0.94812 -0
vn -0.00137 1 -0
vn 0.53333 0.84591 -0
vn -0.28425 0.4106 0.86638
vn -0.31635 0.38641 0.86638
vn -0.33167 0.37335 0.86638
vn -0.37425 0.33065 0.86638
vn -0.39963 0.29948 0.86638
vn -0.41138 0.28312 0.86638
vn -0.44251 0.23147 0.86638
vn -0.45969 0.19514 0.86638
vn -0.46718 0.17645 0.86638
vn -0.47986 0.1383 0.86638
vn -0.48504 0.11885 0.86638
vn -0.49303 0.07945 0.86638
vn -0.49583 0.05952 0.86638
vn -0.49939 -0.00068 0.86638
vn -0.49772 -0.04084 0.86638
vn -0.49567 -0.06087 0.86638
vn -0.48472 -0.12018 0.86638
vn -0.47348 -0.15877 0.86638
vn -0.4667 -0.17773 0.86638
vn -0.44187 -0.23268 0.86638
vn -0.42173 -0.26747 0.86638
vn -0.4106 -0.28425 0.86638
vn -0.37335 -0.33167 0.86638
vn -0.34546 -0.36062 0.86638
vn -0.33065 -0.37425 0.86638
vn -0.28312 -0.41138 0.86638
vn -0.24912 -0.43282 0.86638
vn -0.23147 -0.44251 0.86638
vn -0.17645 -0.46718 0.86638
vn -0.1383 -0.47986 0.86638
vn -0.11885 -0.48504 0.86638
vn -0.05952 -0.49583 0.86638
vn -0.01945 -0.49901 0.86638
vn 0.00068 -0.49939 0.86638
vn 0.06087 -0.49567 0.86638
vn 0.10054 -0.48917 0.86638
vn 0.12018 -0.48472 0.86638
vn 0.17773 -0.4667 0.86638
vn 0.21468 -0.45089 0.86638
vn 0.23268 -0.44187 0.86638
vn 0.28425 -0.4106 0.86638
vn 0.31635 -0.38641 0.86638
vn 0.33167 -0.37335 0.86638
vn 0.37425 -0.33065 0.86638
vn 0.39963 -0.29948 0.86638
vn 0.41138 -0.28312 0.86638
vn 0.44251 -0.23147 0.86638
vn 0.45969 -0.19514 0.86638
vn 0.46718 -0.17645 0.86638
vn 0.47986 -0.1383 0.86638
vn 0.48504 -0.11885 0.86638
vn 0.49303 -0.07945 0.86638
vn 0.49583 -0.05952 0.86638
vn 0.49939 0.00068 0.86638
vn 0.49772 0.04084 0.86638
vn 0.49567 0.06087 0.86638
vn 0.48472 0.12018 0.86638
vn 0.47348 0.15877 0.86638
vn 0.4667 0.17773 0.86638
vn 0.44187 0.23268 0.86638
vn 0.42173 0.26747 0.86638
vn 0.4106 0.28425 0.86638
vn 0.37335 0.33167 0.86638
vn 0.34546 0.36062 0.86638
vn 0.33065 0.37425 0.86638
vn 0.28312 0.41138 0.86638
vn 0.24912 0.43282 0.86638
vn 0.23147 0.44251 0.86638
vn 0.17645 0.46718 0.86638
vn 0.1383 0.47986 0.86638
vn 0.11885 0.48504 0.86638
vn 0.05952 0.49583 0.86638
vn 0.01945 0.49901 0.86638
vn -0.00068 0.49939 0.86638
vn -0.06087 0.49567 0.86638
vn -0.10054 0.48917 0.86638
vn -0.12018 0.48472 0.86638
vn -0.17773 0.4667 0.86638
vn -0.21468 0.45089 0.86638
vn -0.23268 0.44187 0.86638
vn 0.49756 0.00058 -0.86743
vn 0.47832 0.13924 -0.86708
vn 0.49774 0.02073 -0.86708
vn 0.45036 -0.21296 -0.86708
vn 0.46718 -0.17645 -0.86638
vn 0.48824 -0.09899 -0.86708
vn 0.49583 -0.05952 -0.86638
vn 0.29981 -0.39786 -0.86708
vn 0.38631 -0.31455 -0.86708
vn 0.41138 -0.28312 -0.86638
vn 0.06055 -0.49387 -0.86743
vn 0.08057 -0.49161 -0.86708
vn 0.19588 -0.45805 -0.86708
vn -0.15712 -0.47275 -0.86708
vn -0.03942 -0.49661 -0.86708
vn 0.00068 -0.49939 -0.86638
vn -0.35882 -0.34558 -0.86708
vn -0.26569 -0.42141 -0.86708
vn -0.47832 -0.13924 -0.86708
vn -0.4311 -0.24967 -0.86708
vn -0.48824 0.09899 -0.86708
vn -0.49583 0.05952 -0.86638
vn -0.49774 -0.02073 -0.86708
vn -0.38631 0.31455 -0.86708
vn -0.41138 0.28312 -0.86638
vn -0.45036 0.21296 -0.86708
vn -0.46718 0.17645 -0.86638
vn -0.29981 0.39786 -0.86708
vn -0.19588 0.45805 -0.86708
vn 0.0594 0.49401 -0.86743
vn 0.03942 0.49661 -0.86708
vn -0.00068 0.49939 -0.86638
vn -0.08057 0.49161 -0.86708
vn 0.26569 0.42141 -0.86708
vn 0.15712 0.47275 -0.86708
vn 0.4311 0.24967 -0.86708
vn 0.35882 0.34558 -0.86708
vn -0.0594 -0.49401 -0.86743
vn -0.05952 -0.49583 -0.86638
vn -0.07945 -0.49303 -0.86638
vn -0.49939 -0.00068 -0.86638
vn -0.49303 0.07945 -0.86638
vn 0.05952 0.49583 -0.86638
vn 0.07945 0.49303 -0.86638
vn 0.49939 0.00068 -0.86638
vn 0.49303 -0.07945 -0.86638
vn 0.7476 0.66415 -0
vn 0.84448 0.53559 -0
vn 0.88482 0.46593 -0
vn 0.94812 0.31792 -0
vn 0.97061 0.24064 -0
vn 0.99665 0.08179 -0
vn 1 0.00137 -0
vn 0.98726 -0.1591 -0
vn 0.97127 -0.23799 -0
vn 0.9205 -0.39075 -0
vn 0.88609 -0.46351 -0
vn 0.80024 -0.59968 -0
vn 0.74942 -0.6621 -0
vn 0.63347 -0.77377 -0
vn 0.56919 -0.82221 -0
vn 0.42989 -0.90288 -0
vn 0.35588 -0.93453 0
vn 0.20132 -0.97952 0
vn 0.1219 -0.99254 0
vn -0.03894 -0.99924 0
vn -0.11918 -0.99287 0
vn -0.27694 -0.96089 0
vn -0.35332 -0.9355 0
vn -0.49885 -0.86669 0
vn -0.56694 -0.82376 0
vn -0.69177 -0.72212 0
vn -0.7476 -0.66415 0
vn -0.84448 -0.53559 0
vn -0.88482 -0.46593 0
vn -0.94812 -0.31792 0
vn -0.97061 -0.24064 0
vn -0.99665 -0.08179 0
vn -1 -0.00137 0
vn -0.98726 0.1591 0
vn -0.97127 0.23799 0
vn -0.9205 0.39075 0
vn -0.88609 0.46351 0
vn -0.80024 0.59968 0
vn -0.74942 0.6621 0
vn -0.63347 0.77377 0
vn -0.56919 0.82221 0
vn -0.42989 0.90288 0
vn -0.35588 0.93453 -0
vn -0.20132 0.97952 -0
vn -0.1219 0.99254 -0
vn 0.03894 0.99924 -0
vn 0.11918 0.99287 -0
vn 0.27694 0.96089 -0
vn 0.35332 0.9355 -0
vn 0.49885 0.86669 -0
vn 0.56694 0.82376 -0
vn 0.69177 0.72212 -0
vn -0.34558 0.35882 0.86708
vn -0.42141 0.26569 0.86708
vn -0.47275 0.15712 0.86708
vn -0.49661 0.03942 0.86708
vn -0.49161 -0.08057 0.86708
vn -0.45805 -0.19588 0.86708
vn -0.39786 -0.29981 0.86708
vn -0.31455 -0.38631 0.86708
vn -0.21296 -0.45036 0.86708
vn -0.09899 -0.48824 0.86708
vn 0.02073 -0.49774 0.86708
vn 0.13924 -0.47832 0.86708
vn 0.24967 -0.4311 0.86708
vn 0.34558 -0.35882 0.86708
vn 0.42141 -0.26569 0.86708
vn 0.47275 -0.15712 0.86708
vn 0.49661 -0.03942 0.86708
vn 0.49161 0.08057 0.86708
vn 0.45805 0.19588 0.86708
vn 0.31455 0.38631 0.86708
vn 0.21296 0.45036 0.86708
vn 0.09899 0.48824 0.86708
vn -0.02073 0.49774 0.86708
vn -0.11964 0.48297 0.86743
vn -0.13924 0.47832 0.86708
vn -0.23175 0.4403 0.86743
vn -0.24967 0.4311 0.86708
vn 0.26657 -0.42013 -0.86743
vn 0.24967 -0.4311 -0.86708
vn 0.13924 -0.47832 -0.86708
vn 0.04079 -0.49589 -0.86743
vn 0.02073 -0.49774 -0.86708
vn -0.09899 -0.48824 -0.86708
vn -0.19433 -0.45805 -0.86743
vn -0.21296 -0.45036 -0.86708
vn -0.31455 -0.38631 -0.86708
vn -0.39786 -0.29981 -0.86708
vn -0.4492 -0.21399 -0.86743
vn -0.45805 -0.19588 -0.86708
vn -0.48736 -0.10027 -0.86743
vn -0.49161 -0.08057 -0.86708
vn -0.49719 0.01928 -0.86743
vn -0.49661 0.03942 -0.86708
vn -0.47275 0.15712 -0.86708
vn -0.42141 0.26569 -0.86708
vn -0.35937 0.34413 -0.86743
vn -0.34558 0.35882 -0.86708
vn -0.24967 0.4311 -0.86708
vn -0.13924 0.47832 -0.86708
vn -0.02073 0.49774 -0.86708
vn 0.09899 0.48824 -0.86708
vn 0.21296 0.45036 -0.86708
vn 0.31455 0.38631 -0.86708
vn 0.4492 0.21399 -0.86743
vn 0.45805 0.19588 -0.86708
vn 0.48736 0.10027 -0.86743
vn 0.49161 0.08057 -0.86708
vn 0.49719 -0.01928 -0.86743
vn 0.49661 -0.03942 -0.86708
vn 0.47813 -0.1377 -0.86743
vn 0.47275 -0.15712 -0.86708
vn 0.43128 -0.24813 -0.86743
vn 0.42141 -0.26569 -0.86708
vn 0.35937 -0.34413 -0.86743
vn 0.34558 -0.35882 -0.86708
vn 0.90403 -0.42748 -0
vn -0.88 -0.46318 0.1052
vn -0.94279 -0.31635 0.1052
vn -0.96527 -0.23912 0.1052
vn -0.9911 -0.08153 0.1052
vn -0.99445 -0.00117 0.1052
vn -0.98181 0.15803 0.1052
vn -0.96583 0.23686 0.1052
vn -0.91547 0.3884 0.1052
vn -0.88108 0.46111 0.1052
vn -0.79591 0.5962 0.1052
vn -0.74513 0.65857 0.1052
vn -0.63011 0.76935 0.1052
vn -0.56587 0.81775 0.1052
vn -0.42768 0.89779 0.1052
vn -0.35373 0.92941 0.1052
vn -0.2004 0.97405 0.1052
vn -0.12102 0.98706 0.1052
vn 0.03853 0.9937 0.1052
vn 0.11871 0.98734 0.1052
vn 0.27522 0.95561 0.1052
vn 0.35155 0.93024 0.1052
vn 0.49591 0.86198 0.1052
vn 0.56395 0.81908 0.1052
vn 0.68779 0.71825 0.1052
vn 0.74358 0.66031 0.1052
vn 0.83969 0.53278 0.1052
vn 0.88 0.46318 0.1052
vn 0.94279 0.31635 0.1052
vn 0.96527 0.23912 0.1052
vn 0.9911 0.08153 0.1052
vn 0.99445 0.00117 0.1052
vn 0.98181 -0.15803 0.1052
vn 0.96583 -0.23686 0.1052
vn 0.91547 -0.3884 0.1052
vn 0.88108 -0.46111 0.1052
vn 0.79591 -0.5962 0.1052
vn 0.74513 -0.65857 0.1052
vn 0.63011 -0.76935 0.1052
vn 0.56587 -0.81775 0.1052
vn 0.42768 -0.89779 0.1052
vn 0.35373 -0.92941 0.1052
vn 0.2004 -0.97405 0.1052
vn 0.12102 -0.98706 0.1052
vn -0.03853 -0.9937 0.1052
vn -0.11871 -0.98734 0.1052
vn -0.27522 -0.95561 0.1052
vn -0.35155 -0.93024 0.1052
vn -0.49591 -0.86198 0.1052
vn -0.56395 -0.81908 0.1052
vn -0.68779 -0.71825 0.1052
vn -0.74358 -0.66031 0.1052
vn -0.83969 -0.53278 0.1052
vn -0.34852 -0.93662 -0.03569
vn -0.40164 -0.91507 -0.03651
vn -0.4383 -0.88416 -0.16172
vn -0.49218 -0.86976 -0.03577
vn -0.52509 -0.83567 -0.16103
vn -0.57044 -0.82056 -0.03582
vn -0.62944 -0.76003 -0.16172
vn -0.65833 -0.7519 -0.03543
vn -0.30403 -0.95199 -0.03575
vn -0.26589 -0.95034 -0.16172
vn -0.19603 -0.97996 -0.03543
vn -0.14856 -0.97577 -0.16064
vn -0.10466 -0.99388 -0.03541
vn -0.04079 -0.98599 -0.16172
vn 0.00527 -0.99932 -0.03651
vn 0.14363 -0.97633 -0.16172
vn 0.10068 -0.99425 -0.03638
vn 0.05377 -0.99789 -0.0363
vn 0.5828 -0.81183 -0.03562
vn 0.53403 -0.84468 -0.03651
vn 0.48791 -0.85778 -0.16172
vn 0.44715 -0.89374 -0.03586
vn 0.40052 -0.90201 -0.16113
vn 0.36266 -0.93123 -0.03592
vn 0.27812 -0.94684 -0.16172
vn 0.25665 -0.96586 -0.0354
vn 0.21086 -0.97688 -0.03536
vn 0.62038 -0.78349 -0.03568
vn 0.63918 -0.75186 -0.16172
vn 0.70385 -0.70947 -0.03547
vn 0.72687 -0.66771 -0.16069
vn 0.76638 -0.6414 -0.03545
vn 0.79462 -0.58517 -0.16172
vn 0.83142 -0.55444 -0.03651
vn 0.88973 -0.42688 -0.16172
vn 0.88127 -0.47122 -0.03626
vn 0.85811 -0.51218 -0.03618
vn 0.9989 0.03066 -0.03555
vn 0.99889 -0.02961 -0.03651
vn 0.98397 -0.07517 -0.16172
vn 0.99117 -0.12761 -0.03596
vn 0.97201 -0.1709 -0.16123
vn 0.97514 -0.21864 -0.03602
vn 0.94048 -0.2989 -0.16172
vn 0.94473 -0.32593 -0.03539
vn 0.92833 -0.37008 -0.03535
vn 0.99634 0.07767 -0.03561
vn 0.98075 0.10947 -0.16172
vn 0.98148 0.18823 -0.03553
vn 0.95967 0.23066 -0.16074
vn 0.95989 0.27811 -0.0355
vn 0.92948 0.33154 -0.16172
vn 0.92458 0.37924 -0.03651
vn 0.85143 0.49891 -0.16172
vn 0.88277 0.46841 -0.03614
vn 0.90385 0.42633 -0.03607
vn 0.53191 0.84606 -0.0355
vn 0.58312 0.81157 -0.03651
vn 0.61255 0.77371 -0.16172
vn 0.65894 0.75133 -0.03607
vn 0.68415 0.71127 -0.16134
vn 0.72554 0.68723 -0.03613
vn 0.77371 0.61255 -0.16172
vn 0.79761 0.60214 -0.03539
vn 0.82509 0.56389 -0.03535
vn 0.49147 0.87017 -0.03555
vn 0.45767 0.87429 -0.16172
vn 0.39143 0.91952 -0.03559
vn 0.34403 0.92509 -0.1608
vn 0.3048 0.95175 -0.03555
vn 0.24489 0.95597 -0.16172
vn 0.20261 0.97858 -0.03651
vn -0.05314 0.98559 -0.16058
vn -0.00757 0.99935 -0.03536
vn 0.06249 0.98486 -0.16172
vn 0.10385 0.99394 -0.03603
vn 0.15053 0.98795 -0.03596
vn -0.40532 0.91349 -0.03545
vn -0.34674 0.93725 -0.03651
vn -0.2989 0.94048 -0.16172
vn -0.25582 0.96605 -0.03618
vn -0.20853 0.9646 -0.16146
vn -0.16546 0.98555 -0.03625
vn -0.09987 0.99437 -0.03535
vn -0.44789 0.89338 -0.0355
vn -0.4689 0.86832 -0.16172
vn -0.54466 0.8379 -0.03566
vn -0.57574 0.80165 -0.16087
vn -0.61975 0.78399 -0.03562
vn -0.65559 0.7376 -0.16172
vn -0.69798 0.71519 -0.03651
vn -0.84756 0.50582 -0.16059
vn -0.83354 0.55132 -0.03537
vn -0.78154 0.60253 -0.16172
vn -0.76689 0.64077 -0.03593
vn -0.73587 0.67617 -0.03586
vn -0.98423 0.17334 -0.03541
vn -0.97091 0.23664 -0.03651
vn -0.94684 0.27811 -0.16172
vn -0.94442 0.32673 -0.0363
vn -0.91682 0.36514 -0.16159
vn -0.91018 0.4126 -0.03638
vn -0.88092 0.47195 -0.03536
vn -0.9913 0.12679 -0.03546
vn -0.98207 0.09683 -0.16172
vn -0.99924 0.01553 -0.03574
vn -0.98649 -0.03051 -0.16094
vn -0.9964 -0.07686 -0.03569
vn -0.9781 -0.13105 -0.16172
vn -0.98322 -0.17872 -0.03651
vn -0.69302 -0.72005 -0.03538
vn -0.73911 -0.67259 -0.03651
vn -0.76003 -0.62945 -0.16172
vn -0.82553 -0.56318 -0.03651
vn -0.84023 -0.51755 -0.16172
vn -0.88318 -0.4677 -0.03538
vn -0.89266 -0.42115 -0.16061
vn -0.92261 -0.38411 -0.0354
vn -0.93655 -0.31099 -0.16172
vn -0.95966 -0.27888 -0.03584
vn -0.97173 -0.23338 -0.03577
vn 0.09312 0.08095 -0.99236
vn 0.1741 0.1741 -0.96921
vn 0.08095 0.09312 -0.99236
vn 0.14818 0.19664 -0.96921
vn 0.0672 0.10348 -0.99236
vn 0.11937 0.21535 -0.96921
vn 0.05215 0.11183 -0.99236
vn 0.08824 0.22986 -0.96921
vn 0.03608 0.118 -0.99236
vn 0.05539 0.23991 -0.96921
vn 0.0193 0.12187 -0.99236
vn 0.02146 0.24528 -0.96921
vn 0.00215 0.12337 -0.99236
vn -0.01289 0.24588 -0.96921
vn -0.01504 0.12247 -0.99236
vn -0.04698 0.24169 -0.96921
vn -0.03194 0.11919 -0.99236
vn -0.08016 0.2328 -0.96921
vn -0.04821 0.11358 -0.99236
vn -0.11178 0.21938 -0.96921
vn -0.06355 0.10577 -0.99236
vn -0.14123 0.20169 -0.96921
vn -0.07765 0.09589 -0.99236
vn -0.16792 0.18007 -0.96921
vn -0.09024 0.08415 -0.99236
vn -0.19135 0.15495 -0.96921
vn -0.10108 0.07077 -0.99236
vn -0.21105 0.12681 -0.96921
vn -0.10994 0.05602 -0.99236
vn -0.22664 0.0962 -0.96921
vn -0.11667 0.04017 -0.99236
vn -0.23783 0.06372 -0.96921
vn -0.12112 0.02354 -0.99236
vn -0.24438 0.03001 -0.96921
vn -0.12322 0.00646 -0.99236
vn -0.24618 -0.0043 -0.96921
vn -0.12292 -0.01075 -0.99236
vn -0.24319 -0.03852 -0.96921
vn -0.12023 -0.02776 -0.99236
vn -0.23546 -0.07199 -0.96921
vn -0.1152 -0.04422 -0.99236
vn -0.22315 -0.10406 -0.96921
vn -0.10792 -0.05982 -0.99236
vn -0.20649 -0.1341 -0.96921
vn -0.09854 -0.07426 -0.99236
vn -0.18582 -0.16153 -0.96921
vn -0.08725 -0.08725 -0.99236
vn -0.16153 -0.18582 -0.96921
vn -0.07426 -0.09854 -0.99236
vn -0.1341 -0.2065 -0.96921
vn -0.05982 -0.10792 -0.99236
vn -0.10405 -0.22315 -0.96921
vn -0.04422 -0.1152 -0.99236
vn -0.07199 -0.23546 -0.96921
vn -0.02776 -0.12023 -0.99236
vn -0.03852 -0.24319 -0.96921
vn -0.01075 -0.12292 -0.99236
vn -0.0043 -0.24618 -0.96921
vn 0.00646 -0.12322 -0.99236
vn 0.03001 -0.24438 -0.96921
vn 0.02354 -0.12112 -0.99236
vn 0.06373 -0.23783 -0.96921
vn 0.04017 -0.11667 -0.99236
vn 0.09621 -0.22664 -0.96921
vn 0.05602 -0.10994 -0.99236
vn 0.12681 -0.21105 -0.96921
vn 0.07077 -0.10108 -0.99236
vn 0.15495 -0.19135 -0.96921
vn 0.08415 -0.09024 -0.99236
vn 0.18007 -0.16792 -0.96921
vn 0.09589 -0.07765 -0.99236
vn 0.20169 -0.14122 -0.96921
vn 0.10577 -0.06355 -0.99236
vn 0.21938 -0.11178 -0.96921
vn 0.11358 -0.04821 -0.99236
vn 0.2328 -0.08016 -0.96921
vn 0.11919 -0.03194 -0.99236
vn 0.24169 -0.04698 -0.96921
vn 0.12247 -0.01504 -0.99236
vn 0.24588 -0.01288 -0.96921
vn 0.12337 0.00215 -0.99236
vn 0.24528 0.02146 -0.96921
vn 0.12187 0.0193 -0.99236
vn 0.23991 0.05539 -0.96921
vn 0.118 0.03608 -0.99236
vn 0.22986 0.08824 -0.96921
vn 0.11183 0.05215 -0.99236
vn 0.21535 0.11937 -0.96921
vn 0.10348 0.0672 -0.99236
vn 0.19664 0.14818 -0.96921
vn -0.69504 -0.5809 -0.42364
vn -0.61107 -0.5615 -0.55796
vn -0.60743 -0.67198 -0.42364
vn -0.52698 -0.64108 -0.55796
vn -0.508 -0.74998 -0.42364
vn -0.43263 -0.70818 -0.55796
vn -0.39868 -0.81338 -0.42364
vn -0.32986 -0.7615 -0.55796
vn -0.2816 -0.86095 -0.42364
vn -0.22067 -0.79999 -0.55796
vn -0.15904 -0.89176 -0.42364
vn -0.10718 -0.82292 -0.55796
vn -0.03338 -0.90522 -0.42364
vn 0.00839 -0.82983 -0.55796
vn 0.09293 -0.90105 -0.42364
vn 0.1238 -0.82059 -0.55796
vn 0.21743 -0.87935 -0.42364
vn 0.23679 -0.79537 -0.55796
vn 0.33769 -0.84053 -0.42364
vn 0.34518 -0.75467 -0.55796
vn 0.45139 -0.78535 -0.42364
vn 0.44686 -0.69929 -0.55796
vn 0.55629 -0.71489 -0.42364
vn 0.53983 -0.63029 -0.55796
vn 0.65037 -0.63051 -0.42364
vn 0.6223 -0.54903 -0.55796
vn 0.73179 -0.53386 -0.42364
vn 0.69265 -0.45708 -0.55796
vn 0.79897 -0.42682 -0.42364
vn 0.74952 -0.35623 -0.55796
vn 0.8506 -0.31147 -0.42364
vn 0.79181 -0.24845 -0.55796
vn 0.88567 -0.19006 -0.42364
vn 0.81868 -0.13584 -0.55796
vn 0.9035 -0.06495 -0.42364
vn 0.82962 -0.02058 -0.55796
vn 0.90375 0.06143 -0.42364
vn 0.82441 0.09508 -0.55796
vn 0.8864 0.1866 -0.42364
vn 0.80315 0.20889 -0.55796
vn 0.85181 0.30815 -0.42364
vn 0.76626 0.31864 -0.55796
vn 0.80063 0.4237 -0.42364
vn 0.71446 0.42218 -0.55796
vn 0.73387 0.531 -0.42364
vn 0.64875 0.5175 -0.55796
vn 0.65283 0.62797 -0.42364
vn 0.57041 0.60276 -0.55796
vn 0.55908 0.71272 -0.42364
vn 0.48097 0.67628 -0.55796
vn 0.45444 0.78359 -0.42364
vn 0.38217 0.73663 -0.55796
vn 0.34097 0.83921 -0.42364
vn 0.27594 0.78265 -0.55796
vn 0.22085 0.8785 -0.42364
vn 0.16433 0.81344 -0.55796
vn 0.09644 0.90068 -0.42364
vn 0.04952 0.82839 -0.55796
vn -0.02985 0.90534 -0.42364
vn -0.06625 0.82722 -0.55796
vn -0.15556 0.89237 -0.42364
vn -0.18074 0.80995 -0.55796
vn -0.27824 0.86204 -0.42364
vn -0.2917 0.77691 -0.55796
vn -0.3955 0.81493 -0.42364
vn -0.39699 0.72876 -0.55796
vn -0.50507 0.75195 -0.42364
vn -0.49455 0.66642 -0.55796
vn -0.60481 0.67434 -0.42364
vn -0.58248 0.5911 -0.55796
vn -0.69277 0.58361 -0.42364
vn -0.65908 0.50428 -0.55796
vn -0.76725 0.48151 -0.42364
vn -0.72285 0.40765 -0.55796
vn -0.8268 0.37005 -0.42364
vn -0.77255 0.30308 -0.55796
vn -0.87025 0.25138 -0.42364
vn -0.80721 0.19261 -0.55796
vn -0.89677 0.12782 -0.42364
vn -0.82616 0.0784 -0.55796
vn -0.90583 0.00177 -0.42364
vn -0.82903 -0.03734 -0.55796
vn -0.89726 -0.12432 -0.42364
vn -0.81577 -0.15236 -0.55796
vn -0.87123 -0.24798 -0.42364
vn -0.78662 -0.26441 -0.55796
vn -0.82823 -0.36682 -0.42364
vn -0.74217 -0.37131 -0.55796
vn -0.76912 -0.47852 -0.42364
vn -0.68327 -0.47099 -0.55796
vn -0.47849 -0.40445 -0.7794
vn -0.36526 -0.34078 -0.86629
vn -0.41755 -0.46711 -0.7794
vn -0.31428 -0.3883 -0.86629
vn -0.34848 -0.52067 -0.7794
vn -0.25718 -0.42826 -0.86629
vn -0.27262 -0.5641 -0.7794
vn -0.19508 -0.45988 -0.86629
vn -0.19146 -0.59656 -0.7794
vn -0.12917 -0.48256 -0.86629
vn -0.10657 -0.6174 -0.7794
vn -0.06076 -0.49584 -0.86629
vn -0.01961 -0.62622 -0.7794
vn 0.00884 -0.49947 -0.86629
vn 0.06773 -0.62285 -0.7794
vn 0.07827 -0.49338 -0.86629
vn 0.15376 -0.60737 -0.7794
vn 0.14617 -0.47768 -0.86629
vn 0.23679 -0.58006 -0.7794
vn 0.21123 -0.45269 -0.86629
vn 0.31521 -0.54146 -0.7794
vn 0.27217 -0.41889 -0.86629
vn 0.3875 -0.49232 -0.7794
vn 0.32782 -0.37693 -0.86629
vn 0.45225 -0.4336 -0.7794
vn 0.37709 -0.32764 -0.86629
vn 0.50819 -0.36644 -0.7794
vn 0.41902 -0.27197 -0.86629
vn 0.55425 -0.29214 -0.7794
vn 0.45279 -0.21101 -0.86629
vn 0.58951 -0.21216 -0.7794
vn 0.47775 -0.14594 -0.86629
vn 0.6133 -0.12806 -0.7794
vn 0.49341 -0.07803 -0.86629
vn 0.62515 -0.04145 -0.7794
vn 0.49947 -0.0086 -0.86629
vn 0.62484 0.04595 -0.7794
vn 0.49581 0.061 -0.86629
vn 0.61236 0.13247 -0.7794
vn 0.48249 0.12941 -0.86629
vn 0.58797 0.2164 -0.7794
vn 0.45979 0.1953 -0.86629
vn 0.55213 0.29613 -0.7794
vn 0.42813 0.25739 -0.86629
vn 0.50554 0.37009 -0.7794
vn 0.38814 0.31447 -0.86629
vn 0.44912 0.43684 -0.7794
vn 0.3406 0.36543 -0.86629
vn 0.38395 0.4951 -0.7794
vn 0.28643 0.40927 -0.86629
vn 0.31131 0.54371 -0.7794
vn 0.22668 0.44515 -0.86629
vn 0.23261 0.58175 -0.7794
vn 0.16252 0.47237 -0.86629
vn 0.14938 0.60846 -0.7794
vn 0.0952 0.49039 -0.86629
vn 0.06325 0.62333 -0.7794
vn 0.02602 0.49887 -0.86629
vn -0.02412 0.62606 -0.7794
vn -0.04366 0.49763 -0.86629
vn -0.11102 0.61661 -0.7794
vn -0.11249 0.48671 -0.86629
vn -0.19575 0.59516 -0.7794
vn -0.17914 0.46632 -0.86629
vn -0.27668 0.56213 -0.7794
vn -0.24229 0.43685 -0.86629
vn -0.35222 0.51815 -0.7794
vn -0.30073 0.39888 -0.86629
vn -0.4209 0.46409 -0.7794
vn -0.35332 0.35315 -0.86629
vn -0.48139 0.40099 -0.7794
vn -0.39903 0.30054 -0.86629
vn -0.53252 0.33009 -0.7794
vn -0.43697 0.24208 -0.86629
vn -0.57327 0.25277 -0.7794
vn -0.46641 0.17891 -0.86629
vn -0.60287 0.17053 -0.7794
vn -0.48677 0.11225 -0.86629
vn -0.62074 0.08496 -0.7794
vn -0.49766 0.04342 -0.86629
vn -0.62652 -0.00226 -0.7794
vn -0.49885 -0.02627 -0.86629
vn -0.62011 -0.08943 -0.7794
vn -0.49034 -0.09544 -0.86629
vn -0.60163 -0.17486 -0.7794
vn -0.47229 -0.16275 -0.86629
vn -0.57144 -0.25689 -0.7794
vn -0.44504 -0.2269 -0.86629
vn -0.53013 -0.33392 -0.7794
vn -0.40913 -0.28663 -0.86629
vn 0 0 1
vn -0.72356 -0.6847 0.08745
vn -0.67728 -0.73054 0.08719
vn -0.64257 -0.76125 0.08722
vn -0.59139 -0.80163 0.08744
vn -0.39053 -0.91643 0.08739
vn -0.44065 -0.8934 0.08748
vn -0.49808 -0.86274 0.08716
vn -0.53765 -0.83864 0.08728
vn -0.16725 -0.98205 0.08723
vn -0.23113 -0.96899 0.08744
vn -0.29406 -0.95179 0.08727
vn -0.33801 -0.9371 0.08716
vn -0.12139 -0.98877 0.08718
vn -0.05796 -0.99448 0.08744
vn -0.01005 -0.99611 0.08752
vn 0.05503 -0.99467 0.08716
vn 0.10121 -0.99102 0.08733
vn 0.16589 -0.98226 0.08745
vn 0.22974 -0.96934 0.08719
vn 0.27458 -0.9576 0.08722
vn 0.33661 -0.93758 0.08744
vn 0.54259 -0.83544 0.0874
vn 0.49676 -0.86346 0.08749
vn 0.43933 -0.89409 0.08716
vn 0.39727 -0.91354 0.08729
vn 0.72263 -0.68571 0.08724
vn 0.67621 -0.7315 0.08743
vn 0.6269 -0.7742 0.08726
vn 0.59021 -0.80253 0.08717
vn 0.75375 -0.65136 0.08718
vn 0.79293 -0.60301 0.08743
vn 0.82184 -0.56296 0.08751
vn 0.85687 -0.50811 0.08716
vn 0.87956 -0.46771 0.08732
vn 0.90829 -0.40911 0.08744
vn 0.93311 -0.34887 0.0872
vn 0.94832 -0.30509 0.08721
vn 0.96622 -0.24242 0.08744
vn 0.99605 -0.01589 0.08741
vn 0.99383 -0.06812 0.0875
vn 0.98729 -0.13288 0.08716
vn 0.98003 -0.17865 0.0873
vn 0.97193 0.21847 0.08724
vn 0.98413 0.15441 0.08743
vn 0.99214 0.08968 0.08725
vn 0.99525 0.04344 0.08717
vn 0.96073 0.26345 0.08717
vn 0.94285 0.32154 0.08742
vn 0.92521 0.36922 0.0875
vn 0.89916 0.42886 0.08716
vn 0.87823 0.4702 0.08731
vn 0.84555 0.52669 0.08744
vn 0.80932 0.58085 0.0872
vn 0.78143 0.61787 0.0872
vn 0.73935 0.66762 0.08744
vn 0.56897 0.8177 0.08742
vn 0.60993 0.78761 0.0875
vn 0.66008 0.74612 0.08716
vn 0.69406 0.71461 0.08731
vn 0.35967 0.92899 0.08725
vn 0.41968 0.90345 0.08743
vn 0.47791 0.87407 0.08724
vn 0.51805 0.8509 0.08717
vn 0.31607 0.94472 0.08717
vn 0.25927 0.96184 0.08741
vn 0.20845 0.97411 0.0875
vn 0.14439 0.98567 0.08716
vn 0.0984 0.99131 0.0873
vn 0.03329 0.99561 0.08744
vn -0.03188 0.99568 0.08721
vn -0.07816 0.99312 0.0872
vn -0.14291 0.98586 0.08744
vn -0.36109 0.92842 0.08743
vn -0.31463 0.94517 0.08751
vn -0.25225 0.96373 0.08716
vn -0.20716 0.9744 0.08732
vn -0.57142 0.816 0.08726
vn -0.51678 0.85164 0.08743
vn -0.45997 0.88364 0.08724
vn -0.41837 0.90408 0.08718
vn -0.60876 0.78855 0.08717
vn -0.65352 0.75185 0.0874
vn -0.69309 0.71552 0.08749
vn -0.73836 0.66875 0.08716
vn -0.76866 0.63368 0.08729
vn -0.80848 0.58199 0.08744
vn -0.84483 0.52789 0.08722
vn -0.86847 0.48802 0.08719
vn -0.89849 0.4302 0.08745
vn -0.97194 0.21839 0.08744
vn -0.9603 0.2649 0.08752
vn -0.94098 0.32706 0.08716
vn -0.92474 0.37045 0.08733
vn -0.99598 -0.02032 0.08727
vn -0.99516 0.04491 0.08744
vn -0.99011 0.10991 0.08723
vn -0.98393 0.15585 0.08718
vn -0.99396 -0.06663 0.08716
vn -0.98858 -0.1228 0.08739
vn -0.98025 -0.17734 0.08748
vn -0.96661 -0.24098 0.08716
vn -0.95434 -0.28567 0.08728
vn -0.93358 -0.34753 0.08744
vn -0.90887 -0.40785 0.08722
vn -0.88892 -0.44969 0.08719
vn -0.85761 -0.50681 0.08745
vn -0.82259 -0.56188 0.08734
vn -0.76685 -0.63586 0.08734
vn 0.69164 0.52119 0.5
vn -0.45561 0.89018 0
vn -0.29064 0.95683 -0
vn 0.05052 0.99872 -0
vn 0.22671 0.97396 -0
vn 0.54311 0.83966 -0
vn 0.68332 0.73012 -0
vn 0.79863 0.60182 -0
vn -0.52119 0.69164 0.5
vn -0.79863 -0.60182 0
vn -0.89018 -0.45561 0
vn -0.95683 -0.29064 0
vn -0.99872 0.05052 0
vn -0.97396 0.22671 0
vn -0.83966 0.54311 0
vn -0.73012 0.68332 0
vn -0.69164 -0.52119 0.5
vn 0.45561 -0.89018 -0
vn 0.29064 -0.95683 0
vn -0.05052 -0.99872 0
vn -0.22671 -0.97396 0
vn -0.54311 -0.83966 0
vn -0.68332 -0.73012 0
vn 0.52119 -0.69164 0.5
vn 0.89018 0.45561 -0
vn 0.95683 0.29064 -0
vn 0.99872 -0.05052 -0
vn 0.97396 -0.22671 -0
vn 0.83966 -0.54311 -0
vn 0.73012 -0.68332 -0
vn 0.0178 0.99984 -0
vn 0.03248 0.99947 -0
vn 0.3259 0.9454 -0
vn 0.33975 0.94052 -0
vn -0.29204 0.95641 -0
vn -0.27796 0.96059 -0
vn -0.57329 0.81935 0
vn -0.5612 0.82768 0
vn -0.79842 0.6021 0
vn -0.7895 0.61375 0
vn -0.9454 0.3259 0
vn -0.94052 0.33975 0
vn -0.99984 0.0178 0
vn -0.99947 0.03248 0
vn 0.91166 -0.41094 -0
vn 0.96892 -0.24739 -0
vn 0.99622 0.08684 -0
vn 0.96627 0.25752 -0
vn 0.82681 0.56248 -0
vn 0.71729 0.69677 -0
vn 0.48546 0.87426 -0
vn 0.46699 0.88426 -0
vn 0.19167 0.98146 -0
vn 0.01936 0.99981 -0
vn -0.31226 0.95 -0
vn -0.47157 0.88183 0
vn -0.73659 0.67634 0
vn -0.84229 0.53903 0
vn 0.97092 -0.23941 -0
vn 0.97892 -0.20424 -0
vn 0.99934 -0.03636 -0
vn 0.99507 0.0992 -0
vn 0.92063 0.39044 -0
vn 0.8394 0.54351 -0
vn 0.61253 0.79045 -0
vn 0.46687 0.88432 -0
vn 0.20544 0.97867 -0
vn 0.19877 0.98005 -0
vn 0.17814 0.98401 -0
vn 0.16416 0.98643 -0
vn -0.121 0.99265 -0
vn -0.29055 0.95686 -0
vn -0.45191 0.89206 0
vn -0.45693 0.8895 0
vn -0.59973 0.8002 0
vn -0.72477 0.68899 0
vn -0.90954 0.41562 0
vn -0.96763 0.25237 0
vn 0.97909 0.20341 -0
vn 0.92928 0.36938 -0
vn 0.75849 0.65168 -0
vn 0.6392 0.76904 -0
vn 0.50107 0.86541 -0
vn 0.49618 0.86822 -0
vn 0.33828 0.94104 -0
vn 0.17075 0.98531 -0
vn -0.11436 0.99344 -0
vn -0.12845 0.99172 -0
vn -0.14925 0.9888 -0
vn -0.15598 0.98776 -0
vn -0.42183 0.90668 0
vn -0.57201 0.82024 0
vn -0.81102 0.58502 0
vn -0.89984 0.43623 0
vn -0.98882 0.14909 0
vn -0.9999 0.01392 0
vn -0.98795 -0.15477 0
vn -0.98173 -0.1903 0
vn 0.86832 0.49601 -0
vn 0.76965 0.63846 -0
vn 0.51531 0.857 -0
vn 0.35963 0.9331 -0
vn 0.03093 0.99952 -0
vn -0.14209 0.98985 -0
vn -0.42194 0.90662 0
vn -0.4409 0.89756 0
vn -0.68136 0.73195 0
vn -0.79749 0.60334 0
vn -0.95211 0.30577 0
vn -0.9906 0.13681 0
vn -0.98013 -0.19837 0
vn -0.93117 -0.36459 0
vn 0.67254 0.74006 -0
vn 0.53469 0.84505 -0
vn 0.22526 0.9743 -0
vn 0.05368 0.99856 -0
vn -0.27945 0.96016 -0
vn -0.44101 0.8975 0
vn -0.68145 0.73186 0
vn -0.69668 0.71738 0
vn -0.8742 0.48557 0
vn -0.9449 0.32737 0
vn -0.99999 -0.00342 0
vn -0.98439 -0.176 0
vn -0.87086 -0.49153 0
vn -0.77293 -0.63449 0
vn 0.41094 0.91166 -0
vn 0.24739 0.96892 -0
vn -0.08684 0.99622 -0
vn -0.25752 0.96627 -0
vn -0.56248 0.82681 0
vn -0.69677 0.71729 0
vn -0.87426 0.48546 0
vn -0.88426 0.46699 0
vn -0.98146 0.19167 0
vn -0.99981 0.01936 0
vn -0.95 -0.31226 0
vn -0.88183 -0.47157 0
vn -0.67634 -0.73659 0
vn -0.53903 -0.84229 0
vn 0.10911 0.99403 -0
vn -0.06413 0.99794 -0
vn -0.39044 0.92063 -0
vn -0.54351 0.8394 0
vn -0.79045 0.61253 0
vn -0.88432 0.46687 0
vn -0.98149 0.19154 0
vn -0.98529 0.17088 0
vn -0.99265 -0.121 0
vn -0.95686 -0.29055 0
vn -0.807 -0.59055 0
vn -0.69294 -0.72099 0
vn -0.41562 -0.90954 0
vn -0.25237 -0.96763 0
vn -0.20341 0.97909 -0
vn -0.36938 0.92928 -0
vn -0.65582 0.75492 0
vn -0.7763 0.63037 0
vn -0.94104 0.33828 0
vn -0.98531 0.17075 0
vn -0.99279 -0.11985 0
vn -0.99024 -0.1394 0
vn -0.98709 -0.16016 0
vn -0.98688 -0.16144 0
vn -0.90668 -0.42183 0
vn -0.82024 -0.57201 0
vn -0.58502 -0.81102 0
vn -0.43623 -0.89984 0
vn -0.11422 -0.99346 0
vn 0.059 -0.99826 0
vn -0 -0 -1
vn -0.14704 0.98913 -0
vn -0.32 0.94742 -0
vn -0.48659 0.87363 0
vn -0.49506 0.86886 0
vn -0.63724 0.77066 0
vn -0.75704 0.65337 0
vn -0.93013 0.36723 0
vn -0.98049 0.19658 0
vn -0.98913 -0.14704 0
vn -0.94742 -0.32 0
vn -0.78893 -0.61449 0
vn -0.67518 -0.73766 0
vn -0.53811 -0.84287 0
vn -0.52989 -0.84807 0
vn -0.36723 -0.93013 0
vn -0.19658 -0.98049 0
vn 0.14704 -0.98913 0
vn 0.32 -0.94742 0
vn 0.48659 -0.87363 -0
vn 0.49506 -0.86886 -0
vn 0.63724 -0.77066 -0
vn 0.75704 -0.65337 -0
vn 0.93013 -0.36723 -0
vn 0.98049 -0.19658 -0
vn 0.98913 0.14704 -0
vn 0.94742 0.32 -0
vn 0.78893 0.61449 -0
vn 0.67518 0.73766 -0
vn 0.53811 0.84287 -0
vn 0.52989 0.84807 -0
vn 0.36723 0.93013 -0
vn 0.19658 0.98049 -0
vn -0.6219 0.78309 0
vn -0.75084 0.66048 0
vn -0.78309 -0.6219 0
vn -0.66048 -0.75084 0
vn 0.6219 -0.78309 -0
vn 0.75084 -0.66048 -0
vn 0.78309 0.6219 -0
vn 0.66048 0.75084 -0
vn -0.09727 0.99526 -0
vn -0.22007 0.97548 -0
vn -0.4383 0.89883 0
vn -0.53481 0.84497 0
vn -0.63425 0.77313 0
vn -0.64463 0.76449 0
vn -0.66659 0.74543 0
vn -0.67811 0.73496 0
vn -0.76302 0.64637 0
vn -0.82851 0.55997 0
vn -0.90017 0.43554 0
vn -0.91548 0.40236 0
vn -0.95792 0.28703 0
vn -0.97926 0.2026 0
vn -0.99999 -0.00502 0
vn -0.99163 -0.12912 0
vn -0.96196 -0.27321 0
vn -0.95492 -0.29687 0
vn -0.91133 -0.41167 0
vn -0.8661 -0.49987 0
vn -0.7688 -0.63949 0
vn -0.72042 -0.69354 0
vn -0.62986 -0.7767 0
vn -0.58946 -0.80779 0
vn -0.44124 -0.89739 0
vn -0.32642 -0.94522 0
vn -0.08726 -0.99619 0
vn 0.03708 -0.99931 0
vn 0.27849 -0.96044 0
vn 0.39557 -0.91844 0
vn 0.54811 -0.83641 -0
vn 0.59002 -0.80739 -0
vn 0.68465 -0.72888 -0
vn 0.73568 -0.67733 -0
vn 0.83988 -0.54278 -0
vn 0.88949 -0.45696 -0
vn 0.93879 -0.3445 -0
vn 0.94701 -0.32122 -0
vn 0.98388 -0.17881 -0
vn 0.99847 -0.05529 -0
vn 0.98821 0.15311 -0
vn 0.97114 0.23851 -0
vn 0.93455 0.35583 -0
vn 0.92092 0.38974 -0
vn 0.85561 0.51762 -0
vn 0.79455 0.6072 -0
vn 0.7142 0.69994 -0
vn 0.70322 0.71097 -0
vn 0.68225 0.73112 -0
vn 0.67231 0.74027 -0
vn 0.57661 0.81702 -0
vn 0.48293 0.87566 -0
vn 0.26883 0.96319 -0
vn 0.14718 0.98911 -0
vn 0.84095 -0.54111 -0
vn 0.79972 -0.60038 -0
vn 0.70552 -0.70869 -0
vn 0.65255 -0.75774 -0
vn 0.54433 -0.83887 -0
vn 0.48976 -0.87186 -0
vn 0.42588 -0.90478 -0
vn 0.41831 -0.9083 -0
vn 0.34421 -0.93889 0
vn 0.27557 -0.96128 0
vn 0.19928 -0.97994 0
vn 0.19267 -0.98126 0
vn 0.12171 -0.99257 0
vn 0.05658 -0.9984 0
vn -0.08028 -0.99677 0
vn -0.15198 -0.98838 0
vn -0.22671 -0.97396 0
vn -0.2309 -0.97298 0
vn -0.30016 -0.95389 0
vn -0.36416 -0.93134 0
vn -0.44404 -0.89601 0
vn -0.46172 -0.88703 0
vn -0.52425 -0.85156 0
vn -0.80984 -0.58665 0
vn -0.7175 -0.69656 0
vn -0.66538 -0.74651 0
vn -0.568 -0.82303 0
vn -0.94686 -0.32165 0
vn -0.9256 -0.3785 0
vn -0.89602 -0.44401 0
vn -0.8909 -0.4542 0
vn -0.85005 -0.52669 0
vn 0.0239 -0.99971 0
vn 0.18536 0.98267 -0
vn 0.29564 0.9553 -0
vn 0.50087 0.86552 -0
vn 0.59582 0.80312 -0
vn 0.75965 0.65034 -0
vn 0.82852 0.55996 -0
vn 0.91375 0.40628 -0
vn 0.93785 0.34703 -0
vn 0.97091 0.23946 -0
vn 0.98147 0.19162 -0
vn 0.9995 0.03169 -0
vn 0.99664 -0.0819 -0
vn 0.9706 -0.24072 -0
vn 0.95764 -0.28796 -0
vn 0.91922 -0.39374 -0
vn 0.89217 -0.4517 -0
vn 0.82823 -0.56038 -0
vn 0.79149 -0.61118 -0
vn 0.71781 -0.69624 -0
vn 0.68192 -0.73143 -0
vn 0.5547 -0.83205 -0
vn 0.45673 -0.88961 -0
vn 0.24724 -0.96895 0
vn 0.13573 -0.99075 0
vn 0.07413 0.99725 -0
vn 0.63329 0.77391 -0
vn 0.67453 0.73825 -0
vn 0.75065 0.6607 -0
vn 0.78554 0.61882 -0
vn 0.84804 0.52993 -0
vn 0.87566 0.48293 -0
vn 0.99926 -0.03859 -0
vn 0.99538 -0.09601 -0
vn 0.98604 -0.16651 -0
vn 0.98366 -0.18005 -0
vn 0.96902 -0.24698 -0
vn 0.954 -0.29982 -0
vn 0.90804 -0.41887 -0
vn 0.87492 -0.48427 -0
vn 0.83484 -0.55049 -0
vn 0.83236 -0.55424 -0
vn -0.90188 0.43199 0
vn -0.88108 0.47298 0
vn -0.8292 0.55896 0
vn -0.79736 0.6035 0
vn -0.73733 0.67554 0
vn -0.71023 0.70397 0
vn -0.65582 0.75492 0
vn -0.62872 0.77764 0
vn -0.59857 0.80107 0
vn -0.59628 0.80277 0
vn -0.57322 0.8194 0
vn -0.55206 0.8338 0
vn 0.96591 0.25888 -0
vn 0.98192 0.18928 -0
vn 0.99791 0.06455 -0
vn 0.99995 0.00966 -0
vn 0.99304 -0.11777 -0
vn 0.98174 -0.1902 -0
vn 0.96409 -0.26557 -0
vn 0.96289 -0.2699 -0
vn -0.98259 0.18578 0
vn -0.95878 0.28413 0
vn -0.89483 0.44642 0
vn -0.85893 0.51209 0
vn -0.81682 0.57689 0
vn -0.81517 0.57922 0
vn -0.79837 0.60216 0
vn -0.7827 0.6224 0
vn 0.83864 0.54469 -0
vn 0.87537 0.48345 -0
vn 0.92913 0.36976 -0
vn 0.94803 0.31819 -0
vn 0.98083 0.19486 -0
vn 0.99247 0.12248 -0
vn 0.99897 0.04535 -0
vn 0.99917 0.04085 -0
vn -0.99191 -0.12695 0
vn -0.99966 -0.02605 0
vn -0.98898 0.14805 0
vn -0.97514 0.2216 0
vn -0.95511 0.29625 0
vn -0.95426 0.29897 0
vn -0.94538 0.32598 0
vn -0.93673 0.35007 0
vn 0.93764 0.34761 -0
vn 0.8033 0.59557 -0
vn 0.62263 0.78251 -0
vn 0.67052 0.74189 -0
vn 0.72153 0.69238 -0
vn 0.72742 0.68619 -0
vn 0.76939 0.63878 -0
vn 0.85436 0.51969 -0
vn 0.87288 0.48793 -0
vn 0.90616 0.42294 -0
vn 0.92093 0.38972 -0
vn 0.93607 0.35183 -0
vn -0.94268 -0.33369 0
vn -0.90413 -0.42725 0
vn -0.98114 -0.19331 0
vn -0.98892 -0.14842 0
vn -0.99723 -0.07436 0
vn -0.99897 -0.04531 0
vn -0.99991 -0.0134 0
vn -0.99994 -0.01055 0
vn -0.99984 0.01789 0
vn -0.99905 0.04347 0
vn 0.35831 0.9336 -0
vn 0.42403 0.90565 -0
vn 0.53434 0.84527 -0
vn 0.57994 0.81466 -0
vn 0.67897 0.73416 -0
vn 0.73093 0.68245 -0
vn 0.78153 0.62387 -0
vn 0.78433 0.62035 -0
vn -0.72785 -0.68573 0
vn -0.79343 -0.60866 0
vn -0.88712 -0.46153 0
vn -0.91916 -0.39389 0
vn -0.94683 -0.32173 0
vn -0.94774 -0.31903 0
vn -0.95643 -0.29196 0
vn -0.96359 -0.26738 0
vn 0.05227 0.99863 -0
vn 0.12341 0.99236 -0
vn 0.24698 0.96902 -0
vn 0.29982 0.954 -0
vn 0.41887 0.90804 -0
vn 0.48427 0.87492 -0
vn 0.55049 0.83484 -0
vn 0.55424 0.83236 -0
vn -0.56651 -0.82406 0
vn -0.48033 -0.87709 0
vn -0.67554 -0.73733 0
vn -0.70397 -0.71023 0
vn -0.75492 -0.65582 0
vn -0.77764 -0.62872 0
vn -0.80107 -0.59857 0
vn -0.80277 -0.59628 0
vn -0.8194 -0.57322 0
vn -0.8338 -0.55206 0
vn -0.25888 0.96591 -0
vn -0.18928 0.98192 -0
vn -0.06455 0.99791 -0
vn -0.00966 0.99995 -0
vn 0.11777 0.99304 -0
vn 0.1902 0.98174 -0
vn 0.26557 0.96409 -0
vn 0.2699 0.96289 -0
vn -0.28413 -0.95878 0
vn -0.18578 -0.98259 0
vn -0.42843 -0.90358 0
vn -0.4771 -0.87885 0
vn -0.54121 -0.84088 0
vn -0.558 -0.82984 0
vn -0.57689 -0.81682 0
vn -0.57922 -0.81517 0
vn -0.60216 -0.79837 0
vn -0.6224 -0.7827 0
vn -0.56332 0.82624 0
vn -0.52234 0.85274 0
vn -0.4604 0.88771 0
vn -0.44034 0.89783 0
vn -0.36976 0.92913 -0
vn -0.31819 0.94803 -0
vn -0.19486 0.98083 -0
vn -0.12248 0.99247 -0
vn -0.04535 0.99897 -0
vn -0.04085 0.99917 -0
vn 0.12695 -0.99191 0
vn 0.02605 -0.99966 0
vn -0.14805 -0.98898 0
vn -0.2216 -0.97514 0
vn -0.29625 -0.95511 0
vn -0.29897 -0.95426 0
vn -0.32598 -0.94538 0
vn -0.35007 -0.93673 0
vn 0 0 1
f 1//1 2//1 3//1
f 1//1 3//1 4//1
f 5//1 6//1 3//1
f 3//1 6//1 7//1
f 3//1 7//1 4//1
f 8//1 9//1 3//1
f 3//1 9//1 10//1
f 3//1 10//1 5//1
f 11//1 12//1 3//1
f 3//1 12//1 13//1
f 3//1 13//1 8//1
f 14//1 15//1 3//1
f 3//1 15//1 16//1
f 3//1 16//1 11//1
f 17//1 18//1 3//1
f 3//1 18//1 19//1
f 3//1 19//1 14//1
f 20//1 21//1 3//1
f 3//1 21//1 22//1
f 3//1 22//1 17//1
f 23//1 24//1 3//1
f 3//1 24//1 25//1
f 3//1 25//1 20//1
f 2//1 26//1 3//1
f 3//1 26//1 27//1
f 3//1 27//1 23//1
f 28//2 4//2 29//2
f 29//3 4//3 7//3
f 29//4 7//4 30//4
f 30//5 7//5 6//5
f 30//6 6//6 31//6
f 31//7 6//7 5//7
f 31//8 5//8 32//8
f 32//9 5//9 10//9
f 32//10 10//10 33//10
f 33//11 10//11 9//11
f 33//12 9//12 34//12
f 34//13 9//13 8//13
f 34//14 8//14 35//14
f 35//15 8//15 13//15
f 35//16 13//16 36//16
f 36//17 13//17 12//17
f 36//18 12//18 37//18
f 37//19 12//19 11//19
f 37//20 11//20 38//20
f 38//21 11//21 16//21
f 38//22 16//22 39//22
f 39//23 16//23 15//23
f 39//24 15//24 40//24
f 40//25 15//25 14//25
f 40//26 14//26 41//26
f 41//27 14//27 19//27
f 41//28 19//28 42//28
f 42//29 19//29 18//29
f 42//30 18//30 43//30
f 43//31 18//31 17//31
f 43//32 17//32 44//32
f 44//33 17//33 22//33
f 44//34 22//34 45//34
f 45//35 22//35 21//35
f 45//36 21//36 46//36
f 46//37 21//37 20//37
f 46//38 20//38 47//38
f 47//39 20//39 25//39
f 47//40 25//40 48//40
f 48//41 25//41 24//41
f 48//42 24//42 49//42
f 49//43 24//43 23//43
f 49//44 23//44 50//44
f 50//45 23//45 27//45
f 50//46 27//46 51//46
f 51//47 27//47 26//47
f 51//48 26//48 52//48
f 52//49 26//49 2//49
f 52//50 2//50 53//50
f 53//51 2//51 1//51
f 53//52 1//52 28//52
f 28//53 1//53 4//53
f 54//54 29//54 55//54
f 55//55 29//55 30//55
f 55//56 30//56 56//56
f 56//57 30//57 31//57
f 56//58 31//58 57//58
f 57//59 31//59 32//59
f 57//60 32//60 58//60
f 58//61 32//61 33//61
f 58//62 33//62 59//62
f 59//63 33//63 34//63
f 59//64 34//64 60//64
f 60//65 34//65 35//65
f 60//66 35//66 61//66
f 61//67 35//67 36//67
f 61//68 36//68 62//68
f 62//69 36//69 37//69
f 62//70 37//70 63//70
f 63//71 37//71 38//71
f 63//72 38//72 64//72
f 64//73 38//73 39//73
f 64//74 39//74 65//74
f 65//75 39//75 40//75
f 65//76 40//76 66//76
f 66//77 40//77 41//77
f 66//78 41//78 67//78
f 67//79 41//79 42//79
f 67//80 42//80 68//80
f 68//81 42//81 43//81
f 68//82 43//82 69//82
f 69//83 43//83 44//83
f 69//84 44//84 70//84
f 70//85 44//85 45//85
f 70//86 45//86 71//86
f 71//87 45//87 46//87
f 71//88 46//88 72//88
f 72//89 46//89 47//89
f 72//90 47//90 73//90
f 73//91 47//91 48//91
f 73//92 48//92 74//92
f 74//93 48//93 49//93
f 74//94 49//94 75//94
f 75//95 49//95 50//95
f 75//96 50//96 76//96
f 76//97 50//97 51//97
f 76//98 51//98 77//98
f 77//99 51//99 52//99
f 77//100 52//100 78//100
f 78//101 52//101 53//101
f 78//102 53//102 79//102
f 79//103 53//103 28//103
f 79//104 28//104 54//104
f 54//105 28//105 29//105
f 67//106 80//106 66//106
f 66//107 80//107 81//107
f 66//108 81//108 65//108
f 65//109 81//109 82//109
f 65//110 82//110 64//110
f 64//111 82//111 83//111
f 64//112 83//112 63//112
f 63//113 83//113 84//113
f 63//114 84//114 62//114
f 62//115 84//115 85//115
f 62//116 85//116 61//116
f 61//117 85//117 86//117
f 61//118 86//118 60//118
f 60//119 86//119 87//119
f 60//120 87//120 59//120
f 59//121 87//121 88//121
f 59//122 88//122 58//122
f 58//123 88//123 89//123
f 58//124 89//124 57//124
f 57//125 89//125 90//125
f 57//126 90//126 56//126
f 56//127 90//127 91//127
f 56//128 91//128 55//128
f 55//129 91//129 92//129
f 55//130 92//130 54//130
f 54//131 92//131 93//131
f 54//132 93//132 79//132
f 79//133 93//133 94//133
f 79//134 94//134 78//134
f 78//135 94//135 95//135
f 78//136 95//136 77//136
f 77//137 95//137 96//137
f 77//138 96//138 76//138
f 76//139 96//139 97//139
f 76//140 97//140 75//140
f 75//141 97//141 98//141
f 75//142 98//142 74//142
f 74//143 98//143 99//143
f 74//144 99//144 73//144
f 73//145 99//145 100//145
f 73//146 100//146 72//146
f 72//147 100//147 101//147
f 72//148 101//148 71//148
f 71//149 101//149 102//149
f 71//150 102//150 70//150
f 70//151 102//151 103//151
f 70//152 103//152 69//152
f 69//153 103//153 104//153
f 69//154 104//154 68//154
f 68//155 104//155 105//155
f 68//156 105//156 67//156
f 67//157 105//157 80//157
f 106//2 91//2 107//2
f 107//3 91//3 90//3
f 107//4 90//4 108//4
f 108//5 90//5 89//5
f 108//6 89//6 109//6
f 109//7 89//7 88//7
f 109//8 88//8 110//8
f 110//9 88//9 87//9
f 110//10 87//10 111//10
f 111//11 87//11 86//11
f 111//12 86//12 112//12
f 112//13 86//13 85//13
f 112//14 85//14 113//14
f 113//15 85//15 84//15
f 113//16 84//16 114//16
f 114//17 84//17 83//17
f 114//18 83//18 115//18
f 115//19 83//19 82//19
f 115//20 82//20 116//20
f 116//21 82//21 81//21
f 116//22 81//22 117//22
f 117//23 81//23 80//23
f 117//24 80//24 118//24
f 118//25 80//25 105//25
f 118//26 105//26 119//26
f 119//27 105//27 104//27
f 119//28 104//28 120//28
f 120//29 104//29 103//29
f 120//30 103//30 121//30
f 121//31 103//31 102//31
f 121//32 102//32 122//32
f 122//33 102//33 101//33
f 122//34 101//34 123//34
f 123//35 101//35 100//35
f 123//36 100//36 124//36
f 124//37 100//37 99//37
f 124//38 99//38 125//38
f 125//39 99//39 98//39
f 125//40 98//40 126//40
f 126//41 98//41 97//41
f 126//42 97//42 127//42
f 127//43 97//43 96//43
f 127//44 96//44 128//44
f 128//45 96//45 95//45
f 128//46 95//46 129//46
f 129//47 95//47 94//47
f 129//48 94//48 130//48
f 130//49 94//49 93//49
f 130//50 93//50 131//50
f 131//51 93//51 92//51
f 131//52 92//52 106//52
f 106//53 92//53 91//53
f 132//54 107//54 133//54
f 133//55 107//55 108//55
f 133//56 108//56 134//56
f 134//57 108//57 109//57
f 134//58 109//58 135//58
f 135//59 109//59 110//59
f 135//60 110//60 136//60
f 136//61 110//61 111//61
f 136//62 111//62 137//62
f 137//63 111//63 112//63
f 137//64 112//64 138//64
f 138//65 112//65 113//65
f 138//66 113//66 139//66
f 139//67 113//67 114//67
f 139//68 114//68 140//68
f 140//69 114//69 115//69
f 140//70 115//70 141//70
f 141//71 115//71 116//71
f 141//72 116//72 142//72
f 142//73 116//73 117//73
f 142//74 117//74 143//74
f 143//75 117//75 118//75
f 143//76 118//76 144//76
f 144//77 118//77 119//77
f 144//78 119//78 145//78
f 145//79 119//79 120//79
f 145//80 120//80 146//80
f 146//81 120//81 121//81
f 146//82 121//82 147//82
f 147//83 121//83 122//83
f 147//84 122//84 148//84
f 148//85 122//85 123//85
f 148//86 123//86 149//86
f 149//87 123//87 124//87
f 149//88 124//88 150//88
f 150//89 124//89 125//89
f 150//90 125//90 151//90
f 151//91 125//91 126//91
f 151//92 126//92 152//92
f 152//93 126//93 127//93
f 152//94 127//94 153//94
f 153//95 127//95 128//95
f 153//96 128//96 154//96
f 154//97 128//97 129//97
f 154//98 129//98 155//98
f 155//99 129//99 130//99
f 155//100 130//100 156//100
f 156//101 130//101 131//101
f 156//102 131//102 157//102
f 157//103 131//103 106//103
f 157//104 106//104 132//104
f 132//105 106//105 107//105
f 145//106 158//106 144//106
f 144//107 158//107 159//107
f 144//108 159//108 143//108
f 143//109 159//109 160//109
f 143//110 160//110 142//110
f 142//111 160//111 161//111
f 142//112 161//112 141//112
f 141//113 161//113 162//113
f 141//114 162//114 140//114
f 140//115 162//115 163//115
f 140//116 163//116 139//116
f 139//117 163//117 164//117
f 139//118 164//118 138//118
f 138//119 164//119 165//119
f 138//120 165//120 137//120
f 137//121 165//121 166//121
f 137//122 166//122 136//122
f 136//123 166//123 167//123
f 136//124 167//124 135//124
f 135//125 167//125 168//125
f 135//126 168//126 134//126
f 134//127 168//127 169//127
f 134//128 169//128 133//128
f 133//129 169//129 170//129
f 133//130 170//130 132//130
f 132//131 170//131 171//131
f 132//132 171//132 157//132
f 157//133 171//133 172//133
f 157//134 172//134 156//134
f 156//135 172//135 173//135
f 156//136 173//136 155//136
f 155//137 173//137 174//137
f 155//138 174//138 154//138
f 154//139 174//139 175//139
f 154//140 175//140 153//140
f 153//141 175//141 176//141
f 153//142 176//142 152//142
f 152//143 176//143 177//143
f 152//144 177//144 151//144
f 151//145 177//145 178//145
f 151//146 178//146 150//146
f 150//147 178//147 179//147
f 150//148 179//148 149//148
f 149//149 179//149 180//149
f 149//150 180//150 148//150
f 148//151 180//151 181//151
f 148//152 181//152 147//152
f 147//153 181//153 182//153
f 147//154 182//154 146//154
f 146//155 182//155 183//155
f 146//156 183//156 145//156
f 145//157 183//157 158//157
f 184//2 169//2 185//2
f 185//3 169//3 168//3
f 185//4 168//4 186//4
f 186//5 168//5 167//5
f 186//6 167//6 187//6
f 187//7 167//7 166//7
f 187//8 166//8 188//8
f 188//9 166//9 165//9
f 188//10 165//10 189//10
f 189//11 165//11 164//11
f 189//12 164//12 190//12
f 190//13 164//13 163//13
f 190//14 163//14 191//14
f 191//15 163//15 162//15
f 191//16 162//16 192//16
f 192//17 162//17 161//17
f 192//18 161//18 193//18
f 193//19 161//19 160//19
f 193//20 160//20 194//20
f 194//21 160//21 159//21
f 194//22 159//22 195//22
f 195//23 159//23 158//23
f 195//24 158//24 196//24
f 196//25 158//25 183//25
f 196//26 183//26 197//26
f 197//27 183//27 182//27
f 197//28 182//28 198//28
f 198//29 182//29 181//29
f 198//30 181//30 199//30
f 199//31 181//31 180//31
f 199//32 180//32 200//32
f 200//33 180//33 179//33
f 200//34 179//34 201//34
f 201//35 179//35 178//35
f 201//36 178//36 202//36
f 202//37 178//37 177//37
f 202//38 177//38 203//38
f 203//39 177//39 176//39
f 203//40 176//40 204//40
f 204//41 176//41 175//41
f 204//42 175//42 205//42
f 205//43 175//43 174//43
f 205//44 174//44 206//44
f 206//45 174//45 173//45
f 206//46 173//46 207//46
f 207//47 173//47 172//47
f 207//48 172//48 208//48
f 208//49 172//49 171//49
f 208//50 171//50 209//50
f 209//51 171//51 170//51
f 209//52 170//52 184//52
f 184//53 170//53 169//53
f 210//54 185//54 211//54
f 211//55 185//55 186//55
f 211//56 186//56 212//56
f 212//57 186//57 187//57
f 212//58 187//58 213//58
f 213//59 187//59 188//59
f 213//60 188//60 214//60
f 214//61 188//61 189//61
f 214//62 189//62 215//62
f 215//63 189//63 190//63
f 215//64 190//64 216//64
f 216//65 190//65 191//65
f 216//66 191//66 217//66
f 217//67 191//67 192//67
f 217//68 192//68 218//68
f 218//69 192//69 193//69
f 218//70 193//70 219//70
f 219//71 193//71 194//71
f 219//72 194//72 220//72
f 220//73 194//73 195//73
f 220//74 195//74 221//74
f 221//75 195//75 196//75
f 221//76 196//76 222//76
f 222//77 196//77 197//77
f 222//78 197//78 223//78
f 223//79 197//79 198//79
f 223//80 198//80 224//80
f 224//81 198//81 199//81
f 224//82 199//82 225//82
f 225//83 199//83 200//83
f 225//84 200//84 226//84
f 226//85 200//85 201//85
f 226//86 201//86 227//86
f 227//87 201//87 202//87
f 227//88 202//88 228//88
f 228//89 202//89 203//89
f 228//90 203//90 229//90
f 229//91 203//91 204//91
f 229//92 204//92 230//92
f 230//93 204//93 205//93
f 230//94 205//94 231//94
f 231//95 205//95 206//95
f 231//96 206//96 232//96
f 232//97 206//97 207//97
f 232//98 207//98 233//98
f 233//99 207//99 208//99
f 233//100 208//100 234//100
f 234//101 208//101 209//101
f 234//102 209//102 235//102
f 235//103 209//103 184//103
f 235//104 184//104 210//104
f 210//105 184//105 185//105
f 223//106 236//106 222//106
f 222//107 236//107 237//107
f 222//108 237//108 221//108
f 221//109 237//109 238//109
f 221//110 238//110 220//110
f 220//111 238//111 239//111
f 220//112 239//112 219//112
f 219//113 239//113 240//113
f 219//114 240//114 218//114
f 218//115 240//115 241//115
f 218//116 241//116 217//116
f 217//117 241//117 242//117
f 217//118 242//118 216//118
f 216//119 242//119 243//119
f 216//120 243//120 215//120
f 215//121 243//121 244//121
f 215//122 244//122 214//122
f 214//123 244//123 245//123
f 214//124 245//124 213//124
f 213//125 245//125 246//125
f 213//126 246//126 212//126
f 212//127 246//127 247//127
f 212//128 247//128 211//128
f 211//129 247//129 248//129
f 211//130 248//130 210//130
f 210//131 248//131 249//131
f 210//132 249//132 235//132
f 235//133 249//133 250//133
f 235//134 250//134 234//134
f 234//135 250//135 251//135
f 234//136 251//136 233//136
f 233//137 251//137 252//137
f 233//138 252//138 232//138
f 232//139 252//139 253//139
f 232//140 253//140 231//140
f 231//141 253//141 254//141
f 231//142 254//142 230//142
f 230//143 254//143 255//143
f 230//144 255//144 229//144
f 229//145 255//145 256//145
f 229//146 256//146 228//146
f 228//147 256//147 257//147
f 228//148 257//148 227//148
f 227//149 257//149 258//149
f 227//150 258//150 226//150
f 226//151 258//151 259//151
f 226//152 259//152 225//152
f 225//153 259//153 260//153
f 225//154 260//154 224//154
f 224//155 260//155 261//155
f 224//156 261//156 223//156
f 223//157 261//157 236//157
f 262//2 247//2 263//2
f 263//3 247//3 246//3
f 263//4 246//4 264//4
f 264//5 246//5 245//5
f 264//6 245//6 265//6
f 265//7 245//7 244//7
f 265//8 244//8 266//8
f 266//9 244//9 243//9
f 266//10 243//10 267//10
f 267//11 243//11 242//11
f 267//12 242//12 268//12
f 268//13 242//13 241//13
f 268//14 241//14 269//14
f 269//15 241//15 240//15
f 269//16 240//16 270//16
f 270//17 240//17 239//17
f 270//18 239//18 271//18
f 271//19 239//19 238//19
f 271//20 238//20 272//20
f 272//21 238//21 237//21
f 272//22 237//22 273//22
f 273//23 237//23 236//23
f 273//24 236//24 274//24
f 274//25 236//25 261//25
f 274//26 261//26 275//26
f 275//27 261//27 260//27
f 275//28 260//28 276//28
f 276//29 260//29 259//29
f 276//30 259//30 277//30
f 277//31 259//31 258//31
f 277//32 258//32 278//32
f 278//33 258//33 257//33
f 278//34 257//34 279//34
f 279//35 257//35 256//35
f 279//36 256//36 280//36
f 280//37 256//37 255//37
f 280//38 255//38 281//38
f 281//39 255//39 254//39
f 281//40 254//40 282//40
f 282//41 254//41 253//41
f 282//42 253//42 283//42
f 283//43 253//43 252//43
f 283//44 252//44 284//44
f 284//45 252//45 251//45
f 284//46 251//46 285//46
f 285//47 251//47 250//47
f 285//48 250//48 286//48
f 286//49 250//49 249//49
f 286//50 249//50 287//50
f 287//51 249//51 248//51
f 287//52 248//52 262//52
f 262//53 248//53 247//53
f 288//54 263//54 289//54
f 289//55 263//55 264//55
f 289//56 264//56 290//56
f 290//57 264//57 265//57
f 290//58 265//58 291//58
f 291//59 265//59 266//59
f 291//60 266//60 292//60
f 292//61 266//61 267//61
f 292//62 267//62 293//62
f 293//63 267//63 268//63
f 293//64 268//64 294//64
f 294//65 268//65 269//65
f 294//66 269//66 295//66
f 295//67 269//67 270//67
f 295//68 270//68 296//68
f 296//69 270//69 271//69
f 296//70 271//70 297//70
f 297//71 271//71 272//71
f 297//72 272//72 298//72
f 298//73 272//73 273//73
f 298//74 273//74 299//74
f 299//75 273//75 274//75
f 299//76 274//76 300//76
f 300//77 274//77 275//77
f 300//78 275//78 301//78
f 301//79 275//79 276//79
f 301//80 276//80 302//80
f 302//81 276//81 277//81
f 302//82 277//82 303//82
f 303//83 277//83 278//83
f 303//84 278//84 304//84
f 304//85 278//85 279//85
f 304//86 279//86 305//86
f 305//87 279//87 280//87
f 305//88 280//88 306//88
f 306//89 280//89 281//89
f 306//90 281//90 307//90
f 307//91 281//91 282//91
f 307//92 282//92 308//92
f 308//93 282//93 283//93
f 308//94 283//94 309//94
f 309//95 283//95 284//95
f 309//96 284//96 310//96
f 310//97 284//97 285//97
f 310//98 285//98 311//98
f 311//99 285//99 286//99
f 311//100 286//100 312//100
f 312//101 286//101 287//101
f 312//102 287//102 313//102
f 313//103 287//103 262//103
f 313//104 262//104 288//104
f 288//105 262//105 263//105
f 301//106 314//106 300//106
f 300//107 314//107 315//107
f 300//108 315//108 299//108
f 299//109 315//109 316//109
f 299//110 316//110 298//110
f 298//111 316//111 317//111
f 298//112 317//112 297//112
f 297//113 317//113 318//113
f 297//114 318//114 296//114
f 296//115 318//115 319//115
f 296//116 319//116 295//116
f 295//117 319//117 320//117
f 295//118 320//118 294//118
f 294//119 320//119 321//119
f 294//120 321//120 293//120
f 293//121 321//121 322//121
f 293//122 322//122 292//122
f 292//123 322//123 323//123
f 292//124 323//124 291//124
f 291//125 323//125 324//125
f 291//126 324//126 290//126
f 290//127 324//127 325//127
f 290//128 325//128 289//128
f 289//129 325//129 326//129
f 289//130 326//130 288//130
f 288//131 326//131 327//131
f 288//132 327//132 313//132
f 313//133 327//133 328//133
f 313//134 328//134 312//134
f 312//135 328//135 329//135
f 312//136 329//136 311//136
f 311//137 329//137 330//137
f 311//138 330//138 310//138
f 310//139 330//139 331//139
f 310//140 331//140 309//140
f 309//141 331//141 332//141
f 309//142 332//142 308//142
f 308//143 332//143 333//143
f 308//144 333//144 307//144
f 307//145 333//145 334//145
f 307//146 334//146 306//146
f 306//147 334//147 335//147
f 306//148 335//148 305//148
f 305//149 335//149 336//149
f 305//150 336//150 304//150
f 304//151 336//151 337//151
f 304//152 337//152 303//152
f 303//153 337//153 338//153
f 303//154 338//154 302//154
f 302//155 338//155 339//155
f 302//156 339//156 301//156
f 301//157 339//157 314//157
f 340//2 325//2 341//2
f 341//3 325//3 324//3
f 341//4 324//4 342//4
f 342//5 324//5 323//5
f 342//6 323//6 343//6
f 343//7 323//7 322//7
f 343//8 322//8 344//8
f 344//9 322//9 321//9
f 344//10 321//10 345//10
f 345//11 321//11 320//11
f 345//12 320//12 346//12
f 346//13 320//13 319//13
f 346//14 319//14 347//14
f 347//15 319//15 318//15
f 347//16 318//16 348//16
f 348//17 318//17 317//17
f 348//18 317//18 349//18
f 349//19 317//19 316//19
f 349//20 316//20 350//20
f 350//21 316//21 315//21
f 350//22 315//22 351//22
f 351//23 315//23 314//23
f 351//24 314//24 352//24
f 352//25 314//25 339//25
f 352//26 339//26 353//26
f 353//27 339//27 338//27
f 353//28 338//28 354//28
f 354//29 338//29 337//29
f 354//30 337//30 355//30
f 355//31 337//31 336//31
f 355//32 336//32 356//32
f 356//33 336//33 335//33
f 356//34 335//34 357//34
f 357//35 335//35 334//35
f 357//36 334//36 358//36
f 358//37 334//37 333//37
f 358//38 333//38 359//38
f 359//39 333//39 332//39
f 359//40 332//40 360//40
f 360//41 332//41 331//41
f 360//42 331//42 361//42
f 361//43 331//43 330//43
f 361//44 330//44 362//44
f 362//45 330//45 329//45
f 362//46 329//46 363//46
f 363//47 329//47 328//47
f 363//48 328//48 364//48
f 364//49 328//49 327//49
f 364//50 327//50 365//50
f 365//51 327//51 326//51
f 365//52 326//52 340//52
f 340//53 326//53 325//53
f 366//54 341//54 367//54
f 367//55 341//55 342//55
f 367//56 342//56 368//56
f 368//57 342//57 343//57
f 368//58 343//58 369//58
f 369//59 343//59 344//59
f 369//60 344//60 370//60
f 370//61 344//61 345//61
f 370//62 345//62 371//62
f 371//63 345//63 346//63
f 371//64 346//64 372//64
f 372//65 346//65 347//65
f 372//66 347//66 373//66
f 373//67 347//67 348//67
f 373//68 348//68 374//68
f 374//69 348//69 349//69
f 374//70 349//70 375//70
f 375//71 349//71 350//71
f 375//72 350//72 376//72
f 376//73 350//73 351//73
f 376//74 351//74 377//74
f 377//75 351//75 352//75
f 377//76 352//76 378//76
f 378//77 352//77 353//77
f 378//78 353//78 379//78
f 379//79 353//79 354//79
f 379//80 354//80 380//80
f 380//81 354//81 355//81
f 380//82 355//82 381//82
f 381//83 355//83 356//83
f 381//84 356//84 382//84
f 382//85 356//85 357//85
f 382//86 357//86 383//86
f 383//87 357//87 358//87
f 383//88 358//88 384//88
f 384//89 358//89 359//89
f 384//90 359//90 385//90
f 385//91 359//91 360//91
f 385//92 360//92 386//92
f 386//93 360//93 361//93
f 386//94 361//94 387//94
f 387//95 361//95 362//95
f 387//96 362//96 388//96
f 388//97 362//97 363//97
f 388//98 363//98 389//98
f 389//99 363//99 364//99
f 389//100 364//100 390//100
f 390//101 364//101 365//101
f 390//102 365//102 391//102
f 391//103 365//103 340//103
f 391//104 340//104 366//104
f 366//105 340//105 341//105
f 379//155 380//155 392//155
f 381//151 382//151 393//151
f 393//158 394//158 381//158
f 381//159 394//159 395//159
f 381//153 395//153 380//153
f 380//160 395//160 396//160
f 380//161 396//161 392//161
f 383//147 384//147 397//147
f 397//162 398//162 383//162
f 383//163 398//163 399//163
f 383//149 399//149 382//149
f 382//164 399//164 400//164
f 382//165 400//165 393//165
f 385//143 386//143 401//143
f 401//166 402//166 385//166
f 385//167 402//167 403//167
f 385//145 403//145 384//145
f 384//168 403//168 404//168
f 384//169 404//169 397//169
f 387//170 388//170 405//170
f 405//171 406//171 387//171
f 387//172 406//172 407//172
f 387//141 407//141 386//141
f 386//173 407//173 408//173
f 386//174 408//174 401//174
f 389//135 390//135 409//135
f 409//175 410//175 389//175
f 389//176 410//176 411//176
f 389//137 411//137 388//137
f 388//177 411//177 412//177
f 388//178 412//178 405//178
f 391//131 366//131 413//131
f 413//179 414//179 391//179
f 391//180 414//180 415//180
f 391//133 415//133 390//133
f 390//181 415//181 416//181
f 390//182 416//182 409//182
f 367//127 368//127 417//127
f 417//183 418//183 367//183
f 367//184 418//184 419//184
f 367//129 419//129 366//129
f 366//185 419//185 420//185
f 366//186 420//186 413//186
f 369//123 370//123 421//123
f 421//187 422//187 369//187
f 369//188 422//188 423//188
f 369//125 423//125 368//125
f 368//189 423//189 424//189
f 368//190 424//190 417//190
f 371//119 372//119 425//119
f 425//191 426//191 371//191
f 371//192 426//192 427//192
f 371//121 427//121 370//121
f 370//193 427//193 428//193
f 370//194 428//194 421//194
f 373//115 374//115 429//115
f 429//195 430//195 373//195
f 373//196 430//196 431//196
f 373//117 431//117 372//117
f 372//197 431//197 432//197
f 372//198 432//198 425//198
f 375//111 376//111 433//111
f 433//199 434//199 375//199
f 375//200 434//200 435//200
f 375//113 435//113 374//113
f 374//201 435//201 436//201
f 374//202 436//202 429//202
f 377//107 378//107 437//107
f 437//203 438//203 377//203
f 377//204 438//204 439//204
f 377//109 439//109 376//109
f 376//205 439//205 440//205
f 376//206 440//206 433//206
f 392//207 441//207 379//207
f 379//208 441//208 442//208
f 379//157 442//157 378//157
f 378//209 442//209 443//209
f 378//210 443//210 437//210
f 401//211 444//211 402//211
f 402//212 444//212 445//212
f 402//213 445//213 403//213
f 403//214 445//214 446//214
f 403//215 446//215 404//215
f 404//216 446//216 447//216
f 404//217 447//217 397//217
f 397//218 447//218 448//218
f 397//219 448//219 398//219
f 398//220 448//220 449//220
f 398//221 449//221 399//221
f 399//222 449//222 450//222
f 399//223 450//223 400//223
f 400//224 450//224 451//224
f 400//225 451//225 393//225
f 393//226 451//226 452//226
f 393//227 452//227 394//227
f 394//228 452//228 453//228
f 394//229 453//229 395//229
f 395//230 453//230 454//230
f 395//231 454//231 396//231
f 396//232 454//232 455//232
f 396//233 455//233 392//233
f 392//234 455//234 456//234
f 392//235 456//235 441//235
f 441//236 456//236 457//236
f 441//237 457//237 442//237
f 442//238 457//238 458//238
f 442//239 458//239 443//239
f 443//240 458//240 459//240
f 443//241 459//241 437//241
f 437//242 459//242 460//242
f 437//243 460//243 438//243
f 438//244 460//244 461//244
f 438//245 461//245 439//245
f 439//246 461//246 462//246
f 439//247 462//247 440//247
f 440//248 462//248 463//248
f 440//249 463//249 433//249
f 433//250 463//250 464//250
f 433//251 464//251 434//251
f 434//252 464//252 465//252
f 434//253 465//253 435//253
f 435//254 465//254 466//254
f 435//255 466//255 436//255
f 436//256 466//256 467//256
f 436//257 467//257 429//257
f 429//258 467//258 468//258
f 429//259 468//259 430//259
f 430//260 468//260 469//260
f 430//261 469//261 431//261
f 431//262 469//262 470//262
f 431//263 470//263 432//263
f 432//264 470//264 471//264
f 432//265 471//265 425//265
f 425//266 471//266 472//266
f 425//267 472//267 426//267
f 426//268 472//268 473//268
f 426//269 473//269 427//269
f 427//270 473//270 474//270
f 427//271 474//271 428//271
f 428//272 474//272 475//272
f 428//273 475//273 421//273
f 421//274 475//274 476//274
f 421//275 476//275 422//275
f 422//276 476//276 477//276
f 422//277 477//277 423//277
f 423//278 477//278 478//278
f 423//279 478//279 424//279
f 424//280 478//280 479//280
f 424//281 479//281 417//281
f 417//282 479//282 480//282
f 417//283 480//283 418//283
f 418//284 480//284 481//284
f 418//285 481//285 419//285
f 419//286 481//286 482//286
f 419//287 482//287 420//287
f 420//288 482//288 483//288
f 420//289 483//289 413//289
f 413//290 483//290 484//290
f 413//291 484//291 414//291
f 414//292 484//292 485//292
f 414//293 485//293 415//293
f 415//294 485//294 486//294
f 415//295 486//295 416//295
f 416//296 486//296 487//296
f 416//297 487//297 409//297
f 409//298 487//298 488//298
f 409//299 488//299 410//299
f 410//300 488//300 489//300
f 410//301 489//301 411//301
f 411//302 489//302 490//302
f 411//303 490//303 412//303
f 412//304 490//304 491//304
f 412//305 491//305 405//305
f 405//306 491//306 492//306
f 405//307 492//307 406//307
f 406//308 492//308 493//308
f 406//309 493//309 407//309
f 407//310 493//310 494//310
f 407//311 494//311 408//311
f 408//312 494//312 495//312
f 408//313 495//313 401//313
f 401//314 495//314 444//314
f 496//315 497//315 485//315
f 498//316 487//316 497//316
f 497//317 487//317 486//317
f 497//318 486//318 485//318
f 499//319 489//319 498//319
f 498//320 489//320 488//320
f 498//321 488//321 487//321
f 500//322 491//322 499//322
f 499//323 491//323 490//323
f 499//324 490//324 489//324
f 501//325 493//325 500//325
f 500//326 493//326 492//326
f 500//327 492//327 491//327
f 502//328 495//328 501//328
f 501//329 495//329 494//329
f 501//330 494//330 493//330
f 503//331 445//331 502//331
f 502//332 445//332 444//332
f 502//333 444//333 495//333
f 504//334 447//334 503//334
f 503//335 447//335 446//335
f 503//336 446//336 445//336
f 505//337 449//337 504//337
f 504//338 449//338 448//338
f 504//339 448//339 447//339
f 506//340 451//340 505//340
f 505//341 451//341 450//341
f 505//342 450//342 449//342
f 507//343 453//343 506//343
f 506//344 453//344 452//344
f 506//345 452//345 451//345
f 508//346 455//346 507//346
f 507//347 455//347 454//347
f 507//348 454//348 453//348
f 509//349 457//349 508//349
f 508//350 457//350 456//350
f 508//351 456//351 455//351
f 510//352 459//352 509//352
f 509//353 459//353 458//353
f 509//354 458//354 457//354
f 511//355 461//355 510//355
f 510//356 461//356 460//356
f 510//357 460//357 459//357
f 512//358 463//358 511//358
f 511//359 463//359 462//359
f 511//360 462//360 461//360
f 513//361 465//361 512//361
f 512//362 465//362 464//362
f 512//363 464//363 463//363
f 514//364 467//364 513//364
f 513//365 467//365 466//365
f 513//366 466//366 465//366
f 515//367 469//367 514//367
f 514//368 469//368 468//368
f 514//369 468//369 467//369
f 516//370 471//370 515//370
f 515//371 471//371 470//371
f 515//372 470//372 469//372
f 517//373 473//373 516//373
f 516//374 473//374 472//374
f 516//375 472//375 471//375
f 518//376 475//376 517//376
f 517//377 475//377 474//377
f 517//378 474//378 473//378
f 519//379 477//379 518//379
f 518//380 477//380 476//380
f 518//381 476//381 475//381
f 520//382 479//382 519//382
f 519//383 479//383 478//383
f 519//384 478//384 477//384
f 521//385 481//385 520//385
f 520//386 481//386 480//386
f 520//387 480//387 479//387
f 485//388 484//388 496//388
f 496//389 484//389 483//389
f 496//390 483//390 521//390
f 521//391 483//391 482//391
f 521//392 482//392 481//392
f 509//106 522//106 510//106
f 510//107 522//107 523//107
f 510//108 523//108 511//108
f 511//109 523//109 524//109
f 511//110 524//110 512//110
f 512//111 524//111 525//111
f 512//112 525//112 513//112
f 513//113 525//113 526//113
f 513//114 526//114 514//114
f 514//115 526//115 527//115
f 514//116 527//116 515//116
f 515//117 527//117 528//117
f 515//118 528//118 516//118
f 516//119 528//119 529//119
f 516//120 529//120 517//120
f 517//121 529//121 530//121
f 517//122 530//122 518//122
f 518//123 530//123 531//123
f 518//124 531//124 519//124
f 519//125 531//125 532//125
f 519//126 532//126 520//126
f 520//127 532//127 533//127
f 520//128 533//128 521//128
f 521//129 533//129 534//129
f 521//130 534//130 496//130
f 496//131 534//131 535//131
f 496//132 535//132 497//132
f 497//133 535//133 536//133
f 497//134 536//134 498//134
f 498//135 536//135 537//135
f 498//136 537//136 499//136
f 499//137 537//137 538//137
f 499//138 538//138 500//138
f 500//139 538//139 539//139
f 500//140 539//140 501//140
f 501//141 539//141 540//141
f 501//142 540//142 502//142
f 502//143 540//143 541//143
f 502//144 541//144 503//144
f 503//145 541//145 542//145
f 503//146 542//146 504//146
f 504//147 542//147 543//147
f 504//148 543//148 505//148
f 505//149 543//149 544//149
f 505//150 544//150 506//150
f 506//151 544//151 545//151
f 506//152 545//152 507//152
f 507//153 545//153 546//153
f 507//154 546//154 508//154
f 508//155 546//155 547//155
f 508//156 547//156 509//156
f 509//157 547//157 522//157
f 548//2 533//2 549//2
f 549//3 533//3 532//3
f 549//4 532//4 550//4
f 550//5 532//5 531//5
f 550//6 531//6 551//6
f 551//7 531//7 530//7
f 551//8 530//8 552//8
f 552//9 530//9 529//9
f 552//10 529//10 553//10
f 553//11 529//11 528//11
f 553//12 528//12 554//12
f 554//13 528//13 527//13
f 554//14 527//14 555//14
f 555//15 527//15 526//15
f 555//16 526//16 556//16
f 556//17 526//17 525//17
f 556//18 525//18 557//18
f 557//19 525//19 524//19
f 557//20 524//20 558//20
f 558//21 524//21 523//21
f 558//22 523//22 559//22
f 559//23 523//23 522//23
f 559//24 522//24 560//24
f 560//25 522//25 547//25
f 560//26 547//26 561//26
f 561//27 547//27 546//27
f 561//28 546//28 562//28
f 562//29 546//29 545//29
f 562//30 545//30 563//30
f 563//31 545//31 544//31
f 563//32 544//32 564//32
f 564//33 544//33 543//33
f 564//34 543//34 565//34
f 565//35 543//35 542//35
f 565//36 542//36 566//36
f 566//37 542//37 541//37
f 566//38 541//38 567//38
f 567//39 541//39 540//39
f 567//40 540//40 568//40
f 568//41 540//41 539//41
f 568//42 539//42 569//42
f 569//43 539//43 538//43
f 569//44 538//44 570//44
f 570//45 538//45 537//45
f 570//46 537//46 571//46
f 571//47 537//47 536//47
f 571//48 536//48 572//48
f 572//49 536//49 535//49
f 572//50 535//50 573//50
f 573//51 535//51 534//51
f 573//52 534//52 548//52
f 548//53 534//53 533//53
f 573//315 548//315 574//315
f 574//318 575//318 573//318
f 573//317 575//317 576//317
f 573//393 576//393 572//393
f 576//321 577//321 572//321
f 572//320 577//320 578//320
f 572//319 578//319 571//319
f 578//324 579//324 571//324
f 571//323 579//323 580//323
f 571//322 580//322 570//322
f 580//394 581//394 570//394
f 570//326 581//326 582//326
f 570//325 582//325 569//325
f 582//330 583//330 569//330
f 569//395 583//395 584//395
f 569//328 584//328 568//328
f 584//333 585//333 568//333
f 568//332 585//332 586//332
f 568//331 586//331 567//331
f 586//336 587//336 567//336
f 567//335 587//335 588//335
f 567//334 588//334 566//334
f 588//396 589//396 566//396
f 566//338 589//338 590//338
f 566//337 590//337 565//337
f 590//342 591//342 565//342
f 565//397 591//397 592//397
f 565//340 592//340 564//340
f 592//345 593//345 564//345
f 564//344 593//344 594//344
f 564//343 594//343 563//343
f 594//348 595//348 563//348
f 563//347 595//347 596//347
f 563//398 596//398 562//398
f 596//351 597//351 562//351
f 562//350 597//350 598//350
f 562//349 598//349 561//349
f 598//354 599//354 561//354
f 561//353 599//353 600//353
f 561//352 600//352 560//352
f 600//357 601//357 560//357
f 560//356 601//356 602//356
f 560//399 602//399 559//399
f 602//360 603//360 559//360
f 559//359 603//359 604//359
f 559//358 604//358 558//358
f 604//363 605//363 558//363
f 558//362 605//362 606//362
f 558//361 606//361 557//361
f 606//400 607//400 557//400
f 557//365 607//365 608//365
f 557//364 608//364 556//364
f 608//369 609//369 556//369
f 556//401 609//401 610//401
f 556//367 610//367 555//367
f 611//373 553//373 554//373
f 610//372 612//372 555//372
f 555//371 612//371 613//371
f 555//370 613//370 554//370
f 554//375 613//375 614//375
f 554//374 614//374 611//374
f 611//402 615//402 553//402
f 553//377 615//377 616//377
f 553//376 616//376 552//376
f 616//381 617//381 552//381
f 552//403 617//403 618//403
f 552//379 618//379 551//379
f 618//384 619//384 551//384
f 551//383 619//383 620//383
f 551//382 620//382 550//382
f 620//387 621//387 550//387
f 550//386 621//386 622//386
f 550//404 622//404 549//404
f 622//392 623//392 549//392
f 549//391 623//391 624//391
f 549//390 624//390 548//390
f 548//389 624//389 625//389
f 548//388 625//388 574//388
f 626//198 614//198 627//198
f 627//405 614//405 613//405
f 627//406 613//406 628//406
f 628//407 613//407 612//407
f 628//196 612//196 629//196
f 629//408 612//408 610//408
f 629//409 610//409 630//409
f 630//410 610//410 609//410
f 630//202 609//202 631//202
f 631//411 609//411 608//411
f 631//412 608//412 632//412
f 632//413 608//413 607//413
f 632//414 607//414 633//414
f 633//415 607//415 606//415
f 633//416 606//416 634//416
f 634//417 606//417 605//417
f 634//206 605//206 635//206
f 635//418 605//418 604//418
f 635//419 604//419 636//419
f 636//420 604//420 603//420
f 636//204 603//204 637//204
f 637//421 603//421 602//421
f 637//422 602//422 638//422
f 638//423 602//423 601//423
f 638//210 601//210 639//210
f 639//424 601//424 600//424
f 639//425 600//425 640//425
f 640//426 600//426 599//426
f 640//208 599//208 641//208
f 641//427 599//427 598//427
f 641//428 598//428 642//428
f 642//429 598//429 597//429
f 642//161 597//161 643//161
f 643//430 597//430 596//430
f 643//431 596//431 644//431
f 644//432 596//432 595//432
f 644//159 595//159 645//159
f 645//433 595//433 594//433
f 645//434 594//434 646//434
f 646//435 594//435 593//435
f 646//165 593//165 647//165
f 647//436 593//436 592//436
f 647//437 592//437 648//437
f 648//438 592//438 591//438
f 648//163 591//163 649//163
f 649//439 591//439 590//439
f 649//440 590//440 650//440
f 650//441 590//441 589//441
f 650//169 589//169 651//169
f 651//442 589//442 588//442
f 651//443 588//443 652//443
f 652//444 588//444 587//444
f 652//167 587//167 653//167
f 653//445 587//445 586//445
f 653//446 586//446 654//446
f 654//447 586//447 585//447
f 654//174 585//174 655//174
f 655//448 585//448 584//448
f 655//449 584//449 656//449
f 656//450 584//450 583//450
f 656//172 583//172 657//172
f 657//451 583//451 582//451
f 657//452 582//452 658//452
f 658//453 582//453 581//453
f 658//454 581//454 659//454
f 659//455 581//455 580//455
f 659//456 580//456 660//456
f 660//457 580//457 579//457
f 660//176 579//176 661//176
f 661//458 579//458 578//458
f 661//459 578//459 662//459
f 662//460 578//460 577//460
f 662//182 577//182 663//182
f 663//461 577//461 576//461
f 663//462 576//462 664//462
f 664//463 576//463 575//463
f 664//180 575//180 665//180
f 665//464 575//464 574//464
f 665//465 574//465 666//465
f 666//466 574//466 625//466
f 666//186 625//186 667//186
f 667//467 625//467 624//467
f 667//468 624//468 668//468
f 668//469 624//469 623//469
f 668//184 623//184 669//184
f 669//470 623//470 622//470
f 669//471 622//471 670//471
f 670//472 622//472 621//472
f 670//190 621//190 671//190
f 671//473 621//473 620//473
f 671//474 620//474 672//474
f 672//475 620//475 619//475
f 672//188 619//188 673//188
f 673//476 619//476 618//476
f 673//477 618//477 674//477
f 674//478 618//478 617//478
f 674//194 617//194 675//194
f 675//479 617//479 616//479
f 675//480 616//480 676//480
f 676//481 616//481 615//481
f 676//192 615//192 677//192
f 677//482 615//482 611//482
f 677//483 611//483 626//483
f 626//484 611//484 614//484
f 627//263 628//263 678//263
f 679//485 680//485 660//485
f 663//486 681//486 662//486
f 662//49 681//49 679//49
f 662//299 679//299 661//299
f 661//487 679//487 660//487
f 682//43 683//43 656//43
f 656//488 657//488 682//488
f 682//489 657//489 658//489
f 682//45 658//45 680//45
f 680//490 658//490 659//490
f 680//491 659//491 660//491
f 684//39 685//39 652//39
f 652//492 653//492 684//492
f 684//211 653//211 654//211
f 684//41 654//41 683//41
f 683//493 654//493 655//493
f 683//494 655//494 656//494
f 686//495 687//495 648//495
f 648//496 649//496 686//496
f 686//219 649//219 650//219
f 686//37 650//37 685//37
f 685//497 650//497 651//497
f 685//215 651//215 652//215
f 688//31 689//31 644//31
f 644//498 645//498 688//498
f 688//227 645//227 646//227
f 688//33 646//33 687//33
f 687//499 646//499 647//499
f 687//500 647//500 648//500
f 690//27 691//27 640//27
f 640//501 641//501 690//501
f 690//235 641//235 642//235
f 690//29 642//29 689//29
f 689//502 642//502 643//502
f 689//231 643//231 644//231
f 692//23 693//23 636//23
f 636//503 637//503 692//503
f 692//243 637//243 638//243
f 692//25 638//25 691//25
f 691//504 638//504 639//504
f 691//239 639//239 640//239
f 694//19 695//19 632//19
f 632//505 633//505 694//505
f 694//506 633//506 634//506
f 694//21 634//21 693//21
f 693//507 634//507 635//507
f 693//247 635//247 636//247
f 678//15 628//15 696//15
f 628//508 629//508 696//508
f 696//509 629//509 630//509
f 696//17 630//17 695//17
f 695//510 630//510 631//510
f 695//511 631//511 632//511
f 627//512 678//512 626//512
f 626//13 678//13 697//13
f 626//267 697//267 677//267
f 677//513 697//513 698//513
f 677//270 698//270 676//270
f 699//514 700//514 672//514
f 672//515 673//515 699//515
f 699//516 673//516 674//516
f 699//9 674//9 698//9
f 698//517 674//517 675//517
f 698//271 675//271 676//271
f 701//3 702//3 668//3
f 668//518 669//518 701//518
f 701//283 669//283 670//283
f 701//5 670//5 700//5
f 700//519 670//519 671//519
f 700//279 671//279 672//279
f 663//295 664//295 681//295
f 681//294 664//294 665//294
f 681//520 665//520 703//520
f 703//291 665//291 666//291
f 703//53 666//53 702//53
f 702//521 666//521 667//521
f 702//287 667//287 668//287
f 704//54 702//54 705//54
f 705//55 702//55 701//55
f 705//56 701//56 706//56
f 706//57 701//57 700//57
f 706//58 700//58 707//58
f 707//59 700//59 699//59
f 707//60 699//60 708//60
f 708//61 699//61 698//61
f 708//62 698//62 709//62
f 709//63 698//63 697//63
f 709//64 697//64 710//64
f 710//65 697//65 678//65
f 710//66 678//66 711//66
f 711//67 678//67 696//67
f 711//68 696//68 712//68
f 712//69 696//69 695//69
f 712//70 695//70 713//70
f 713//71 695//71 694//71
f 713//72 694//72 714//72
f 714//73 694//73 693//73
f 714//74 693//74 715//74
f 715//75 693//75 692//75
f 715//76 692//76 716//76
f 716//77 692//77 691//77
f 716//78 691//78 717//78
f 717//79 691//79 690//79
f 717//80 690//80 718//80
f 718//81 690//81 689//81
f 718//82 689//82 719//82
f 719//83 689//83 688//83
f 719//84 688//84 720//84
f 720//85 688//85 687//85
f 720//86 687//86 721//86
f 721//87 687//87 686//87
f 721//88 686//88 722//88
f 722//89 686//89 685//89
f 722//90 685//90 723//90
f 723//91 685//91 684//91
f 723//92 684//92 724//92
f 724//93 684//93 683//93
f 724//94 683//94 725//94
f 725//95 683//95 682//95
f 725//96 682//96 726//96
f 726//97 682//97 680//97
f 726//98 680//98 727//98
f 727//99 680//99 679//99
f 727//100 679//100 728//100
f 728//101 679//101 681//101
f 728//102 681//102 729//102
f 729//103 681//103 703//103
f 729//104 703//104 704//104
f 704//105 703//105 702//105
f 717//106 730//106 716//106
f 716//107 730//107 731//107
f 716//108 731//108 715//108
f 715//109 731//109 732//109
f 715//110 732//110 714//110
f 714//111 732//111 733//111
f 714//112 733//112 713//112
f 713//113 733//113 734//113
f 713//114 734//114 712//114
f 712//115 734//115 735//115
f 712//116 735//116 711//116
f 711//117 735//117 736//117
f 711//118 736//118 710//118
f 710//119 736//119 737//119
f 710//120 737//120 709//120
f 709//121 737//121 738//121
f 709//122 738//122 708//122
f 708//123 738//123 739//123
f 708//124 739//124 707//124
f 707//125 739//125 740//125
f 707//126 740//126 706//126
f 706//127 740//127 741//127
f 706//128 741//128 705//128
f 705//129 741//129 742//129
f 705//130 742//130 704//130
f 704//131 742//131 743//131
f 704//132 743//132 729//132
f 729//133 743//133 744//133
f 729//134 744//134 728//134
f 728//135 744//135 745//135
f 728//136 745//136 727//136
f 727//137 745//137 746//137
f 727//138 746//138 726//138
f 726//139 746//139 747//139
f 726//140 747//140 725//140
f 725//141 747//141 748//141
f 725//142 748//142 724//142
f 724//143 748//143 749//143
f 724//144 749//144 723//144
f 723//145 749//145 750//145
f 723//146 750//146 722//146
f 722//147 750//147 751//147
f 722//148 751//148 721//148
f 721//149 751//149 752//149
f 721//150 752//150 720//150
f 720//151 752//151 753//151
f 720//152 753//152 719//152
f 719//153 753//153 754//153
f 719//154 754//154 718//154
f 718//155 754//155 755//155
f 718//156 755//156 717//156
f 717//157 755//157 730//157
f 756//2 741//2 757//2
f 757//3 741//3 740//3
f 757//4 740//4 758//4
f 758//5 740//5 739//5
f 758//6 739//6 759//6
f 759//514 739//514 738//514
f 759//8 738//8 760//8
f 760//9 738//9 737//9
f 760//10 737//10 761//10
f 761//11 737//11 736//11
f 761//12 736//12 762//12
f 762//13 736//13 735//13
f 762//14 735//14 763//14
f 763//15 735//15 734//15
f 763//16 734//16 764//16
f 764//17 734//17 733//17
f 764//18 733//18 765//18
f 765//19 733//19 732//19
f 765//20 732//20 766//20
f 766//21 732//21 731//21
f 766//22 731//22 767//22
f 767//23 731//23 730//23
f 767//24 730//24 768//24
f 768//25 730//25 755//25
f 768//26 755//26 769//26
f 769//27 755//27 754//27
f 769//28 754//28 770//28
f 770//29 754//29 753//29
f 770//30 753//30 771//30
f 771//31 753//31 752//31
f 771//32 752//32 772//32
f 772//522 752//522 751//522
f 772//34 751//34 773//34
f 773//35 751//35 750//35
f 773//36 750//36 774//36
f 774//37 750//37 749//37
f 774//38 749//38 775//38
f 775//39 749//39 748//39
f 775//40 748//40 776//40
f 776//41 748//41 747//41
f 776//42 747//42 777//42
f 777//43 747//43 746//43
f 777//44 746//44 778//44
f 778//45 746//45 745//45
f 778//46 745//46 779//46
f 779//47 745//47 744//47
f 779//48 744//48 780//48
f 780//49 744//49 743//49
f 780//50 743//50 781//50
f 781//51 743//51 742//51
f 781//52 742//52 756//52
f 756//53 742//53 741//53
f 782//54 757//54 783//54
f 783//55 757//55 758//55
f 783//56 758//56 784//56
f 784//57 758//57 759//57
f 784//58 759//58 785//58
f 785//59 759//59 760//59
f 785//60 760//60 786//60
f 786//61 760//61 761//61
f 786//62 761//62 787//62
f 787//63 761//63 762//63
f 787//64 762//64 788//64
f 788//65 762//65 763//65
f 788//66 763//66 789//66
f 789//67 763//67 764//67
f 789//68 764//68 790//68
f 790//69 764//69 765//69
f 790//70 765//70 791//70
f 791//71 765//71 766//71
f 791//72 766//72 792//72
f 792//73 766//73 767//73
f 792//74 767//74 793//74
f 793//75 767//75 768//75
f 793//76 768//76 794//76
f 794//77 768//77 769//77
f 794//78 769//78 795//78
f 795//79 769//79 770//79
f 795//80 770//80 796//80
f 796//81 770//81 771//81
f 796//82 771//82 797//82
f 797//83 771//83 772//83
f 797//84 772//84 798//84
f 798//85 772//85 773//85
f 798//86 773//86 799//86
f 799//87 773//87 774//87
f 799//88 774//88 800//88
f 800//89 774//89 775//89
f 800//90 775//90 801//90
f 801//91 775//91 776//91
f 801//92 776//92 802//92
f 802//93 776//93 777//93
f 802//94 777//94 803//94
f 803//95 777//95 778//95
f 803//96 778//96 804//96
f 804//97 778//97 779//97
f 804//98 779//98 805//98
f 805//99 779//99 780//99
f 805//100 780//100 806//100
f 806//101 780//101 781//101
f 806//102 781//102 807//102
f 807//103 781//103 756//103
f 807//104 756//104 782//104
f 782//105 756//105 757//105
f 795//106 808//106 794//106
f 794//107 808//107 809//107
f 794//108 809//108 793//108
f 793//109 809//109 810//109
f 793//110 810//110 792//110
f 792//111 810//111 811//111
f 792//112 811//112 791//112
f 791//113 811//113 812//113
f 791//114 812//114 790//114
f 790//115 812//115 813//115
f 790//116 813//116 789//116
f 789//117 813//117 814//117
f 789//118 814//118 788//118
f 788//119 814//119 815//119
f 788//120 815//120 787//120
f 787//121 815//121 816//121
f 787//122 816//122 786//122
f 786//123 816//123 817//123
f 786//124 817//124 785//124
f 785//125 817//125 818//125
f 785//126 818//126 784//126
f 784//127 818//127 819//127
f 784//128 819//128 783//128
f 783//129 819//129 820//129
f 783//130 820//130 782//130
f 782//131 820//131 821//131
f 782//132 821//132 807//132
f 807//133 821//133 822//133
f 807//134 822//134 806//134
f 806//135 822//135 823//135
f 806//136 823//136 805//136
f 805//137 823//137 824//137
f 805//138 824//138 804//138
f 804//139 824//139 825//139
f 804//140 825//140 803//140
f 803//141 825//141 826//141
f 803//142 826//142 802//142
f 802//143 826//143 827//143
f 802//144 827//144 801//144
f 801//145 827//145 828//145
f 801//146 828//146 800//146
f 800//147 828//147 829//147
f 800//148 829//148 799//148
f 799//149 829//149 830//149
f 799//150 830//150 798//150
f 798//151 830//151 831//151
f 798//152 831//152 797//152
f 797//153 831//153 832//153
f 797//154 832//154 796//154
f 796//155 832//155 833//155
f 796//156 833//156 795//156
f 795//157 833//157 808//157
f 834//2 819//2 835//2
f 835//3 819//3 818//3
f 835//4 818//4 836//4
f 836//5 818//5 817//5
f 836//6 817//6 837//6
f 837//7 817//7 816//7
f 837//8 816//8 838//8
f 838//9 816//9 815//9
f 838//10 815//10 839//10
f 839//11 815//11 814//11
f 839//12 814//12 840//12
f 840//13 814//13 813//13
f 840//14 813//14 841//14
f 841//15 813//15 812//15
f 841//16 812//16 842//16
f 842//17 812//17 811//17
f 842//18 811//18 843//18
f 843//19 811//19 810//19
f 843//20 810//20 844//20
f 844//21 810//21 809//21
f 844//22 809//22 845//22
f 845//23 809//23 808//23
f 845//24 808//24 846//24
f 846//25 808//25 833//25
f 846//26 833//26 847//26
f 847//27 833//27 832//27
f 847//28 832//28 848//28
f 848//29 832//29 831//29
f 848//30 831//30 849//30
f 849//31 831//31 830//31
f 849//32 830//32 850//32
f 850//33 830//33 829//33
f 850//34 829//34 851//34
f 851//35 829//35 828//35
f 851//36 828//36 852//36
f 852//37 828//37 827//37
f 852//38 827//38 853//38
f 853//39 827//39 826//39
f 853//40 826//40 854//40
f 854//41 826//41 825//41
f 854//42 825//42 855//42
f 855//43 825//43 824//43
f 855//44 824//44 856//44
f 856//45 824//45 823//45
f 856//46 823//46 857//46
f 857//47 823//47 822//47
f 857//48 822//48 858//48
f 858//49 822//49 821//49
f 858//50 821//50 859//50
f 859//51 821//51 820//51
f 859//52 820//52 834//52
f 834//53 820//53 819//53
f 860//54 835//54 861//54
f 861//55 835//55 836//55
f 861//56 836//56 862//56
f 862//57 836//57 837//57
f 862//58 837//58 863//58
f 863//59 837//59 838//59
f 863//60 838//60 864//60
f 864//61 838//61 839//61
f 864//62 839//62 865//62
f 865//63 839//63 840//63
f 865//64 840//64 866//64
f 866//65 840//65 841//65
f 866//66 841//66 867//66
f 867//67 841//67 842//67
f 867//68 842//68 868//68
f 868//69 842//69 843//69
f 868//70 843//70 869//70
f 869//71 843//71 844//71
f 869//72 844//72 870//72
f 870//73 844//73 845//73
f 870//74 845//74 871//74
f 871//75 845//75 846//75
f 871//76 846//76 872//76
f 872//77 846//77 847//77
f 872//78 847//78 873//78
f 873//79 847//79 848//79
f 873//80 848//80 874//80
f 874//81 848//81 849//81
f 874//82 849//82 875//82
f 875//83 849//83 850//83
f 875//84 850//84 876//84
f 876//85 850//85 851//85
f 876//86 851//86 877//86
f 877//87 851//87 852//87
f 877//88 852//88 878//88
f 878//89 852//89 853//89
f 878//90 853//90 879//90
f 879//91 853//91 854//91
f 879//92 854//92 880//92
f 880//93 854//93 855//93
f 880//94 855//94 881//94
f 881//95 855//95 856//95
f 881//96 856//96 882//96
f 882//97 856//97 857//97
f 882//98 857//98 883//98
f 883//99 857//99 858//99
f 883//100 858//100 884//100
f 884//101 858//101 859//101
f 884//102 859//102 885//102
f 885//103 859//103 834//103
f 885//104 834//104 860//104
f 860//105 834//105 835//105
f 873//155 874//155 886//155
f 875//151 876//151 887//151
f 887//158 888//158 875//158
f 875//159 888//159 889//159
f 875//153 889//153 874//153
f 874//160 889//160 890//160
f 874//161 890//161 886//161
f 877//147 878//147 891//147
f 891//162 892//162 877//162
f 877//163 892//163 893//163
f 877//149 893//149 876//149
f 876//164 893//164 894//164
f 876//165 894//165 887//165
f 879//143 880//143 895//143
f 895//166 896//166 879//166
f 879//167 896//167 897//167
f 879//145 897//145 878//145
f 878//168 897//168 898//168
f 878//169 898//169 891//169
f 881//170 882//170 899//170
f 899//171 900//171 881//171
f 881//172 900//172 901//172
f 881//141 901//141 880//141
f 880//173 901//173 902//173
f 880//174 902//174 895//174
f 883//135 884//135 903//135
f 903//175 904//175 883//175
f 883//176 904//176 905//176
f 883//137 905//137 882//137
f 882//177 905//177 906//177
f 882//178 906//178 899//178
f 885//131 860//131 907//131
f 907//179 908//179 885//179
f 885//180 908//180 909//180
f 885//133 909//133 884//133
f 884//181 909//181 910//181
f 884//182 910//182 903//182
f 861//127 862//127 911//127
f 911//183 912//183 861//183
f 861//184 912//184 913//184
f 861//129 913//129 860//129
f 860//185 913//185 914//185
f 860//186 914//186 907//186
f 863//123 864//123 915//123
f 915//187 916//187 863//187
f 863//188 916//188 917//188
f 863//125 917//125 862//125
f 862//189 917//189 918//189
f 862//190 918//190 911//190
f 865//119 866//119 919//119
f 919//191 920//191 865//191
f 865//192 920//192 921//192
f 865//121 921//121 864//121
f 864//193 921//193 922//193
f 864//194 922//194 915//194
f 867//115 868//115 923//115
f 923//195 924//195 867//195
f 867//196 924//196 925//196
f 867//117 925//117 866//117
f 866//197 925//197 926//197
f 866//198 926//198 919//198
f 869//111 870//111 927//111
f 927//199 928//199 869//199
f 869//200 928//200 929//200
f 869//113 929//113 868//113
f 868//201 929//201 930//201
f 868//202 930//202 923//202
f 871//107 872//107 931//107
f 931//203 932//203 871//203
f 871//204 932//204 933//204
f 871//109 933//109 870//109
f 870//205 933//205 934//205
f 870//206 934//206 927//206
f 886//207 935//207 873//207
f 873//208 935//208 936//208
f 873//157 936//157 872//157
f 872//209 936//209 937//209
f 872//210 937//210 931//210
f 895//211 938//211 896//211
f 896//212 938//212 939//212
f 896//213 939//213 897//213
f 897//214 939//214 940//214
f 897//215 940//215 898//215
f 898//216 940//216 941//216
f 898//217 941//217 891//217
f 891//218 941//218 942//218
f 891//219 942//219 892//219
f 892//220 942//220 943//220
f 892//221 943//221 893//221
f 893//222 943//222 944//222
f 893//500 944//500 894//500
f 894//224 944//224 945//224
f 894//523 945//523 887//523
f 887//524 945//524 946//524
f 887//227 946//227 888//227
f 888//228 946//228 947//228
f 888//229 947//229 889//229
f 889//230 947//230 948//230
f 889//231 948//231 890//231
f 890//232 948//232 949//232
f 890//233 949//233 886//233
f 886//234 949//234 950//234
f 886//235 950//235 935//235
f 935//236 950//236 951//236
f 935//237 951//237 936//237
f 936//238 951//238 952//238
f 936//239 952//239 937//239
f 937//240 952//240 953//240
f 937//241 953//241 931//241
f 931//242 953//242 954//242
f 931//243 954//243 932//243
f 932//244 954//244 955//244
f 932//245 955//245 933//245
f 933//246 955//246 956//246
f 933//247 956//247 934//247
f 934//248 956//248 957//248
f 934//525 957//525 927//525
f 927//250 957//250 958//250
f 927//506 958//506 928//506
f 928//526 958//526 959//526
f 928//253 959//253 929//253
f 929//254 959//254 960//254
f 929//255 960//255 930//255
f 930//256 960//256 961//256
f 930//257 961//257 923//257
f 923//258 961//258 962//258
f 923//259 962//259 924//259
f 924//260 962//260 963//260
f 924//261 963//261 925//261
f 925//262 963//262 964//262
f 925//263 964//263 926//263
f 926//264 964//264 965//264
f 926//265 965//265 919//265
f 919//266 965//266 966//266
f 919//267 966//267 920//267
f 920//268 966//268 967//268
f 920//269 967//269 921//269
f 921//270 967//270 968//270
f 921//271 968//271 922//271
f 922//272 968//272 969//272
f 922//273 969//273 915//273
f 915//274 969//274 970//274
f 915//516 970//516 916//516
f 916//276 970//276 971//276
f 916//527 971//527 917//527
f 917//528 971//528 972//528
f 917//279 972//279 918//279
f 918//280 972//280 973//280
f 918//281 973//281 911//281
f 911//282 973//282 974//282
f 911//283 974//283 912//283
f 912//284 974//284 975//284
f 912//285 975//285 913//285
f 913//286 975//286 976//286
f 913//287 976//287 914//287
f 914//288 976//288 977//288
f 914//289 977//289 907//289
f 907//290 977//290 978//290
f 907//291 978//291 908//291
f 908//292 978//292 979//292
f 908//293 979//293 909//293
f 909//294 979//294 980//294
f 909//295 980//295 910//295
f 910//296 980//296 981//296
f 910//297 981//297 903//297
f 903//298 981//298 982//298
f 903//299 982//299 904//299
f 904//300 982//300 983//300
f 904//529 983//529 905//529
f 905//302 983//302 984//302
f 905//491 984//491 906//491
f 906//530 984//530 985//530
f 906//305 985//305 899//305
f 899//306 985//306 986//306
f 899//307 986//307 900//307
f 900//308 986//308 987//308
f 900//309 987//309 901//309
f 901//310 987//310 988//310
f 901//311 988//311 902//311
f 902//312 988//312 989//312
f 902//313 989//313 895//313
f 895//314 989//314 938//314
f 990//315 991//315 979//315
f 992//316 981//316 991//316
f 991//317 981//317 980//317
f 991//318 980//318 979//318
f 993//319 983//319 992//319
f 992//320 983//320 982//320
f 992//321 982//321 981//321
f 994//322 985//322 993//322
f 993//323 985//323 984//323
f 993//324 984//324 983//324
f 995//325 987//325 994//325
f 994//326 987//326 986//326
f 994//327 986//327 985//327
f 996//328 989//328 995//328
f 995//329 989//329 988//329
f 995//330 988//330 987//330
f 997//331 939//331 996//331
f 996//332 939//332 938//332
f 996//333 938//333 989//333
f 998//334 941//334 997//334
f 997//335 941//335 940//335
f 997//336 940//336 939//336
f 999//337 943//337 998//337
f 998//338 943//338 942//338
f 998//339 942//339 941//339
f 1000//340 945//340 999//340
f 999//341 945//341 944//341
f 999//342 944//342 943//342
f 1001//343 947//343 1000//343
f 1000//344 947//344 946//344
f 1000//345 946//345 945//345
f 1002//346 949//346 1001//346
f 1001//347 949//347 948//347
f 1001//348 948//348 947//348
f 1003//349 951//349 1002//349
f 1002//350 951//350 950//350
f 1002//351 950//351 949//351
f 1004//352 953//352 1003//352
f 1003//353 953//353 952//353
f 1003//354 952//354 951//354
f 1005//355 955//355 1004//355
f 1004//356 955//356 954//356
f 1004//357 954//357 953//357
f 1006//358 957//358 1005//358
f 1005//359 957//359 956//359
f 1005//360 956//360 955//360
f 1007//361 959//361 1006//361
f 1006//362 959//362 958//362
f 1006//363 958//363 957//363
f 1008//364 961//364 1007//364
f 1007//365 961//365 960//365
f 1007//366 960//366 959//366
f 1009//367 963//367 1008//367
f 1008//368 963//368 962//368
f 1008//369 962//369 961//369
f 1010//370 965//370 1009//370
f 1009//371 965//371 964//371
f 1009//372 964//372 963//372
f 1011//373 967//373 1010//373
f 1010//374 967//374 966//374
f 1010//375 966//375 965//375
f 1012//376 969//376 1011//376
f 1011//377 969//377 968//377
f 1011//378 968//378 967//378
f 1013//379 971//379 1012//379
f 1012//380 971//380 970//380
f 1012//381 970//381 969//381
f 1014//382 973//382 1013//382
f 1013//383 973//383 972//383
f 1013//384 972//384 971//384
f 1015//385 975//385 1014//385
f 1014//386 975//386 974//386
f 1014//387 974//387 973//387
f 979//388 978//388 990//388
f 990//389 978//389 977//389
f 990//390 977//390 1015//390
f 1015//391 977//391 976//391
f 1015//392 976//392 975//392
f 1003//106 1016//106 1004//106
f 1004//107 1016//107 1017//107
f 1004//108 1017//108 1005//108
f 1005//109 1017//109 1018//109
f 1005//110 1018//110 1006//110
f 1006//111 1018//111 1019//111
f 1006//112 1019//112 1007//112
f 1007//113 1019//113 1020//113
f 1007//114 1020//114 1008//114
f 1008//115 1020//115 1021//115
f 1008//116 1021//116 1009//116
f 1009//117 1021//117 1022//117
f 1009//118 1022//118 1010//118
f 1010//119 1022//119 1023//119
f 1010//120 1023//120 1011//120
f 1011//121 1023//121 1024//121
f 1011//122 1024//122 1012//122
f 1012//123 1024//123 1025//123
f 1012//124 1025//124 1013//124
f 1013//125 1025//125 1026//125
f 1013//126 1026//126 1014//126
f 1014//127 1026//127 1027//127
f 1014//128 1027//128 1015//128
f 1015//129 1027//129 1028//129
f 1015//130 1028//130 990//130
f 990//131 1028//131 1029//131
f 990//132 1029//132 991//132
f 991//133 1029//133 1030//133
f 991//134 1030//134 992//134
f 992//135 1030//135 1031//135
f 992//136 1031//136 993//136
f 993//137 1031//137 1032//137
f 993//138 1032//138 994//138
f 994//139 1032//139 1033//139
f 994//140 1033//140 995//140
f 995//141 1033//141 1034//141
f 995//142 1034//142 996//142
f 996//143 1034//143 1035//143
f 996//144 1035//144 997//144
f 997//145 1035//145 1036//145
f 997//146 1036//146 998//146
f 998//147 1036//147 1037//147
f 998//148 1037//148 999//148
f 999//149 1037//149 1038//149
f 999//150 1038//150 1000//150
f 1000//151 1038//151 1039//151
f 1000//152 1039//152 1001//152
f 1001//153 1039//153 1040//153
f 1001//154 1040//154 1002//154
f 1002//155 1040//155 1041//155
f 1002//156 1041//156 1003//156
f 1003//157 1041//157 1016//157
f 1042//2 1027//2 1043//2
f 1043//3 1027//3 1026//3
f 1043//4 1026//4 1044//4
f 1044//5 1026//5 1025//5
f 1044//6 1025//6 1045//6
f 1045//7 1025//7 1024//7
f 1045//8 1024//8 1046//8
f 1046//9 1024//9 1023//9
f 1046//10 1023//10 1047//10
f 1047//11 1023//11 1022//11
f 1047//12 1022//12 1048//12
f 1048//13 1022//13 1021//13
f 1048//14 1021//14 1049//14
f 1049//15 1021//15 1020//15
f 1049//16 1020//16 1050//16
f 1050//17 1020//17 1019//17
f 1050//18 1019//18 1051//18
f 1051//19 1019//19 1018//19
f 1051//20 1018//20 1052//20
f 1052//21 1018//21 1017//21
f 1052//22 1017//22 1053//22
f 1053//23 1017//23 1016//23
f 1053//24 1016//24 1054//24
f 1054//25 1016//25 1041//25
f 1054//26 1041//26 1055//26
f 1055//27 1041//27 1040//27
f 1055//28 1040//28 1056//28
f 1056//29 1040//29 1039//29
f 1056//30 1039//30 1057//30
f 1057//31 1039//31 1038//31
f 1057//32 1038//32 1058//32
f 1058//33 1038//33 1037//33
f 1058//34 1037//34 1059//34
f 1059//35 1037//35 1036//35
f 1059//36 1036//36 1060//36
f 1060//37 1036//37 1035//37
f 1060//38 1035//38 1061//38
f 1061//39 1035//39 1034//39
f 1061//40 1034//40 1062//40
f 1062//41 1034//41 1033//41
f 1062//42 1033//42 1063//42
f 1063//43 1033//43 1032//43
f 1063//44 1032//44 1064//44
f 1064//45 1032//45 1031//45
f 1064//46 1031//46 1065//46
f 1065//47 1031//47 1030//47
f 1065//48 1030//48 1066//48
f 1066//49 1030//49 1029//49
f 1066//50 1029//50 1067//50
f 1067//51 1029//51 1028//51
f 1067//52 1028//52 1042//52
f 1042//53 1028//53 1027//53
f 1068//54 1043//54 1069//54
f 1069//55 1043//55 1044//55
f 1069//56 1044//56 1070//56
f 1070//57 1044//57 1045//57
f 1070//58 1045//58 1071//58
f 1071//59 1045//59 1046//59
f 1071//60 1046//60 1072//60
f 1072//61 1046//61 1047//61
f 1072//62 1047//62 1073//62
f 1073//63 1047//63 1048//63
f 1073//64 1048//64 1074//64
f 1074//65 1048//65 1049//65
f 1074//66 1049//66 1075//66
f 1075//67 1049//67 1050//67
f 1075//68 1050//68 1076//68
f 1076//69 1050//69 1051//69
f 1076//70 1051//70 1077//70
f 1077//71 1051//71 1052//71
f 1077//72 1052//72 1078//72
f 1078//73 1052//73 1053//73
f 1078//74 1053//74 1079//74
f 1079//75 1053//75 1054//75
f 1079//76 1054//76 1080//76
f 1080//77 1054//77 1055//77
f 1080//78 1055//78 1081//78
f 1081//79 1055//79 1056//79
f 1081//80 1056//80 1082//80
f 1082//81 1056//81 1057//81
f 1082//82 1057//82 1083//82
f 1083//83 1057//83 1058//83
f 1083//84 1058//84 1084//84
f 1084//85 1058//85 1059//85
f 1084//86 1059//86 1085//86
f 1085//87 1059//87 1060//87
f 1085//88 1060//88 1086//88
f 1086//89 1060//89 1061//89
f 1086//90 1061//90 1087//90
f 1087//91 1061//91 1062//91
f 1087//92 1062//92 1088//92
f 1088//93 1062//93 1063//93
f 1088//94 1063//94 1089//94
f 1089//95 1063//95 1064//95
f 1089//96 1064//96 1090//96
f 1090//97 1064//97 1065//97
f 1090//98 1065//98 1091//98
f 1091//99 1065//99 1066//99
f 1091//100 1066//100 1092//100
f 1092//101 1066//101 1067//101
f 1092//102 1067//102 1093//102
f 1093//103 1067//103 1042//103
f 1093//104 1042//104 1068//104
f 1068//105 1042//105 1043//105
f 1081//106 1094//106 1080//106
f 1080//107 1094//107 1095//107
f 1080//108 1095//108 1079//108
f 1079//109 1095//109 1096//109
f 1079//110 1096//110 1078//110
f 1078//111 1096//111 1097//111
f 1078//112 1097//112 1077//112
f 1077//113 1097//113 1098//113
f 1077//114 1098//114 1076//114
f 1076//115 1098//115 1099//115
f 1076//116 1099//116 1075//116
f 1075//117 1099//117 1100//117
f 1075//118 1100//118 1074//118
f 1074//119 1100//119 1101//119
f 1074//120 1101//120 1073//120
f 1073//121 1101//121 1102//121
f 1073//122 1102//122 1072//122
f 1072//123 1102//123 1103//123
f 1072//124 1103//124 1071//124
f 1071//125 1103//125 1104//125
f 1071//126 1104//126 1070//126
f 1070//127 1104//127 1105//127
f 1070//128 1105//128 1069//128
f 1069//129 1105//129 1106//129
f 1069//130 1106//130 1068//130
f 1068//131 1106//131 1107//131
f 1068//132 1107//132 1093//132
f 1093//133 1107//133 1108//133
f 1093//134 1108//134 1092//134
f 1092//135 1108//135 1109//135
f 1092//136 1109//136 1091//136
f 1091//137 1109//137 1110//137
f 1091//138 1110//138 1090//138
f 1090//139 1110//139 1111//139
f 1090//140 1111//140 1089//140
f 1089//141 1111//141 1112//141
f 1089//142 1112//142 1088//142
f 1088//143 1112//143 1113//143
f 1088//144 1113//144 1087//144
f 1087//145 1113//145 1114//145
f 1087//146 1114//146 1086//146
f 1086//147 1114//147 1115//147
f 1086//148 1115//148 1085//148
f 1085//149 1115//149 1116//149
f 1085//150 1116//150 1084//150
f 1084//151 1116//151 1117//151
f 1084//152 1117//152 1083//152
f 1083//153 1117//153 1118//153
f 1083//154 1118//154 1082//154
f 1082//155 1118//155 1119//155
f 1082//156 1119//156 1081//156
f 1081//157 1119//157 1094//157
f 1120//2 1105//2 1121//2
f 1121//3 1105//3 1104//3
f 1121//4 1104//4 1122//4
f 1122//5 1104//5 1103//5
f 1122//6 1103//6 1123//6
f 1123//7 1103//7 1102//7
f 1123//8 1102//8 1124//8
f 1124//9 1102//9 1101//9
f 1124//10 1101//10 1125//10
f 1125//11 1101//11 1100//11
f 1125//12 1100//12 1126//12
f 1126//13 1100//13 1099//13
f 1126//14 1099//14 1127//14
f 1127//15 1099//15 1098//15
f 1127//16 1098//16 1128//16
f 1128//17 1098//17 1097//17
f 1128//18 1097//18 1129//18
f 1129//19 1097//19 1096//19
f 1129//20 1096//20 1130//20
f 1130//21 1096//21 1095//21
f 1130//22 1095//22 1131//22
f 1131//23 1095//23 1094//23
f 1131//24 1094//24 1132//24
f 1132//25 1094//25 1119//25
f 1132//26 1119//26 1133//26
f 1133//27 1119//27 1118//27
f 1133//28 1118//28 1134//28
f 1134//29 1118//29 1117//29
f 1134//30 1117//30 1135//30
f 1135//31 1117//31 1116//31
f 1135//32 1116//32 1136//32
f 1136//33 1116//33 1115//33
f 1136//34 1115//34 1137//34
f 1137//35 1115//35 1114//35
f 1137//36 1114//36 1138//36
f 1138//37 1114//37 1113//37
f 1138//38 1113//38 1139//38
f 1139//39 1113//39 1112//39
f 1139//40 1112//40 1140//40
f 1140//41 1112//41 1111//41
f 1140//42 1111//42 1141//42
f 1141//43 1111//43 1110//43
f 1141//44 1110//44 1142//44
f 1142//45 1110//45 1109//45
f 1142//46 1109//46 1143//46
f 1143//47 1109//47 1108//47
f 1143//48 1108//48 1144//48
f 1144//49 1108//49 1107//49
f 1144//50 1107//50 1145//50
f 1145//51 1107//51 1106//51
f 1145//52 1106//52 1120//52
f 1120//53 1106//53 1105//53
f 1146//54 1121//54 1147//54
f 1147//55 1121//55 1122//55
f 1147//56 1122//56 1148//56
f 1148//57 1122//57 1123//57
f 1148//58 1123//58 1149//58
f 1149//59 1123//59 1124//59
f 1149//60 1124//60 1150//60
f 1150//61 1124//61 1125//61
f 1150//62 1125//62 1151//62
f 1151//63 1125//63 1126//63
f 1151//64 1126//64 1152//64
f 1152//65 1126//65 1127//65
f 1152//66 1127//66 1153//66
f 1153//67 1127//67 1128//67
f 1153//68 1128//68 1154//68
f 1154//69 1128//69 1129//69
f 1154//70 1129//70 1155//70
f 1155//71 1129//71 1130//71
f 1155//72 1130//72 1156//72
f 1156//73 1130//73 1131//73
f 1156//74 1131//74 1157//74
f 1157//75 1131//75 1132//75
f 1157//76 1132//76 1158//76
f 1158//77 1132//77 1133//77
f 1158//78 1133//78 1159//78
f 1159//79 1133//79 1134//79
f 1159//80 1134//80 1160//80
f 1160//81 1134//81 1135//81
f 1160//82 1135//82 1161//82
f 1161//83 1135//83 1136//83
f 1161//84 1136//84 1162//84
f 1162//85 1136//85 1137//85
f 1162//86 1137//86 1163//86
f 1163//87 1137//87 1138//87
f 1163//88 1138//88 1164//88
f 1164//89 1138//89 1139//89
f 1164//90 1139//90 1165//90
f 1165//91 1139//91 1140//91
f 1165//92 1140//92 1166//92
f 1166//93 1140//93 1141//93
f 1166//94 1141//94 1167//94
f 1167//95 1141//95 1142//95
f 1167//96 1142//96 1168//96
f 1168//97 1142//97 1143//97
f 1168//98 1143//98 1169//98
f 1169//99 1143//99 1144//99
f 1169//100 1144//100 1170//100
f 1170//101 1144//101 1145//101
f 1170//102 1145//102 1171//102
f 1171//103 1145//103 1120//103
f 1171//104 1120//104 1146//104
f 1146//105 1120//105 1121//105
f 1159//106 1172//106 1158//106
f 1158//107 1172//107 1173//107
f 1158//108 1173//108 1157//108
f 1157//109 1173//109 1174//109
f 1157//110 1174//110 1156//110
f 1156//111 1174//111 1175//111
f 1156//112 1175//112 1155//112
f 1155//113 1175//113 1176//113
f 1155//114 1176//114 1154//114
f 1154//115 1176//115 1177//115
f 1154//116 1177//116 1153//116
f 1153//117 1177//117 1178//117
f 1153//118 1178//118 1152//118
f 1152//119 1178//119 1179//119
f 1152//120 1179//120 1151//120
f 1151//121 1179//121 1180//121
f 1151//122 1180//122 1150//122
f 1150//123 1180//123 1181//123
f 1150//124 1181//124 1149//124
f 1149//125 1181//125 1182//125
f 1149//126 1182//126 1148//126
f 1148//127 1182//127 1183//127
f 1148//128 1183//128 1147//128
f 1147//129 1183//129 1184//129
f 1147//130 1184//130 1146//130
f 1146//131 1184//131 1185//131
f 1146//132 1185//132 1171//132
f 1171//133 1185//133 1186//133
f 1171//134 1186//134 1170//134
f 1170//135 1186//135 1187//135
f 1170//136 1187//136 1169//136
f 1169//137 1187//137 1188//137
f 1169//138 1188//138 1168//138
f 1168//139 1188//139 1189//139
f 1168//140 1189//140 1167//140
f 1167//141 1189//141 1190//141
f 1167//142 1190//142 1166//142
f 1166//143 1190//143 1191//143
f 1166//144 1191//144 1165//144
f 1165//145 1191//145 1192//145
f 1165//146 1192//146 1164//146
f 1164//147 1192//147 1193//147
f 1164//148 1193//148 1163//148
f 1163//149 1193//149 1194//149
f 1163//150 1194//150 1162//150
f 1162//151 1194//151 1195//151
f 1162//152 1195//152 1161//152
f 1161//153 1195//153 1196//153
f 1161//154 1196//154 1160//154
f 1160//155 1196//155 1197//155
f 1160//156 1197//156 1159//156
f 1159//157 1197//157 1172//157
f 1198//2 1183//2 1199//2
f 1199//3 1183//3 1182//3
f 1199//4 1182//4 1200//4
f 1200//5 1182//5 1181//5
f 1200//6 1181//6 1201//6
f 1201//7 1181//7 1180//7
f 1201//8 1180//8 1202//8
f 1202//9 1180//9 1179//9
f 1202//10 1179//10 1203//10
f 1203//11 1179//11 1178//11
f 1203//12 1178//12 1204//12
f 1204//13 1178//13 1177//13
f 1204//14 1177//14 1205//14
f 1205//15 1177//15 1176//15
f 1205//16 1176//16 1206//16
f 1206//17 1176//17 1175//17
f 1206//18 1175//18 1207//18
f 1207//19 1175//19 1174//19
f 1207//20 1174//20 1208//20
f 1208//21 1174//21 1173//21
f 1208//22 1173//22 1209//22
f 1209//23 1173//23 1172//23
f 1209//24 1172//24 1210//24
f 1210//25 1172//25 1197//25
f 1210//26 1197//26 1211//26
f 1211//27 1197//27 1196//27
f 1211//28 1196//28 1212//28
f 1212//29 1196//29 1195//29
f 1212//30 1195//30 1213//30
f 1213//31 1195//31 1194//31
f 1213//32 1194//32 1214//32
f 1214//33 1194//33 1193//33
f 1214//34 1193//34 1215//34
f 1215//35 1193//35 1192//35
f 1215//36 1192//36 1216//36
f 1216//37 1192//37 1191//37
f 1216//38 1191//38 1217//38
f 1217//39 1191//39 1190//39
f 1217//40 1190//40 1218//40
f 1218//41 1190//41 1189//41
f 1218//42 1189//42 1219//42
f 1219//43 1189//43 1188//43
f 1219//44 1188//44 1220//44
f 1220//45 1188//45 1187//45
f 1220//46 1187//46 1221//46
f 1221//47 1187//47 1186//47
f 1221//48 1186//48 1222//48
f 1222//49 1186//49 1185//49
f 1222//50 1185//50 1223//50
f 1223//51 1185//51 1184//51
f 1223//52 1184//52 1198//52
f 1198//53 1184//53 1183//53
f 1224//54 1199//54 1225//54
f 1225//55 1199//55 1200//55
f 1225//56 1200//56 1226//56
f 1226//57 1200//57 1201//57
f 1226//58 1201//58 1227//58
f 1227//59 1201//59 1202//59
f 1227//60 1202//60 1228//60
f 1228//61 1202//61 1203//61
f 1228//62 1203//62 1229//62
f 1229//63 1203//63 1204//63
f 1229//64 1204//64 1230//64
f 1230//65 1204//65 1205//65
f 1230//66 1205//66 1231//66
f 1231//67 1205//67 1206//67
f 1231//68 1206//68 1232//68
f 1232//69 1206//69 1207//69
f 1232//70 1207//70 1233//70
f 1233//71 1207//71 1208//71
f 1233//72 1208//72 1234//72
f 1234//73 1208//73 1209//73
f 1234//74 1209//74 1235//74
f 1235//75 1209//75 1210//75
f 1235//76 1210//76 1236//76
f 1236//77 1210//77 1211//77
f 1236//78 1211//78 1237//78
f 1237//79 1211//79 1212//79
f 1237//80 1212//80 1238//80
f 1238//81 1212//81 1213//81
f 1238//82 1213//82 1239//82
f 1239//83 1213//83 1214//83
f 1239//84 1214//84 1240//84
f 1240//85 1214//85 1215//85
f 1240//86 1215//86 1241//86
f 1241//87 1215//87 1216//87
f 1241//88 1216//88 1242//88
f 1242//89 1216//89 1217//89
f 1242//90 1217//90 1243//90
f 1243//91 1217//91 1218//91
f 1243//92 1218//92 1244//92
f 1244//93 1218//93 1219//93
f 1244//94 1219//94 1245//94
f 1245//95 1219//95 1220//95
f 1245//96 1220//96 1246//96
f 1246//97 1220//97 1221//97
f 1246//98 1221//98 1247//98
f 1247//99 1221//99 1222//99
f 1247//100 1222//100 1248//100
f 1248//101 1222//101 1223//101
f 1248//102 1223//102 1249//102
f 1249//103 1223//103 1198//103
f 1249//104 1198//104 1224//104
f 1224//105 1198//105 1199//105
f 1237//106 1250//106 1236//106
f 1236//107 1250//107 1251//107
f 1236//108 1251//108 1235//108
f 1235//109 1251//109 1252//109
f 1235//110 1252//110 1234//110
f 1234//111 1252//111 1253//111
f 1234//112 1253//112 1233//112
f 1233//113 1253//113 1254//113
f 1233//114 1254//114 1232//114
f 1232//115 1254//115 1255//115
f 1232//116 1255//116 1231//116
f 1231//117 1255//117 1256//117
f 1231//118 1256//118 1230//118
f 1230//119 1256//119 1257//119
f 1230//120 1257//120 1229//120
f 1229//121 1257//121 1258//121
f 1229//122 1258//122 1228//122
f 1228//123 1258//123 1259//123
f 1228//124 1259//124 1227//124
f 1227//125 1259//125 1260//125
f 1227//126 1260//126 1226//126
f 1226//127 1260//127 1261//127
f 1226//128 1261//128 1225//128
f 1225//129 1261//129 1262//129
f 1225//130 1262//130 1224//130
f 1224//131 1262//131 1263//131
f 1224//132 1263//132 1249//132
f 1249//133 1263//133 1264//133
f 1249//134 1264//134 1248//134
f 1248//135 1264//135 1265//135
f 1248//136 1265//136 1247//136
f 1247//137 1265//137 1266//137
f 1247//138 1266//138 1246//138
f 1246//139 1266//139 1267//139
f 1246//140 1267//140 1245//140
f 1245//141 1267//141 1268//141
f 1245//142 1268//142 1244//142
f 1244//143 1268//143 1269//143
f 1244//144 1269//144 1243//144
f 1243//145 1269//145 1270//145
f 1243//146 1270//146 1242//146
f 1242//147 1270//147 1271//147
f 1242//148 1271//148 1241//148
f 1241//149 1271//149 1272//149
f 1241//150 1272//150 1240//150
f 1240//151 1272//151 1273//151
f 1240//152 1273//152 1239//152
f 1239//153 1273//153 1274//153
f 1239//154 1274//154 1238//154
f 1238//155 1274//155 1275//155
f 1238//156 1275//156 1237//156
f 1237//157 1275//157 1250//157
f 1276//2 1261//2 1277//2
f 1277//3 1261//3 1260//3
f 1277//4 1260//4 1278//4
f 1278//5 1260//5 1259//5
f 1278//6 1259//6 1279//6
f 1279//7 1259//7 1258//7
f 1279//8 1258//8 1280//8
f 1280//9 1258//9 1257//9
f 1280//10 1257//10 1281//10
f 1281//11 1257//11 1256//11
f 1281//12 1256//12 1282//12
f 1282//13 1256//13 1255//13
f 1282//14 1255//14 1283//14
f 1283//15 1255//15 1254//15
f 1283//16 1254//16 1284//16
f 1284//17 1254//17 1253//17
f 1284//18 1253//18 1285//18
f 1285//19 1253//19 1252//19
f 1285//20 1252//20 1286//20
f 1286//21 1252//21 1251//21
f 1286//22 1251//22 1287//22
f 1287//23 1251//23 1250//23
f 1287//24 1250//24 1288//24
f 1288//25 1250//25 1275//25
f 1288//26 1275//26 1289//26
f 1289//27 1275//27 1274//27
f 1289//28 1274//28 1290//28
f 1290//29 1274//29 1273//29
f 1290//30 1273//30 1291//30
f 1291//31 1273//31 1272//31
f 1291//32 1272//32 1292//32
f 1292//33 1272//33 1271//33
f 1292//34 1271//34 1293//34
f 1293//35 1271//35 1270//35
f 1293//36 1270//36 1294//36
f 1294//37 1270//37 1269//37
f 1294//38 1269//38 1295//38
f 1295//39 1269//39 1268//39
f 1295//40 1268//40 1296//40
f 1296//41 1268//41 1267//41
f 1296//42 1267//42 1297//42
f 1297//43 1267//43 1266//43
f 1297//44 1266//44 1298//44
f 1298//45 1266//45 1265//45
f 1298//46 1265//46 1299//46
f 1299//47 1265//47 1264//47
f 1299//48 1264//48 1300//48
f 1300//49 1264//49 1263//49
f 1300//50 1263//50 1301//50
f 1301//51 1263//51 1262//51
f 1301//52 1262//52 1276//52
f 1276//53 1262//53 1261//53
f 1302//54 1277//54 1303//54
f 1303//55 1277//55 1278//55
f 1303//56 1278//56 1304//56
f 1304//57 1278//57 1279//57
f 1304//58 1279//58 1305//58
f 1305//59 1279//59 1280//59
f 1305//60 1280//60 1306//60
f 1306//61 1280//61 1281//61
f 1306//62 1281//62 1307//62
f 1307//63 1281//63 1282//63
f 1307//64 1282//64 1308//64
f 1308//65 1282//65 1283//65
f 1308//66 1283//66 1309//66
f 1309//67 1283//67 1284//67
f 1309//68 1284//68 1310//68
f 1310//69 1284//69 1285//69
f 1310//70 1285//70 1311//70
f 1311//71 1285//71 1286//71
f 1311//72 1286//72 1312//72
f 1312//73 1286//73 1287//73
f 1312//74 1287//74 1313//74
f 1313//75 1287//75 1288//75
f 1313//76 1288//76 1314//76
f 1314//77 1288//77 1289//77
f 1314//78 1289//78 1315//78
f 1315//79 1289//79 1290//79
f 1315//80 1290//80 1316//80
f 1316//81 1290//81 1291//81
f 1316//82 1291//82 1317//82
f 1317//83 1291//83 1292//83
f 1317//84 1292//84 1318//84
f 1318//85 1292//85 1293//85
f 1318//86 1293//86 1319//86
f 1319//87 1293//87 1294//87
f 1319//88 1294//88 1320//88
f 1320//89 1294//89 1295//89
f 1320//90 1295//90 1321//90
f 1321//91 1295//91 1296//91
f 1321//92 1296//92 1322//92
f 1322//93 1296//93 1297//93
f 1322//94 1297//94 1323//94
f 1323//95 1297//95 1298//95
f 1323//96 1298//96 1324//96
f 1324//97 1298//97 1299//97
f 1324//98 1299//98 1325//98
f 1325//99 1299//99 1300//99
f 1325//100 1300//100 1326//100
f 1326//101 1300//101 1301//101
f 1326//102 1301//102 1327//102
f 1327//103 1301//103 1276//103
f 1327//104 1276//104 1302//104
f 1302//105 1276//105 1277//105
f 1315//106 1328//106 1314//106
f 1314//107 1328//107 1329//107
f 1314//108 1329//108 1313//108
f 1313//109 1329//109 1330//109
f 1313//110 1330//110 1312//110
f 1312//111 1330//111 1331//111
f 1312//112 1331//112 1311//112
f 1311//113 1331//113 1332//113
f 1311//114 1332//114 1310//114
f 1310//115 1332//115 1333//115
f 1310//116 1333//116 1309//116
f 1309//117 1333//117 1334//117
f 1309//118 1334//118 1308//118
f 1308//119 1334//119 1335//119
f 1308//120 1335//120 1307//120
f 1307//121 1335//121 1336//121
f 1307//122 1336//122 1306//122
f 1306//123 1336//123 1337//123
f 1306//124 1337//124 1305//124
f 1305//125 1337//125 1338//125
f 1305//126 1338//126 1304//126
f 1304//127 1338//127 1339//127
f 1304//128 1339//128 1303//128
f 1303//129 1339//129 1340//129
f 1303//130 1340//130 1302//130
f 1302//131 1340//131 1341//131
f 1302//132 1341//132 1327//132
f 1327//133 1341//133 1342//133
f 1327//134 1342//134 1326//134
f 1326//135 1342//135 1343//135
f 1326//136 1343//136 1325//136
f 1325//137 1343//137 1344//137
f 1325//138 1344//138 1324//138
f 1324//139 1344//139 1345//139
f 1324//140 1345//140 1323//140
f 1323//141 1345//141 1346//141
f 1323//142 1346//142 1322//142
f 1322//143 1346//143 1347//143
f 1322//144 1347//144 1321//144
f 1321//145 1347//145 1348//145
f 1321//146 1348//146 1320//146
f 1320//147 1348//147 1349//147
f 1320//148 1349//148 1319//148
f 1319//149 1349//149 1350//149
f 1319//150 1350//150 1318//150
f 1318//151 1350//151 1351//151
f 1318//152 1351//152 1317//152
f 1317//153 1351//153 1352//153
f 1317//154 1352//154 1316//154
f 1316//155 1352//155 1353//155
f 1316//156 1353//156 1315//156
f 1315//157 1353//157 1328//157
f 1354//2 1339//2 1355//2
f 1355//3 1339//3 1338//3
f 1355//4 1338//4 1356//4
f 1356//5 1338//5 1337//5
f 1356//6 1337//6 1357//6
f 1357//514 1337//514 1336//514
f 1357//8 1336//8 1358//8
f 1358//9 1336//9 1335//9
f 1358//10 1335//10 1359//10
f 1359//11 1335//11 1334//11
f 1359//12 1334//12 1360//12
f 1360//13 1334//13 1333//13
f 1360//14 1333//14 1361//14
f 1361//15 1333//15 1332//15
f 1361//16 1332//16 1362//16
f 1362//17 1332//17 1331//17
f 1362//18 1331//18 1363//18
f 1363//19 1331//19 1330//19
f 1363//20 1330//20 1364//20
f 1364//21 1330//21 1329//21
f 1364//22 1329//22 1365//22
f 1365//23 1329//23 1328//23
f 1365//24 1328//24 1366//24
f 1366//25 1328//25 1353//25
f 1366//26 1353//26 1367//26
f 1367//27 1353//27 1352//27
f 1367//28 1352//28 1368//28
f 1368//29 1352//29 1351//29
f 1368//30 1351//30 1369//30
f 1369//31 1351//31 1350//31
f 1369//32 1350//32 1370//32
f 1370//522 1350//522 1349//522
f 1370//34 1349//34 1371//34
f 1371//35 1349//35 1348//35
f 1371//36 1348//36 1372//36
f 1372//37 1348//37 1347//37
f 1372//38 1347//38 1373//38
f 1373//39 1347//39 1346//39
f 1373//40 1346//40 1374//40
f 1374//41 1346//41 1345//41
f 1374//42 1345//42 1375//42
f 1375//43 1345//43 1344//43
f 1375//44 1344//44 1376//44
f 1376//45 1344//45 1343//45
f 1376//46 1343//46 1377//46
f 1377//47 1343//47 1342//47
f 1377//48 1342//48 1378//48
f 1378//49 1342//49 1341//49
f 1378//50 1341//50 1379//50
f 1379//51 1341//51 1340//51
f 1379//52 1340//52 1354//52
f 1354//53 1340//53 1339//53
f 1380//54 1355//54 1381//54
f 1381//55 1355//55 1356//55
f 1381//56 1356//56 1382//56
f 1382//57 1356//57 1357//57
f 1382//58 1357//58 1383//58
f 1383//59 1357//59 1358//59
f 1383//60 1358//60 1384//60
f 1384//61 1358//61 1359//61
f 1384//62 1359//62 1385//62
f 1385//63 1359//63 1360//63
f 1385//64 1360//64 1386//64
f 1386//65 1360//65 1361//65
f 1386//66 1361//66 1387//66
f 1387//67 1361//67 1362//67
f 1387//68 1362//68 1388//68
f 1388//69 1362//69 1363//69
f 1388//70 1363//70 1389//70
f 1389//71 1363//71 1364//71
f 1389//72 1364//72 1390//72
f 1390//73 1364//73 1365//73
f 1390//74 1365//74 1391//74
f 1391//75 1365//75 1366//75
f 1391//76 1366//76 1392//76
f 1392//77 1366//77 1367//77
f 1392//78 1367//78 1393//78
f 1393//79 1367//79 1368//79
f 1393//80 1368//80 1394//80
f 1394//81 1368//81 1369//81
f 1394//82 1369//82 1395//82
f 1395//83 1369//83 1370//83
f 1395//84 1370//84 1396//84
f 1396//85 1370//85 1371//85
f 1396//86 1371//86 1397//86
f 1397//87 1371//87 1372//87
f 1397//88 1372//88 1398//88
f 1398//89 1372//89 1373//89
f 1398//90 1373//90 1399//90
f 1399//91 1373//91 1374//91
f 1399//92 1374//92 1400//92
f 1400//93 1374//93 1375//93
f 1400//94 1375//94 1401//94
f 1401//95 1375//95 1376//95
f 1401//96 1376//96 1402//96
f 1402//97 1376//97 1377//97
f 1402//98 1377//98 1403//98
f 1403//99 1377//99 1378//99
f 1403//100 1378//100 1404//100
f 1404//101 1378//101 1379//101
f 1404//102 1379//102 1405//102
f 1405//103 1379//103 1354//103
f 1405//104 1354//104 1380//104
f 1380//105 1354//105 1355//105
f 1393//106 1406//106 1392//106
f 1392//107 1406//107 1407//107
f 1392//108 1407//108 1391//108
f 1391//109 1407//109 1408//109
f 1391//110 1408//110 1390//110
f 1390//111 1408//111 1409//111
f 1390//112 1409//112 1389//112
f 1389//113 1409//113 1410//113
f 1389//114 1410//114 1388//114
f 1388//115 1410//115 1411//115
f 1388//116 1411//116 1387//116
f 1387//117 1411//117 1412//117
f 1387//118 1412//118 1386//118
f 1386//119 1412//119 1413//119
f 1386//120 1413//120 1385//120
f 1385//121 1413//121 1414//121
f 1385//122 1414//122 1384//122
f 1384//123 1414//123 1415//123
f 1384//124 1415//124 1383//124
f 1383//125 1415//125 1416//125
f 1383//126 1416//126 1382//126
f 1382//127 1416//127 1417//127
f 1382//128 1417//128 1381//128
f 1381//129 1417//129 1418//129
f 1381//130 1418//130 1380//130
f 1380//131 1418//131 1419//131
f 1380//132 1419//132 1405//132
f 1405//133 1419//133 1420//133
f 1405//134 1420//134 1404//134
f 1404//135 1420//135 1421//135
f 1404//136 1421//136 1403//136
f 1403//137 1421//137 1422//137
f 1403//138 1422//138 1402//138
f 1402//139 1422//139 1423//139
f 1402//140 1423//140 1401//140
f 1401//141 1423//141 1424//141
f 1401//142 1424//142 1400//142
f 1400//143 1424//143 1425//143
f 1400//144 1425//144 1399//144
f 1399//145 1425//145 1426//145
f 1399//146 1426//146 1398//146
f 1398//147 1426//147 1427//147
f 1398//148 1427//148 1397//148
f 1397//149 1427//149 1428//149
f 1397//150 1428//150 1396//150
f 1396//151 1428//151 1429//151
f 1396//152 1429//152 1395//152
f 1395//153 1429//153 1430//153
f 1395//154 1430//154 1394//154
f 1394//155 1430//155 1431//155
f 1394//156 1431//156 1393//156
f 1393//157 1431//157 1406//157
f 1432//2 1417//2 1433//2
f 1433//3 1417//3 1416//3
f 1433//4 1416//4 1434//4
f 1434//5 1416//5 1415//5
f 1434//6 1415//6 1435//6
f 1435//7 1415//7 1414//7
f 1435//8 1414//8 1436//8
f 1436//9 1414//9 1413//9
f 1436//10 1413//10 1437//10
f 1437//11 1413//11 1412//11
f 1437//12 1412//12 1438//12
f 1438//13 1412//13 1411//13
f 1438//14 1411//14 1439//14
f 1439//15 1411//15 1410//15
f 1439//16 1410//16 1440//16
f 1440//17 1410//17 1409//17
f 1440//18 1409//18 1441//18
f 1441//19 1409//19 1408//19
f 1441//20 1408//20 1442//20
f 1442//21 1408//21 1407//21
f 1442//22 1407//22 1443//22
f 1443//23 1407//23 1406//23
f 1443//24 1406//24 1444//24
f 1444//25 1406//25 1431//25
f 1444//26 1431//26 1445//26
f 1445//27 1431//27 1430//27
f 1445//28 1430//28 1446//28
f 1446//29 1430//29 1429//29
f 1446//30 1429//30 1447//30
f 1447//31 1429//31 1428//31
f 1447//32 1428//32 1448//32
f 1448//33 1428//33 1427//33
f 1448//34 1427//34 1449//34
f 1449//35 1427//35 1426//35
f 1449//36 1426//36 1450//36
f 1450//37 1426//37 1425//37
f 1450//38 1425//38 1451//38
f 1451//39 1425//39 1424//39
f 1451//40 1424//40 1452//40
f 1452//41 1424//41 1423//41
f 1452//42 1423//42 1453//42
f 1453//43 1423//43 1422//43
f 1453//44 1422//44 1454//44
f 1454//45 1422//45 1421//45
f 1454//46 1421//46 1455//46
f 1455//47 1421//47 1420//47
f 1455//48 1420//48 1456//48
f 1456//49 1420//49 1419//49
f 1456//50 1419//50 1457//50
f 1457//51 1419//51 1418//51
f 1457//52 1418//52 1432//52
f 1432//53 1418//53 1417//53
f 1458//54 1433//54 1459//54
f 1459//55 1433//55 1434//55
f 1459//56 1434//56 1460//56
f 1460//57 1434//57 1435//57
f 1460//58 1435//58 1461//58
f 1461//59 1435//59 1436//59
f 1461//60 1436//60 1462//60
f 1462//61 1436//61 1437//61
f 1462//62 1437//62 1463//62
f 1463//63 1437//63 1438//63
f 1463//64 1438//64 1464//64
f 1464//65 1438//65 1439//65
f 1464//66 1439//66 1465//66
f 1465//67 1439//67 1440//67
f 1465//68 1440//68 1466//68
f 1466//69 1440//69 1441//69
f 1466//70 1441//70 1467//70
f 1467//71 1441//71 1442//71
f 1467//72 1442//72 1468//72
f 1468//73 1442//73 1443//73
f 1468//74 1443//74 1469//74
f 1469//75 1443//75 1444//75
f 1469//76 1444//76 1470//76
f 1470//77 1444//77 1445//77
f 1470//78 1445//78 1471//78
f 1471//79 1445//79 1446//79
f 1471//80 1446//80 1472//80
f 1472//81 1446//81 1447//81
f 1472//82 1447//82 1473//82
f 1473//83 1447//83 1448//83
f 1473//84 1448//84 1474//84
f 1474//85 1448//85 1449//85
f 1474//86 1449//86 1475//86
f 1475//87 1449//87 1450//87
f 1475//88 1450//88 1476//88
f 1476//89 1450//89 1451//89
f 1476//90 1451//90 1477//90
f 1477//91 1451//91 1452//91
f 1477//92 1452//92 1478//92
f 1478//93 1452//93 1453//93
f 1478//94 1453//94 1479//94
f 1479//95 1453//95 1454//95
f 1479//96 1454//96 1480//96
f 1480//97 1454//97 1455//97
f 1480//98 1455//98 1481//98
f 1481//99 1455//99 1456//99
f 1481//100 1456//100 1482//100
f 1482//101 1456//101 1457//101
f 1482//102 1457//102 1483//102
f 1483//103 1457//103 1432//103
f 1483//104 1432//104 1458//104
f 1458//105 1432//105 1433//105
f 1471//155 1472//155 1484//155
f 1473//151 1474//151 1485//151
f 1485//158 1486//158 1473//158
f 1473//159 1486//159 1487//159
f 1473//153 1487//153 1472//153
f 1472//160 1487//160 1488//160
f 1472//161 1488//161 1484//161
f 1475//147 1476//147 1489//147
f 1489//162 1490//162 1475//162
f 1475//163 1490//163 1491//163
f 1475//149 1491//149 1474//149
f 1474//164 1491//164 1492//164
f 1474//165 1492//165 1485//165
f 1477//143 1478//143 1493//143
f 1493//166 1494//166 1477//166
f 1477//167 1494//167 1495//167
f 1477//145 1495//145 1476//145
f 1476//168 1495//168 1496//168
f 1476//169 1496//169 1489//169
f 1479//170 1480//170 1497//170
f 1497//171 1498//171 1479//171
f 1479//172 1498//172 1499//172
f 1479//141 1499//141 1478//141
f 1478//173 1499//173 1500//173
f 1478//174 1500//174 1493//174
f 1481//135 1482//135 1501//135
f 1501//175 1502//175 1481//175
f 1481//176 1502//176 1503//176
f 1481//137 1503//137 1480//137
f 1480//177 1503//177 1504//177
f 1480//178 1504//178 1497//178
f 1483//131 1458//131 1505//131
f 1505//179 1506//179 1483//179
f 1483//180 1506//180 1507//180
f 1483//133 1507//133 1482//133
f 1482//181 1507//181 1508//181
f 1482//182 1508//182 1501//182
f 1459//127 1460//127 1509//127
f 1509//183 1510//183 1459//183
f 1459//184 1510//184 1511//184
f 1459//129 1511//129 1458//129
f 1458//185 1511//185 1512//185
f 1458//186 1512//186 1505//186
f 1461//123 1462//123 1513//123
f 1513//187 1514//187 1461//187
f 1461//188 1514//188 1515//188
f 1461//125 1515//125 1460//125
f 1460//189 1515//189 1516//189
f 1460//190 1516//190 1509//190
f 1463//119 1464//119 1517//119
f 1517//191 1518//191 1463//191
f 1463//192 1518//192 1519//192
f 1463//121 1519//121 1462//121
f 1462//193 1519//193 1520//193
f 1462//194 1520//194 1513//194
f 1465//115 1466//115 1521//115
f 1521//195 1522//195 1465//195
f 1465//196 1522//196 1523//196
f 1465//117 1523//117 1464//117
f 1464//197 1523//197 1524//197
f 1464//198 1524//198 1517//198
f 1467//111 1468//111 1525//111
f 1525//199 1526//199 1467//199
f 1467//200 1526//200 1527//200
f 1467//113 1527//113 1466//113
f 1466//201 1527//201 1528//201
f 1466//202 1528//202 1521//202
f 1469//107 1470//107 1529//107
f 1529//203 1530//203 1469//203
f 1469//204 1530//204 1531//204
f 1469//109 1531//109 1468//109
f 1468//205 1531//205 1532//205
f 1468//206 1532//206 1525//206
f 1484//207 1533//207 1471//207
f 1471//208 1533//208 1534//208
f 1471//157 1534//157 1470//157
f 1470//209 1534//209 1535//209
f 1470//210 1535//210 1529//210
f 1493//211 1536//211 1494//211
f 1494//212 1536//212 1537//212
f 1494//213 1537//213 1495//213
f 1495//214 1537//214 1538//214
f 1495//215 1538//215 1496//215
f 1496//216 1538//216 1539//216
f 1496//217 1539//217 1489//217
f 1489//218 1539//218 1540//218
f 1489//219 1540//219 1490//219
f 1490//220 1540//220 1541//220
f 1490//221 1541//221 1491//221
f 1491//222 1541//222 1542//222
f 1491//223 1542//223 1492//223
f 1492//224 1542//224 1543//224
f 1492//225 1543//225 1485//225
f 1485//226 1543//226 1544//226
f 1485//227 1544//227 1486//227
f 1486//228 1544//228 1545//228
f 1486//229 1545//229 1487//229
f 1487//230 1545//230 1546//230
f 1487//231 1546//231 1488//231
f 1488//232 1546//232 1547//232
f 1488//233 1547//233 1484//233
f 1484//234 1547//234 1548//234
f 1484//235 1548//235 1533//235
f 1533//236 1548//236 1549//236
f 1533//237 1549//237 1534//237
f 1534//238 1549//238 1550//238
f 1534//239 1550//239 1535//239
f 1535//240 1550//240 1551//240
f 1535//241 1551//241 1529//241
f 1529//242 1551//242 1552//242
f 1529//243 1552//243 1530//243
f 1530//244 1552//244 1553//244
f 1530//245 1553//245 1531//245
f 1531//246 1553//246 1554//246
f 1531//247 1554//247 1532//247
f 1532//248 1554//248 1555//248
f 1532//249 1555//249 1525//249
f 1525//250 1555//250 1556//250
f 1525//251 1556//251 1526//251
f 1526//252 1556//252 1557//252
f 1526//253 1557//253 1527//253
f 1527//254 1557//254 1558//254
f 1527//255 1558//255 1528//255
f 1528//256 1558//256 1559//256
f 1528//257 1559//257 1521//257
f 1521//258 1559//258 1560//258
f 1521//259 1560//259 1522//259
f 1522//260 1560//260 1561//260
f 1522//261 1561//261 1523//261
f 1523//262 1561//262 1562//262
f 1523//263 1562//263 1524//263
f 1524//264 1562//264 1563//264
f 1524//265 1563//265 1517//265
f 1517//266 1563//266 1564//266
f 1517//267 1564//267 1518//267
f 1518//268 1564//268 1565//268
f 1518//269 1565//269 1519//269
f 1519//270 1565//270 1566//270
f 1519//271 1566//271 1520//271
f 1520//272 1566//272 1567//272
f 1520//273 1567//273 1513//273
f 1513//274 1567//274 1568//274
f 1513//275 1568//275 1514//275
f 1514//276 1568//276 1569//276
f 1514//277 1569//277 1515//277
f 1515//278 1569//278 1570//278
f 1515//279 1570//279 1516//279
f 1516//280 1570//280 1571//280
f 1516//281 1571//281 1509//281
f 1509//282 1571//282 1572//282
f 1509//283 1572//283 1510//283
f 1510//284 1572//284 1573//284
f 1510//285 1573//285 1511//285
f 1511//286 1573//286 1574//286
f 1511//287 1574//287 1512//287
f 1512//288 1574//288 1575//288
f 1512//289 1575//289 1505//289
f 1505//290 1575//290 1576//290
f 1505//291 1576//291 1506//291
f 1506//292 1576//292 1577//292
f 1506//293 1577//293 1507//293
f 1507//294 1577//294 1578//294
f 1507//295 1578//295 1508//295
f 1508//296 1578//296 1579//296
f 1508//297 1579//297 1501//297
f 1501//298 1579//298 1580//298
f 1501//299 1580//299 1502//299
f 1502//300 1580//300 1581//300
f 1502//301 1581//301 1503//301
f 1503//302 1581//302 1582//302
f 1503//303 1582//303 1504//303
f 1504//304 1582//304 1583//304
f 1504//305 1583//305 1497//305
f 1497//306 1583//306 1584//306
f 1497//307 1584//307 1498//307
f 1498//308 1584//308 1585//308
f 1498//309 1585//309 1499//309
f 1499//310 1585//310 1586//310
f 1499//311 1586//311 1500//311
f 1500//312 1586//312 1587//312
f 1500//313 1587//313 1493//313
f 1493//314 1587//314 1536//314
f 1588//315 1589//315 1577//315
f 1590//316 1579//316 1589//316
f 1589//317 1579//317 1578//317
f 1589//318 1578//318 1577//318
f 1591//319 1581//319 1590//319
f 1590//320 1581//320 1580//320
f 1590//321 1580//321 1579//321
f 1592//322 1583//322 1591//322
f 1591//323 1583//323 1582//323
f 1591//324 1582//324 1581//324
f 1593//325 1585//325 1592//325
f 1592//326 1585//326 1584//326
f 1592//327 1584//327 1583//327
f 1594//328 1587//328 1593//328
f 1593//329 1587//329 1586//329
f 1593//330 1586//330 1585//330
f 1595//331 1537//331 1594//331
f 1594//332 1537//332 1536//332
f 1594//333 1536//333 1587//333
f 1596//334 1539//334 1595//334
f 1595//335 1539//335 1538//335
f 1595//336 1538//336 1537//336
f 1597//337 1541//337 1596//337
f 1596//338 1541//338 1540//338
f 1596//339 1540//339 1539//339
f 1598//340 1543//340 1597//340
f 1597//341 1543//341 1542//341
f 1597//342 1542//342 1541//342
f 1599//343 1545//343 1598//343
f 1598//344 1545//344 1544//344
f 1598//345 1544//345 1543//345
f 1600//346 1547//346 1599//346
f 1599//347 1547//347 1546//347
f 1599//348 1546//348 1545//348
f 1601//349 1549//349 1600//349
f 1600//350 1549//350 1548//350
f 1600//351 1548//351 1547//351
f 1602//352 1551//352 1601//352
f 1601//353 1551//353 1550//353
f 1601//354 1550//354 1549//354
f 1603//355 1553//355 1602//355
f 1602//356 1553//356 1552//356
f 1602//357 1552//357 1551//357
f 1604//358 1555//358 1603//358
f 1603//359 1555//359 1554//359
f 1603//360 1554//360 1553//360
f 1605//361 1557//361 1604//361
f 1604//362 1557//362 1556//362
f 1604//363 1556//363 1555//363
f 1606//364 1559//364 1605//364
f 1605//365 1559//365 1558//365
f 1605//366 1558//366 1557//366
f 1607//367 1561//367 1606//367
f 1606//368 1561//368 1560//368
f 1606//369 1560//369 1559//369
f 1608//370 1563//370 1607//370
f 1607//371 1563//371 1562//371
f 1607//372 1562//372 1561//372
f 1609//373 1565//373 1608//373
f 1608//374 1565//374 1564//374
f 1608//375 1564//375 1563//375
f 1610//376 1567//376 1609//376
f 1609//377 1567//377 1566//377
f 1609//378 1566//378 1565//378
f 1611//379 1569//379 1610//379
f 1610//380 1569//380 1568//380
f 1610//381 1568//381 1567//381
f 1612//382 1571//382 1611//382
f 1611//383 1571//383 1570//383
f 1611//384 1570//384 1569//384
f 1613//385 1573//385 1612//385
f 1612//386 1573//386 1572//386
f 1612//387 1572//387 1571//387
f 1577//388 1576//388 1588//388
f 1588//389 1576//389 1575//389
f 1588//390 1575//390 1613//390
f 1613//391 1575//391 1574//391
f 1613//392 1574//392 1573//392
f 1601//155 1600//155 1614//155
f 1599//151 1598//151 1615//151
f 1615//158 1616//158 1599//158
f 1599//159 1616//159 1617//159
f 1599//153 1617//153 1600//153
f 1600//160 1617//160 1618//160
f 1600//161 1618//161 1614//161
f 1597//147 1596//147 1619//147
f 1619//162 1620//162 1597//162
f 1597//163 1620//163 1621//163
f 1597//149 1621//149 1598//149
f 1598//164 1621//164 1622//164
f 1598//165 1622//165 1615//165
f 1595//143 1594//143 1623//143
f 1623//166 1624//166 1595//166
f 1595//167 1624//167 1625//167
f 1595//145 1625//145 1596//145
f 1596//168 1625//168 1626//168
f 1596//169 1626//169 1619//169
f 1593//170 1592//170 1627//170
f 1627//171 1628//171 1593//171
f 1593//172 1628//172 1629//172
f 1593//141 1629//141 1594//141
f 1594//173 1629//173 1630//173
f 1594//174 1630//174 1623//174
f 1591//135 1590//135 1631//135
f 1631//175 1632//175 1591//175
f 1591//176 1632//176 1633//176
f 1591//137 1633//137 1592//137
f 1592//177 1633//177 1634//177
f 1592//178 1634//178 1627//178
f 1589//131 1588//131 1635//131
f 1635//179 1636//179 1589//179
f 1589//180 1636//180 1637//180
f 1589//133 1637//133 1590//133
f 1590//181 1637//181 1638//181
f 1590//182 1638//182 1631//182
f 1613//127 1612//127 1639//127
f 1639//183 1640//183 1613//183
f 1613//184 1640//184 1641//184
f 1613//129 1641//129 1588//129
f 1588//185 1641//185 1642//185
f 1588//186 1642//186 1635//186
f 1611//123 1610//123 1643//123
f 1643//187 1644//187 1611//187
f 1611//188 1644//188 1645//188
f 1611//125 1645//125 1612//125
f 1612//189 1645//189 1646//189
f 1612//190 1646//190 1639//190
f 1609//119 1608//119 1647//119
f 1647//191 1648//191 1609//191
f 1609//192 1648//192 1649//192
f 1609//121 1649//121 1610//121
f 1610//193 1649//193 1650//193
f 1610//194 1650//194 1643//194
f 1607//115 1606//115 1651//115
f 1651//195 1652//195 1607//195
f 1607//196 1652//196 1653//196
f 1607//117 1653//117 1608//117
f 1608//197 1653//197 1654//197
f 1608//198 1654//198 1647//198
f 1605//111 1604//111 1655//111
f 1655//199 1656//199 1605//199
f 1605//200 1656//200 1657//200
f 1605//113 1657//113 1606//113
f 1606//201 1657//201 1658//201
f 1606//202 1658//202 1651//202
f 1603//107 1602//107 1659//107
f 1659//203 1660//203 1603//203
f 1603//204 1660//204 1661//204
f 1603//109 1661//109 1604//109
f 1604//205 1661//205 1662//205
f 1604//206 1662//206 1655//206
f 1614//207 1663//207 1601//207
f 1601//208 1663//208 1664//208
f 1601//157 1664//157 1602//157
f 1602//209 1664//209 1665//209
f 1602//210 1665//210 1659//210
f 1623//211 1666//211 1624//211
f 1624//212 1666//212 1667//212
f 1624//213 1667//213 1625//213
f 1625//214 1667//214 1668//214
f 1625//215 1668//215 1626//215
f 1626//216 1668//216 1669//216
f 1626//217 1669//217 1619//217
f 1619//218 1669//218 1670//218
f 1619//219 1670//219 1620//219
f 1620//220 1670//220 1671//220
f 1620//221 1671//221 1621//221
f 1621//222 1671//222 1672//222
f 1621//500 1672//500 1622//500
f 1622//224 1672//224 1673//224
f 1622//523 1673//523 1615//523
f 1615//524 1673//524 1674//524
f 1615//227 1674//227 1616//227
f 1616//228 1674//228 1675//228
f 1616//229 1675//229 1617//229
f 1617//230 1675//230 1676//230
f 1617//231 1676//231 1618//231
f 1618//232 1676//232 1677//232
f 1618//233 1677//233 1614//233
f 1614//234 1677//234 1678//234
f 1614//235 1678//235 1663//235
f 1663//236 1678//236 1679//236
f 1663//237 1679//237 1664//237
f 1664//238 1679//238 1680//238
f 1664//239 1680//239 1665//239
f 1665//240 1680//240 1681//240
f 1665//241 1681//241 1659//241
f 1659//242 1681//242 1682//242
f 1659//243 1682//243 1660//243
f 1660//244 1682//244 1683//244
f 1660//245 1683//245 1661//245
f 1661//246 1683//246 1684//246
f 1661//247 1684//247 1662//247
f 1662//248 1684//248 1685//248
f 1662//525 1685//525 1655//525
f 1655//250 1685//250 1686//250
f 1655//506 1686//506 1656//506
f 1656//526 1686//526 1687//526
f 1656//253 1687//253 1657//253
f 1657//254 1687//254 1688//254
f 1657//255 1688//255 1658//255
f 1658//256 1688//256 1689//256
f 1658//257 1689//257 1651//257
f 1651//258 1689//258 1690//258
f 1651//259 1690//259 1652//259
f 1652//260 1690//260 1691//260
f 1652//261 1691//261 1653//261
f 1653//262 1691//262 1692//262
f 1653//263 1692//263 1654//263
f 1654//264 1692//264 1693//264
f 1654//265 1693//265 1647//265
f 1647//266 1693//266 1694//266
f 1647//267 1694//267 1648//267
f 1648//268 1694//268 1695//268
f 1648//269 1695//269 1649//269
f 1649//270 1695//270 1696//270
f 1649//271 1696//271 1650//271
f 1650//272 1696//272 1697//272
f 1650//273 1697//273 1643//273
f 1643//274 1697//274 1698//274
f 1643//516 1698//516 1644//516
f 1644//276 1698//276 1699//276
f 1644//527 1699//527 1645//527
f 1645//528 1699//528 1700//528
f 1645//279 1700//279 1646//279
f 1646//280 1700//280 1701//280
f 1646//281 1701//281 1639//281
f 1639//282 1701//282 1702//282
f 1639//283 1702//283 1640//283
f 1640//284 1702//284 1703//284
f 1640//285 1703//285 1641//285
f 1641//286 1703//286 1704//286
f 1641//287 1704//287 1642//287
f 1642//288 1704//288 1705//288
f 1642//289 1705//289 1635//289
f 1635//290 1705//290 1706//290
f 1635//291 1706//291 1636//291
f 1636//292 1706//292 1707//292
f 1636//293 1707//293 1637//293
f 1637//294 1707//294 1708//294
f 1637//295 1708//295 1638//295
f 1638//296 1708//296 1709//296
f 1638//297 1709//297 1631//297
f 1631//298 1709//298 1710//298
f 1631//299 1710//299 1632//299
f 1632//300 1710//300 1711//300
f 1632//529 1711//529 1633//529
f 1633//302 1711//302 1712//302
f 1633//491 1712//491 1634//491
f 1634//530 1712//530 1713//530
f 1634//305 1713//305 1627//305
f 1627//306 1713//306 1714//306
f 1627//307 1714//307 1628//307
f 1628//308 1714//308 1715//308
f 1628//309 1715//309 1629//309
f 1629//310 1715//310 1716//310
f 1629//311 1716//311 1630//311
f 1630//312 1716//312 1717//312
f 1630//313 1717//313 1623//313
f 1623//314 1717//314 1666//314
f 1705//531 1718//531 1706//531
f 1706//389 1718//389 1719//389
f 1706//388 1719//388 1707//388
f 1707//532 1719//532 1720//532
f 1707//533 1720//533 1708//533
f 1708//318 1720//318 1721//318
f 1708//317 1721//317 1709//317
f 1709//534 1721//534 1722//534
f 1709//535 1722//535 1710//535
f 1710//321 1722//321 1723//321
f 1710//320 1723//320 1711//320
f 1711//536 1723//536 1724//536
f 1711//537 1724//537 1712//537
f 1712//324 1724//324 1725//324
f 1712//323 1725//323 1713//323
f 1713//538 1725//538 1726//538
f 1713//539 1726//539 1714//539
f 1714//394 1726//394 1727//394
f 1714//326 1727//326 1715//326
f 1715//540 1727//540 1728//540
f 1715//541 1728//541 1716//541
f 1716//330 1728//330 1729//330
f 1716//395 1729//395 1717//395
f 1717//542 1729//542 1730//542
f 1717//543 1730//543 1666//543
f 1666//333 1730//333 1731//333
f 1666//332 1731//332 1667//332
f 1667//544 1731//544 1732//544
f 1667//545 1732//545 1668//545
f 1668//336 1732//336 1733//336
f 1668//335 1733//335 1669//335
f 1669//546 1733//546 1734//546
f 1669//547 1734//547 1670//547
f 1670//396 1734//396 1735//396
f 1670//338 1735//338 1671//338
f 1671//548 1735//548 1736//548
f 1671//549 1736//549 1672//549
f 1672//342 1736//342 1737//342
f 1672//397 1737//397 1673//397
f 1673//550 1737//550 1738//550
f 1673//551 1738//551 1674//551
f 1674//345 1738//345 1739//345
f 1674//344 1739//344 1675//344
f 1675//552 1739//552 1740//552
f 1675//553 1740//553 1676//553
f 1676//348 1740//348 1741//348
f 1676//347 1741//347 1677//347
f 1677//554 1741//554 1742//554
f 1677//555 1742//555 1678//555
f 1678//351 1742//351 1743//351
f 1678//350 1743//350 1679//350
f 1679//556 1743//556 1744//556
f 1679//557 1744//557 1680//557
f 1680//354 1744//354 1745//354
f 1680//353 1745//353 1681//353
f 1681//558 1745//558 1746//558
f 1681//559 1746//559 1682//559
f 1682//357 1746//357 1747//357
f 1682//356 1747//356 1683//356
f 1683//560 1747//560 1748//560
f 1683//561 1748//561 1684//561
f 1684//360 1748//360 1749//360
f 1684//359 1749//359 1685//359
f 1685//562 1749//562 1750//562
f 1685//563 1750//563 1686//563
f 1686//363 1750//363 1751//363
f 1686//362 1751//362 1687//362
f 1687//564 1751//564 1752//564
f 1687//565 1752//565 1688//565
f 1688//400 1752//400 1753//400
f 1688//365 1753//365 1689//365
f 1689//566 1753//566 1754//566
f 1689//567 1754//567 1690//567
f 1690//369 1754//369 1755//369
f 1690//401 1755//401 1691//401
f 1691//568 1755//568 1756//568
f 1691//569 1756//569 1692//569
f 1692//372 1756//372 1757//372
f 1692//371 1757//371 1693//371
f 1693//570 1757//570 1758//570
f 1693//571 1758//571 1694//571
f 1694//375 1758//375 1759//375
f 1694//374 1759//374 1695//374
f 1695//572 1759//572 1760//572
f 1695//573 1760//573 1696//573
f 1696//402 1760//402 1761//402
f 1696//377 1761//377 1697//377
f 1697//574 1761//574 1762//574
f 1697//575 1762//575 1698//575
f 1698//381 1762//381 1763//381
f 1698//403 1763//403 1699//403
f 1699//576 1763//576 1764//576
f 1699//577 1764//577 1700//577
f 1700//384 1764//384 1765//384
f 1700//383 1765//383 1701//383
f 1701//578 1765//578 1766//578
f 1701//579 1766//579 1702//579
f 1702//387 1766//387 1767//387
f 1702//386 1767//386 1703//386
f 1703//580 1767//580 1768//580
f 1703//581 1768//581 1704//581
f 1704//392 1768//392 1769//392
f 1704//391 1769//391 1705//391
f 1705//582 1769//582 1718//582
f 1770//406 1758//406 1757//406
f 1770//583 1757//583 1771//583
f 1757//408 1756//408 1771//408
f 1771//409 1756//409 1755//409
f 1771//584 1755//584 1772//584
f 1755//411 1754//411 1772//411
f 1772//412 1754//412 1753//412
f 1772//585 1753//585 1773//585
f 1753//415 1752//415 1773//415
f 1773//416 1752//416 1751//416
f 1773//586 1751//586 1774//586
f 1751//418 1750//418 1774//418
f 1774//419 1750//419 1749//419
f 1774//587 1749//587 1775//587
f 1749//421 1748//421 1775//421
f 1775//422 1748//422 1747//422
f 1775//588 1747//588 1776//588
f 1747//424 1746//424 1776//424
f 1776//425 1746//425 1745//425
f 1776//589 1745//589 1777//589
f 1745//427 1744//427 1777//427
f 1777//428 1744//428 1743//428
f 1777//590 1743//590 1778//590
f 1743//430 1742//430 1778//430
f 1778//431 1742//431 1741//431
f 1778//591 1741//591 1779//591
f 1741//433 1740//433 1779//433
f 1779//434 1740//434 1739//434
f 1779//592 1739//592 1780//592
f 1739//436 1738//436 1780//436
f 1780//437 1738//437 1737//437
f 1780//593 1737//593 1781//593
f 1737//439 1736//439 1781//439
f 1781//440 1736//440 1735//440
f 1781//594 1735//594 1782//594
f 1735//442 1734//442 1782//442
f 1782//443 1734//443 1733//443
f 1782//595 1733//595 1783//595
f 1733//445 1732//445 1783//445
f 1783//446 1732//446 1731//446
f 1783//596 1731//596 1784//596
f 1731//448 1730//448 1784//448
f 1784//449 1730//449 1729//449
f 1784//597 1729//597 1785//597
f 1729//451 1728//451 1785//451
f 1785//452 1728//452 1727//452
f 1785//598 1727//598 1786//598
f 1727//455 1726//455 1786//455
f 1786//456 1726//456 1725//456
f 1786//599 1725//599 1787//599
f 1725//458 1724//458 1787//458
f 1787//459 1724//459 1723//459
f 1787//600 1723//600 1788//600
f 1723//461 1722//461 1788//461
f 1788//462 1722//462 1721//462
f 1788//601 1721//601 1789//601
f 1789//464 1721//464 1720//464
f 1789//465 1720//465 1790//465
f 1790//466 1720//466 1719//466
f 1790//186 1719//186 1791//186
f 1719//467 1718//467 1791//467
f 1791//468 1718//468 1769//468
f 1791//602 1769//602 1792//602
f 1769//470 1768//470 1792//470
f 1792//471 1768//471 1767//471
f 1792//603 1767//603 1793//603
f 1767//473 1766//473 1793//473
f 1793//474 1766//474 1765//474
f 1793//604 1765//604 1794//604
f 1765//476 1764//476 1794//476
f 1794//477 1764//477 1763//477
f 1794//605 1763//605 1795//605
f 1795//479 1763//479 1762//479
f 1795//606 1762//606 1796//606
f 1762//607 1761//607 1796//607
f 1796//482 1761//482 1760//482
f 1796//608 1760//608 1770//608
f 1770//609 1760//609 1759//609
f 1770//405 1759//405 1758//405
f 1783//610 1797//610 1782//610
f 1782//611 1797//611 1798//611
f 1798//216 1799//216 1782//216
f 1782//217 1799//217 1800//217
f 1782//612 1800//612 1781//612
f 1781//220 1800//220 1801//220
f 1781//613 1801//613 1780//613
f 1780//614 1801//614 1802//614
f 1802//224 1803//224 1780//224
f 1780//523 1803//523 1804//523
f 1780//615 1804//615 1779//615
f 1779//228 1804//228 1805//228
f 1779//616 1805//616 1778//616
f 1778//617 1805//617 1806//617
f 1806//232 1807//232 1778//232
f 1778//233 1807//233 1808//233
f 1778//618 1808//618 1777//618
f 1808//236 1809//236 1777//236
f 1777//237 1809//237 1810//237
f 1777//619 1810//619 1776//619
f 1776//240 1810//240 1811//240
f 1776//620 1811//620 1775//620
f 1811//621 1812//621 1775//621
f 1775//244 1812//244 1813//244
f 1775//622 1813//622 1774//622
f 1813//623 1814//623 1774//623
f 1774//248 1814//248 1815//248
f 1774//624 1815//624 1773//624
f 1773//625 1815//625 1816//625
f 1816//526 1817//526 1773//526
f 1773//253 1817//253 1818//253
f 1773//626 1818//626 1772//626
f 1818//256 1819//256 1772//256
f 1772//257 1819//257 1820//257
f 1772//627 1820//627 1771//627
f 1771//260 1820//260 1821//260
f 1771//628 1821//628 1770//628
f 1770//629 1821//629 1822//629
f 1822//264 1823//264 1770//264
f 1770//265 1823//265 1824//265
f 1770//630 1824//630 1796//630
f 1824//268 1825//268 1796//268
f 1796//269 1825//269 1826//269
f 1796//631 1826//631 1795//631
f 1826//272 1827//272 1795//272
f 1795//273 1827//273 1828//273
f 1795//632 1828//632 1794//632
f 1828//276 1829//276 1794//276
f 1794//527 1829//527 1830//527
f 1794//633 1830//633 1793//633
f 1830//280 1831//280 1793//280
f 1793//281 1831//281 1832//281
f 1793//634 1832//634 1792//634
f 1832//284 1833//284 1792//284
f 1792//285 1833//285 1834//285
f 1792//635 1834//635 1791//635
f 1791//288 1834//288 1835//288
f 1791//289 1835//289 1790//289
f 1790//290 1835//290 1836//290
f 1790//291 1836//291 1789//291
f 1789//292 1836//292 1837//292
f 1789//636 1837//636 1788//636
f 1837//637 1838//637 1788//637
f 1788//296 1838//296 1839//296
f 1788//638 1839//638 1787//638
f 1839//639 1840//639 1787//639
f 1787//300 1840//300 1841//300
f 1787//640 1841//640 1786//640
f 1841//641 1842//641 1786//641
f 1786//530 1842//530 1843//530
f 1786//642 1843//642 1785//642
f 1843//643 1844//643 1785//643
f 1785//308 1844//308 1845//308
f 1785//644 1845//644 1784//644
f 1845//645 1846//645 1784//645
f 1784//312 1846//312 1847//312
f 1784//646 1847//646 1783//646
f 1783//647 1847//647 1848//647
f 1783//212 1848//212 1797//212
f 1797//332 1848//332 1849//332
f 1850//101 1851//101 1840//101
f 1837//315 1852//315 1838//315
f 1838//103 1852//103 1850//103
f 1838//317 1850//317 1839//317
f 1839//393 1850//393 1840//393
f 1853//97 1854//97 1844//97
f 1844//322 1843//322 1853//322
f 1853//323 1843//323 1842//323
f 1853//99 1842//99 1851//99
f 1851//319 1842//319 1841//319
f 1851//320 1841//320 1840//320
f 1849//93 1848//93 1855//93
f 1848//328 1847//328 1855//328
f 1855//329 1847//329 1846//329
f 1855//95 1846//95 1854//95
f 1854//648 1846//648 1845//648
f 1854//326 1845//326 1844//326
f 1797//331 1849//331 1798//331
f 1798//91 1849//91 1856//91
f 1798//335 1856//335 1799//335
f 1799//334 1856//334 1857//334
f 1799//396 1857//396 1800//396
f 1800//338 1857//338 1801//338
f 1801//337 1857//337 1858//337
f 1801//342 1858//342 1802//342
f 1802//397 1858//397 1803//397
f 1803//340 1858//340 1859//340
f 1803//345 1859//345 1804//345
f 1804//344 1859//344 1805//344
f 1805//343 1859//343 1860//343
f 1805//348 1860//348 1806//348
f 1806//347 1860//347 1807//347
f 1807//398 1860//398 1861//398
f 1807//351 1861//351 1808//351
f 1808//350 1861//350 1809//350
f 1809//349 1861//349 1862//349
f 1809//354 1862//354 1810//354
f 1863//355 1813//355 1864//355
f 1864//356 1813//356 1812//356
f 1864//77 1812//77 1862//77
f 1862//352 1812//352 1811//352
f 1862//353 1811//353 1810//353
f 1865//358 1815//358 1863//358
f 1863//359 1815//359 1814//359
f 1863//360 1814//360 1813//360
f 1866//361 1817//361 1865//361
f 1865//362 1817//362 1816//362
f 1865//363 1816//363 1815//363
f 1867//364 1819//364 1866//364
f 1866//365 1819//365 1818//365
f 1866//366 1818//366 1817//366
f 1868//367 1821//367 1867//367
f 1867//368 1821//368 1820//368
f 1867//369 1820//369 1819//369
f 1869//370 1823//370 1868//370
f 1868//371 1823//371 1822//371
f 1868//372 1822//372 1821//372
f 1870//373 1825//373 1869//373
f 1869//374 1825//374 1824//374
f 1869//375 1824//375 1823//375
f 1871//376 1827//376 1870//376
f 1870//377 1827//377 1826//377
f 1870//378 1826//378 1825//378
f 1872//379 1829//379 1871//379
f 1871//380 1829//380 1828//380
f 1871//381 1828//381 1827//381
f 1873//382 1831//382 1872//382
f 1872//383 1831//383 1830//383
f 1872//384 1830//384 1829//384
f 1874//385 1833//385 1873//385
f 1873//386 1833//386 1832//386
f 1873//387 1832//387 1831//387
f 1837//388 1836//388 1852//388
f 1852//389 1836//389 1835//389
f 1852//390 1835//390 1874//390
f 1874//391 1835//391 1834//391
f 1874//392 1834//392 1833//392
f 1862//649 1875//649 1864//649
f 1864//650 1875//650 1876//650
f 1864//651 1876//651 1863//651
f 1863//652 1876//652 1877//652
f 1863//653 1877//653 1865//653
f 1865//654 1877//654 1878//654
f 1865//655 1878//655 1866//655
f 1866//656 1878//656 1879//656
f 1866//657 1879//657 1867//657
f 1867//658 1879//658 1880//658
f 1867//659 1880//659 1868//659
f 1868//660 1880//660 1881//660
f 1868//661 1881//661 1869//661
f 1869//662 1881//662 1882//662
f 1869//663 1882//663 1870//663
f 1870//664 1882//664 1883//664
f 1870//665 1883//665 1871//665
f 1871//666 1883//666 1884//666
f 1871//667 1884//667 1872//667
f 1872//668 1884//668 1885//668
f 1872//669 1885//669 1873//669
f 1873//670 1885//670 1886//670
f 1873//671 1886//671 1874//671
f 1874//672 1886//672 1887//672
f 1874//673 1887//673 1852//673
f 1852//674 1887//674 1888//674
f 1852//675 1888//675 1850//675
f 1850//676 1888//676 1889//676
f 1850//677 1889//677 1851//677
f 1851//678 1889//678 1890//678
f 1851//679 1890//679 1853//679
f 1853//680 1890//680 1891//680
f 1853//681 1891//681 1854//681
f 1854//682 1891//682 1892//682
f 1854//683 1892//683 1855//683
f 1855//684 1892//684 1893//684
f 1855//685 1893//685 1849//685
f 1849//686 1893//686 1894//686
f 1849//687 1894//687 1856//687
f 1856//688 1894//688 1895//688
f 1856//689 1895//689 1857//689
f 1857//690 1895//690 1896//690
f 1857//691 1896//691 1858//691
f 1858//692 1896//692 1897//692
f 1858//693 1897//693 1859//693
f 1859//694 1897//694 1898//694
f 1859//695 1898//695 1860//695
f 1860//696 1898//696 1899//696
f 1860//697 1899//697 1861//697
f 1861//698 1899//698 1900//698
f 1861//699 1900//699 1862//699
f 1862//700 1900//700 1875//700
f 1900//1 1899//1 1901//1
f 1897//1 1902//1 1898//1
f 1898//1 1902//1 1903//1
f 1898//1 1903//1 1899//1
f 1899//1 1903//1 1904//1
f 1899//1 1904//1 1901//1
f 1896//1 1905//1 1897//1
f 1897//1 1905//1 1906//1
f 1897//1 1906//1 1902//1
f 1882//1 1907//1 1883//1
f 1883//1 1907//1 1908//1
f 1883//1 1908//1 1884//1
f 1895//1 1909//1 1896//1
f 1896//1 1909//1 1910//1
f 1896//1 1910//1 1905//1
f 1893//1 1911//1 1894//1
f 1894//1 1911//1 1912//1
f 1894//1 1912//1 1895//1
f 1895//1 1912//1 1913//1
f 1895//1 1913//1 1909//1
f 1892//1 1914//1 1893//1
f 1893//1 1914//1 1915//1
f 1893//1 1915//1 1911//1
f 1891//1 1916//1 1892//1
f 1892//1 1916//1 1917//1
f 1892//1 1917//1 1914//1
f 1889//1 1918//1 1890//1
f 1890//1 1918//1 1919//1
f 1890//1 1919//1 1891//1
f 1891//1 1919//1 1920//1
f 1891//1 1920//1 1916//1
f 1881//1 1921//1 1882//1
f 1882//1 1921//1 1922//1
f 1882//1 1922//1 1907//1
f 1878//1 1923//1 1879//1
f 1879//1 1923//1 1924//1
f 1879//1 1924//1 1880//1
f 1924//1 1925//1 1880//1
f 1880//1 1925//1 1926//1
f 1880//1 1926//1 1881//1
f 1881//1 1926//1 1927//1
f 1881//1 1927//1 1921//1
f 1901//1 1928//1 1900//1
f 1900//1 1928//1 1929//1
f 1900//1 1929//1 1875//1
f 1875//1 1929//1 1930//1
f 1875//1 1930//1 1876//1
f 1877//1 1931//1 1878//1
f 1878//1 1931//1 1932//1
f 1878//1 1932//1 1923//1
f 1930//1 1933//1 1876//1
f 1876//1 1933//1 1934//1
f 1876//1 1934//1 1877//1
f 1877//1 1934//1 1935//1
f 1877//1 1935//1 1931//1
f 1888//1 1936//1 1889//1
f 1889//1 1936//1 1937//1
f 1889//1 1937//1 1918//1
f 1887//1 1938//1 1888//1
f 1888//1 1938//1 1939//1
f 1888//1 1939//1 1936//1
f 1886//1 1940//1 1887//1
f 1887//1 1940//1 1941//1
f 1887//1 1941//1 1938//1
f 1885//1 1942//1 1886//1
f 1886//1 1942//1 1943//1
f 1886//1 1943//1 1940//1
f 1908//1 1944//1 1884//1
f 1884//1 1944//1 1945//1
f 1884//1 1945//1 1885//1
f 1885//1 1945//1 1946//1
f 1885//1 1946//1 1942//1
f 1947//701 1948//701 1949//701
f 1949//702 1948//702 1950//702
f 1949//703 1950//703 1951//703
f 1951//704 1950//704 1952//704
f 1951//705 1952//705 1953//705
f 1953//706 1952//706 1954//706
f 1953//707 1954//707 1955//707
f 1955//708 1954//708 1956//708
f 1947//709 1949//709 1957//709
f 1957//710 1949//710 1958//710
f 1957//711 1958//711 1959//711
f 1959//712 1958//712 1960//712
f 1959//713 1960//713 1961//713
f 1961//714 1960//714 1962//714
f 1961//715 1962//715 1963//715
f 1964//716 1965//716 1962//716
f 1962//717 1965//717 1966//717
f 1962//718 1966//718 1963//718
f 1967//719 1968//719 1969//719
f 1969//720 1968//720 1970//720
f 1969//721 1970//721 1971//721
f 1971//722 1970//722 1972//722
f 1971//723 1972//723 1973//723
f 1973//724 1972//724 1974//724
f 1973//725 1974//725 1964//725
f 1964//726 1974//726 1975//726
f 1964//727 1975//727 1965//727
f 1967//728 1969//728 1976//728
f 1976//729 1969//729 1977//729
f 1976//730 1977//730 1978//730
f 1978//731 1977//731 1979//731
f 1978//732 1979//732 1980//732
f 1980//733 1979//733 1981//733
f 1980//734 1981//734 1982//734
f 1983//735 1984//735 1981//735
f 1981//736 1984//736 1985//736
f 1981//737 1985//737 1982//737
f 1986//738 1987//738 1988//738
f 1988//739 1987//739 1989//739
f 1988//740 1989//740 1990//740
f 1990//741 1989//741 1991//741
f 1990//742 1991//742 1992//742
f 1992//743 1991//743 1993//743
f 1992//744 1993//744 1983//744
f 1983//745 1993//745 1994//745
f 1983//746 1994//746 1984//746
f 1986//747 1988//747 1995//747
f 1995//748 1988//748 1996//748
f 1995//749 1996//749 1997//749
f 1997//750 1996//750 1998//750
f 1997//751 1998//751 1999//751
f 1999//752 1998//752 2000//752
f 1999//753 2000//753 2001//753
f 2002//754 2003//754 2000//754
f 2000//755 2003//755 2004//755
f 2000//756 2004//756 2001//756
f 2005//757 2006//757 2007//757
f 2007//758 2006//758 2008//758
f 2007//759 2008//759 2009//759
f 2009//760 2008//760 2010//760
f 2009//761 2010//761 2011//761
f 2011//762 2010//762 2012//762
f 2011//763 2012//763 2002//763
f 2002//764 2012//764 2013//764
f 2002//765 2013//765 2003//765
f 2005//766 2007//766 2014//766
f 2014//767 2007//767 2015//767
f 2014//768 2015//768 2016//768
f 2016//769 2015//769 2017//769
f 2016//770 2017//770 2018//770
f 2018//771 2017//771 2019//771
f 2018//772 2019//772 2020//772
f 2021//773 2022//773 2023//773
f 2023//774 2022//774 2024//774
f 2023//775 2024//775 2019//775
f 2019//776 2024//776 2025//776
f 2019//777 2025//777 2020//777
f 2026//778 2027//778 2028//778
f 2028//779 2027//779 2029//779
f 2028//780 2029//780 2030//780
f 2030//781 2029//781 2031//781
f 2030//782 2031//782 2021//782
f 2021//783 2031//783 2032//783
f 2021//784 2032//784 2022//784
f 2026//785 2028//785 2033//785
f 2033//786 2028//786 2034//786
f 2033//787 2034//787 2035//787
f 2035//788 2034//788 2036//788
f 2035//789 2036//789 2037//789
f 2037//790 2036//790 2038//790
f 2037//791 2038//791 2039//791
f 2040//792 2041//792 2042//792
f 2042//793 2041//793 2043//793
f 2042//794 2043//794 2038//794
f 2038//795 2043//795 2044//795
f 2038//796 2044//796 2039//796
f 2045//797 2046//797 2047//797
f 2047//798 2046//798 2048//798
f 2047//799 2048//799 2049//799
f 2049//800 2048//800 2050//800
f 2049//801 2050//801 2040//801
f 2040//802 2050//802 2051//802
f 2040//803 2051//803 2041//803
f 2045//804 2047//804 2052//804
f 2052//805 2047//805 2053//805
f 2052//806 2053//806 2054//806
f 2054//807 2053//807 2055//807
f 2054//808 2055//808 2056//808
f 2056//809 2055//809 2057//809
f 2056//810 2057//810 2058//810
f 1956//811 2059//811 1955//811
f 1955//812 2059//812 2060//812
f 1955//813 2060//813 2061//813
f 2061//814 2060//814 2062//814
f 2061//815 2062//815 2063//815
f 2063//816 2062//816 2064//816
f 2063//817 2064//817 2065//817
f 2065//818 2064//818 2066//818
f 2065//819 2066//819 2057//819
f 2057//820 2066//820 2067//820
f 2057//821 2067//821 2058//821
f 1941//822 1940//822 2068//822
f 2068//822 1940//822 1943//822
f 2068//823 1943//823 2069//823
f 2069//824 1943//824 1942//824
f 2069//825 1942//825 2070//825
f 2070//826 1942//826 1946//826
f 2070//827 1946//827 2071//827
f 2071//828 1946//828 1945//828
f 2071//829 1945//829 2072//829
f 2072//830 1945//830 1944//830
f 2072//831 1944//831 2073//831
f 2073//832 1944//832 1908//832
f 2073//833 1908//833 2074//833
f 2074//834 1908//834 1907//834
f 2074//835 1907//835 2075//835
f 2075//836 1907//836 1922//836
f 2075//837 1922//837 2076//837
f 2076//838 1922//838 1921//838
f 2076//839 1921//839 2077//839
f 2077//840 1921//840 1927//840
f 2077//841 1927//841 2078//841
f 2078//842 1927//842 1926//842
f 2078//843 1926//843 2079//843
f 2079//844 1926//844 1925//844
f 2079//845 1925//845 2080//845
f 2080//846 1925//846 1924//846
f 2080//847 1924//847 2081//847
f 2081//848 1924//848 1923//848
f 2081//849 1923//849 2082//849
f 2082//850 1923//850 1932//850
f 2082//851 1932//851 2083//851
f 2083//852 1932//852 1931//852
f 2083//853 1931//853 2084//853
f 2084//854 1931//854 1935//854
f 2084//855 1935//855 2085//855
f 2085//856 1935//856 1934//856
f 2085//857 1934//857 2086//857
f 2086//858 1934//858 1933//858
f 2086//859 1933//859 2087//859
f 2087//860 1933//860 1930//860
f 2087//861 1930//861 2088//861
f 2088//862 1930//862 1929//862
f 2088//863 1929//863 2089//863
f 2089//864 1929//864 1928//864
f 2089//865 1928//865 2090//865
f 2090//866 1928//866 1901//866
f 2090//867 1901//867 2091//867
f 2091//868 1901//868 1904//868
f 2091//869 1904//869 2092//869
f 2092//870 1904//870 1903//870
f 2092//871 1903//871 2093//871
f 2093//872 1903//872 1902//872
f 2093//873 1902//873 2094//873
f 2094//874 1902//874 1906//874
f 2094//875 1906//875 2095//875
f 2095//876 1906//876 1905//876
f 2095//877 1905//877 2096//877
f 2096//878 1905//878 1910//878
f 2096//879 1910//879 2097//879
f 2097//880 1910//880 1909//880
f 2097//881 1909//881 2098//881
f 2098//882 1909//882 1913//882
f 2098//883 1913//883 2099//883
f 2099//884 1913//884 1912//884
f 2099//885 1912//885 2100//885
f 2100//886 1912//886 1911//886
f 2100//887 1911//887 2101//887
f 2101//888 1911//888 1915//888
f 2101//889 1915//889 2102//889
f 2102//890 1915//890 1914//890
f 2102//891 1914//891 2103//891
f 2103//892 1914//892 1917//892
f 2103//893 1917//893 2104//893
f 2104//894 1917//894 1916//894
f 2104//895 1916//895 2105//895
f 2105//896 1916//896 1920//896
f 2105//897 1920//897 2106//897
f 2106//898 1920//898 1919//898
f 2106//899 1919//899 2107//899
f 2107//900 1919//900 1918//900
f 2107//901 1918//901 2108//901
f 2108//902 1918//902 1937//902
f 2108//903 1937//903 2109//903
f 2109//904 1937//904 1936//904
f 2109//905 1936//905 2110//905
f 2110//906 1936//906 1939//906
f 2110//907 1939//907 2111//907
f 2111//908 1939//908 1938//908
f 2111//909 1938//909 2112//909
f 2112//910 1938//910 1941//910
f 2112//911 1941//911 2068//911
f 2061//912 2113//912 1955//912
f 1955//913 2113//913 2114//913
f 1955//914 2114//914 1953//914
f 1953//915 2114//915 2115//915
f 1953//916 2115//916 1951//916
f 1951//917 2115//917 2116//917
f 1951//918 2116//918 1949//918
f 1949//919 2116//919 2117//919
f 1949//920 2117//920 1958//920
f 1958//921 2117//921 2118//921
f 1958//922 2118//922 1960//922
f 1960//923 2118//923 2119//923
f 1960//924 2119//924 1962//924
f 1962//925 2119//925 2120//925
f 1962//926 2120//926 1964//926
f 1964//927 2120//927 2121//927
f 1964//928 2121//928 1973//928
f 1973//929 2121//929 2122//929
f 1973//930 2122//930 1971//930
f 1971//931 2122//931 2123//931
f 1971//932 2123//932 1969//932
f 1969//933 2123//933 2124//933
f 1969//934 2124//934 1977//934
f 1977//935 2124//935 2125//935
f 1977//936 2125//936 1979//936
f 1979//937 2125//937 2126//937
f 1979//938 2126//938 1981//938
f 1981//939 2126//939 2127//939
f 1981//940 2127//940 1983//940
f 1983//941 2127//941 2128//941
f 1983//942 2128//942 1992//942
f 1992//943 2128//943 2129//943
f 1992//944 2129//944 1990//944
f 1990//945 2129//945 2130//945
f 1990//946 2130//946 1988//946
f 1988//947 2130//947 2131//947
f 1988//948 2131//948 1996//948
f 1996//949 2131//949 2132//949
f 1996//950 2132//950 1998//950
f 1998//951 2132//951 2133//951
f 1998//952 2133//952 2000//952
f 2000//953 2133//953 2134//953
f 2000//954 2134//954 2002//954
f 2002//955 2134//955 2135//955
f 2002//956 2135//956 2011//956
f 2011//957 2135//957 2136//957
f 2011//958 2136//958 2009//958
f 2009//959 2136//959 2137//959
f 2009//960 2137//960 2007//960
f 2007//961 2137//961 2138//961
f 2007//962 2138//962 2015//962
f 2015//963 2138//963 2139//963
f 2015//964 2139//964 2017//964
f 2017//965 2139//965 2140//965
f 2017//966 2140//966 2019//966
f 2019//967 2140//967 2141//967
f 2019//968 2141//968 2023//968
f 2023//969 2141//969 2142//969
f 2023//970 2142//970 2021//970
f 2021//971 2142//971 2143//971
f 2021//972 2143//972 2030//972
f 2030//973 2143//973 2144//973
f 2030//974 2144//974 2028//974
f 2028//975 2144//975 2145//975
f 2028//976 2145//976 2034//976
f 2034//977 2145//977 2146//977
f 2034//978 2146//978 2036//978
f 2036//979 2146//979 2147//979
f 2036//980 2147//980 2038//980
f 2038//981 2147//981 2148//981
f 2038//982 2148//982 2042//982
f 2042//983 2148//983 2149//983
f 2042//984 2149//984 2040//984
f 2040//985 2149//985 2150//985
f 2040//986 2150//986 2049//986
f 2049//987 2150//987 2151//987
f 2049//988 2151//988 2047//988
f 2047//989 2151//989 2152//989
f 2047//990 2152//990 2053//990
f 2053//991 2152//991 2153//991
f 2053//992 2153//992 2055//992
f 2055//993 2153//993 2154//993
f 2055//994 2154//994 2057//994
f 2057//995 2154//995 2155//995
f 2057//996 2155//996 2065//996
f 2065//997 2155//997 2156//997
f 2065//998 2156//998 2063//998
f 2063//999 2156//999 2157//999
f 2063//1000 2157//1000 2061//1000
f 2061//1001 2157//1001 2113//1001
f 2113//1002 2090//1002 2114//1002
f 2114//1003 2090//1003 2091//1003
f 2114//1004 2091//1004 2115//1004
f 2115//1005 2091//1005 2092//1005
f 2115//1006 2092//1006 2116//1006
f 2116//1007 2092//1007 2093//1007
f 2116//1008 2093//1008 2117//1008
f 2117//1009 2093//1009 2094//1009
f 2117//1010 2094//1010 2118//1010
f 2118//1011 2094//1011 2095//1011
f 2118//1012 2095//1012 2119//1012
f 2119//1013 2095//1013 2096//1013
f 2119//1014 2096//1014 2120//1014
f 2120//1015 2096//1015 2097//1015
f 2120//1016 2097//1016 2121//1016
f 2121//1017 2097//1017 2098//1017
f 2121//1018 2098//1018 2122//1018
f 2122//1019 2098//1019 2099//1019
f 2122//1020 2099//1020 2123//1020
f 2123//1021 2099//1021 2100//1021
f 2123//1022 2100//1022 2124//1022
f 2124//1023 2100//1023 2101//1023
f 2124//1024 2101//1024 2125//1024
f 2125//1025 2101//1025 2102//1025
f 2125//1026 2102//1026 2126//1026
f 2126//1027 2102//1027 2103//1027
f 2126//1028 2103//1028 2127//1028
f 2127//1029 2103//1029 2104//1029
f 2127//1030 2104//1030 2128//1030
f 2128//1031 2104//1031 2105//1031
f 2128//1032 2105//1032 2129//1032
f 2129//1033 2105//1033 2106//1033
f 2129//1034 2106//1034 2130//1034
f 2130//1035 2106//1035 2107//1035
f 2130//1036 2107//1036 2131//1036
f 2131//1037 2107//1037 2108//1037
f 2131//1038 2108//1038 2132//1038
f 2132//1039 2108//1039 2109//1039
f 2132//1040 2109//1040 2133//1040
f 2133//1041 2109//1041 2110//1041
f 2133//1042 2110//1042 2134//1042
f 2134//1043 2110//1043 2111//1043
f 2134//1044 2111//1044 2135//1044
f 2135//1045 2111//1045 2112//1045
f 2135//1046 2112//1046 2136//1046
f 2136//1047 2112//1047 2068//1047
f 2136//1048 2068//1048 2137//1048
f 2137//1049 2068//1049 2069//1049
f 2137//1050 2069//1050 2138//1050
f 2138//1051 2069//1051 2070//1051
f 2138//1052 2070//1052 2139//1052
f 2139//1053 2070//1053 2071//1053
f 2139//1054 2071//1054 2140//1054
f 2140//1055 2071//1055 2072//1055
f 2140//1056 2072//1056 2141//1056
f 2141//1057 2072//1057 2073//1057
f 2141//1058 2073//1058 2142//1058
f 2142//1059 2073//1059 2074//1059
f 2142//1060 2074//1060 2143//1060
f 2143//1061 2074//1061 2075//1061
f 2143//1062 2075//1062 2144//1062
f 2144//1063 2075//1063 2076//1063
f 2144//1064 2076//1064 2145//1064
f 2145//1065 2076//1065 2077//1065
f 2145//1066 2077//1066 2146//1066
f 2146//1067 2077//1067 2078//1067
f 2146//1068 2078//1068 2147//1068
f 2147//1069 2078//1069 2079//1069
f 2147//1070 2079//1070 2148//1070
f 2148//1071 2079//1071 2080//1071
f 2148//1072 2080//1072 2149//1072
f 2149//1073 2080//1073 2081//1073
f 2149//1074 2081//1074 2150//1074
f 2150//1075 2081//1075 2082//1075
f 2150//1076 2082//1076 2151//1076
f 2151//1077 2082//1077 2083//1077
f 2151//1078 2083//1078 2152//1078
f 2152//1079 2083//1079 2084//1079
f 2152//1080 2084//1080 2153//1080
f 2153//1081 2084//1081 2085//1081
f 2153//1082 2085//1082 2154//1082
f 2154//1083 2085//1083 2086//1083
f 2154//1084 2086//1084 2155//1084
f 2155//1085 2086//1085 2087//1085
f 2155//1086 2087//1086 2156//1086
f 2156//1087 2087//1087 2088//1087
f 2156//1088 2088//1088 2157//1088
f 2157//1089 2088//1089 2089//1089
f 2157//1090 2089//1090 2113//1090
f 2113//1091 2089//1091 2090//1091
f 2158//1092 2159//1092 2160//1092
f 2160//1092 2159//1092 2161//1092
f 2160//1092 2161//1092 2162//1092
f 2163//1092 2164//1092 2165//1092
f 2165//1092 2164//1092 2162//1092
f 2165//1092 2162//1092 2166//1092
f 2161//1092 2167//1092 2162//1092
f 2162//1092 2167//1092 2168//1092
f 2162//1092 2168//1092 2166//1092
f 2166//1092 2168//1092 2169//1092
f 2166//1092 2169//1092 2170//1092
f 2171//1092 2172//1092 2173//1092
f 2173//1092 2172//1092 2174//1092
f 2173//1092 2174//1092 2175//1092
f 2175//1092 2174//1092 2163//1092
f 2175//1092 2163//1092 2176//1092
f 2176//1092 2163//1092 2165//1092
f 2177//1092 2178//1092 2179//1092
f 2179//1092 2178//1092 2180//1092
f 2179//1092 2180//1092 2164//1092
f 2164//1092 2180//1092 2181//1092
f 2164//1092 2181//1092 2162//1092
f 2059//1093 2182//1093 2183//1093
f 2059//1094 1956//1094 2182//1094
f 2182//1095 1956//1095 1954//1095
f 2182//1096 1954//1096 2184//1096
f 1948//1097 2185//1097 1950//1097
f 1950//1098 2185//1098 2184//1098
f 1950//1099 2184//1099 1952//1099
f 1952//1100 2184//1100 1954//1100
f 1959//1101 2186//1101 1957//1101
f 1957//1102 2186//1102 2185//1102
f 1957//1103 2185//1103 1947//1103
f 1947//1104 2185//1104 1948//1104
f 1959//1105 1961//1105 2186//1105
f 2186//1106 1961//1106 1963//1106
f 2186//1107 1963//1107 2187//1107
f 1963//1108 1966//1108 2187//1108
f 2187//1109 1966//1109 1965//1109
f 2187//1110 1965//1110 2188//1110
f 1965//1111 1975//1111 2188//1111
f 2188//1112 1975//1112 1974//1112
f 2188//1113 1974//1113 2189//1113
f 1968//1114 2190//1114 1970//1114
f 1970//1115 2190//1115 2189//1115
f 1970//1116 2189//1116 1972//1116
f 1972//1117 2189//1117 1974//1117
f 1978//1118 2191//1118 1976//1118
f 1976//1119 2191//1119 2190//1119
f 1976//1120 2190//1120 1967//1120
f 1967//1121 2190//1121 1968//1121
f 1978//1122 1980//1122 2191//1122
f 2191//1123 1980//1123 1982//1123
f 2191//1124 1982//1124 2192//1124
f 1982//1125 1985//1125 2192//1125
f 2192//1126 1985//1126 1984//1126
f 2192//1127 1984//1127 2193//1127
f 1984//1128 1994//1128 2193//1128
f 2193//1129 1994//1129 1993//1129
f 2193//1130 1993//1130 2194//1130
f 1987//1131 2195//1131 1989//1131
f 1989//1132 2195//1132 2194//1132
f 1989//1133 2194//1133 1991//1133
f 1991//1134 2194//1134 1993//1134
f 1997//1135 2196//1135 1995//1135
f 1995//1136 2196//1136 2195//1136
f 1995//1137 2195//1137 1986//1137
f 1986//1138 2195//1138 1987//1138
f 1997//1139 1999//1139 2196//1139
f 2196//1140 1999//1140 2001//1140
f 2196//1141 2001//1141 2197//1141
f 2001//1142 2004//1142 2197//1142
f 2197//1143 2004//1143 2003//1143
f 2197//1144 2003//1144 2198//1144
f 2003//1145 2013//1145 2198//1145
f 2198//1146 2013//1146 2012//1146
f 2198//1147 2012//1147 2199//1147
f 2006//1148 2200//1148 2008//1148
f 2008//1149 2200//1149 2199//1149
f 2008//1150 2199//1150 2010//1150
f 2010//1151 2199//1151 2012//1151
f 2016//1152 2201//1152 2014//1152
f 2014//1153 2201//1153 2200//1153
f 2014//1154 2200//1154 2005//1154
f 2005//1155 2200//1155 2006//1155
f 2016//1156 2018//1156 2201//1156
f 2201//1157 2018//1157 2020//1157
f 2201//1158 2020//1158 2202//1158
f 2020//1159 2025//1159 2202//1159
f 2202//1160 2025//1160 2024//1160
f 2202//1161 2024//1161 2203//1161
f 2024//1162 2022//1162 2203//1162
f 2203//1163 2022//1163 2032//1163
f 2203//1164 2032//1164 2204//1164
f 2027//1165 2205//1165 2029//1165
f 2029//1166 2205//1166 2204//1166
f 2029//1167 2204//1167 2031//1167
f 2031//1168 2204//1168 2032//1168
f 2035//1169 2206//1169 2033//1169
f 2033//1170 2206//1170 2205//1170
f 2033//1171 2205//1171 2026//1171
f 2026//1172 2205//1172 2027//1172
f 2035//1173 2037//1173 2206//1173
f 2206//1174 2037//1174 2039//1174
f 2206//1175 2039//1175 2207//1175
f 2039//1176 2044//1176 2207//1176
f 2207//1177 2044//1177 2043//1177
f 2207//1178 2043//1178 2208//1178
f 2043//1179 2041//1179 2208//1179
f 2208//1180 2041//1180 2051//1180
f 2208//1181 2051//1181 2209//1181
f 2046//1182 2210//1182 2048//1182
f 2048//1183 2210//1183 2209//1183
f 2048//1184 2209//1184 2050//1184
f 2050//1185 2209//1185 2051//1185
f 2054//1186 2211//1186 2052//1186
f 2052//1187 2211//1187 2210//1187
f 2052//1188 2210//1188 2045//1188
f 2045//1189 2210//1189 2046//1189
f 2054//1190 2056//1190 2211//1190
f 2211//1191 2056//1191 2058//1191
f 2211//1192 2058//1192 2212//1192
f 2058//1193 2067//1193 2212//1193
f 2212//1194 2067//1194 2066//1194
f 2212//1195 2066//1195 2213//1195
f 2066//1196 2064//1196 2213//1196
f 2213//1197 2064//1197 2062//1197
f 2213//1198 2062//1198 2183//1198
f 2183//1199 2062//1199 2060//1199
f 2183//1200 2060//1200 2059//1200
f 2214//1201 2215//1201 2177//1201
f 2177//1201 2215//1201 2178//1201
f 2215//370 2216//370 2178//370
f 2178//370 2216//370 2180//370
f 2180//1202 2216//1202 2217//1202
f 2180//1203 2217//1203 2181//1203
f 2181//1204 2217//1204 2218//1204
f 2181//1205 2218//1205 2162//1205
f 2162//1206 2218//1206 2219//1206
f 2162//1207 2219//1207 2160//1207
f 2158//1208 2160//1208 2220//1208
f 2220//1208 2160//1208 2219//1208
f 2220//1209 2221//1209 2158//1209
f 2158//1209 2221//1209 2159//1209
f 2221//1210 2222//1210 2159//1210
f 2159//1210 2222//1210 2161//1210
f 2161//1211 2222//1211 2223//1211
f 2161//1212 2223//1212 2167//1212
f 2167//1213 2223//1213 2224//1213
f 2167//1214 2224//1214 2168//1214
f 2168//1215 2224//1215 2225//1215
f 2168//1216 2225//1216 2169//1216
f 2170//370 2169//370 2226//370
f 2226//370 2169//370 2225//370
f 2226//1217 2227//1217 2170//1217
f 2170//1217 2227//1217 2166//1217
f 2227//331 2228//331 2166//331
f 2166//331 2228//331 2165//331
f 2165//1218 2228//1218 2229//1218
f 2165//1219 2229//1219 2176//1219
f 2176//1220 2229//1220 2230//1220
f 2176//1221 2230//1221 2175//1221
f 2175//1222 2230//1222 2231//1222
f 2175//1223 2231//1223 2173//1223
f 2171//1210 2173//1210 2232//1210
f 2232//1210 2173//1210 2231//1210
f 2232//1224 2233//1224 2171//1224
f 2171//1224 2233//1224 2172//1224
f 2233//1208 2234//1208 2172//1208
f 2172//1208 2234//1208 2174//1208
f 2174//1225 2234//1225 2235//1225
f 2174//1226 2235//1226 2163//1226
f 2163//1227 2235//1227 2236//1227
f 2163//1228 2236//1228 2164//1228
f 2164//1229 2236//1229 2237//1229
f 2164//1230 2237//1230 2179//1230
f 2177//331 2179//331 2214//331
f 2214//331 2179//331 2237//331
f 2232//1092 2204//1092 2205//1092
f 2204//1092 2232//1092 2203//1092
f 2227//1092 2226//1092 2198//1092
f 2195//1092 2196//1092 2226//1092
f 2226//1092 2196//1092 2197//1092
f 2226//1092 2197//1092 2198//1092
f 2198//1092 2199//1092 2227//1092
f 2227//1092 2199//1092 2200//1092
f 2227//1092 2200//1092 2228//1092
f 2228//1092 2200//1092 2201//1092
f 2228//1092 2201//1092 2229//1092
f 2229//1092 2201//1092 2202//1092
f 2229//1092 2202//1092 2230//1092
f 2230//1092 2202//1092 2203//1092
f 2230//1092 2203//1092 2231//1092
f 2231//1092 2203//1092 2232//1092
f 2226//1092 2225//1092 2195//1092
f 2195//1092 2225//1092 2224//1092
f 2195//1092 2224//1092 2194//1092
f 2194//1092 2224//1092 2223//1092
f 2194//1092 2223//1092 2193//1092
f 2193//1092 2223//1092 2222//1092
f 2193//1092 2222//1092 2192//1092
f 2192//1092 2222//1092 2221//1092
f 2192//1092 2221//1092 2191//1092
f 2191//1092 2221//1092 2220//1092
f 2191//1092 2220//1092 2190//1092
f 2187//1092 2188//1092 2220//1092
f 2220//1092 2188//1092 2189//1092
f 2220//1092 2189//1092 2190//1092
f 2183//1092 2215//1092 2213//1092
f 2213//1092 2215//1092 2214//1092
f 2213//1092 2214//1092 2212//1092
f 2212//1092 2214//1092 2211//1092
f 2183//1092 2182//1092 2215//1092
f 2215//1092 2182//1092 2184//1092
f 2215//1092 2184//1092 2216//1092
f 2216//1092 2184//1092 2185//1092
f 2216//1092 2185//1092 2217//1092
f 2217//1092 2185//1092 2186//1092
f 2217//1092 2186//1092 2218//1092
f 2218//1092 2186//1092 2187//1092
f 2218//1092 2187//1092 2219//1092
f 2219//1092 2187//1092 2220//1092
f 2205//1092 2206//1092 2232//1092
f 2232//1092 2206//1092 2207//1092
f 2232//1092 2207//1092 2233//1092
f 2233//1092 2207//1092 2208//1092
f 2233//1092 2208//1092 2234//1092
f 2234//1092 2208//1092 2209//1092
f 2234//1092 2209//1092 2235//1092
f 2235//1092 2209//1092 2210//1092
f 2235//1092 2210//1092 2236//1092
f 2236//1092 2210//1092 2211//1092
f 2236//1092 2211//1092 2237//1092
f 2237//1092 2211//1092 2214//1092
f 2238//1 2239//1 2240//1
f 2238//1 2240//1 2241//1
f 2242//1 2243//1 2240//1
f 2240//1 2243//1 2244//1
f 2240//1 2244//1 2241//1
f 2245//1 2246//1 2240//1
f 2240//1 2246//1 2247//1
f 2240//1 2247//1 2242//1
f 2248//1 2249//1 2240//1
f 2240//1 2249//1 2250//1
f 2240//1 2250//1 2245//1
f 2251//1 2252//1 2240//1
f 2240//1 2252//1 2253//1
f 2240//1 2253//1 2248//1
f 2254//1 2255//1 2240//1
f 2240//1 2255//1 2256//1
f 2240//1 2256//1 2251//1
f 2257//1 2258//1 2240//1
f 2240//1 2258//1 2259//1
f 2240//1 2259//1 2254//1
f 2260//1 2261//1 2240//1
f 2240//1 2261//1 2262//1
f 2240//1 2262//1 2257//1
f 2239//1 2263//1 2240//1
f 2240//1 2263//1 2264//1
f 2240//1 2264//1 2260//1
f 2265//2 2241//2 2266//2
f 2266//3 2241//3 2244//3
f 2266//4 2244//4 2267//4
f 2267//5 2244//5 2243//5
f 2267//6 2243//6 2268//6
f 2268//7 2243//7 2242//7
f 2268//8 2242//8 2269//8
f 2269//9 2242//9 2247//9
f 2269//10 2247//10 2270//10
f 2270//11 2247//11 2246//11
f 2270//12 2246//12 2271//12
f 2271//13 2246//13 2245//13
f 2271//14 2245//14 2272//14
f 2272//15 2245//15 2250//15
f 2272//16 2250//16 2273//16
f 2273//17 2250//17 2249//17
f 2273//18 2249//18 2274//18
f 2274//19 2249//19 2248//19
f 2274//20 2248//20 2275//20
f 2275//21 2248//21 2253//21
f 2275//22 2253//22 2276//22
f 2276//23 2253//23 2252//23
f 2276//24 2252//24 2277//24
f 2277//25 2252//25 2251//25
f 2277//26 2251//26 2278//26
f 2278//27 2251//27 2256//27
f 2278//28 2256//28 2279//28
f 2279//29 2256//29 2255//29
f 2279//30 2255//30 2280//30
f 2280//31 2255//31 2254//31
f 2280//32 2254//32 2281//32
f 2281//33 2254//33 2259//33
f 2281//34 2259//34 2282//34
f 2282//35 2259//35 2258//35
f 2282//36 2258//36 2283//36
f 2283//37 2258//37 2257//37
f 2283//38 2257//38 2284//38
f 2284//39 2257//39 2262//39
f 2284//40 2262//40 2285//40
f 2285//41 2262//41 2261//41
f 2285//42 2261//42 2286//42
f 2286//43 2261//43 2260//43
f 2286//44 2260//44 2287//44
f 2287//45 2260//45 2264//45
f 2287//46 2264//46 2288//46
f 2288//47 2264//47 2263//47
f 2288//48 2263//48 2289//48
f 2289//49 2263//49 2239//49
f 2289//50 2239//50 2290//50
f 2290//51 2239//51 2238//51
f 2290//52 2238//52 2265//52
f 2265//53 2238//53 2241//53
f 2291//54 2266//54 2292//54
f 2292//55 2266//55 2267//55
f 2292//56 2267//56 2293//56
f 2293//57 2267//57 2268//57
f 2293//58 2268//58 2294//58
f 2294//59 2268//59 2269//59
f 2294//60 2269//60 2295//60
f 2295//61 2269//61 2270//61
f 2295//62 2270//62 2296//62
f 2296//63 2270//63 2271//63
f 2296//64 2271//64 2297//64
f 2297//65 2271//65 2272//65
f 2297//66 2272//66 2298//66
f 2298//67 2272//67 2273//67
f 2298//68 2273//68 2299//68
f 2299//69 2273//69 2274//69
f 2299//70 2274//70 2300//70
f 2300//71 2274//71 2275//71
f 2300//72 2275//72 2301//72
f 2301//73 2275//73 2276//73
f 2301//74 2276//74 2302//74
f 2302//75 2276//75 2277//75
f 2302//76 2277//76 2303//76
f 2303//77 2277//77 2278//77
f 2303//78 2278//78 2304//78
f 2304//79 2278//79 2279//79
f 2304//80 2279//80 2305//80
f 2305//81 2279//81 2280//81
f 2305//82 2280//82 2306//82
f 2306//83 2280//83 2281//83
f 2306//84 2281//84 2307//84
f 2307//85 2281//85 2282//85
f 2307//86 2282//86 2308//86
f 2308//87 2282//87 2283//87
f 2308//88 2283//88 2309//88
f 2309//89 2283//89 2284//89
f 2309//90 2284//90 2310//90
f 2310//91 2284//91 2285//91
f 2310//92 2285//92 2311//92
f 2311//93 2285//93 2286//93
f 2311//94 2286//94 2312//94
f 2312//95 2286//95 2287//95
f 2312//96 2287//96 2313//96
f 2313//97 2287//97 2288//97
f 2313//98 2288//98 2314//98
f 2314//99 2288//99 2289//99
f 2314//100 2289//100 2315//100
f 2315//101 2289//101 2290//101
f 2315//102 2290//102 2316//102
f 2316//103 2290//103 2265//103
f 2316//104 2265//104 2291//104
f 2291//105 2265//105 2266//105
f 2304//106 2317//106 2303//106
f 2303//107 2317//107 2318//107
f 2303//108 2318//108 2302//108
f 2302//109 2318//109 2319//109
f 2302//110 2319//110 2301//110
f 2301//111 2319//111 2320//111
f 2301//112 2320//112 2300//112
f 2300//113 2320//113 2321//113
f 2300//114 2321//114 2299//114
f 2299//115 2321//115 2322//115
f 2299//116 2322//116 2298//116
f 2298//117 2322//117 2323//117
f 2298//118 2323//118 2297//118
f 2297//119 2323//119 2324//119
f 2297//120 2324//120 2296//120
f 2296//121 2324//121 2325//121
f 2296//122 2325//122 2295//122
f 2295//123 2325//123 2326//123
f 2295//124 2326//124 2294//124
f 2294//125 2326//125 2327//125
f 2294//126 2327//126 2293//126
f 2293//127 2327//127 2328//127
f 2293//128 2328//128 2292//128
f 2292//129 2328//129 2329//129
f 2292//130 2329//130 2291//130
f 2291//131 2329//131 2330//131
f 2291//132 2330//132 2316//132
f 2316//133 2330//133 2331//133
f 2316//134 2331//134 2315//134
f 2315//135 2331//135 2332//135
f 2315//136 2332//136 2314//136
f 2314//137 2332//137 2333//137
f 2314//138 2333//138 2313//138
f 2313//139 2333//139 2334//139
f 2313//140 2334//140 2312//140
f 2312//141 2334//141 2335//141
f 2312//142 2335//142 2311//142
f 2311//143 2335//143 2336//143
f 2311//144 2336//144 2310//144
f 2310//145 2336//145 2337//145
f 2310//146 2337//146 2309//146
f 2309//147 2337//147 2338//147
f 2309//148 2338//148 2308//148
f 2308//149 2338//149 2339//149
f 2308//150 2339//150 2307//150
f 2307//151 2339//151 2340//151
f 2307//152 2340//152 2306//152
f 2306//153 2340//153 2341//153
f 2306//154 2341//154 2305//154
f 2305//155 2341//155 2342//155
f 2305//156 2342//156 2304//156
f 2304//157 2342//157 2317//157
f 2343//2 2328//2 2344//2
f 2344//3 2328//3 2327//3
f 2344//4 2327//4 2345//4
f 2345//5 2327//5 2326//5
f 2345//6 2326//6 2346//6
f 2346//7 2326//7 2325//7
f 2346//8 2325//8 2347//8
f 2347//9 2325//9 2324//9
f 2347//10 2324//10 2348//10
f 2348//11 2324//11 2323//11
f 2348//12 2323//12 2349//12
f 2349//13 2323//13 2322//13
f 2349//14 2322//14 2350//14
f 2350//15 2322//15 2321//15
f 2350//16 2321//16 2351//16
f 2351//17 2321//17 2320//17
f 2351//18 2320//18 2352//18
f 2352//19 2320//19 2319//19
f 2352//20 2319//20 2353//20
f 2353//21 2319//21 2318//21
f 2353//22 2318//22 2354//22
f 2354//23 2318//23 2317//23
f 2354//24 2317//24 2355//24
f 2355//25 2317//25 2342//25
f 2355//26 2342//26 2356//26
f 2356//27 2342//27 2341//27
f 2356//28 2341//28 2357//28
f 2357//29 2341//29 2340//29
f 2357//30 2340//30 2358//30
f 2358//31 2340//31 2339//31
f 2358//32 2339//32 2359//32
f 2359//33 2339//33 2338//33
f 2359//34 2338//34 2360//34
f 2360//35 2338//35 2337//35
f 2360//36 2337//36 2361//36
f 2361//37 2337//37 2336//37
f 2361//38 2336//38 2362//38
f 2362//39 2336//39 2335//39
f 2362//40 2335//40 2363//40
f 2363//41 2335//41 2334//41
f 2363//42 2334//42 2364//42
f 2364//43 2334//43 2333//43
f 2364//44 2333//44 2365//44
f 2365//45 2333//45 2332//45
f 2365//46 2332//46 2366//46
f 2366//47 2332//47 2331//47
f 2366//48 2331//48 2367//48
f 2367//49 2331//49 2330//49
f 2367//50 2330//50 2368//50
f 2368//51 2330//51 2329//51
f 2368//52 2329//52 2343//52
f 2343//53 2329//53 2328//53
f 2369//54 2344//54 2370//54
f 2370//55 2344//55 2345//55
f 2370//56 2345//56 2371//56
f 2371//57 2345//57 2346//57
f 2371//58 2346//58 2372//58
f 2372//59 2346//59 2347//59
f 2372//60 2347//60 2373//60
f 2373//61 2347//61 2348//61
f 2373//62 2348//62 2374//62
f 2374//63 2348//63 2349//63
f 2374//64 2349//64 2375//64
f 2375//65 2349//65 2350//65
f 2375//66 2350//66 2376//66
f 2376//67 2350//67 2351//67
f 2376//68 2351//68 2377//68
f 2377//69 2351//69 2352//69
f 2377//70 2352//70 2378//70
f 2378//71 2352//71 2353//71
f 2378//72 2353//72 2379//72
f 2379//73 2353//73 2354//73
f 2379//74 2354//74 2380//74
f 2380//75 2354//75 2355//75
f 2380//76 2355//76 2381//76
f 2381//77 2355//77 2356//77
f 2381//78 2356//78 2382//78
f 2382//79 2356//79 2357//79
f 2382//80 2357//80 2383//80
f 2383//81 2357//81 2358//81
f 2383//82 2358//82 2384//82
f 2384//83 2358//83 2359//83
f 2384//84 2359//84 2385//84
f 2385//85 2359//85 2360//85
f 2385//86 2360//86 2386//86
f 2386//87 2360//87 2361//87
f 2386//88 2361//88 2387//88
f 2387//89 2361//89 2362//89
f 2387//90 2362//90 2388//90
f 2388//91 2362//91 2363//91
f 2388//92 2363//92 2389//92
f 2389//93 2363//93 2364//93
f 2389//94 2364//94 2390//94
f 2390//95 2364//95 2365//95
f 2390//96 2365//96 2391//96
f 2391//97 2365//97 2366//97
f 2391//98 2366//98 2392//98
f 2392//99 2366//99 2367//99
f 2392//100 2367//100 2393//100
f 2393//101 2367//101 2368//101
f 2393//102 2368//102 2394//102
f 2394//103 2368//103 2343//103
f 2394//104 2343//104 2369//104
f 2369//105 2343//105 2344//105
f 2382//106 2395//106 2381//106
f 2381//107 2395//107 2396//107
f 2381//108 2396//108 2380//108
f 2380//109 2396//109 2397//109
f 2380//110 2397//110 2379//110
f 2379//111 2397//111 2398//111
f 2379//112 2398//112 2378//112
f 2378//113 2398//113 2399//113
f 2378//114 2399//114 2377//114
f 2377//115 2399//115 2400//115
f 2377//116 2400//116 2376//116
f 2376//117 2400//117 2401//117
f 2376//118 2401//118 2375//118
f 2375//119 2401//119 2402//119
f 2375//120 2402//120 2374//120
f 2374//121 2402//121 2403//121
f 2374//122 2403//122 2373//122
f 2373//123 2403//123 2404//123
f 2373//124 2404//124 2372//124
f 2372//125 2404//125 2405//125
f 2372//126 2405//126 2371//126
f 2371//127 2405//127 2406//127
f 2371//128 2406//128 2370//128
f 2370//129 2406//129 2407//129
f 2370//130 2407//130 2369//130
f 2369//131 2407//131 2408//131
f 2369//132 2408//132 2394//132
f 2394//133 2408//133 2409//133
f 2394//134 2409//134 2393//134
f 2393//135 2409//135 2410//135
f 2393//136 2410//136 2392//136
f 2392//137 2410//137 2411//137
f 2392//138 2411//138 2391//138
f 2391//139 2411//139 2412//139
f 2391//140 2412//140 2390//140
f 2390//141 2412//141 2413//141
f 2390//142 2413//142 2389//142
f 2389//143 2413//143 2414//143
f 2389//144 2414//144 2388//144
f 2388//145 2414//145 2415//145
f 2388//146 2415//146 2387//146
f 2387//147 2415//147 2416//147
f 2387//148 2416//148 2386//148
f 2386//149 2416//149 2417//149
f 2386//150 2417//150 2385//150
f 2385//151 2417//151 2418//151
f 2385//152 2418//152 2384//152
f 2384//153 2418//153 2419//153
f 2384//154 2419//154 2383//154
f 2383//155 2419//155 2420//155
f 2383//156 2420//156 2382//156
f 2382//157 2420//157 2395//157
f 2421//2 2406//2 2422//2
f 2422//3 2406//3 2405//3
f 2422//4 2405//4 2423//4
f 2423//5 2405//5 2404//5
f 2423//6 2404//6 2424//6
f 2424//7 2404//7 2403//7
f 2424//8 2403//8 2425//8
f 2425//9 2403//9 2402//9
f 2425//10 2402//10 2426//10
f 2426//11 2402//11 2401//11
f 2426//12 2401//12 2427//12
f 2427//13 2401//13 2400//13
f 2427//14 2400//14 2428//14
f 2428//15 2400//15 2399//15
f 2428//16 2399//16 2429//16
f 2429//17 2399//17 2398//17
f 2429//18 2398//18 2430//18
f 2430//19 2398//19 2397//19
f 2430//20 2397//20 2431//20
f 2431//21 2397//21 2396//21
f 2431//22 2396//22 2432//22
f 2432//23 2396//23 2395//23
f 2432//24 2395//24 2433//24
f 2433//25 2395//25 2420//25
f 2433//26 2420//26 2434//26
f 2434//27 2420//27 2419//27
f 2434//28 2419//28 2435//28
f 2435//29 2419//29 2418//29
f 2435//30 2418//30 2436//30
f 2436//31 2418//31 2417//31
f 2436//32 2417//32 2437//32
f 2437//33 2417//33 2416//33
f 2437//34 2416//34 2438//34
f 2438//35 2416//35 2415//35
f 2438//36 2415//36 2439//36
f 2439//37 2415//37 2414//37
f 2439//38 2414//38 2440//38
f 2440//39 2414//39 2413//39
f 2440//40 2413//40 2441//40
f 2441//41 2413//41 2412//41
f 2441//42 2412//42 2442//42
f 2442//43 2412//43 2411//43
f 2442//44 2411//44 2443//44
f 2443//45 2411//45 2410//45
f 2443//46 2410//46 2444//46
f 2444//47 2410//47 2409//47
f 2444//48 2409//48 2445//48
f 2445//49 2409//49 2408//49
f 2445//50 2408//50 2446//50
f 2446//51 2408//51 2407//51
f 2446//52 2407//52 2421//52
f 2421//53 2407//53 2406//53
f 2447//54 2422//54 2448//54
f 2448//55 2422//55 2423//55
f 2448//56 2423//56 2449//56
f 2449//57 2423//57 2424//57
f 2449//58 2424//58 2450//58
f 2450//59 2424//59 2425//59
f 2450//60 2425//60 2451//60
f 2451//61 2425//61 2426//61
f 2451//62 2426//62 2452//62
f 2452//63 2426//63 2427//63
f 2452//64 2427//64 2453//64
f 2453//65 2427//65 2428//65
f 2453//66 2428//66 2454//66
f 2454//67 2428//67 2429//67
f 2454//68 2429//68 2455//68
f 2455//69 2429//69 2430//69
f 2455//70 2430//70 2456//70
f 2456//71 2430//71 2431//71
f 2456//72 2431//72 2457//72
f 2457//73 2431//73 2432//73
f 2457//74 2432//74 2458//74
f 2458//75 2432//75 2433//75
f 2458//76 2433//76 2459//76
f 2459//77 2433//77 2434//77
f 2459//78 2434//78 2460//78
f 2460//79 2434//79 2435//79
f 2460//80 2435//80 2461//80
f 2461//81 2435//81 2436//81
f 2461//82 2436//82 2462//82
f 2462//83 2436//83 2437//83
f 2462//84 2437//84 2463//84
f 2463//85 2437//85 2438//85
f 2463//86 2438//86 2464//86
f 2464//87 2438//87 2439//87
f 2464//88 2439//88 2465//88
f 2465//89 2439//89 2440//89
f 2465//90 2440//90 2466//90
f 2466//91 2440//91 2441//91
f 2466//92 2441//92 2467//92
f 2467//93 2441//93 2442//93
f 2467//94 2442//94 2468//94
f 2468//95 2442//95 2443//95
f 2468//96 2443//96 2469//96
f 2469//97 2443//97 2444//97
f 2469//98 2444//98 2470//98
f 2470//99 2444//99 2445//99
f 2470//100 2445//100 2471//100
f 2471//101 2445//101 2446//101
f 2471//102 2446//102 2472//102
f 2472//103 2446//103 2421//103
f 2472//104 2421//104 2447//104
f 2447//105 2421//105 2422//105
f 2460//106 2473//106 2459//106
f 2459//107 2473//107 2474//107
f 2459//108 2474//108 2458//108
f 2458//109 2474//109 2475//109
f 2458//110 2475//110 2457//110
f 2457//111 2475//111 2476//111
f 2457//112 2476//112 2456//112
f 2456//113 2476//113 2477//113
f 2456//114 2477//114 2455//114
f 2455//115 2477//115 2478//115
f 2455//116 2478//116 2454//116
f 2454//117 2478//117 2479//117
f 2454//118 2479//118 2453//118
f 2453//119 2479//119 2480//119
f 2453//120 2480//120 2452//120
f 2452//121 2480//121 2481//121
f 2452//122 2481//122 2451//122
f 2451//123 2481//123 2482//123
f 2451//124 2482//124 2450//124
f 2450//125 2482//125 2483//125
f 2450//126 2483//126 2449//126
f 2449//127 2483//127 2484//127
f 2449//128 2484//128 2448//128
f 2448//129 2484//129 2485//129
f 2448//130 2485//130 2447//130
f 2447//131 2485//131 2486//131
f 2447//132 2486//132 2472//132
f 2472//133 2486//133 2487//133
f 2472//134 2487//134 2471//134
f 2471//135 2487//135 2488//135
f 2471//136 2488//136 2470//136
f 2470//137 2488//137 2489//137
f 2470//138 2489//138 2469//138
f 2469//139 2489//139 2490//139
f 2469//140 2490//140 2468//140
f 2468//141 2490//141 2491//141
f 2468//142 2491//142 2467//142
f 2467//143 2491//143 2492//143
f 2467//144 2492//144 2466//144
f 2466//145 2492//145 2493//145
f 2466//146 2493//146 2465//146
f 2465//147 2493//147 2494//147
f 2465//148 2494//148 2464//148
f 2464//149 2494//149 2495//149
f 2464//150 2495//150 2463//150
f 2463//151 2495//151 2496//151
f 2463//152 2496//152 2462//152
f 2462//153 2496//153 2497//153
f 2462//154 2497//154 2461//154
f 2461//155 2497//155 2498//155
f 2461//156 2498//156 2460//156
f 2460//157 2498//157 2473//157
f 2499//2 2484//2 2500//2
f 2500//3 2484//3 2483//3
f 2500//4 2483//4 2501//4
f 2501//5 2483//5 2482//5
f 2501//6 2482//6 2502//6
f 2502//7 2482//7 2481//7
f 2502//8 2481//8 2503//8
f 2503//9 2481//9 2480//9
f 2503//10 2480//10 2504//10
f 2504//11 2480//11 2479//11
f 2504//12 2479//12 2505//12
f 2505//13 2479//13 2478//13
f 2505//14 2478//14 2506//14
f 2506//15 2478//15 2477//15
f 2506//16 2477//16 2507//16
f 2507//17 2477//17 2476//17
f 2507//18 2476//18 2508//18
f 2508//19 2476//19 2475//19
f 2508//20 2475//20 2509//20
f 2509//21 2475//21 2474//21
f 2509//22 2474//22 2510//22
f 2510//23 2474//23 2473//23
f 2510//24 2473//24 2511//24
f 2511//25 2473//25 2498//25
f 2511//26 2498//26 2512//26
f 2512//27 2498//27 2497//27
f 2512//28 2497//28 2513//28
f 2513//29 2497//29 2496//29
f 2513//30 2496//30 2514//30
f 2514//31 2496//31 2495//31
f 2514//32 2495//32 2515//32
f 2515//33 2495//33 2494//33
f 2515//34 2494//34 2516//34
f 2516//35 2494//35 2493//35
f 2516//36 2493//36 2517//36
f 2517//37 2493//37 2492//37
f 2517//38 2492//38 2518//38
f 2518//39 2492//39 2491//39
f 2518//40 2491//40 2519//40
f 2519//41 2491//41 2490//41
f 2519//42 2490//42 2520//42
f 2520//43 2490//43 2489//43
f 2520//44 2489//44 2521//44
f 2521//45 2489//45 2488//45
f 2521//46 2488//46 2522//46
f 2522//47 2488//47 2487//47
f 2522//48 2487//48 2523//48
f 2523//49 2487//49 2486//49
f 2523//50 2486//50 2524//50
f 2524//51 2486//51 2485//51
f 2524//52 2485//52 2499//52
f 2499//53 2485//53 2484//53
f 2525//54 2500//54 2526//54
f 2526//55 2500//55 2501//55
f 2526//56 2501//56 2527//56
f 2527//57 2501//57 2502//57
f 2527//58 2502//58 2528//58
f 2528//59 2502//59 2503//59
f 2528//60 2503//60 2529//60
f 2529//61 2503//61 2504//61
f 2529//62 2504//62 2530//62
f 2530//63 2504//63 2505//63
f 2530//64 2505//64 2531//64
f 2531//65 2505//65 2506//65
f 2531//66 2506//66 2532//66
f 2532//67 2506//67 2507//67
f 2532//68 2507//68 2533//68
f 2533//69 2507//69 2508//69
f 2533//70 2508//70 2534//70
f 2534//71 2508//71 2509//71
f 2534//72 2509//72 2535//72
f 2535//73 2509//73 2510//73
f 2535//74 2510//74 2536//74
f 2536//75 2510//75 2511//75
f 2536//76 2511//76 2537//76
f 2537//77 2511//77 2512//77
f 2537//78 2512//78 2538//78
f 2538//79 2512//79 2513//79
f 2538//80 2513//80 2539//80
f 2539//81 2513//81 2514//81
f 2539//82 2514//82 2540//82
f 2540//83 2514//83 2515//83
f 2540//84 2515//84 2541//84
f 2541//85 2515//85 2516//85
f 2541//86 2516//86 2542//86
f 2542//87 2516//87 2517//87
f 2542//88 2517//88 2543//88
f 2543//89 2517//89 2518//89
f 2543//90 2518//90 2544//90
f 2544//91 2518//91 2519//91
f 2544//92 2519//92 2545//92
f 2545//93 2519//93 2520//93
f 2545//94 2520//94 2546//94
f 2546//95 2520//95 2521//95
f 2546//96 2521//96 2547//96
f 2547//97 2521//97 2522//97
f 2547//98 2522//98 2548//98
f 2548//99 2522//99 2523//99
f 2548//100 2523//100 2549//100
f 2549//101 2523//101 2524//101
f 2549//102 2524//102 2550//102
f 2550//103 2524//103 2499//103
f 2550//104 2499//104 2525//104
f 2525//105 2499//105 2500//105
f 2538//106 2551//106 2537//106
f 2537//107 2551//107 2552//107
f 2537//108 2552//108 2536//108
f 2536//109 2552//109 2553//109
f 2536//110 2553//110 2535//110
f 2535//111 2553//111 2554//111
f 2535//112 2554//112 2534//112
f 2534//113 2554//113 2555//113
f 2534//114 2555//114 2533//114
f 2533//115 2555//115 2556//115
f 2533//116 2556//116 2532//116
f 2532//117 2556//117 2557//117
f 2532//118 2557//118 2531//118
f 2531//119 2557//119 2558//119
f 2531//120 2558//120 2530//120
f 2530//121 2558//121 2559//121
f 2530//122 2559//122 2529//122
f 2529//123 2559//123 2560//123
f 2529//124 2560//124 2528//124
f 2528//125 2560//125 2561//125
f 2528//126 2561//126 2527//126
f 2527//127 2561//127 2562//127
f 2527//128 2562//128 2526//128
f 2526//129 2562//129 2563//129
f 2526//130 2563//130 2525//130
f 2525//131 2563//131 2564//131
f 2525//132 2564//132 2550//132
f 2550//133 2564//133 2565//133
f 2550//134 2565//134 2549//134
f 2549//135 2565//135 2566//135
f 2549//136 2566//136 2548//136
f 2548//137 2566//137 2567//137
f 2548//138 2567//138 2547//138
f 2547//139 2567//139 2568//139
f 2547//140 2568//140 2546//140
f 2546//141 2568//141 2569//141
f 2546//142 2569//142 2545//142
f 2545//143 2569//143 2570//143
f 2545//144 2570//144 2544//144
f 2544//145 2570//145 2571//145
f 2544//146 2571//146 2543//146
f 2543//147 2571//147 2572//147
f 2543//148 2572//148 2542//148
f 2542//149 2572//149 2573//149
f 2542//150 2573//150 2541//150
f 2541//151 2573//151 2574//151
f 2541//152 2574//152 2540//152
f 2540//153 2574//153 2575//153
f 2540//154 2575//154 2539//154
f 2539//155 2575//155 2576//155
f 2539//156 2576//156 2538//156
f 2538//157 2576//157 2551//157
f 2577//2 2562//2 2578//2
f 2578//3 2562//3 2561//3
f 2578//4 2561//4 2579//4
f 2579//5 2561//5 2560//5
f 2579//6 2560//6 2580//6
f 2580//7 2560//7 2559//7
f 2580//8 2559//8 2581//8
f 2581//9 2559//9 2558//9
f 2581//10 2558//10 2582//10
f 2582//11 2558//11 2557//11
f 2582//12 2557//12 2583//12
f 2583//13 2557//13 2556//13
f 2583//14 2556//14 2584//14
f 2584//15 2556//15 2555//15
f 2584//16 2555//16 2585//16
f 2585//17 2555//17 2554//17
f 2585//18 2554//18 2586//18
f 2586//19 2554//19 2553//19
f 2586//20 2553//20 2587//20
f 2587//21 2553//21 2552//21
f 2587//22 2552//22 2588//22
f 2588//23 2552//23 2551//23
f 2588//24 2551//24 2589//24
f 2589//25 2551//25 2576//25
f 2589//26 2576//26 2590//26
f 2590//27 2576//27 2575//27
f 2590//28 2575//28 2591//28
f 2591//29 2575//29 2574//29
f 2591//30 2574//30 2592//30
f 2592//31 2574//31 2573//31
f 2592//32 2573//32 2593//32
f 2593//33 2573//33 2572//33
f 2593//34 2572//34 2594//34
f 2594//35 2572//35 2571//35
f 2594//36 2571//36 2595//36
f 2595//37 2571//37 2570//37
f 2595//38 2570//38 2596//38
f 2596//39 2570//39 2569//39
f 2596//40 2569//40 2597//40
f 2597//41 2569//41 2568//41
f 2597//42 2568//42 2598//42
f 2598//43 2568//43 2567//43
f 2598//44 2567//44 2599//44
f 2599//45 2567//45 2566//45
f 2599//46 2566//46 2600//46
f 2600//47 2566//47 2565//47
f 2600//48 2565//48 2601//48
f 2601//49 2565//49 2564//49
f 2601//50 2564//50 2602//50
f 2602//51 2564//51 2563//51
f 2602//52 2563//52 2577//52
f 2577//53 2563//53 2562//53
f 2603//54 2578//54 2604//54
f 2604//55 2578//55 2579//55
f 2604//56 2579//56 2605//56
f 2605//57 2579//57 2580//57
f 2605//58 2580//58 2606//58
f 2606//59 2580//59 2581//59
f 2606//60 2581//60 2607//60
f 2607//61 2581//61 2582//61
f 2607//62 2582//62 2608//62
f 2608//63 2582//63 2583//63
f 2608//64 2583//64 2609//64
f 2609//65 2583//65 2584//65
f 2609//66 2584//66 2610//66
f 2610//67 2584//67 2585//67
f 2610//68 2585//68 2611//68
f 2611//69 2585//69 2586//69
f 2611//70 2586//70 2612//70
f 2612//71 2586//71 2587//71
f 2612//72 2587//72 2613//72
f 2613//73 2587//73 2588//73
f 2613//74 2588//74 2614//74
f 2614//75 2588//75 2589//75
f 2614//76 2589//76 2615//76
f 2615//77 2589//77 2590//77
f 2615//78 2590//78 2616//78
f 2616//79 2590//79 2591//79
f 2616//80 2591//80 2617//80
f 2617//81 2591//81 2592//81
f 2617//82 2592//82 2618//82
f 2618//83 2592//83 2593//83
f 2618//84 2593//84 2619//84
f 2619//85 2593//85 2594//85
f 2619//86 2594//86 2620//86
f 2620//87 2594//87 2595//87
f 2620//88 2595//88 2621//88
f 2621//89 2595//89 2596//89
f 2621//90 2596//90 2622//90
f 2622//91 2596//91 2597//91
f 2622//92 2597//92 2623//92
f 2623//93 2597//93 2598//93
f 2623//94 2598//94 2624//94
f 2624//95 2598//95 2599//95
f 2624//96 2599//96 2625//96
f 2625//97 2599//97 2600//97
f 2625//98 2600//98 2626//98
f 2626//99 2600//99 2601//99
f 2626//100 2601//100 2627//100
f 2627//101 2601//101 2602//101
f 2627//102 2602//102 2628//102
f 2628//103 2602//103 2577//103
f 2628//104 2577//104 2603//104
f 2603//105 2577//105 2578//105
f 2616//155 2617//155 2629//155
f 2618//151 2619//151 2630//151
f 2630//158 2631//158 2618//158
f 2618//159 2631//159 2632//159
f 2618//153 2632//153 2617//153
f 2617//160 2632//160 2633//160
f 2617//161 2633//161 2629//161
f 2620//147 2621//147 2634//147
f 2634//162 2635//162 2620//162
f 2620//163 2635//163 2636//163
f 2620//149 2636//149 2619//149
f 2619//164 2636//164 2637//164
f 2619//165 2637//165 2630//165
f 2622//143 2623//143 2638//143
f 2638//166 2639//166 2622//166
f 2622//167 2639//167 2640//167
f 2622//145 2640//145 2621//145
f 2621//168 2640//168 2641//168
f 2621//169 2641//169 2634//169
f 2624//170 2625//170 2642//170
f 2642//171 2643//171 2624//171
f 2624//172 2643//172 2644//172
f 2624//141 2644//141 2623//141
f 2623//173 2644//173 2645//173
f 2623//174 2645//174 2638//174
f 2626//135 2627//135 2646//135
f 2646//175 2647//175 2626//175
f 2626//176 2647//176 2648//176
f 2626//137 2648//137 2625//137
f 2625//177 2648//177 2649//177
f 2625//178 2649//178 2642//178
f 2628//131 2603//131 2650//131
f 2650//179 2651//179 2628//179
f 2628//180 2651//180 2652//180
f 2628//133 2652//133 2627//133
f 2627//181 2652//181 2653//181
f 2627//182 2653//182 2646//182
f 2604//127 2605//127 2654//127
f 2654//183 2655//183 2604//183
f 2604//184 2655//184 2656//184
f 2604//129 2656//129 2603//129
f 2603//185 2656//185 2657//185
f 2603//186 2657//186 2650//186
f 2606//123 2607//123 2658//123
f 2658//187 2659//187 2606//187
f 2606//188 2659//188 2660//188
f 2606//125 2660//125 2605//125
f 2605//189 2660//189 2661//189
f 2605//190 2661//190 2654//190
f 2608//119 2609//119 2662//119
f 2662//191 2663//191 2608//191
f 2608//192 2663//192 2664//192
f 2608//121 2664//121 2607//121
f 2607//193 2664//193 2665//193
f 2607//194 2665//194 2658//194
f 2610//115 2611//115 2666//115
f 2666//195 2667//195 2610//195
f 2610//196 2667//196 2668//196
f 2610//117 2668//117 2609//117
f 2609//197 2668//197 2669//197
f 2609//198 2669//198 2662//198
f 2612//111 2613//111 2670//111
f 2670//199 2671//199 2612//199
f 2612//200 2671//200 2672//200
f 2612//113 2672//113 2611//113
f 2611//201 2672//201 2673//201
f 2611//202 2673//202 2666//202
f 2614//107 2615//107 2674//107
f 2674//203 2675//203 2614//203
f 2614//204 2675//204 2676//204
f 2614//109 2676//109 2613//109
f 2613//205 2676//205 2677//205
f 2613//206 2677//206 2670//206
f 2629//207 2678//207 2616//207
f 2616//208 2678//208 2679//208
f 2616//157 2679//157 2615//157
f 2615//209 2679//209 2680//209
f 2615//210 2680//210 2674//210
f 2638//211 2681//211 2639//211
f 2639//212 2681//212 2682//212
f 2639//213 2682//213 2640//213
f 2640//214 2682//214 2683//214
f 2640//215 2683//215 2641//215
f 2641//216 2683//216 2684//216
f 2641//217 2684//217 2634//217
f 2634//218 2684//218 2685//218
f 2634//219 2685//219 2635//219
f 2635//220 2685//220 2686//220
f 2635//221 2686//221 2636//221
f 2636//222 2686//222 2687//222
f 2636//223 2687//223 2637//223
f 2637//224 2687//224 2688//224
f 2637//225 2688//225 2630//225
f 2630//226 2688//226 2689//226
f 2630//227 2689//227 2631//227
f 2631//228 2689//228 2690//228
f 2631//229 2690//229 2632//229
f 2632//230 2690//230 2691//230
f 2632//231 2691//231 2633//231
f 2633//232 2691//232 2692//232
f 2633//233 2692//233 2629//233
f 2629//234 2692//234 2693//234
f 2629//235 2693//235 2678//235
f 2678//236 2693//236 2694//236
f 2678//237 2694//237 2679//237
f 2679//238 2694//238 2695//238
f 2679//239 2695//239 2680//239
f 2680//240 2695//240 2696//240
f 2680//241 2696//241 2674//241
f 2674//242 2696//242 2697//242
f 2674//243 2697//243 2675//243
f 2675//244 2697//244 2698//244
f 2675//245 2698//245 2676//245
f 2676//246 2698//246 2699//246
f 2676//247 2699//247 2677//247
f 2677//248 2699//248 2700//248
f 2677//249 2700//249 2670//249
f 2670//250 2700//250 2701//250
f 2670//251 2701//251 2671//251
f 2671//252 2701//252 2702//252
f 2671//253 2702//253 2672//253
f 2672//254 2702//254 2703//254
f 2672//255 2703//255 2673//255
f 2673//256 2703//256 2704//256
f 2673//257 2704//257 2666//257
f 2666//258 2704//258 2705//258
f 2666//259 2705//259 2667//259
f 2667//260 2705//260 2706//260
f 2667//261 2706//261 2668//261
f 2668//262 2706//262 2707//262
f 2668//263 2707//263 2669//263
f 2669//264 2707//264 2708//264
f 2669//265 2708//265 2662//265
f 2662//266 2708//266 2709//266
f 2662//267 2709//267 2663//267
f 2663//268 2709//268 2710//268
f 2663//269 2710//269 2664//269
f 2664//270 2710//270 2711//270
f 2664//271 2711//271 2665//271
f 2665//272 2711//272 2712//272
f 2665//273 2712//273 2658//273
f 2658//274 2712//274 2713//274
f 2658//275 2713//275 2659//275
f 2659//276 2713//276 2714//276
f 2659//277 2714//277 2660//277
f 2660//278 2714//278 2715//278
f 2660//279 2715//279 2661//279
f 2661//280 2715//280 2716//280
f 2661//281 2716//281 2654//281
f 2654//282 2716//282 2717//282
f 2654//283 2717//283 2655//283
f 2655//284 2717//284 2718//284
f 2655//285 2718//285 2656//285
f 2656//286 2718//286 2719//286
f 2656//287 2719//287 2657//287
f 2657//288 2719//288 2720//288
f 2657//289 2720//289 2650//289
f 2650//290 2720//290 2721//290
f 2650//291 2721//291 2651//291
f 2651//292 2721//292 2722//292
f 2651//293 2722//293 2652//293
f 2652//294 2722//294 2723//294
f 2652//295 2723//295 2653//295
f 2653//296 2723//296 2724//296
f 2653//297 2724//297 2646//297
f 2646//298 2724//298 2725//298
f 2646//299 2725//299 2647//299
f 2647//300 2725//300 2726//300
f 2647//301 2726//301 2648//301
f 2648//302 2726//302 2727//302
f 2648//303 2727//303 2649//303
f 2649//304 2727//304 2728//304
f 2649//305 2728//305 2642//305
f 2642//306 2728//306 2729//306
f 2642//307 2729//307 2643//307
f 2643//308 2729//308 2730//308
f 2643//309 2730//309 2644//309
f 2644//310 2730//310 2731//310
f 2644//311 2731//311 2645//311
f 2645//312 2731//312 2732//312
f 2645//313 2732//313 2638//313
f 2638//314 2732//314 2681//314
f 2733//315 2734//315 2722//315
f 2735//316 2724//316 2734//316
f 2734//317 2724//317 2723//317
f 2734//318 2723//318 2722//318
f 2736//319 2726//319 2735//319
f 2735//320 2726//320 2725//320
f 2735//321 2725//321 2724//321
f 2737//322 2728//322 2736//322
f 2736//323 2728//323 2727//323
f 2736//324 2727//324 2726//324
f 2738//325 2730//325 2737//325
f 2737//326 2730//326 2729//326
f 2737//327 2729//327 2728//327
f 2739//328 2732//328 2738//328
f 2738//329 2732//329 2731//329
f 2738//330 2731//330 2730//330
f 2740//331 2682//331 2739//331
f 2739//332 2682//332 2681//332
f 2739//333 2681//333 2732//333
f 2741//334 2684//334 2740//334
f 2740//335 2684//335 2683//335
f 2740//336 2683//336 2682//336
f 2742//337 2686//337 2741//337
f 2741//338 2686//338 2685//338
f 2741//339 2685//339 2684//339
f 2743//340 2688//340 2742//340
f 2742//341 2688//341 2687//341
f 2742//342 2687//342 2686//342
f 2744//343 2690//343 2743//343
f 2743//344 2690//344 2689//344
f 2743//345 2689//345 2688//345
f 2745//346 2692//346 2744//346
f 2744//347 2692//347 2691//347
f 2744//348 2691//348 2690//348
f 2746//349 2694//349 2745//349
f 2745//350 2694//350 2693//350
f 2745//351 2693//351 2692//351
f 2747//352 2696//352 2746//352
f 2746//353 2696//353 2695//353
f 2746//354 2695//354 2694//354
f 2748//355 2698//355 2747//355
f 2747//356 2698//356 2697//356
f 2747//357 2697//357 2696//357
f 2749//358 2700//358 2748//358
f 2748//359 2700//359 2699//359
f 2748//360 2699//360 2698//360
f 2750//361 2702//361 2749//361
f 2749//362 2702//362 2701//362
f 2749//363 2701//363 2700//363
f 2751//364 2704//364 2750//364
f 2750//365 2704//365 2703//365
f 2750//366 2703//366 2702//366
f 2752//367 2706//367 2751//367
f 2751//368 2706//368 2705//368
f 2751//369 2705//369 2704//369
f 2753//370 2708//370 2752//370
f 2752//371 2708//371 2707//371
f 2752//372 2707//372 2706//372
f 2754//373 2710//373 2753//373
f 2753//374 2710//374 2709//374
f 2753//375 2709//375 2708//375
f 2755//376 2712//376 2754//376
f 2754//377 2712//377 2711//377
f 2754//378 2711//378 2710//378
f 2756//379 2714//379 2755//379
f 2755//380 2714//380 2713//380
f 2755//381 2713//381 2712//381
f 2757//382 2716//382 2756//382
f 2756//383 2716//383 2715//383
f 2756//384 2715//384 2714//384
f 2758//385 2718//385 2757//385
f 2757//386 2718//386 2717//386
f 2757//387 2717//387 2716//387
f 2722//388 2721//388 2733//388
f 2733//389 2721//389 2720//389
f 2733//390 2720//390 2758//390
f 2758//391 2720//391 2719//391
f 2758//392 2719//392 2718//392
f 2746//106 2759//106 2747//106
f 2747//107 2759//107 2760//107
f 2747//108 2760//108 2748//108
f 2748//109 2760//109 2761//109
f 2748//110 2761//110 2749//110
f 2749//111 2761//111 2762//111
f 2749//112 2762//112 2750//112
f 2750//113 2762//113 2763//113
f 2750//114 2763//114 2751//114
f 2751//115 2763//115 2764//115
f 2751//116 2764//116 2752//116
f 2752//117 2764//117 2765//117
f 2752//118 2765//118 2753//118
f 2753//119 2765//119 2766//119
f 2753//120 2766//120 2754//120
f 2754//121 2766//121 2767//121
f 2754//122 2767//122 2755//122
f 2755//123 2767//123 2768//123
f 2755//124 2768//124 2756//124
f 2756//125 2768//125 2769//125
f 2756//126 2769//126 2757//126
f 2757//127 2769//127 2770//127
f 2757//128 2770//128 2758//128
f 2758//129 2770//129 2771//129
f 2758//130 2771//130 2733//130
f 2733//131 2771//131 2772//131
f 2733//132 2772//132 2734//132
f 2734//133 2772//133 2773//133
f 2734//134 2773//134 2735//134
f 2735//135 2773//135 2774//135
f 2735//136 2774//136 2736//136
f 2736//137 2774//137 2775//137
f 2736//138 2775//138 2737//138
f 2737//139 2775//139 2776//139
f 2737//140 2776//140 2738//140
f 2738//141 2776//141 2777//141
f 2738//142 2777//142 2739//142
f 2739//143 2777//143 2778//143
f 2739//144 2778//144 2740//144
f 2740//145 2778//145 2779//145
f 2740//146 2779//146 2741//146
f 2741//147 2779//147 2780//147
f 2741//148 2780//148 2742//148
f 2742//149 2780//149 2781//149
f 2742//150 2781//150 2743//150
f 2743//151 2781//151 2782//151
f 2743//152 2782//152 2744//152
f 2744//153 2782//153 2783//153
f 2744//154 2783//154 2745//154
f 2745//155 2783//155 2784//155
f 2745//156 2784//156 2746//156
f 2746//157 2784//157 2759//157
f 2785//2 2770//2 2786//2
f 2786//3 2770//3 2769//3
f 2786//4 2769//4 2787//4
f 2787//5 2769//5 2768//5
f 2787//6 2768//6 2788//6
f 2788//7 2768//7 2767//7
f 2788//8 2767//8 2789//8
f 2789//9 2767//9 2766//9
f 2789//10 2766//10 2790//10
f 2790//11 2766//11 2765//11
f 2790//12 2765//12 2791//12
f 2791//13 2765//13 2764//13
f 2791//14 2764//14 2792//14
f 2792//15 2764//15 2763//15
f 2792//16 2763//16 2793//16
f 2793//17 2763//17 2762//17
f 2793//18 2762//18 2794//18
f 2794//19 2762//19 2761//19
f 2794//20 2761//20 2795//20
f 2795//21 2761//21 2760//21
f 2795//22 2760//22 2796//22
f 2796//23 2760//23 2759//23
f 2796//24 2759//24 2797//24
f 2797//25 2759//25 2784//25
f 2797//26 2784//26 2798//26
f 2798//27 2784//27 2783//27
f 2798//28 2783//28 2799//28
f 2799//29 2783//29 2782//29
f 2799//30 2782//30 2800//30
f 2800//31 2782//31 2781//31
f 2800//32 2781//32 2801//32
f 2801//33 2781//33 2780//33
f 2801//34 2780//34 2802//34
f 2802//35 2780//35 2779//35
f 2802//36 2779//36 2803//36
f 2803//37 2779//37 2778//37
f 2803//38 2778//38 2804//38
f 2804//39 2778//39 2777//39
f 2804//40 2777//40 2805//40
f 2805//41 2777//41 2776//41
f 2805//42 2776//42 2806//42
f 2806//43 2776//43 2775//43
f 2806//44 2775//44 2807//44
f 2807//45 2775//45 2774//45
f 2807//46 2774//46 2808//46
f 2808//47 2774//47 2773//47
f 2808//48 2773//48 2809//48
f 2809//49 2773//49 2772//49
f 2809//50 2772//50 2810//50
f 2810//51 2772//51 2771//51
f 2810//52 2771//52 2785//52
f 2785//53 2771//53 2770//53
f 2810//315 2785//315 2811//315
f 2811//318 2812//318 2810//318
f 2810//317 2812//317 2813//317
f 2810//393 2813//393 2809//393
f 2813//321 2814//321 2809//321
f 2809//320 2814//320 2815//320
f 2809//319 2815//319 2808//319
f 2815//324 2816//324 2808//324
f 2808//323 2816//323 2817//323
f 2808//322 2817//322 2807//322
f 2817//394 2818//394 2807//394
f 2807//326 2818//326 2819//326
f 2807//325 2819//325 2806//325
f 2819//330 2820//330 2806//330
f 2806//395 2820//395 2821//395
f 2806//328 2821//328 2805//328
f 2821//333 2822//333 2805//333
f 2805//332 2822//332 2823//332
f 2805//331 2823//331 2804//331
f 2823//336 2824//336 2804//336
f 2804//335 2824//335 2825//335
f 2804//334 2825//334 2803//334
f 2825//396 2826//396 2803//396
f 2803//338 2826//338 2827//338
f 2803//337 2827//337 2802//337
f 2827//342 2828//342 2802//342
f 2802//397 2828//397 2829//397
f 2802//340 2829//340 2801//340
f 2829//345 2830//345 2801//345
f 2801//344 2830//344 2831//344
f 2801//343 2831//343 2800//343
f 2831//348 2832//348 2800//348
f 2800//347 2832//347 2833//347
f 2800//398 2833//398 2799//398
f 2833//351 2834//351 2799//351
f 2799//350 2834//350 2835//350
f 2799//349 2835//349 2798//349
f 2835//354 2836//354 2798//354
f 2798//353 2836//353 2837//353
f 2798//352 2837//352 2797//352
f 2837//357 2838//357 2797//357
f 2797//356 2838//356 2839//356
f 2797//399 2839//399 2796//399
f 2839//360 2840//360 2796//360
f 2796//359 2840//359 2841//359
f 2796//358 2841//358 2795//358
f 2841//363 2842//363 2795//363
f 2795//362 2842//362 2843//362
f 2795//361 2843//361 2794//361
f 2843//400 2844//400 2794//400
f 2794//365 2844//365 2845//365
f 2794//364 2845//364 2793//364
f 2845//369 2846//369 2793//369
f 2793//401 2846//401 2847//401
f 2793//367 2847//367 2792//367
f 2848//373 2790//373 2791//373
f 2847//372 2849//372 2792//372
f 2792//371 2849//371 2850//371
f 2792//370 2850//370 2791//370
f 2791//375 2850//375 2851//375
f 2791//374 2851//374 2848//374
f 2848//402 2852//402 2790//402
f 2790//377 2852//377 2853//377
f 2790//376 2853//376 2789//376
f 2853//381 2854//381 2789//381
f 2789//403 2854//403 2855//403
f 2789//379 2855//379 2788//379
f 2855//384 2856//384 2788//384
f 2788//383 2856//383 2857//383
f 2788//382 2857//382 2787//382
f 2857//387 2858//387 2787//387
f 2787//386 2858//386 2859//386
f 2787//404 2859//404 2786//404
f 2859//392 2860//392 2786//392
f 2786//391 2860//391 2861//391
f 2786//390 2861//390 2785//390
f 2785//389 2861//389 2862//389
f 2785//388 2862//388 2811//388
f 2863//198 2851//198 2864//198
f 2864//405 2851//405 2850//405
f 2864//406 2850//406 2865//406
f 2865//407 2850//407 2849//407
f 2865//196 2849//196 2866//196
f 2866//408 2849//408 2847//408
f 2866//409 2847//409 2867//409
f 2867//410 2847//410 2846//410
f 2867//202 2846//202 2868//202
f 2868//411 2846//411 2845//411
f 2868//412 2845//412 2869//412
f 2869//413 2845//413 2844//413
f 2869//414 2844//414 2870//414
f 2870//415 2844//415 2843//415
f 2870//416 2843//416 2871//416
f 2871//417 2843//417 2842//417
f 2871//206 2842//206 2872//206
f 2872//418 2842//418 2841//418
f 2872//419 2841//419 2873//419
f 2873//420 2841//420 2840//420
f 2873//204 2840//204 2874//204
f 2874//421 2840//421 2839//421
f 2874//422 2839//422 2875//422
f 2875//423 2839//423 2838//423
f 2875//210 2838//210 2876//210
f 2876//424 2838//424 2837//424
f 2876//425 2837//425 2877//425
f 2877//426 2837//426 2836//426
f 2877//208 2836//208 2878//208
f 2878//427 2836//427 2835//427
f 2878//428 2835//428 2879//428
f 2879//429 2835//429 2834//429
f 2879//161 2834//161 2880//161
f 2880//430 2834//430 2833//430
f 2880//431 2833//431 2881//431
f 2881//432 2833//432 2832//432
f 2881//159 2832//159 2882//159
f 2882//433 2832//433 2831//433
f 2882//434 2831//434 2883//434
f 2883//435 2831//435 2830//435
f 2883//165 2830//165 2884//165
f 2884//436 2830//436 2829//436
f 2884//437 2829//437 2885//437
f 2885//438 2829//438 2828//438
f 2885//163 2828//163 2886//163
f 2886//439 2828//439 2827//439
f 2886//440 2827//440 2887//440
f 2887//441 2827//441 2826//441
f 2887//169 2826//169 2888//169
f 2888//442 2826//442 2825//442
f 2888//443 2825//443 2889//443
f 2889//444 2825//444 2824//444
f 2889//167 2824//167 2890//167
f 2890//445 2824//445 2823//445
f 2890//446 2823//446 2891//446
f 2891//447 2823//447 2822//447
f 2891//174 2822//174 2892//174
f 2892//448 2822//448 2821//448
f 2892//449 2821//449 2893//449
f 2893//450 2821//450 2820//450
f 2893//172 2820//172 2894//172
f 2894//451 2820//451 2819//451
f 2894//452 2819//452 2895//452
f 2895//453 2819//453 2818//453
f 2895//454 2818//454 2896//454
f 2896//455 2818//455 2817//455
f 2896//456 2817//456 2897//456
f 2897//457 2817//457 2816//457
f 2897//176 2816//176 2898//176
f 2898//458 2816//458 2815//458
f 2898//459 2815//459 2899//459
f 2899//460 2815//460 2814//460
f 2899//182 2814//182 2900//182
f 2900//461 2814//461 2813//461
f 2900//462 2813//462 2901//462
f 2901//463 2813//463 2812//463
f 2901//180 2812//180 2902//180
f 2902//464 2812//464 2811//464
f 2902//465 2811//465 2903//465
f 2903//466 2811//466 2862//466
f 2903//186 2862//186 2904//186
f 2904//467 2862//467 2861//467
f 2904//468 2861//468 2905//468
f 2905//469 2861//469 2860//469
f 2905//184 2860//184 2906//184
f 2906//470 2860//470 2859//470
f 2906//471 2859//471 2907//471
f 2907//472 2859//472 2858//472
f 2907//190 2858//190 2908//190
f 2908//473 2858//473 2857//473
f 2908//474 2857//474 2909//474
f 2909//475 2857//475 2856//475
f 2909//188 2856//188 2910//188
f 2910//476 2856//476 2855//476
f 2910//477 2855//477 2911//477
f 2911//478 2855//478 2854//478
f 2911//194 2854//194 2912//194
f 2912//479 2854//479 2853//479
f 2912//480 2853//480 2913//480
f 2913//481 2853//481 2852//481
f 2913//192 2852//192 2914//192
f 2914//482 2852//482 2848//482
f 2914//483 2848//483 2863//483
f 2863//484 2848//484 2851//484
f 2864//263 2865//263 2915//263
f 2916//485 2917//485 2897//485
f 2900//486 2918//486 2899//486
f 2899//49 2918//49 2916//49
f 2899//299 2916//299 2898//299
f 2898//487 2916//487 2897//487
f 2919//43 2920//43 2893//43
f 2893//488 2894//488 2919//488
f 2919//489 2894//489 2895//489
f 2919//45 2895//45 2917//45
f 2917//490 2895//490 2896//490
f 2917//491 2896//491 2897//491
f 2921//39 2922//39 2889//39
f 2889//492 2890//492 2921//492
f 2921//211 2890//211 2891//211
f 2921//41 2891//41 2920//41
f 2920//493 2891//493 2892//493
f 2920//494 2892//494 2893//494
f 2923//495 2924//495 2885//495
f 2885//496 2886//496 2923//496
f 2923//219 2886//219 2887//219
f 2923//37 2887//37 2922//37
f 2922//497 2887//497 2888//497
f 2922//215 2888//215 2889//215
f 2925//31 2926//31 2881//31
f 2881//498 2882//498 2925//498
f 2925//227 2882//227 2883//227
f 2925//33 2883//33 2924//33
f 2924//499 2883//499 2884//499
f 2924//500 2884//500 2885//500
f 2927//27 2928//27 2877//27
f 2877//501 2878//501 2927//501
f 2927//235 2878//235 2879//235
f 2927//29 2879//29 2926//29
f 2926//502 2879//502 2880//502
f 2926//231 2880//231 2881//231
f 2929//23 2930//23 2873//23
f 2873//503 2874//503 2929//503
f 2929//243 2874//243 2875//243
f 2929//25 2875//25 2928//25
f 2928//504 2875//504 2876//504
f 2928//239 2876//239 2877//239
f 2931//19 2932//19 2869//19
f 2869//505 2870//505 2931//505
f 2931//506 2870//506 2871//506
f 2931//21 2871//21 2930//21
f 2930//507 2871//507 2872//507
f 2930//247 2872//247 2873//247
f 2915//15 2865//15 2933//15
f 2865//508 2866//508 2933//508
f 2933//509 2866//509 2867//509
f 2933//17 2867//17 2932//17
f 2932//510 2867//510 2868//510
f 2932//511 2868//511 2869//511
f 2864//512 2915//512 2863//512
f 2863//13 2915//13 2934//13
f 2863//267 2934//267 2914//267
f 2914//513 2934//513 2935//513
f 2914//270 2935//270 2913//270
f 2936//514 2937//514 2909//514
f 2909//515 2910//515 2936//515
f 2936//516 2910//516 2911//516
f 2936//9 2911//9 2935//9
f 2935//517 2911//517 2912//517
f 2935//271 2912//271 2913//271
f 2938//3 2939//3 2905//3
f 2905//518 2906//518 2938//518
f 2938//283 2906//283 2907//283
f 2938//5 2907//5 2937//5
f 2937//519 2907//519 2908//519
f 2937//279 2908//279 2909//279
f 2900//295 2901//295 2918//295
f 2918//294 2901//294 2902//294
f 2918//520 2902//520 2940//520
f 2940//291 2902//291 2903//291
f 2940//53 2903//53 2939//53
f 2939//521 2903//521 2904//521
f 2939//287 2904//287 2905//287
f 2941//54 2939//54 2942//54
f 2942//55 2939//55 2938//55
f 2942//56 2938//56 2943//56
f 2943//57 2938//57 2937//57
f 2943//58 2937//58 2944//58
f 2944//59 2937//59 2936//59
f 2944//60 2936//60 2945//60
f 2945//61 2936//61 2935//61
f 2945//62 2935//62 2946//62
f 2946//63 2935//63 2934//63
f 2946//64 2934//64 2947//64
f 2947//65 2934//65 2915//65
f 2947//66 2915//66 2948//66
f 2948//67 2915//67 2933//67
f 2948//68 2933//68 2949//68
f 2949//69 2933//69 2932//69
f 2949//70 2932//70 2950//70
f 2950//71 2932//71 2931//71
f 2950//72 2931//72 2951//72
f 2951//73 2931//73 2930//73
f 2951//74 2930//74 2952//74
f 2952//75 2930//75 2929//75
f 2952//76 2929//76 2953//76
f 2953//77 2929//77 2928//77
f 2953//78 2928//78 2954//78
f 2954//79 2928//79 2927//79
f 2954//80 2927//80 2955//80
f 2955//81 2927//81 2926//81
f 2955//82 2926//82 2956//82
f 2956//83 2926//83 2925//83
f 2956//84 2925//84 2957//84
f 2957//85 2925//85 2924//85
f 2957//86 2924//86 2958//86
f 2958//87 2924//87 2923//87
f 2958//88 2923//88 2959//88
f 2959//89 2923//89 2922//89
f 2959//90 2922//90 2960//90
f 2960//91 2922//91 2921//91
f 2960//92 2921//92 2961//92
f 2961//93 2921//93 2920//93
f 2961//94 2920//94 2962//94
f 2962//95 2920//95 2919//95
f 2962//96 2919//96 2963//96
f 2963//97 2919//97 2917//97
f 2963//98 2917//98 2964//98
f 2964//99 2917//99 2916//99
f 2964//100 2916//100 2965//100
f 2965//101 2916//101 2918//101
f 2965//102 2918//102 2966//102
f 2966//103 2918//103 2940//103
f 2966//104 2940//104 2941//104
f 2941//105 2940//105 2939//105
f 2954//106 2967//106 2953//106
f 2953//107 2967//107 2968//107
f 2953//108 2968//108 2952//108
f 2952//109 2968//109 2969//109
f 2952//110 2969//110 2951//110
f 2951//111 2969//111 2970//111
f 2951//112 2970//112 2950//112
f 2950//113 2970//113 2971//113
f 2950//114 2971//114 2949//114
f 2949//115 2971//115 2972//115
f 2949//116 2972//116 2948//116
f 2948//117 2972//117 2973//117
f 2948//118 2973//118 2947//118
f 2947//119 2973//119 2974//119
f 2947//120 2974//120 2946//120
f 2946//121 2974//121 2975//121
f 2946//122 2975//122 2945//122
f 2945//123 2975//123 2976//123
f 2945//124 2976//124 2944//124
f 2944//125 2976//125 2977//125
f 2944//126 2977//126 2943//126
f 2943//127 2977//127 2978//127
f 2943//128 2978//128 2942//128
f 2942//129 2978//129 2979//129
f 2942//130 2979//130 2941//130
f 2941//131 2979//131 2980//131
f 2941//132 2980//132 2966//132
f 2966//133 2980//133 2981//133
f 2966//134 2981//134 2965//134
f 2965//135 2981//135 2982//135
f 2965//136 2982//136 2964//136
f 2964//137 2982//137 2983//137
f 2964//138 2983//138 2963//138
f 2963//139 2983//139 2984//139
f 2963//140 2984//140 2962//140
f 2962//141 2984//141 2985//141
f 2962//142 2985//142 2961//142
f 2961//143 2985//143 2986//143
f 2961//144 2986//144 2960//144
f 2960//145 2986//145 2987//145
f 2960//146 2987//146 2959//146
f 2959//147 2987//147 2988//147
f 2959//148 2988//148 2958//148
f 2958//149 2988//149 2989//149
f 2958//150 2989//150 2957//150
f 2957//151 2989//151 2990//151
f 2957//152 2990//152 2956//152
f 2956//153 2990//153 2991//153
f 2956//154 2991//154 2955//154
f 2955//155 2991//155 2992//155
f 2955//156 2992//156 2954//156
f 2954//157 2992//157 2967//157
f 2993//2 2978//2 2994//2
f 2994//3 2978//3 2977//3
f 2994//4 2977//4 2995//4
f 2995//5 2977//5 2976//5
f 2995//6 2976//6 2996//6
f 2996//514 2976//514 2975//514
f 2996//8 2975//8 2997//8
f 2997//9 2975//9 2974//9
f 2997//10 2974//10 2998//10
f 2998//11 2974//11 2973//11
f 2998//12 2973//12 2999//12
f 2999//13 2973//13 2972//13
f 2999//14 2972//14 3000//14
f 3000//15 2972//15 2971//15
f 3000//16 2971//16 3001//16
f 3001//17 2971//17 2970//17
f 3001//18 2970//18 3002//18
f 3002//19 2970//19 2969//19
f 3002//20 2969//20 3003//20
f 3003//21 2969//21 2968//21
f 3003//22 2968//22 3004//22
f 3004//23 2968//23 2967//23
f 3004//24 2967//24 3005//24
f 3005//25 2967//25 2992//25
f 3005//26 2992//26 3006//26
f 3006//27 2992//27 2991//27
f 3006//28 2991//28 3007//28
f 3007//29 2991//29 2990//29
f 3007//30 2990//30 3008//30
f 3008//31 2990//31 2989//31
f 3008//32 2989//32 3009//32
f 3009//522 2989//522 2988//522
f 3009//34 2988//34 3010//34
f 3010//35 2988//35 2987//35
f 3010//36 2987//36 3011//36
f 3011//37 2987//37 2986//37
f 3011//38 2986//38 3012//38
f 3012//39 2986//39 2985//39
f 3012//40 2985//40 3013//40
f 3013//41 2985//41 2984//41
f 3013//42 2984//42 3014//42
f 3014//43 2984//43 2983//43
f 3014//44 2983//44 3015//44
f 3015//45 2983//45 2982//45
f 3015//46 2982//46 3016//46
f 3016//47 2982//47 2981//47
f 3016//48 2981//48 3017//48
f 3017//49 2981//49 2980//49
f 3017//50 2980//50 3018//50
f 3018//51 2980//51 2979//51
f 3018//52 2979//52 2993//52
f 2993//53 2979//53 2978//53
f 3019//54 2994//54 3020//54
f 3020//55 2994//55 2995//55
f 3020//56 2995//56 3021//56
f 3021//57 2995//57 2996//57
f 3021//58 2996//58 3022//58
f 3022//59 2996//59 2997//59
f 3022//60 2997//60 3023//60
f 3023//61 2997//61 2998//61
f 3023//62 2998//62 3024//62
f 3024//63 2998//63 2999//63
f 3024//64 2999//64 3025//64
f 3025//65 2999//65 3000//65
f 3025//66 3000//66 3026//66
f 3026//67 3000//67 3001//67
f 3026//68 3001//68 3027//68
f 3027//69 3001//69 3002//69
f 3027//70 3002//70 3028//70
f 3028//71 3002//71 3003//71
f 3028//72 3003//72 3029//72
f 3029//73 3003//73 3004//73
f 3029//74 3004//74 3030//74
f 3030//75 3004//75 3005//75
f 3030//76 3005//76 3031//76
f 3031//77 3005//77 3006//77
f 3031//78 3006//78 3032//78
f 3032//79 3006//79 3007//79
f 3032//80 3007//80 3033//80
f 3033//81 3007//81 3008//81
f 3033//82 3008//82 3034//82
f 3034//83 3008//83 3009//83
f 3034//84 3009//84 3035//84
f 3035//85 3009//85 3010//85
f 3035//86 3010//86 3036//86
f 3036//87 3010//87 3011//87
f 3036//88 3011//88 3037//88
f 3037//89 3011//89 3012//89
f 3037//90 3012//90 3038//90
f 3038//91 3012//91 3013//91
f 3038//92 3013//92 3039//92
f 3039//93 3013//93 3014//93
f 3039//94 3014//94 3040//94
f 3040//95 3014//95 3015//95
f 3040//96 3015//96 3041//96
f 3041//97 3015//97 3016//97
f 3041//98 3016//98 3042//98
f 3042//99 3016//99 3017//99
f 3042//100 3017//100 3043//100
f 3043//101 3017//101 3018//101
f 3043//102 3018//102 3044//102
f 3044//103 3018//103 2993//103
f 3044//104 2993//104 3019//104
f 3019//105 2993//105 2994//105
f 3032//106 3045//106 3031//106
f 3031//107 3045//107 3046//107
f 3031//108 3046//108 3030//108
f 3030//109 3046//109 3047//109
f 3030//110 3047//110 3029//110
f 3029//111 3047//111 3048//111
f 3029//112 3048//112 3028//112
f 3028//113 3048//113 3049//113
f 3028//114 3049//114 3027//114
f 3027//115 3049//115 3050//115
f 3027//116 3050//116 3026//116
f 3026//117 3050//117 3051//117
f 3026//118 3051//118 3025//118
f 3025//119 3051//119 3052//119
f 3025//120 3052//120 3024//120
f 3024//121 3052//121 3053//121
f 3024//122 3053//122 3023//122
f 3023//123 3053//123 3054//123
f 3023//124 3054//124 3022//124
f 3022//125 3054//125 3055//125
f 3022//126 3055//126 3021//126
f 3021//127 3055//127 3056//127
f 3021//128 3056//128 3020//128
f 3020//129 3056//129 3057//129
f 3020//130 3057//130 3019//130
f 3019//131 3057//131 3058//131
f 3019//132 3058//132 3044//132
f 3044//133 3058//133 3059//133
f 3044//134 3059//134 3043//134
f 3043//135 3059//135 3060//135
f 3043//136 3060//136 3042//136
f 3042//137 3060//137 3061//137
f 3042//138 3061//138 3041//138
f 3041//139 3061//139 3062//139
f 3041//140 3062//140 3040//140
f 3040//141 3062//141 3063//141
f 3040//142 3063//142 3039//142
f 3039//143 3063//143 3064//143
f 3039//144 3064//144 3038//144
f 3038//145 3064//145 3065//145
f 3038//146 3065//146 3037//146
f 3037//147 3065//147 3066//147
f 3037//148 3066//148 3036//148
f 3036//149 3066//149 3067//149
f 3036//150 3067//150 3035//150
f 3035//151 3067//151 3068//151
f 3035//152 3068//152 3034//152
f 3034//153 3068//153 3069//153
f 3034//154 3069//154 3033//154
f 3033//155 3069//155 3070//155
f 3033//156 3070//156 3032//156
f 3032//157 3070//157 3045//157
f 3071//2 3056//2 3072//2
f 3072//3 3056//3 3055//3
f 3072//4 3055//4 3073//4
f 3073//5 3055//5 3054//5
f 3073//6 3054//6 3074//6
f 3074//7 3054//7 3053//7
f 3074//8 3053//8 3075//8
f 3075//9 3053//9 3052//9
f 3075//10 3052//10 3076//10
f 3076//11 3052//11 3051//11
f 3076//12 3051//12 3077//12
f 3077//13 3051//13 3050//13
f 3077//14 3050//14 3078//14
f 3078//15 3050//15 3049//15
f 3078//16 3049//16 3079//16
f 3079//17 3049//17 3048//17
f 3079//18 3048//18 3080//18
f 3080//19 3048//19 3047//19
f 3080//20 3047//20 3081//20
f 3081//21 3047//21 3046//21
f 3081//22 3046//22 3082//22
f 3082//23 3046//23 3045//23
f 3082//24 3045//24 3083//24
f 3083//25 3045//25 3070//25
f 3083//26 3070//26 3084//26
f 3084//27 3070//27 3069//27
f 3084//28 3069//28 3085//28
f 3085//29 3069//29 3068//29
f 3085//30 3068//30 3086//30
f 3086//31 3068//31 3067//31
f 3086//32 3067//32 3087//32
f 3087//33 3067//33 3066//33
f 3087//34 3066//34 3088//34
f 3088//35 3066//35 3065//35
f 3088//36 3065//36 3089//36
f 3089//37 3065//37 3064//37
f 3089//38 3064//38 3090//38
f 3090//39 3064//39 3063//39
f 3090//40 3063//40 3091//40
f 3091//41 3063//41 3062//41
f 3091//42 3062//42 3092//42
f 3092//43 3062//43 3061//43
f 3092//44 3061//44 3093//44
f 3093//45 3061//45 3060//45
f 3093//46 3060//46 3094//46
f 3094//47 3060//47 3059//47
f 3094//48 3059//48 3095//48
f 3095//49 3059//49 3058//49
f 3095//50 3058//50 3096//50
f 3096//51 3058//51 3057//51
f 3096//52 3057//52 3071//52
f 3071//53 3057//53 3056//53
f 3097//54 3072//54 3098//54
f 3098//55 3072//55 3073//55
f 3098//56 3073//56 3099//56
f 3099//57 3073//57 3074//57
f 3099//58 3074//58 3100//58
f 3100//59 3074//59 3075//59
f 3100//60 3075//60 3101//60
f 3101//61 3075//61 3076//61
f 3101//62 3076//62 3102//62
f 3102//63 3076//63 3077//63
f 3102//64 3077//64 3103//64
f 3103//65 3077//65 3078//65
f 3103//66 3078//66 3104//66
f 3104//67 3078//67 3079//67
f 3104//68 3079//68 3105//68
f 3105//69 3079//69 3080//69
f 3105//70 3080//70 3106//70
f 3106//71 3080//71 3081//71
f 3106//72 3081//72 3107//72
f 3107//73 3081//73 3082//73
f 3107//74 3082//74 3108//74
f 3108//75 3082//75 3083//75
f 3108//76 3083//76 3109//76
f 3109//77 3083//77 3084//77
f 3109//78 3084//78 3110//78
f 3110//79 3084//79 3085//79
f 3110//80 3085//80 3111//80
f 3111//81 3085//81 3086//81
f 3111//82 3086//82 3112//82
f 3112//83 3086//83 3087//83
f 3112//84 3087//84 3113//84
f 3113//85 3087//85 3088//85
f 3113//86 3088//86 3114//86
f 3114//87 3088//87 3089//87
f 3114//88 3089//88 3115//88
f 3115//89 3089//89 3090//89
f 3115//90 3090//90 3116//90
f 3116//91 3090//91 3091//91
f 3116//92 3091//92 3117//92
f 3117//93 3091//93 3092//93
f 3117//94 3092//94 3118//94
f 3118//95 3092//95 3093//95
f 3118//96 3093//96 3119//96
f 3119//97 3093//97 3094//97
f 3119//98 3094//98 3120//98
f 3120//99 3094//99 3095//99
f 3120//100 3095//100 3121//100
f 3121//101 3095//101 3096//101
f 3121//102 3096//102 3122//102
f 3122//103 3096//103 3071//103
f 3122//104 3071//104 3097//104
f 3097//105 3071//105 3072//105
f 3110//155 3111//155 3123//155
f 3112//151 3113//151 3124//151
f 3124//158 3125//158 3112//158
f 3112//159 3125//159 3126//159
f 3112//153 3126//153 3111//153
f 3111//160 3126//160 3127//160
f 3111//161 3127//161 3123//161
f 3114//147 3115//147 3128//147
f 3128//162 3129//162 3114//162
f 3114//163 3129//163 3130//163
f 3114//149 3130//149 3113//149
f 3113//164 3130//164 3131//164
f 3113//165 3131//165 3124//165
f 3116//143 3117//143 3132//143
f 3132//166 3133//166 3116//166
f 3116//167 3133//167 3134//167
f 3116//145 3134//145 3115//145
f 3115//168 3134//168 3135//168
f 3115//169 3135//169 3128//169
f 3118//170 3119//170 3136//170
f 3136//171 3137//171 3118//171
f 3118//172 3137//172 3138//172
f 3118//141 3138//141 3117//141
f 3117//173 3138//173 3139//173
f 3117//174 3139//174 3132//174
f 3120//135 3121//135 3140//135
f 3140//175 3141//175 3120//175
f 3120//176 3141//176 3142//176
f 3120//137 3142//137 3119//137
f 3119//177 3142//177 3143//177
f 3119//178 3143//178 3136//178
f 3122//131 3097//131 3144//131
f 3144//179 3145//179 3122//179
f 3122//180 3145//180 3146//180
f 3122//133 3146//133 3121//133
f 3121//181 3146//181 3147//181
f 3121//182 3147//182 3140//182
f 3098//127 3099//127 3148//127
f 3148//183 3149//183 3098//183
f 3098//184 3149//184 3150//184
f 3098//129 3150//129 3097//129
f 3097//185 3150//185 3151//185
f 3097//186 3151//186 3144//186
f 3100//123 3101//123 3152//123
f 3152//187 3153//187 3100//187
f 3100//188 3153//188 3154//188
f 3100//125 3154//125 3099//125
f 3099//189 3154//189 3155//189
f 3099//190 3155//190 3148//190
f 3102//119 3103//119 3156//119
f 3156//191 3157//191 3102//191
f 3102//192 3157//192 3158//192
f 3102//121 3158//121 3101//121
f 3101//193 3158//193 3159//193
f 3101//194 3159//194 3152//194
f 3104//115 3105//115 3160//115
f 3160//195 3161//195 3104//195
f 3104//196 3161//196 3162//196
f 3104//117 3162//117 3103//117
f 3103//197 3162//197 3163//197
f 3103//198 3163//198 3156//198
f 3106//111 3107//111 3164//111
f 3164//199 3165//199 3106//199
f 3106//200 3165//200 3166//200
f 3106//113 3166//113 3105//113
f 3105//201 3166//201 3167//201
f 3105//202 3167//202 3160//202
f 3108//107 3109//107 3168//107
f 3168//203 3169//203 3108//203
f 3108//204 3169//204 3170//204
f 3108//109 3170//109 3107//109
f 3107//205 3170//205 3171//205
f 3107//206 3171//206 3164//206
f 3123//207 3172//207 3110//207
f 3110//208 3172//208 3173//208
f 3110//157 3173//157 3109//157
f 3109//209 3173//209 3174//209
f 3109//210 3174//210 3168//210
f 3132//211 3175//211 3133//211
f 3133//212 3175//212 3176//212
f 3133//213 3176//213 3134//213
f 3134//214 3176//214 3177//214
f 3134//215 3177//215 3135//215
f 3135//216 3177//216 3178//216
f 3135//217 3178//217 3128//217
f 3128//218 3178//218 3179//218
f 3128//219 3179//219 3129//219
f 3129//220 3179//220 3180//220
f 3129//221 3180//221 3130//221
f 3130//222 3180//222 3181//222
f 3130//500 3181//500 3131//500
f 3131//224 3181//224 3182//224
f 3131//523 3182//523 3124//523
f 3124//524 3182//524 3183//524
f 3124//227 3183//227 3125//227
f 3125//228 3183//228 3184//228
f 3125//229 3184//229 3126//229
f 3126//230 3184//230 3185//230
f 3126//231 3185//231 3127//231
f 3127//232 3185//232 3186//232
f 3127//233 3186//233 3123//233
f 3123//234 3186//234 3187//234
f 3123//235 3187//235 3172//235
f 3172//236 3187//236 3188//236
f 3172//237 3188//237 3173//237
f 3173//238 3188//238 3189//238
f 3173//239 3189//239 3174//239
f 3174//240 3189//240 3190//240
f 3174//241 3190//241 3168//241
f 3168//242 3190//242 3191//242
f 3168//243 3191//243 3169//243
f 3169//244 3191//244 3192//244
f 3169//245 3192//245 3170//245
f 3170//246 3192//246 3193//246
f 3170//247 3193//247 3171//247
f 3171//248 3193//248 3194//248
f 3171//525 3194//525 3164//525
f 3164//250 3194//250 3195//250
f 3164//506 3195//506 3165//506
f 3165//526 3195//526 3196//526
f 3165//253 3196//253 3166//253
f 3166//254 3196//254 3197//254
f 3166//255 3197//255 3167//255
f 3167//256 3197//256 3198//256
f 3167//257 3198//257 3160//257
f 3160//258 3198//258 3199//258
f 3160//259 3199//259 3161//259
f 3161//260 3199//260 3200//260
f 3161//261 3200//261 3162//261
f 3162//262 3200//262 3201//262
f 3162//263 3201//263 3163//263
f 3163//264 3201//264 3202//264
f 3163//265 3202//265 3156//265
f 3156//266 3202//266 3203//266
f 3156//267 3203//267 3157//267
f 3157//268 3203//268 3204//268
f 3157//269 3204//269 3158//269
f 3158//270 3204//270 3205//270
f 3158//271 3205//271 3159//271
f 3159//272 3205//272 3206//272
f 3159//273 3206//273 3152//273
f 3152//274 3206//274 3207//274
f 3152//516 3207//516 3153//516
f 3153//276 3207//276 3208//276
f 3153//527 3208//527 3154//527
f 3154//528 3208//528 3209//528
f 3154//279 3209//279 3155//279
f 3155//280 3209//280 3210//280
f 3155//281 3210//281 3148//281
f 3148//282 3210//282 3211//282
f 3148//283 3211//283 3149//283
f 3149//284 3211//284 3212//284
f 3149//285 3212//285 3150//285
f 3150//286 3212//286 3213//286
f 3150//287 3213//287 3151//287
f 3151//288 3213//288 3214//288
f 3151//289 3214//289 3144//289
f 3144//290 3214//290 3215//290
f 3144//291 3215//291 3145//291
f 3145//292 3215//292 3216//292
f 3145//293 3216//293 3146//293
f 3146//294 3216//294 3217//294
f 3146//295 3217//295 3147//295
f 3147//296 3217//296 3218//296
f 3147//297 3218//297 3140//297
f 3140//298 3218//298 3219//298
f 3140//299 3219//299 3141//299
f 3141//300 3219//300 3220//300
f 3141//529 3220//529 3142//529
f 3142//302 3220//302 3221//302
f 3142//491 3221//491 3143//491
f 3143//530 3221//530 3222//530
f 3143//305 3222//305 3136//305
f 3136//306 3222//306 3223//306
f 3136//307 3223//307 3137//307
f 3137//308 3223//308 3224//308
f 3137//309 3224//309 3138//309
f 3138//310 3224//310 3225//310
f 3138//311 3225//311 3139//311
f 3139//312 3225//312 3226//312
f 3139//313 3226//313 3132//313
f 3132//314 3226//314 3175//314
f 3227//315 3228//315 3216//315
f 3229//316 3218//316 3228//316
f 3228//317 3218//317 3217//317
f 3228//318 3217//318 3216//318
f 3230//319 3220//319 3229//319
f 3229//320 3220//320 3219//320
f 3229//321 3219//321 3218//321
f 3231//322 3222//322 3230//322
f 3230//323 3222//323 3221//323
f 3230//324 3221//324 3220//324
f 3232//325 3224//325 3231//325
f 3231//326 3224//326 3223//326
f 3231//327 3223//327 3222//327
f 3233//328 3226//328 3232//328
f 3232//329 3226//329 3225//329
f 3232//330 3225//330 3224//330
f 3234//331 3176//331 3233//331
f 3233//332 3176//332 3175//332
f 3233//333 3175//333 3226//333
f 3235//334 3178//334 3234//334
f 3234//335 3178//335 3177//335
f 3234//336 3177//336 3176//336
f 3236//337 3180//337 3235//337
f 3235//338 3180//338 3179//338
f 3235//339 3179//339 3178//339
f 3237//340 3182//340 3236//340
f 3236//341 3182//341 3181//341
f 3236//342 3181//342 3180//342
f 3238//343 3184//343 3237//343
f 3237//344 3184//344 3183//344
f 3237//345 3183//345 3182//345
f 3239//346 3186//346 3238//346
f 3238//347 3186//347 3185//347
f 3238//348 3185//348 3184//348
f 3240//349 3188//349 3239//349
f 3239//350 3188//350 3187//350
f 3239//351 3187//351 3186//351
f 3241//352 3190//352 3240//352
f 3240//353 3190//353 3189//353
f 3240//354 3189//354 3188//354
f 3242//355 3192//355 3241//355
f 3241//356 3192//356 3191//356
f 3241//357 3191//357 3190//357
f 3243//358 3194//358 3242//358
f 3242//359 3194//359 3193//359
f 3242//360 3193//360 3192//360
f 3244//361 3196//361 3243//361
f 3243//362 3196//362 3195//362
f 3243//363 3195//363 3194//363
f 3245//364 3198//364 3244//364
f 3244//365 3198//365 3197//365
f 3244//366 3197//366 3196//366
f 3246//367 3200//367 3245//367
f 3245//368 3200//368 3199//368
f 3245//369 3199//369 3198//369
f 3247//370 3202//370 3246//370
f 3246//371 3202//371 3201//371
f 3246//372 3201//372 3200//372
f 3248//373 3204//373 3247//373
f 3247//374 3204//374 3203//374
f 3247//375 3203//375 3202//375
f 3249//376 3206//376 3248//376
f 3248//377 3206//377 3205//377
f 3248//378 3205//378 3204//378
f 3250//379 3208//379 3249//379
f 3249//380 3208//380 3207//380
f 3249//381 3207//381 3206//381
f 3251//382 3210//382 3250//382
f 3250//383 3210//383 3209//383
f 3250//384 3209//384 3208//384
f 3252//385 3212//385 3251//385
f 3251//386 3212//386 3211//386
f 3251//387 3211//387 3210//387
f 3216//388 3215//388 3227//388
f 3227//389 3215//389 3214//389
f 3227//390 3214//390 3252//390
f 3252//391 3214//391 3213//391
f 3252//392 3213//392 3212//392
f 3240//106 3253//106 3241//106
f 3241//107 3253//107 3254//107
f 3241//108 3254//108 3242//108
f 3242//109 3254//109 3255//109
f 3242//110 3255//110 3243//110
f 3243//111 3255//111 3256//111
f 3243//112 3256//112 3244//112
f 3244//113 3256//113 3257//113
f 3244//114 3257//114 3245//114
f 3245//115 3257//115 3258//115
f 3245//116 3258//116 3246//116
f 3246//117 3258//117 3259//117
f 3246//118 3259//118 3247//118
f 3247//119 3259//119 3260//119
f 3247//120 3260//120 3248//120
f 3248//121 3260//121 3261//121
f 3248//122 3261//122 3249//122
f 3249//123 3261//123 3262//123
f 3249//124 3262//124 3250//124
f 3250//125 3262//125 3263//125
f 3250//126 3263//126 3251//126
f 3251//127 3263//127 3264//127
f 3251//128 3264//128 3252//128
f 3252//129 3264//129 3265//129
f 3252//130 3265//130 3227//130
f 3227//131 3265//131 3266//131
f 3227//132 3266//132 3228//132
f 3228//133 3266//133 3267//133
f 3228//134 3267//134 3229//134
f 3229//135 3267//135 3268//135
f 3229//136 3268//136 3230//136
f 3230//137 3268//137 3269//137
f 3230//138 3269//138 3231//138
f 3231//139 3269//139 3270//139
f 3231//140 3270//140 3232//140
f 3232//141 3270//141 3271//141
f 3232//142 3271//142 3233//142
f 3233//143 3271//143 3272//143
f 3233//144 3272//144 3234//144
f 3234//145 3272//145 3273//145
f 3234//146 3273//146 3235//146
f 3235//147 3273//147 3274//147
f 3235//148 3274//148 3236//148
f 3236//149 3274//149 3275//149
f 3236//150 3275//150 3237//150
f 3237//151 3275//151 3276//151
f 3237//152 3276//152 3238//152
f 3238//153 3276//153 3277//153
f 3238//154 3277//154 3239//154
f 3239//155 3277//155 3278//155
f 3239//156 3278//156 3240//156
f 3240//157 3278//157 3253//157
f 3279//2 3264//2 3280//2
f 3280//3 3264//3 3263//3
f 3280//4 3263//4 3281//4
f 3281//5 3263//5 3262//5
f 3281//6 3262//6 3282//6
f 3282//7 3262//7 3261//7
f 3282//8 3261//8 3283//8
f 3283//9 3261//9 3260//9
f 3283//10 3260//10 3284//10
f 3284//11 3260//11 3259//11
f 3284//12 3259//12 3285//12
f 3285//13 3259//13 3258//13
f 3285//14 3258//14 3286//14
f 3286//15 3258//15 3257//15
f 3286//16 3257//16 3287//16
f 3287//17 3257//17 3256//17
f 3287//18 3256//18 3288//18
f 3288//19 3256//19 3255//19
f 3288//20 3255//20 3289//20
f 3289//21 3255//21 3254//21
f 3289//22 3254//22 3290//22
f 3290//23 3254//23 3253//23
f 3290//24 3253//24 3291//24
f 3291//25 3253//25 3278//25
f 3291//26 3278//26 3292//26
f 3292//27 3278//27 3277//27
f 3292//28 3277//28 3293//28
f 3293//29 3277//29 3276//29
f 3293//30 3276//30 3294//30
f 3294//31 3276//31 3275//31
f 3294//32 3275//32 3295//32
f 3295//33 3275//33 3274//33
f 3295//34 3274//34 3296//34
f 3296//35 3274//35 3273//35
f 3296//36 3273//36 3297//36
f 3297//37 3273//37 3272//37
f 3297//38 3272//38 3298//38
f 3298//39 3272//39 3271//39
f 3298//40 3271//40 3299//40
f 3299//41 3271//41 3270//41
f 3299//42 3270//42 3300//42
f 3300//43 3270//43 3269//43
f 3300//44 3269//44 3301//44
f 3301//45 3269//45 3268//45
f 3301//46 3268//46 3302//46
f 3302//47 3268//47 3267//47
f 3302//48 3267//48 3303//48
f 3303//49 3267//49 3266//49
f 3303//50 3266//50 3304//50
f 3304//51 3266//51 3265//51
f 3304//52 3265//52 3279//52
f 3279//53 3265//53 3264//53
f 3305//54 3280//54 3306//54
f 3306//55 3280//55 3281//55
f 3306//56 3281//56 3307//56
f 3307//57 3281//57 3282//57
f 3307//58 3282//58 3308//58
f 3308//59 3282//59 3283//59
f 3308//60 3283//60 3309//60
f 3309//61 3283//61 3284//61
f 3309//62 3284//62 3310//62
f 3310//63 3284//63 3285//63
f 3310//64 3285//64 3311//64
f 3311//65 3285//65 3286//65
f 3311//66 3286//66 3312//66
f 3312//67 3286//67 3287//67
f 3312//68 3287//68 3313//68
f 3313//69 3287//69 3288//69
f 3313//70 3288//70 3314//70
f 3314//71 3288//71 3289//71
f 3314//72 3289//72 3315//72
f 3315//73 3289//73 3290//73
f 3315//74 3290//74 3316//74
f 3316//75 3290//75 3291//75
f 3316//76 3291//76 3317//76
f 3317//77 3291//77 3292//77
f 3317//78 3292//78 3318//78
f 3318//79 3292//79 3293//79
f 3318//80 3293//80 3319//80
f 3319//81 3293//81 3294//81
f 3319//82 3294//82 3320//82
f 3320//83 3294//83 3295//83
f 3320//84 3295//84 3321//84
f 3321//85 3295//85 3296//85
f 3321//86 3296//86 3322//86
f 3322//87 3296//87 3297//87
f 3322//88 3297//88 3323//88
f 3323//89 3297//89 3298//89
f 3323//90 3298//90 3324//90
f 3324//91 3298//91 3299//91
f 3324//92 3299//92 3325//92
f 3325//93 3299//93 3300//93
f 3325//94 3300//94 3326//94
f 3326//95 3300//95 3301//95
f 3326//96 3301//96 3327//96
f 3327//97 3301//97 3302//97
f 3327//98 3302//98 3328//98
f 3328//99 3302//99 3303//99
f 3328//100 3303//100 3329//100
f 3329//101 3303//101 3304//101
f 3329//102 3304//102 3330//102
f 3330//103 3304//103 3279//103
f 3330//104 3279//104 3305//104
f 3305//105 3279//105 3280//105
f 3318//106 3331//106 3317//106
f 3317//107 3331//107 3332//107
f 3317//108 3332//108 3316//108
f 3316//109 3332//109 3333//109
f 3316//110 3333//110 3315//110
f 3315//111 3333//111 3334//111
f 3315//112 3334//112 3314//112
f 3314//113 3334//113 3335//113
f 3314//114 3335//114 3313//114
f 3313//115 3335//115 3336//115
f 3313//116 3336//116 3312//116
f 3312//117 3336//117 3337//117
f 3312//118 3337//118 3311//118
f 3311//119 3337//119 3338//119
f 3311//120 3338//120 3310//120
f 3310//121 3338//121 3339//121
f 3310//122 3339//122 3309//122
f 3309//123 3339//123 3340//123
f 3309//124 3340//124 3308//124
f 3308//125 3340//125 3341//125
f 3308//126 3341//126 3307//126
f 3307//127 3341//127 3342//127
f 3307//128 3342//128 3306//128
f 3306//129 3342//129 3343//129
f 3306//130 3343//130 3305//130
f 3305//131 3343//131 3344//131
f 3305//132 3344//132 3330//132
f 3330//133 3344//133 3345//133
f 3330//134 3345//134 3329//134
f 3329//135 3345//135 3346//135
f 3329//136 3346//136 3328//136
f 3328//137 3346//137 3347//137
f 3328//138 3347//138 3327//138
f 3327//139 3347//139 3348//139
f 3327//140 3348//140 3326//140
f 3326//141 3348//141 3349//141
f 3326//142 3349//142 3325//142
f 3325//143 3349//143 3350//143
f 3325//144 3350//144 3324//144
f 3324//145 3350//145 3351//145
f 3324//146 3351//146 3323//146
f 3323//147 3351//147 3352//147
f 3323//148 3352//148 3322//148
f 3322//149 3352//149 3353//149
f 3322//150 3353//150 3321//150
f 3321//151 3353//151 3354//151
f 3321//152 3354//152 3320//152
f 3320//153 3354//153 3355//153
f 3320//154 3355//154 3319//154
f 3319//155 3355//155 3356//155
f 3319//156 3356//156 3318//156
f 3318//157 3356//157 3331//157
f 3357//2 3342//2 3358//2
f 3358//3 3342//3 3341//3
f 3358//4 3341//4 3359//4
f 3359//5 3341//5 3340//5
f 3359//6 3340//6 3360//6
f 3360//7 3340//7 3339//7
f 3360//8 3339//8 3361//8
f 3361//9 3339//9 3338//9
f 3361//10 3338//10 3362//10
f 3362//11 3338//11 3337//11
f 3362//12 3337//12 3363//12
f 3363//13 3337//13 3336//13
f 3363//14 3336//14 3364//14
f 3364//15 3336//15 3335//15
f 3364//16 3335//16 3365//16
f 3365//17 3335//17 3334//17
f 3365//18 3334//18 3366//18
f 3366//19 3334//19 3333//19
f 3366//20 3333//20 3367//20
f 3367//21 3333//21 3332//21
f 3367//22 3332//22 3368//22
f 3368//23 3332//23 3331//23
f 3368//24 3331//24 3369//24
f 3369//25 3331//25 3356//25
f 3369//26 3356//26 3370//26
f 3370//27 3356//27 3355//27
f 3370//28 3355//28 3371//28
f 3371//29 3355//29 3354//29
f 3371//30 3354//30 3372//30
f 3372//31 3354//31 3353//31
f 3372//32 3353//32 3373//32
f 3373//33 3353//33 3352//33
f 3373//34 3352//34 3374//34
f 3374//35 3352//35 3351//35
f 3374//36 3351//36 3375//36
f 3375//37 3351//37 3350//37
f 3375//38 3350//38 3376//38
f 3376//39 3350//39 3349//39
f 3376//40 3349//40 3377//40
f 3377//41 3349//41 3348//41
f 3377//42 3348//42 3378//42
f 3378//43 3348//43 3347//43
f 3378//44 3347//44 3379//44
f 3379//45 3347//45 3346//45
f 3379//46 3346//46 3380//46
f 3380//47 3346//47 3345//47
f 3380//48 3345//48 3381//48
f 3381//49 3345//49 3344//49
f 3381//50 3344//50 3382//50
f 3382//51 3344//51 3343//51
f 3382//52 3343//52 3357//52
f 3357//53 3343//53 3342//53
f 3383//54 3358//54 3384//54
f 3384//55 3358//55 3359//55
f 3384//56 3359//56 3385//56
f 3385//57 3359//57 3360//57
f 3385//58 3360//58 3386//58
f 3386//59 3360//59 3361//59
f 3386//60 3361//60 3387//60
f 3387//61 3361//61 3362//61
f 3387//62 3362//62 3388//62
f 3388//63 3362//63 3363//63
f 3388//64 3363//64 3389//64
f 3389//65 3363//65 3364//65
f 3389//66 3364//66 3390//66
f 3390//67 3364//67 3365//67
f 3390//68 3365//68 3391//68
f 3391//69 3365//69 3366//69
f 3391//70 3366//70 3392//70
f 3392//71 3366//71 3367//71
f 3392//72 3367//72 3393//72
f 3393//73 3367//73 3368//73
f 3393//74 3368//74 3394//74
f 3394//75 3368//75 3369//75
f 3394//76 3369//76 3395//76
f 3395//77 3369//77 3370//77
f 3395//78 3370//78 3396//78
f 3396//79 3370//79 3371//79
f 3396//80 3371//80 3397//80
f 3397//81 3371//81 3372//81
f 3397//82 3372//82 3398//82
f 3398//83 3372//83 3373//83
f 3398//84 3373//84 3399//84
f 3399//85 3373//85 3374//85
f 3399//86 3374//86 3400//86
f 3400//87 3374//87 3375//87
f 3400//88 3375//88 3401//88
f 3401//89 3375//89 3376//89
f 3401//90 3376//90 3402//90
f 3402//91 3376//91 3377//91
f 3402//92 3377//92 3403//92
f 3403//93 3377//93 3378//93
f 3403//94 3378//94 3404//94
f 3404//95 3378//95 3379//95
f 3404//96 3379//96 3405//96
f 3405//97 3379//97 3380//97
f 3405//98 3380//98 3406//98
f 3406//99 3380//99 3381//99
f 3406//100 3381//100 3407//100
f 3407//101 3381//101 3382//101
f 3407//102 3382//102 3408//102
f 3408//103 3382//103 3357//103
f 3408//104 3357//104 3383//104
f 3383//105 3357//105 3358//105
f 3396//106 3409//106 3395//106
f 3395//107 3409//107 3410//107
f 3395//108 3410//108 3394//108
f 3394//109 3410//109 3411//109
f 3394//110 3411//110 3393//110
f 3393//111 3411//111 3412//111
f 3393//112 3412//112 3392//112
f 3392//113 3412//113 3413//113
f 3392//114 3413//114 3391//114
f 3391//115 3413//115 3414//115
f 3391//116 3414//116 3390//116
f 3390//117 3414//117 3415//117
f 3390//118 3415//118 3389//118
f 3389//119 3415//119 3416//119
f 3389//120 3416//120 3388//120
f 3388//121 3416//121 3417//121
f 3388//122 3417//122 3387//122
f 3387//123 3417//123 3418//123
f 3387//124 3418//124 3386//124
f 3386//125 3418//125 3419//125
f 3386//126 3419//126 3385//126
f 3385//127 3419//127 3420//127
f 3385//128 3420//128 3384//128
f 3384//129 3420//129 3421//129
f 3384//130 3421//130 3383//130
f 3383//131 3421//131 3422//131
f 3383//132 3422//132 3408//132
f 3408//133 3422//133 3423//133
f 3408//134 3423//134 3407//134
f 3407//135 3423//135 3424//135
f 3407//136 3424//136 3406//136
f 3406//137 3424//137 3425//137
f 3406//138 3425//138 3405//138
f 3405//139 3425//139 3426//139
f 3405//140 3426//140 3404//140
f 3404//141 3426//141 3427//141
f 3404//142 3427//142 3403//142
f 3403//143 3427//143 3428//143
f 3403//144 3428//144 3402//144
f 3402//145 3428//145 3429//145
f 3402//146 3429//146 3401//146
f 3401//147 3429//147 3430//147
f 3401//148 3430//148 3400//148
f 3400//149 3430//149 3431//149
f 3400//150 3431//150 3399//150
f 3399//151 3431//151 3432//151
f 3399//152 3432//152 3398//152
f 3398//153 3432//153 3433//153
f 3398//154 3433//154 3397//154
f 3397//155 3433//155 3434//155
f 3397//156 3434//156 3396//156
f 3396//157 3434//157 3409//157
f 3435//2 3420//2 3436//2
f 3436//3 3420//3 3419//3
f 3436//4 3419//4 3437//4
f 3437//5 3419//5 3418//5
f 3437//6 3418//6 3438//6
f 3438//7 3418//7 3417//7
f 3438//8 3417//8 3439//8
f 3439//9 3417//9 3416//9
f 3439//10 3416//10 3440//10
f 3440//11 3416//11 3415//11
f 3440//12 3415//12 3441//12
f 3441//13 3415//13 3414//13
f 3441//14 3414//14 3442//14
f 3442//15 3414//15 3413//15
f 3442//16 3413//16 3443//16
f 3443//17 3413//17 3412//17
f 3443//18 3412//18 3444//18
f 3444//19 3412//19 3411//19
f 3444//20 3411//20 3445//20
f 3445//21 3411//21 3410//21
f 3445//22 3410//22 3446//22
f 3446//23 3410//23 3409//23
f 3446//24 3409//24 3447//24
f 3447//25 3409//25 3434//25
f 3447//26 3434//26 3448//26
f 3448//27 3434//27 3433//27
f 3448//28 3433//28 3449//28
f 3449//29 3433//29 3432//29
f 3449//30 3432//30 3450//30
f 3450//31 3432//31 3431//31
f 3450//32 3431//32 3451//32
f 3451//33 3431//33 3430//33
f 3451//34 3430//34 3452//34
f 3452//35 3430//35 3429//35
f 3452//36 3429//36 3453//36
f 3453//37 3429//37 3428//37
f 3453//38 3428//38 3454//38
f 3454//39 3428//39 3427//39
f 3454//40 3427//40 3455//40
f 3455//41 3427//41 3426//41
f 3455//42 3426//42 3456//42
f 3456//43 3426//43 3425//43
f 3456//44 3425//44 3457//44
f 3457//45 3425//45 3424//45
f 3457//46 3424//46 3458//46
f 3458//47 3424//47 3423//47
f 3458//48 3423//48 3459//48
f 3459//49 3423//49 3422//49
f 3459//50 3422//50 3460//50
f 3460//51 3422//51 3421//51
f 3460//52 3421//52 3435//52
f 3435//53 3421//53 3420//53
f 3461//54 3436//54 3462//54
f 3462//55 3436//55 3437//55
f 3462//56 3437//56 3463//56
f 3463//57 3437//57 3438//57
f 3463//58 3438//58 3464//58
f 3464//59 3438//59 3439//59
f 3464//60 3439//60 3465//60
f 3465//61 3439//61 3440//61
f 3465//62 3440//62 3466//62
f 3466//63 3440//63 3441//63
f 3466//64 3441//64 3467//64
f 3467//65 3441//65 3442//65
f 3467//66 3442//66 3468//66
f 3468//67 3442//67 3443//67
f 3468//68 3443//68 3469//68
f 3469//69 3443//69 3444//69
f 3469//70 3444//70 3470//70
f 3470//71 3444//71 3445//71
f 3470//72 3445//72 3471//72
f 3471//73 3445//73 3446//73
f 3471//74 3446//74 3472//74
f 3472//75 3446//75 3447//75
f 3472//76 3447//76 3473//76
f 3473//77 3447//77 3448//77
f 3473//78 3448//78 3474//78
f 3474//79 3448//79 3449//79
f 3474//80 3449//80 3475//80
f 3475//81 3449//81 3450//81
f 3475//82 3450//82 3476//82
f 3476//83 3450//83 3451//83
f 3476//84 3451//84 3477//84
f 3477//85 3451//85 3452//85
f 3477//86 3452//86 3478//86
f 3478//87 3452//87 3453//87
f 3478//88 3453//88 3479//88
f 3479//89 3453//89 3454//89
f 3479//90 3454//90 3480//90
f 3480//91 3454//91 3455//91
f 3480//92 3455//92 3481//92
f 3481//93 3455//93 3456//93
f 3481//94 3456//94 3482//94
f 3482//95 3456//95 3457//95
f 3482//96 3457//96 3483//96
f 3483//97 3457//97 3458//97
f 3483//98 3458//98 3484//98
f 3484//99 3458//99 3459//99
f 3484//100 3459//100 3485//100
f 3485//101 3459//101 3460//101
f 3485//102 3460//102 3486//102
f 3486//103 3460//103 3435//103
f 3486//104 3435//104 3461//104
f 3461//105 3435//105 3436//105
f 3474//106 3487//106 3473//106
f 3473//107 3487//107 3488//107
f 3473//108 3488//108 3472//108
f 3472//109 3488//109 3489//109
f 3472//110 3489//110 3471//110
f 3471//111 3489//111 3490//111
f 3471//112 3490//112 3470//112
f 3470//113 3490//113 3491//113
f 3470//114 3491//114 3469//114
f 3469//115 3491//115 3492//115
f 3469//116 3492//116 3468//116
f 3468//117 3492//117 3493//117
f 3468//118 3493//118 3467//118
f 3467//119 3493//119 3494//119
f 3467//120 3494//120 3466//120
f 3466//121 3494//121 3495//121
f 3466//122 3495//122 3465//122
f 3465//123 3495//123 3496//123
f 3465//124 3496//124 3464//124
f 3464//125 3496//125 3497//125
f 3464//126 3497//126 3463//126
f 3463//127 3497//127 3498//127
f 3463//128 3498//128 3462//128
f 3462//129 3498//129 3499//129
f 3462//130 3499//130 3461//130
f 3461//131 3499//131 3500//131
f 3461//132 3500//132 3486//132
f 3486//133 3500//133 3501//133
f 3486//134 3501//134 3485//134
f 3485//135 3501//135 3502//135
f 3485//136 3502//136 3484//136
f 3484//137 3502//137 3503//137
f 3484//138 3503//138 3483//138
f 3483//139 3503//139 3504//139
f 3483//140 3504//140 3482//140
f 3482//141 3504//141 3505//141
f 3482//142 3505//142 3481//142
f 3481//143 3505//143 3506//143
f 3481//144 3506//144 3480//144
f 3480//145 3506//145 3507//145
f 3480//146 3507//146 3479//146
f 3479//147 3507//147 3508//147
f 3479//148 3508//148 3478//148
f 3478//149 3508//149 3509//149
f 3478//150 3509//150 3477//150
f 3477//151 3509//151 3510//151
f 3477//152 3510//152 3476//152
f 3476//153 3510//153 3511//153
f 3476//154 3511//154 3475//154
f 3475//155 3511//155 3512//155
f 3475//156 3512//156 3474//156
f 3474//157 3512//157 3487//157
f 3513//2 3498//2 3514//2
f 3514//3 3498//3 3497//3
f 3514//4 3497//4 3515//4
f 3515//5 3497//5 3496//5
f 3515//6 3496//6 3516//6
f 3516//7 3496//7 3495//7
f 3516//8 3495//8 3517//8
f 3517//9 3495//9 3494//9
f 3517//10 3494//10 3518//10
f 3518//11 3494//11 3493//11
f 3518//12 3493//12 3519//12
f 3519//13 3493//13 3492//13
f 3519//14 3492//14 3520//14
f 3520//15 3492//15 3491//15
f 3520//16 3491//16 3521//16
f 3521//17 3491//17 3490//17
f 3521//18 3490//18 3522//18
f 3522//19 3490//19 3489//19
f 3522//20 3489//20 3523//20
f 3523//21 3489//21 3488//21
f 3523//22 3488//22 3524//22
f 3524//23 3488//23 3487//23
f 3524//24 3487//24 3525//24
f 3525//25 3487//25 3512//25
f 3525//26 3512//26 3526//26
f 3526//27 3512//27 3511//27
f 3526//28 3511//28 3527//28
f 3527//29 3511//29 3510//29
f 3527//30 3510//30 3528//30
f 3528//31 3510//31 3509//31
f 3528//32 3509//32 3529//32
f 3529//33 3509//33 3508//33
f 3529//34 3508//34 3530//34
f 3530//35 3508//35 3507//35
f 3530//36 3507//36 3531//36
f 3531//37 3507//37 3506//37
f 3531//38 3506//38 3532//38
f 3532//39 3506//39 3505//39
f 3532//40 3505//40 3533//40
f 3533//41 3505//41 3504//41
f 3533//42 3504//42 3534//42
f 3534//43 3504//43 3503//43
f 3534//44 3503//44 3535//44
f 3535//45 3503//45 3502//45
f 3535//46 3502//46 3536//46
f 3536//47 3502//47 3501//47
f 3536//48 3501//48 3537//48
f 3537//49 3501//49 3500//49
f 3537//50 3500//50 3538//50
f 3538//51 3500//51 3499//51
f 3538//52 3499//52 3513//52
f 3513//53 3499//53 3498//53
f 3539//54 3514//54 3540//54
f 3540//55 3514//55 3515//55
f 3540//56 3515//56 3541//56
f 3541//57 3515//57 3516//57
f 3541//58 3516//58 3542//58
f 3542//59 3516//59 3517//59
f 3542//60 3517//60 3543//60
f 3543//61 3517//61 3518//61
f 3543//62 3518//62 3544//62
f 3544//63 3518//63 3519//63
f 3544//64 3519//64 3545//64
f 3545//65 3519//65 3520//65
f 3545//66 3520//66 3546//66
f 3546//67 3520//67 3521//67
f 3546//68 3521//68 3547//68
f 3547//69 3521//69 3522//69
f 3547//70 3522//70 3548//70
f 3548//71 3522//71 3523//71
f 3548//72 3523//72 3549//72
f 3549//73 3523//73 3524//73
f 3549//74 3524//74 3550//74
f 3550//75 3524//75 3525//75
f 3550//76 3525//76 3551//76
f 3551//77 3525//77 3526//77
f 3551//78 3526//78 3552//78
f 3552//79 3526//79 3527//79
f 3552//80 3527//80 3553//80
f 3553//81 3527//81 3528//81
f 3553//82 3528//82 3554//82
f 3554//83 3528//83 3529//83
f 3554//84 3529//84 3555//84
f 3555//85 3529//85 3530//85
f 3555//86 3530//86 3556//86
f 3556//87 3530//87 3531//87
f 3556//88 3531//88 3557//88
f 3557//89 3531//89 3532//89
f 3557//90 3532//90 3558//90
f 3558//91 3532//91 3533//91
f 3558//92 3533//92 3559//92
f 3559//93 3533//93 3534//93
f 3559//94 3534//94 3560//94
f 3560//95 3534//95 3535//95
f 3560//96 3535//96 3561//96
f 3561//97 3535//97 3536//97
f 3561//98 3536//98 3562//98
f 3562//99 3536//99 3537//99
f 3562//100 3537//100 3563//100
f 3563//101 3537//101 3538//101
f 3563//102 3538//102 3564//102
f 3564//103 3538//103 3513//103
f 3564//104 3513//104 3539//104
f 3539//105 3513//105 3514//105
f 3552//106 3565//106 3551//106
f 3551//107 3565//107 3566//107
f 3551//108 3566//108 3550//108
f 3550//109 3566//109 3567//109
f 3550//110 3567//110 3549//110
f 3549//111 3567//111 3568//111
f 3549//112 3568//112 3548//112
f 3548//113 3568//113 3569//113
f 3548//114 3569//114 3547//114
f 3547//115 3569//115 3570//115
f 3547//116 3570//116 3546//116
f 3546//117 3570//117 3571//117
f 3546//118 3571//118 3545//118
f 3545//119 3571//119 3572//119
f 3545//120 3572//120 3544//120
f 3544//121 3572//121 3573//121
f 3544//122 3573//122 3543//122
f 3543//123 3573//123 3574//123
f 3543//124 3574//124 3542//124
f 3542//125 3574//125 3575//125
f 3542//126 3575//126 3541//126
f 3541//127 3575//127 3576//127
f 3541//128 3576//128 3540//128
f 3540//129 3576//129 3577//129
f 3540//130 3577//130 3539//130
f 3539//131 3577//131 3578//131
f 3539//132 3578//132 3564//132
f 3564//133 3578//133 3579//133
f 3564//134 3579//134 3563//134
f 3563//135 3579//135 3580//135
f 3563//136 3580//136 3562//136
f 3562//137 3580//137 3581//137
f 3562//138 3581//138 3561//138
f 3561//139 3581//139 3582//139
f 3561//140 3582//140 3560//140
f 3560//141 3582//141 3583//141
f 3560//142 3583//142 3559//142
f 3559//143 3583//143 3584//143
f 3559//144 3584//144 3558//144
f 3558//145 3584//145 3585//145
f 3558//146 3585//146 3557//146
f 3557//147 3585//147 3586//147
f 3557//148 3586//148 3556//148
f 3556//149 3586//149 3587//149
f 3556//150 3587//150 3555//150
f 3555//151 3587//151 3588//151
f 3555//152 3588//152 3554//152
f 3554//153 3588//153 3589//153
f 3554//154 3589//154 3553//154
f 3553//155 3589//155 3590//155
f 3553//156 3590//156 3552//156
f 3552//157 3590//157 3565//157
f 3591//2 3576//2 3592//2
f 3592//3 3576//3 3575//3
f 3592//4 3575//4 3593//4
f 3593//5 3575//5 3574//5
f 3593//6 3574//6 3594//6
f 3594//514 3574//514 3573//514
f 3594//8 3573//8 3595//8
f 3595//9 3573//9 3572//9
f 3595//10 3572//10 3596//10
f 3596//11 3572//11 3571//11
f 3596//12 3571//12 3597//12
f 3597//13 3571//13 3570//13
f 3597//14 3570//14 3598//14
f 3598//15 3570//15 3569//15
f 3598//16 3569//16 3599//16
f 3599//17 3569//17 3568//17
f 3599//18 3568//18 3600//18
f 3600//19 3568//19 3567//19
f 3600//20 3567//20 3601//20
f 3601//21 3567//21 3566//21
f 3601//22 3566//22 3602//22
f 3602//23 3566//23 3565//23
f 3602//24 3565//24 3603//24
f 3603//25 3565//25 3590//25
f 3603//26 3590//26 3604//26
f 3604//27 3590//27 3589//27
f 3604//28 3589//28 3605//28
f 3605//29 3589//29 3588//29
f 3605//30 3588//30 3606//30
f 3606//31 3588//31 3587//31
f 3606//32 3587//32 3607//32
f 3607//522 3587//522 3586//522
f 3607//34 3586//34 3608//34
f 3608//35 3586//35 3585//35
f 3608//36 3585//36 3609//36
f 3609//37 3585//37 3584//37
f 3609//38 3584//38 3610//38
f 3610//39 3584//39 3583//39
f 3610//40 3583//40 3611//40
f 3611//41 3583//41 3582//41
f 3611//42 3582//42 3612//42
f 3612//43 3582//43 3581//43
f 3612//44 3581//44 3613//44
f 3613//45 3581//45 3580//45
f 3613//46 3580//46 3614//46
f 3614//47 3580//47 3579//47
f 3614//48 3579//48 3615//48
f 3615//49 3579//49 3578//49
f 3615//50 3578//50 3616//50
f 3616//51 3578//51 3577//51
f 3616//52 3577//52 3591//52
f 3591//53 3577//53 3576//53
f 3617//54 3592//54 3618//54
f 3618//55 3592//55 3593//55
f 3618//56 3593//56 3619//56
f 3619//57 3593//57 3594//57
f 3619//58 3594//58 3620//58
f 3620//59 3594//59 3595//59
f 3620//60 3595//60 3621//60
f 3621//61 3595//61 3596//61
f 3621//62 3596//62 3622//62
f 3622//63 3596//63 3597//63
f 3622//64 3597//64 3623//64
f 3623//65 3597//65 3598//65
f 3623//66 3598//66 3624//66
f 3624//67 3598//67 3599//67
f 3624//68 3599//68 3625//68
f 3625//69 3599//69 3600//69
f 3625//70 3600//70 3626//70
f 3626//71 3600//71 3601//71
f 3626//72 3601//72 3627//72
f 3627//73 3601//73 3602//73
f 3627//74 3602//74 3628//74
f 3628//75 3602//75 3603//75
f 3628//76 3603//76 3629//76
f 3629//77 3603//77 3604//77
f 3629//78 3604//78 3630//78
f 3630//79 3604//79 3605//79
f 3630//80 3605//80 3631//80
f 3631//81 3605//81 3606//81
f 3631//82 3606//82 3632//82
f 3632//83 3606//83 3607//83
f 3632//84 3607//84 3633//84
f 3633//85 3607//85 3608//85
f 3633//86 3608//86 3634//86
f 3634//87 3608//87 3609//87
f 3634//88 3609//88 3635//88
f 3635//89 3609//89 3610//89
f 3635//90 3610//90 3636//90
f 3636//91 3610//91 3611//91
f 3636//92 3611//92 3637//92
f 3637//93 3611//93 3612//93
f 3637//94 3612//94 3638//94
f 3638//95 3612//95 3613//95
f 3638//96 3613//96 3639//96
f 3639//97 3613//97 3614//97
f 3639//98 3614//98 3640//98
f 3640//99 3614//99 3615//99
f 3640//100 3615//100 3641//100
f 3641//101 3615//101 3616//101
f 3641//102 3616//102 3642//102
f 3642//103 3616//103 3591//103
f 3642//104 3591//104 3617//104
f 3617//105 3591//105 3592//105
f 3630//106 3643//106 3629//106
f 3629//107 3643//107 3644//107
f 3629//108 3644//108 3628//108
f 3628//109 3644//109 3645//109
f 3628//110 3645//110 3627//110
f 3627//111 3645//111 3646//111
f 3627//112 3646//112 3626//112
f 3626//113 3646//113 3647//113
f 3626//114 3647//114 3625//114
f 3625//115 3647//115 3648//115
f 3625//116 3648//116 3624//116
f 3624//117 3648//117 3649//117
f 3624//118 3649//118 3623//118
f 3623//119 3649//119 3650//119
f 3623//120 3650//120 3622//120
f 3622//121 3650//121 3651//121
f 3622//122 3651//122 3621//122
f 3621//123 3651//123 3652//123
f 3621//124 3652//124 3620//124
f 3620//125 3652//125 3653//125
f 3620//126 3653//126 3619//126
f 3619//127 3653//127 3654//127
f 3619//128 3654//128 3618//128
f 3618//129 3654//129 3655//129
f 3618//130 3655//130 3617//130
f 3617//131 3655//131 3656//131
f 3617//132 3656//132 3642//132
f 3642//133 3656//133 3657//133
f 3642//134 3657//134 3641//134
f 3641//135 3657//135 3658//135
f 3641//136 3658//136 3640//136
f 3640//137 3658//137 3659//137
f 3640//138 3659//138 3639//138
f 3639//139 3659//139 3660//139
f 3639//140 3660//140 3638//140
f 3638//141 3660//141 3661//141
f 3638//142 3661//142 3637//142
f 3637//143 3661//143 3662//143
f 3637//144 3662//144 3636//144
f 3636//145 3662//145 3663//145
f 3636//146 3663//146 3635//146
f 3635//147 3663//147 3664//147
f 3635//148 3664//148 3634//148
f 3634//149 3664//149 3665//149
f 3634//150 3665//150 3633//150
f 3633//151 3665//151 3666//151
f 3633//152 3666//152 3632//152
f 3632//153 3666//153 3667//153
f 3632//154 3667//154 3631//154
f 3631//155 3667//155 3668//155
f 3631//156 3668//156 3630//156
f 3630//157 3668//157 3643//157
f 3669//2 3654//2 3670//2
f 3670//3 3654//3 3653//3
f 3670//4 3653//4 3671//4
f 3671//5 3653//5 3652//5
f 3671//6 3652//6 3672//6
f 3672//7 3652//7 3651//7
f 3672//8 3651//8 3673//8
f 3673//9 3651//9 3650//9
f 3673//10 3650//10 3674//10
f 3674//11 3650//11 3649//11
f 3674//12 3649//12 3675//12
f 3675//13 3649//13 3648//13
f 3675//14 3648//14 3676//14
f 3676//15 3648//15 3647//15
f 3676//16 3647//16 3677//16
f 3677//17 3647//17 3646//17
f 3677//18 3646//18 3678//18
f 3678//19 3646//19 3645//19
f 3678//20 3645//20 3679//20
f 3679//21 3645//21 3644//21
f 3679//22 3644//22 3680//22
f 3680//23 3644//23 3643//23
f 3680//24 3643//24 3681//24
f 3681//25 3643//25 3668//25
f 3681//26 3668//26 3682//26
f 3682//27 3668//27 3667//27
f 3682//28 3667//28 3683//28
f 3683//29 3667//29 3666//29
f 3683//30 3666//30 3684//30
f 3684//31 3666//31 3665//31
f 3684//32 3665//32 3685//32
f 3685//33 3665//33 3664//33
f 3685//34 3664//34 3686//34
f 3686//35 3664//35 3663//35
f 3686//36 3663//36 3687//36
f 3687//37 3663//37 3662//37
f 3687//38 3662//38 3688//38
f 3688//39 3662//39 3661//39
f 3688//40 3661//40 3689//40
f 3689//41 3661//41 3660//41
f 3689//42 3660//42 3690//42
f 3690//43 3660//43 3659//43
f 3690//44 3659//44 3691//44
f 3691//45 3659//45 3658//45
f 3691//46 3658//46 3692//46
f 3692//47 3658//47 3657//47
f 3692//48 3657//48 3693//48
f 3693//49 3657//49 3656//49
f 3693//50 3656//50 3694//50
f 3694//51 3656//51 3655//51
f 3694//52 3655//52 3669//52
f 3669//53 3655//53 3654//53
f 3695//54 3670//54 3696//54
f 3696//55 3670//55 3671//55
f 3696//56 3671//56 3697//56
f 3697//57 3671//57 3672//57
f 3697//58 3672//58 3698//58
f 3698//59 3672//59 3673//59
f 3698//60 3673//60 3699//60
f 3699//61 3673//61 3674//61
f 3699//62 3674//62 3700//62
f 3700//63 3674//63 3675//63
f 3700//64 3675//64 3701//64
f 3701//65 3675//65 3676//65
f 3701//66 3676//66 3702//66
f 3702//67 3676//67 3677//67
f 3702//68 3677//68 3703//68
f 3703//69 3677//69 3678//69
f 3703//70 3678//70 3704//70
f 3704//71 3678//71 3679//71
f 3704//72 3679//72 3705//72
f 3705//73 3679//73 3680//73
f 3705//74 3680//74 3706//74
f 3706//75 3680//75 3681//75
f 3706//76 3681//76 3707//76
f 3707//77 3681//77 3682//77
f 3707//78 3682//78 3708//78
f 3708//79 3682//79 3683//79
f 3708//80 3683//80 3709//80
f 3709//81 3683//81 3684//81
f 3709//82 3684//82 3710//82
f 3710//83 3684//83 3685//83
f 3710//84 3685//84 3711//84
f 3711//85 3685//85 3686//85
f 3711//86 3686//86 3712//86
f 3712//87 3686//87 3687//87
f 3712//88 3687//88 3713//88
f 3713//89 3687//89 3688//89
f 3713//90 3688//90 3714//90
f 3714//91 3688//91 3689//91
f 3714//92 3689//92 3715//92
f 3715//93 3689//93 3690//93
f 3715//94 3690//94 3716//94
f 3716//95 3690//95 3691//95
f 3716//96 3691//96 3717//96
f 3717//97 3691//97 3692//97
f 3717//98 3692//98 3718//98
f 3718//99 3692//99 3693//99
f 3718//100 3693//100 3719//100
f 3719//101 3693//101 3694//101
f 3719//102 3694//102 3720//102
f 3720//103 3694//103 3669//103
f 3720//104 3669//104 3695//104
f 3695//105 3669//105 3670//105
f 3708//155 3709//155 3721//155
f 3710//151 3711//151 3722//151
f 3722//158 3723//158 3710//158
f 3710//159 3723//159 3724//159
f 3710//153 3724//153 3709//153
f 3709//160 3724//160 3725//160
f 3709//161 3725//161 3721//161
f 3712//147 3713//147 3726//147
f 3726//162 3727//162 3712//162
f 3712//163 3727//163 3728//163
f 3712//149 3728//149 3711//149
f 3711//164 3728//164 3729//164
f 3711//165 3729//165 3722//165
f 3714//143 3715//143 3730//143
f 3730//166 3731//166 3714//166
f 3714//167 3731//167 3732//167
f 3714//145 3732//145 3713//145
f 3713//168 3732//168 3733//168
f 3713//169 3733//169 3726//169
f 3716//170 3717//170 3734//170
f 3734//171 3735//171 3716//171
f 3716//172 3735//172 3736//172
f 3716//141 3736//141 3715//141
f 3715//173 3736//173 3737//173
f 3715//174 3737//174 3730//174
f 3718//135 3719//135 3738//135
f 3738//175 3739//175 3718//175
f 3718//176 3739//176 3740//176
f 3718//137 3740//137 3717//137
f 3717//177 3740//177 3741//177
f 3717//178 3741//178 3734//178
f 3720//131 3695//131 3742//131
f 3742//179 3743//179 3720//179
f 3720//180 3743//180 3744//180
f 3720//133 3744//133 3719//133
f 3719//181 3744//181 3745//181
f 3719//182 3745//182 3738//182
f 3696//127 3697//127 3746//127
f 3746//183 3747//183 3696//183
f 3696//184 3747//184 3748//184
f 3696//129 3748//129 3695//129
f 3695//185 3748//185 3749//185
f 3695//186 3749//186 3742//186
f 3698//123 3699//123 3750//123
f 3750//187 3751//187 3698//187
f 3698//188 3751//188 3752//188
f 3698//125 3752//125 3697//125
f 3697//189 3752//189 3753//189
f 3697//190 3753//190 3746//190
f 3700//119 3701//119 3754//119
f 3754//191 3755//191 3700//191
f 3700//192 3755//192 3756//192
f 3700//121 3756//121 3699//121
f 3699//193 3756//193 3757//193
f 3699//194 3757//194 3750//194
f 3702//115 3703//115 3758//115
f 3758//195 3759//195 3702//195
f 3702//196 3759//196 3760//196
f 3702//117 3760//117 3701//117
f 3701//197 3760//197 3761//197
f 3701//198 3761//198 3754//198
f 3704//111 3705//111 3762//111
f 3762//199 3763//199 3704//199
f 3704//200 3763//200 3764//200
f 3704//113 3764//113 3703//113
f 3703//201 3764//201 3765//201
f 3703//202 3765//202 3758//202
f 3706//107 3707//107 3766//107
f 3766//203 3767//203 3706//203
f 3706//204 3767//204 3768//204
f 3706//109 3768//109 3705//109
f 3705//205 3768//205 3769//205
f 3705//206 3769//206 3762//206
f 3721//207 3770//207 3708//207
f 3708//208 3770//208 3771//208
f 3708//157 3771//157 3707//157
f 3707//209 3771//209 3772//209
f 3707//210 3772//210 3766//210
f 3730//211 3773//211 3731//211
f 3731//212 3773//212 3774//212
f 3731//213 3774//213 3732//213
f 3732//214 3774//214 3775//214
f 3732//215 3775//215 3733//215
f 3733//216 3775//216 3776//216
f 3733//217 3776//217 3726//217
f 3726//218 3776//218 3777//218
f 3726//219 3777//219 3727//219
f 3727//220 3777//220 3778//220
f 3727//221 3778//221 3728//221
f 3728//222 3778//222 3779//222
f 3728//223 3779//223 3729//223
f 3729//224 3779//224 3780//224
f 3729//225 3780//225 3722//225
f 3722//226 3780//226 3781//226
f 3722//227 3781//227 3723//227
f 3723//228 3781//228 3782//228
f 3723//229 3782//229 3724//229
f 3724//230 3782//230 3783//230
f 3724//231 3783//231 3725//231
f 3725//232 3783//232 3784//232
f 3725//233 3784//233 3721//233
f 3721//234 3784//234 3785//234
f 3721//235 3785//235 3770//235
f 3770//236 3785//236 3786//236
f 3770//237 3786//237 3771//237
f 3771//238 3786//238 3787//238
f 3771//239 3787//239 3772//239
f 3772//240 3787//240 3788//240
f 3772//241 3788//241 3766//241
f 3766//242 3788//242 3789//242
f 3766//243 3789//243 3767//243
f 3767//244 3789//244 3790//244
f 3767//245 3790//245 3768//245
f 3768//246 3790//246 3791//246
f 3768//247 3791//247 3769//247
f 3769//248 3791//248 3792//248
f 3769//249 3792//249 3762//249
f 3762//250 3792//250 3793//250
f 3762//251 3793//251 3763//251
f 3763//252 3793//252 3794//252
f 3763//253 3794//253 3764//253
f 3764//254 3794//254 3795//254
f 3764//255 3795//255 3765//255
f 3765//256 3795//256 3796//256
f 3765//257 3796//257 3758//257
f 3758//258 3796//258 3797//258
f 3758//259 3797//259 3759//259
f 3759//260 3797//260 3798//260
f 3759//261 3798//261 3760//261
f 3760//262 3798//262 3799//262
f 3760//263 3799//263 3761//263
f 3761//264 3799//264 3800//264
f 3761//265 3800//265 3754//265
f 3754//266 3800//266 3801//266
f 3754//267 3801//267 3755//267
f 3755//268 3801//268 3802//268
f 3755//269 3802//269 3756//269
f 3756//270 3802//270 3803//270
f 3756//271 3803//271 3757//271
f 3757//272 3803//272 3804//272
f 3757//273 3804//273 3750//273
f 3750//274 3804//274 3805//274
f 3750//275 3805//275 3751//275
f 3751//276 3805//276 3806//276
f 3751//277 3806//277 3752//277
f 3752//278 3806//278 3807//278
f 3752//279 3807//279 3753//279
f 3753//280 3807//280 3808//280
f 3753//281 3808//281 3746//281
f 3746//282 3808//282 3809//282
f 3746//283 3809//283 3747//283
f 3747//284 3809//284 3810//284
f 3747//285 3810//285 3748//285
f 3748//286 3810//286 3811//286
f 3748//287 3811//287 3749//287
f 3749//288 3811//288 3812//288
f 3749//289 3812//289 3742//289
f 3742//290 3812//290 3813//290
f 3742//291 3813//291 3743//291
f 3743//292 3813//292 3814//292
f 3743//293 3814//293 3744//293
f 3744//294 3814//294 3815//294
f 3744//295 3815//295 3745//295
f 3745//296 3815//296 3816//296
f 3745//297 3816//297 3738//297
f 3738//298 3816//298 3817//298
f 3738//299 3817//299 3739//299
f 3739//300 3817//300 3818//300
f 3739//301 3818//301 3740//301
f 3740//302 3818//302 3819//302
f 3740//303 3819//303 3741//303
f 3741//304 3819//304 3820//304
f 3741//305 3820//305 3734//305
f 3734//306 3820//306 3821//306
f 3734//307 3821//307 3735//307
f 3735//308 3821//308 3822//308
f 3735//309 3822//309 3736//309
f 3736//310 3822//310 3823//310
f 3736//311 3823//311 3737//311
f 3737//312 3823//312 3824//312
f 3737//313 3824//313 3730//313
f 3730//314 3824//314 3773//314
f 3825//315 3826//315 3814//315
f 3827//316 3816//316 3826//316
f 3826//317 3816//317 3815//317
f 3826//318 3815//318 3814//318
f 3828//319 3818//319 3827//319
f 3827//320 3818//320 3817//320
f 3827//321 3817//321 3816//321
f 3829//322 3820//322 3828//322
f 3828//323 3820//323 3819//323
f 3828//324 3819//324 3818//324
f 3830//325 3822//325 3829//325
f 3829//326 3822//326 3821//326
f 3829//327 3821//327 3820//327
f 3831//328 3824//328 3830//328
f 3830//329 3824//329 3823//329
f 3830//330 3823//330 3822//330
f 3832//331 3774//331 3831//331
f 3831//332 3774//332 3773//332
f 3831//333 3773//333 3824//333
f 3833//334 3776//334 3832//334
f 3832//335 3776//335 3775//335
f 3832//336 3775//336 3774//336
f 3834//337 3778//337 3833//337
f 3833//338 3778//338 3777//338
f 3833//339 3777//339 3776//339
f 3835//340 3780//340 3834//340
f 3834//341 3780//341 3779//341
f 3834//342 3779//342 3778//342
f 3836//343 3782//343 3835//343
f 3835//344 3782//344 3781//344
f 3835//345 3781//345 3780//345
f 3837//346 3784//346 3836//346
f 3836//347 3784//347 3783//347
f 3836//348 3783//348 3782//348
f 3838//349 3786//349 3837//349
f 3837//350 3786//350 3785//350
f 3837//351 3785//351 3784//351
f 3839//352 3788//352 3838//352
f 3838//353 3788//353 3787//353
f 3838//354 3787//354 3786//354
f 3840//355 3790//355 3839//355
f 3839//356 3790//356 3789//356
f 3839//357 3789//357 3788//357
f 3841//358 3792//358 3840//358
f 3840//359 3792//359 3791//359
f 3840//360 3791//360 3790//360
f 3842//361 3794//361 3841//361
f 3841//362 3794//362 3793//362
f 3841//363 3793//363 3792//363
f 3843//364 3796//364 3842//364
f 3842//365 3796//365 3795//365
f 3842//366 3795//366 3794//366
f 3844//367 3798//367 3843//367
f 3843//368 3798//368 3797//368
f 3843//369 3797//369 3796//369
f 3845//370 3800//370 3844//370
f 3844//371 3800//371 3799//371
f 3844//372 3799//372 3798//372
f 3846//373 3802//373 3845//373
f 3845//374 3802//374 3801//374
f 3845//375 3801//375 3800//375
f 3847//376 3804//376 3846//376
f 3846//377 3804//377 3803//377
f 3846//378 3803//378 3802//378
f 3848//379 3806//379 3847//379
f 3847//380 3806//380 3805//380
f 3847//381 3805//381 3804//381
f 3849//382 3808//382 3848//382
f 3848//383 3808//383 3807//383
f 3848//384 3807//384 3806//384
f 3850//385 3810//385 3849//385
f 3849//386 3810//386 3809//386
f 3849//387 3809//387 3808//387
f 3814//388 3813//388 3825//388
f 3825//389 3813//389 3812//389
f 3825//390 3812//390 3850//390
f 3850//391 3812//391 3811//391
f 3850//392 3811//392 3810//392
f 3838//155 3837//155 3851//155
f 3836//151 3835//151 3852//151
f 3852//158 3853//158 3836//158
f 3836//159 3853//159 3854//159
f 3836//153 3854//153 3837//153
f 3837//160 3854//160 3855//160
f 3837//161 3855//161 3851//161
f 3834//147 3833//147 3856//147
f 3856//162 3857//162 3834//162
f 3834//163 3857//163 3858//163
f 3834//149 3858//149 3835//149
f 3835//164 3858//164 3859//164
f 3835//165 3859//165 3852//165
f 3832//143 3831//143 3860//143
f 3860//166 3861//166 3832//166
f 3832//167 3861//167 3862//167
f 3832//145 3862//145 3833//145
f 3833//168 3862//168 3863//168
f 3833//169 3863//169 3856//169
f 3830//170 3829//170 3864//170
f 3864//171 3865//171 3830//171
f 3830//172 3865//172 3866//172
f 3830//141 3866//141 3831//141
f 3831//173 3866//173 3867//173
f 3831//174 3867//174 3860//174
f 3828//135 3827//135 3868//135
f 3868//175 3869//175 3828//175
f 3828//176 3869//176 3870//176
f 3828//137 3870//137 3829//137
f 3829//177 3870//177 3871//177
f 3829//178 3871//178 3864//178
f 3826//131 3825//131 3872//131
f 3872//179 3873//179 3826//179
f 3826//180 3873//180 3874//180
f 3826//133 3874//133 3827//133
f 3827//181 3874//181 3875//181
f 3827//182 3875//182 3868//182
f 3850//127 3849//127 3876//127
f 3876//183 3877//183 3850//183
f 3850//184 3877//184 3878//184
f 3850//129 3878//129 3825//129
f 3825//185 3878//185 3879//185
f 3825//186 3879//186 3872//186
f 3848//123 3847//123 3880//123
f 3880//187 3881//187 3848//187
f 3848//188 3881//188 3882//188
f 3848//125 3882//125 3849//125
f 3849//189 3882//189 3883//189
f 3849//190 3883//190 3876//190
f 3846//119 3845//119 3884//119
f 3884//191 3885//191 3846//191
f 3846//192 3885//192 3886//192
f 3846//121 3886//121 3847//121
f 3847//193 3886//193 3887//193
f 3847//194 3887//194 3880//194
f 3844//115 3843//115 3888//115
f 3888//195 3889//195 3844//195
f 3844//196 3889//196 3890//196
f 3844//117 3890//117 3845//117
f 3845//197 3890//197 3891//197
f 3845//198 3891//198 3884//198
f 3842//111 3841//111 3892//111
f 3892//199 3893//199 3842//199
f 3842//200 3893//200 3894//200
f 3842//113 3894//113 3843//113
f 3843//201 3894//201 3895//201
f 3843//202 3895//202 3888//202
f 3840//107 3839//107 3896//107
f 3896//203 3897//203 3840//203
f 3840//204 3897//204 3898//204
f 3840//109 3898//109 3841//109
f 3841//205 3898//205 3899//205
f 3841//206 3899//206 3892//206
f 3851//207 3900//207 3838//207
f 3838//208 3900//208 3901//208
f 3838//157 3901//157 3839//157
f 3839//209 3901//209 3902//209
f 3839//210 3902//210 3896//210
f 3860//211 3903//211 3861//211
f 3861//212 3903//212 3904//212
f 3861//213 3904//213 3862//213
f 3862//214 3904//214 3905//214
f 3862//215 3905//215 3863//215
f 3863//216 3905//216 3906//216
f 3863//217 3906//217 3856//217
f 3856//218 3906//218 3907//218
f 3856//219 3907//219 3857//219
f 3857//220 3907//220 3908//220
f 3857//221 3908//221 3858//221
f 3858//222 3908//222 3909//222
f 3858//500 3909//500 3859//500
f 3859//224 3909//224 3910//224
f 3859//523 3910//523 3852//523
f 3852//524 3910//524 3911//524
f 3852//227 3911//227 3853//227
f 3853//228 3911//228 3912//228
f 3853//229 3912//229 3854//229
f 3854//230 3912//230 3913//230
f 3854//231 3913//231 3855//231
f 3855//232 3913//232 3914//232
f 3855//233 3914//233 3851//233
f 3851//234 3914//234 3915//234
f 3851//235 3915//235 3900//235
f 3900//236 3915//236 3916//236
f 3900//237 3916//237 3901//237
f 3901//238 3916//238 3917//238
f 3901//239 3917//239 3902//239
f 3902//240 3917//240 3918//240
f 3902//241 3918//241 3896//241
f 3896//242 3918//242 3919//242
f 3896//243 3919//243 3897//243
f 3897//244 3919//244 3920//244
f 3897//245 3920//245 3898//245
f 3898//246 3920//246 3921//246
f 3898//247 3921//247 3899//247
f 3899//248 3921//248 3922//248
f 3899//525 3922//525 3892//525
f 3892//250 3922//250 3923//250
f 3892//506 3923//506 3893//506
f 3893//526 3923//526 3924//526
f 3893//253 3924//253 3894//253
f 3894//254 3924//254 3925//254
f 3894//255 3925//255 3895//255
f 3895//256 3925//256 3926//256
f 3895//257 3926//257 3888//257
f 3888//258 3926//258 3927//258
f 3888//259 3927//259 3889//259
f 3889//260 3927//260 3928//260
f 3889//261 3928//261 3890//261
f 3890//262 3928//262 3929//262
f 3890//263 3929//263 3891//263
f 3891//264 3929//264 3930//264
f 3891//265 3930//265 3884//265
f 3884//266 3930//266 3931//266
f 3884//267 3931//267 3885//267
f 3885//268 3931//268 3932//268
f 3885//269 3932//269 3886//269
f 3886//270 3932//270 3933//270
f 3886//271 3933//271 3887//271
f 3887//272 3933//272 3934//272
f 3887//273 3934//273 3880//273
f 3880//274 3934//274 3935//274
f 3880//516 3935//516 3881//516
f 3881//276 3935//276 3936//276
f 3881//527 3936//527 3882//527
f 3882//528 3936//528 3937//528
f 3882//279 3937//279 3883//279
f 3883//280 3937//280 3938//280
f 3883//281 3938//281 3876//281
f 3876//282 3938//282 3939//282
f 3876//283 3939//283 3877//283
f 3877//284 3939//284 3940//284
f 3877//285 3940//285 3878//285
f 3878//286 3940//286 3941//286
f 3878//287 3941//287 3879//287
f 3879//288 3941//288 3942//288
f 3879//289 3942//289 3872//289
f 3872//290 3942//290 3943//290
f 3872//291 3943//291 3873//291
f 3873//292 3943//292 3944//292
f 3873//293 3944//293 3874//293
f 3874//294 3944//294 3945//294
f 3874//295 3945//295 3875//295
f 3875//296 3945//296 3946//296
f 3875//297 3946//297 3868//297
f 3868//298 3946//298 3947//298
f 3868//299 3947//299 3869//299
f 3869//300 3947//300 3948//300
f 3869//529 3948//529 3870//529
f 3870//302 3948//302 3949//302
f 3870//491 3949//491 3871//491
f 3871//530 3949//530 3950//530
f 3871//305 3950//305 3864//305
f 3864//306 3950//306 3951//306
f 3864//307 3951//307 3865//307
f 3865//308 3951//308 3952//308
f 3865//309 3952//309 3866//309
f 3866//310 3952//310 3953//310
f 3866//311 3953//311 3867//311
f 3867//312 3953//312 3954//312
f 3867//313 3954//313 3860//313
f 3860//314 3954//314 3903//314
f 3942//531 3955//531 3943//531
f 3943//389 3955//389 3956//389
f 3943//388 3956//388 3944//388
f 3944//532 3956//532 3957//532
f 3944//533 3957//533 3945//533
f 3945//318 3957//318 3958//318
f 3945//317 3958//317 3946//317
f 3946//534 3958//534 3959//534
f 3946//535 3959//535 3947//535
f 3947//321 3959//321 3960//321
f 3947//320 3960//320 3948//320
f 3948//536 3960//536 3961//536
f 3948//537 3961//537 3949//537
f 3949//324 3961//324 3962//324
f 3949//323 3962//323 3950//323
f 3950//538 3962//538 3963//538
f 3950//539 3963//539 3951//539
f 3951//394 3963//394 3964//394
f 3951//326 3964//326 3952//326
f 3952//540 3964//540 3965//540
f 3952//541 3965//541 3953//541
f 3953//330 3965//330 3966//330
f 3953//395 3966//395 3954//395
f 3954//542 3966//542 3967//542
f 3954//543 3967//543 3903//543
f 3903//333 3967//333 3968//333
f 3903//332 3968//332 3904//332
f 3904//544 3968//544 3969//544
f 3904//545 3969//545 3905//545
f 3905//336 3969//336 3970//336
f 3905//335 3970//335 3906//335
f 3906//546 3970//546 3971//546
f 3906//547 3971//547 3907//547
f 3907//396 3971//396 3972//396
f 3907//338 3972//338 3908//338
f 3908//548 3972//548 3973//548
f 3908//549 3973//549 3909//549
f 3909//342 3973//342 3974//342
f 3909//397 3974//397 3910//397
f 3910//550 3974//550 3975//550
f 3910//551 3975//551 3911//551
f 3911//345 3975//345 3976//345
f 3911//344 3976//344 3912//344
f 3912//552 3976//552 3977//552
f 3912//553 3977//553 3913//553
f 3913//348 3977//348 3978//348
f 3913//347 3978//347 3914//347
f 3914//554 3978//554 3979//554
f 3914//555 3979//555 3915//555
f 3915//351 3979//351 3980//351
f 3915//350 3980//350 3916//350
f 3916//556 3980//556 3981//556
f 3916//557 3981//557 3917//557
f 3917//354 3981//354 3982//354
f 3917//353 3982//353 3918//353
f 3918//558 3982//558 3983//558
f 3918//559 3983//559 3919//559
f 3919//357 3983//357 3984//357
f 3919//356 3984//356 3920//356
f 3920//560 3984//560 3985//560
f 3920//561 3985//561 3921//561
f 3921//360 3985//360 3986//360
f 3921//359 3986//359 3922//359
f 3922//562 3986//562 3987//562
f 3922//563 3987//563 3923//563
f 3923//363 3987//363 3988//363
f 3923//362 3988//362 3924//362
f 3924//564 3988//564 3989//564
f 3924//565 3989//565 3925//565
f 3925//400 3989//400 3990//400
f 3925//365 3990//365 3926//365
f 3926//566 3990//566 3991//566
f 3926//567 3991//567 3927//567
f 3927//369 3991//369 3992//369
f 3927//401 3992//401 3928//401
f 3928//568 3992//568 3993//568
f 3928//569 3993//569 3929//569
f 3929//372 3993//372 3994//372
f 3929//371 3994//371 3930//371
f 3930//570 3994//570 3995//570
f 3930//571 3995//571 3931//571
f 3931//375 3995//375 3996//375
f 3931//374 3996//374 3932//374
f 3932//572 3996//572 3997//572
f 3932//573 3997//573 3933//573
f 3933//402 3997//402 3998//402
f 3933//377 3998//377 3934//377
f 3934//574 3998//574 3999//574
f 3934//575 3999//575 3935//575
f 3935//381 3999//381 4000//381
f 3935//403 4000//403 3936//403
f 3936//576 4000//576 4001//576
f 3936//577 4001//577 3937//577
f 3937//384 4001//384 4002//384
f 3937//383 4002//383 3938//383
f 3938//578 4002//578 4003//578
f 3938//579 4003//579 3939//579
f 3939//387 4003//387 4004//387
f 3939//386 4004//386 3940//386
f 3940//580 4004//580 4005//580
f 3940//581 4005//581 3941//581
f 3941//392 4005//392 4006//392
f 3941//391 4006//391 3942//391
f 3942//582 4006//582 3955//582
f 4007//406 3995//406 3994//406
f 4007//583 3994//583 4008//583
f 3994//408 3993//408 4008//408
f 4008//409 3993//409 3992//409
f 4008//584 3992//584 4009//584
f 3992//411 3991//411 4009//411
f 4009//412 3991//412 3990//412
f 4009//585 3990//585 4010//585
f 3990//415 3989//415 4010//415
f 4010//416 3989//416 3988//416
f 4010//586 3988//586 4011//586
f 3988//418 3987//418 4011//418
f 4011//419 3987//419 3986//419
f 4011//587 3986//587 4012//587
f 3986//421 3985//421 4012//421
f 4012//422 3985//422 3984//422
f 4012//588 3984//588 4013//588
f 3984//424 3983//424 4013//424
f 4013//425 3983//425 3982//425
f 4013//589 3982//589 4014//589
f 3982//427 3981//427 4014//427
f 4014//428 3981//428 3980//428
f 4014//590 3980//590 4015//590
f 3980//430 3979//430 4015//430
f 4015//431 3979//431 3978//431
f 4015//591 3978//591 4016//591
f 3978//433 3977//433 4016//433
f 4016//434 3977//434 3976//434
f 4016//592 3976//592 4017//592
f 3976//436 3975//436 4017//436
f 4017//437 3975//437 3974//437
f 4017//593 3974//593 4018//593
f 3974//439 3973//439 4018//439
f 4018//440 3973//440 3972//440
f 4018//594 3972//594 4019//594
f 3972//442 3971//442 4019//442
f 4019//443 3971//443 3970//443
f 4019//595 3970//595 4020//595
f 3970//445 3969//445 4020//445
f 4020//446 3969//446 3968//446
f 4020//596 3968//596 4021//596
f 3968//448 3967//448 4021//448
f 4021//449 3967//449 3966//449
f 4021//597 3966//597 4022//597
f 3966//451 3965//451 4022//451
f 4022//452 3965//452 3964//452
f 4022//598 3964//598 4023//598
f 3964//455 3963//455 4023//455
f 4023//456 3963//456 3962//456
f 4023//599 3962//599 4024//599
f 3962//458 3961//458 4024//458
f 4024//459 3961//459 3960//459
f 4024//600 3960//600 4025//600
f 3960//461 3959//461 4025//461
f 4025//462 3959//462 3958//462
f 4025//601 3958//601 4026//601
f 4026//464 3958//464 3957//464
f 4026//465 3957//465 4027//465
f 4027//466 3957//466 3956//466
f 4027//186 3956//186 4028//186
f 3956//467 3955//467 4028//467
f 4028//468 3955//468 4006//468
f 4028//602 4006//602 4029//602
f 4006//470 4005//470 4029//470
f 4029//471 4005//471 4004//471
f 4029//603 4004//603 4030//603
f 4004//473 4003//473 4030//473
f 4030//474 4003//474 4002//474
f 4030//604 4002//604 4031//604
f 4002//476 4001//476 4031//476
f 4031//477 4001//477 4000//477
f 4031//605 4000//605 4032//605
f 4032//479 4000//479 3999//479
f 4032//606 3999//606 4033//606
f 3999//607 3998//607 4033//607
f 4033//482 3998//482 3997//482
f 4033//608 3997//608 4007//608
f 4007//609 3997//609 3996//609
f 4007//405 3996//405 3995//405
f 4020//610 4034//610 4019//610
f 4019//611 4034//611 4035//611
f 4035//216 4036//216 4019//216
f 4019//217 4036//217 4037//217
f 4019//612 4037//612 4018//612
f 4018//220 4037//220 4038//220
f 4018//613 4038//613 4017//613
f 4017//614 4038//614 4039//614
f 4039//224 4040//224 4017//224
f 4017//523 4040//523 4041//523
f 4017//615 4041//615 4016//615
f 4016//228 4041//228 4042//228
f 4016//616 4042//616 4015//616
f 4015//617 4042//617 4043//617
f 4043//232 4044//232 4015//232
f 4015//233 4044//233 4045//233
f 4015//618 4045//618 4014//618
f 4045//236 4046//236 4014//236
f 4014//237 4046//237 4047//237
f 4014//619 4047//619 4013//619
f 4013//240 4047//240 4048//240
f 4013//620 4048//620 4012//620
f 4048//621 4049//621 4012//621
f 4012//244 4049//244 4050//244
f 4012//622 4050//622 4011//622
f 4050//623 4051//623 4011//623
f 4011//248 4051//248 4052//248
f 4011//624 4052//624 4010//624
f 4010//625 4052//625 4053//625
f 4053//526 4054//526 4010//526
f 4010//253 4054//253 4055//253
f 4010//626 4055//626 4009//626
f 4055//256 4056//256 4009//256
f 4009//257 4056//257 4057//257
f 4009//627 4057//627 4008//627
f 4008//260 4057//260 4058//260
f 4008//628 4058//628 4007//628
f 4007//629 4058//629 4059//629
f 4059//264 4060//264 4007//264
f 4007//265 4060//265 4061//265
f 4007//630 4061//630 4033//630
f 4061//268 4062//268 4033//268
f 4033//269 4062//269 4063//269
f 4033//631 4063//631 4032//631
f 4063//272 4064//272 4032//272
f 4032//273 4064//273 4065//273
f 4032//632 4065//632 4031//632
f 4065//276 4066//276 4031//276
f 4031//527 4066//527 4067//527
f 4031//633 4067//633 4030//633
f 4067//280 4068//280 4030//280
f 4030//281 4068//281 4069//281
f 4030//634 4069//634 4029//634
f 4069//284 4070//284 4029//284
f 4029//285 4070//285 4071//285
f 4029//635 4071//635 4028//635
f 4028//288 4071//288 4072//288
f 4028//289 4072//289 4027//289
f 4027//290 4072//290 4073//290
f 4027//291 4073//291 4026//291
f 4026//292 4073//292 4074//292
f 4026//636 4074//636 4025//636
f 4074//637 4075//637 4025//637
f 4025//296 4075//296 4076//296
f 4025//638 4076//638 4024//638
f 4076//639 4077//639 4024//639
f 4024//300 4077//300 4078//300
f 4024//640 4078//640 4023//640
f 4078//641 4079//641 4023//641
f 4023//530 4079//530 4080//530
f 4023//642 4080//642 4022//642
f 4080//643 4081//643 4022//643
f 4022//308 4081//308 4082//308
f 4022//644 4082//644 4021//644
f 4082//645 4083//645 4021//645
f 4021//312 4083//312 4084//312
f 4021//646 4084//646 4020//646
f 4020//647 4084//647 4085//647
f 4020//212 4085//212 4034//212
f 4034//332 4085//332 4086//332
f 4087//101 4088//101 4077//101
f 4074//315 4089//315 4075//315
f 4075//103 4089//103 4087//103
f 4075//317 4087//317 4076//317
f 4076//393 4087//393 4077//393
f 4090//97 4091//97 4081//97
f 4081//322 4080//322 4090//322
f 4090//323 4080//323 4079//323
f 4090//99 4079//99 4088//99
f 4088//319 4079//319 4078//319
f 4088//320 4078//320 4077//320
f 4086//93 4085//93 4092//93
f 4085//328 4084//328 4092//328
f 4092//329 4084//329 4083//329
f 4092//95 4083//95 4091//95
f 4091//648 4083//648 4082//648
f 4091//326 4082//326 4081//326
f 4034//331 4086//331 4035//331
f 4035//91 4086//91 4093//91
f 4035//335 4093//335 4036//335
f 4036//334 4093//334 4094//334
f 4036//396 4094//396 4037//396
f 4037//338 4094//338 4038//338
f 4038//337 4094//337 4095//337
f 4038//342 4095//342 4039//342
f 4039//397 4095//397 4040//397
f 4040//340 4095//340 4096//340
f 4040//345 4096//345 4041//345
f 4041//344 4096//344 4042//344
f 4042//343 4096//343 4097//343
f 4042//348 4097//348 4043//348
f 4043//347 4097//347 4044//347
f 4044//398 4097//398 4098//398
f 4044//351 4098//351 4045//351
f 4045//350 4098//350 4046//350
f 4046//349 4098//349 4099//349
f 4046//354 4099//354 4047//354
f 4100//355 4050//355 4101//355
f 4101//356 4050//356 4049//356
f 4101//77 4049//77 4099//77
f 4099//352 4049//352 4048//352
f 4099//353 4048//353 4047//353
f 4102//358 4052//358 4100//358
f 4100//359 4052//359 4051//359
f 4100//360 4051//360 4050//360
f 4103//361 4054//361 4102//361
f 4102//362 4054//362 4053//362
f 4102//363 4053//363 4052//363
f 4104//364 4056//364 4103//364
f 4103//365 4056//365 4055//365
f 4103//366 4055//366 4054//366
f 4105//367 4058//367 4104//367
f 4104//368 4058//368 4057//368
f 4104//369 4057//369 4056//369
f 4106//370 4060//370 4105//370
f 4105//371 4060//371 4059//371
f 4105//372 4059//372 4058//372
f 4107//373 4062//373 4106//373
f 4106//374 4062//374 4061//374
f 4106//375 4061//375 4060//375
f 4108//376 4064//376 4107//376
f 4107//377 4064//377 4063//377
f 4107//378 4063//378 4062//378
f 4109//379 4066//379 4108//379
f 4108//380 4066//380 4065//380
f 4108//381 4065//381 4064//381
f 4110//382 4068//382 4109//382
f 4109//383 4068//383 4067//383
f 4109//384 4067//384 4066//384
f 4111//385 4070//385 4110//385
f 4110//386 4070//386 4069//386
f 4110//387 4069//387 4068//387
f 4074//388 4073//388 4089//388
f 4089//389 4073//389 4072//389
f 4089//390 4072//390 4111//390
f 4111//391 4072//391 4071//391
f 4111//392 4071//392 4070//392
f 4099//649 4112//649 4101//649
f 4101//650 4112//650 4113//650
f 4101//651 4113//651 4100//651
f 4100//652 4113//652 4114//652
f 4100//653 4114//653 4102//653
f 4102//654 4114//654 4115//654
f 4102//655 4115//655 4103//655
f 4103//656 4115//656 4116//656
f 4103//657 4116//657 4104//657
f 4104//658 4116//658 4117//658
f 4104//659 4117//659 4105//659
f 4105//660 4117//660 4118//660
f 4105//661 4118//661 4106//661
f 4106//662 4118//662 4119//662
f 4106//663 4119//663 4107//663
f 4107//664 4119//664 4120//664
f 4107//665 4120//665 4108//665
f 4108//666 4120//666 4121//666
f 4108//667 4121//667 4109//667
f 4109//668 4121//668 4122//668
f 4109//669 4122//669 4110//669
f 4110//670 4122//670 4123//670
f 4110//671 4123//671 4111//671
f 4111//672 4123//672 4124//672
f 4111//673 4124//673 4089//673
f 4089//674 4124//674 4125//674
f 4089//675 4125//675 4087//675
f 4087//676 4125//676 4126//676
f 4087//677 4126//677 4088//677
f 4088//678 4126//678 4127//678
f 4088//679 4127//679 4090//679
f 4090//680 4127//680 4128//680
f 4090//681 4128//681 4091//681
f 4091//682 4128//682 4129//682
f 4091//683 4129//683 4092//683
f 4092//684 4129//684 4130//684
f 4092//685 4130//685 4086//685
f 4086//686 4130//686 4131//686
f 4086//687 4131//687 4093//687
f 4093//688 4131//688 4132//688
f 4093//689 4132//689 4094//689
f 4094//690 4132//690 4133//690
f 4094//691 4133//691 4095//691
f 4095//692 4133//692 4134//692
f 4095//693 4134//693 4096//693
f 4096//694 4134//694 4135//694
f 4096//695 4135//695 4097//695
f 4097//696 4135//696 4136//696
f 4097//697 4136//697 4098//697
f 4098//698 4136//698 4137//698
f 4098//699 4137//699 4099//699
f 4099//700 4137//700 4112//700
f 4137//1 4136//1 4138//1
f 4134//1 4139//1 4135//1
f 4135//1 4139//1 4140//1
f 4135//1 4140//1 4136//1
f 4136//1 4140//1 4141//1
f 4136//1 4141//1 4138//1
f 4133//1 4142//1 4134//1
f 4134//1 4142//1 4143//1
f 4134//1 4143//1 4139//1
f 4119//1 4144//1 4120//1
f 4120//1 4144//1 4145//1
f 4120//1 4145//1 4121//1
f 4132//1 4146//1 4133//1
f 4133//1 4146//1 4147//1
f 4133//1 4147//1 4142//1
f 4130//1 4148//1 4131//1
f 4131//1 4148//1 4149//1
f 4131//1 4149//1 4132//1
f 4132//1 4149//1 4150//1
f 4132//1 4150//1 4146//1
f 4129//1 4151//1 4130//1
f 4130//1 4151//1 4152//1
f 4130//1 4152//1 4148//1
f 4128//1 4153//1 4129//1
f 4129//1 4153//1 4154//1
f 4129//1 4154//1 4151//1
f 4126//1 4155//1 4127//1
f 4127//1 4155//1 4156//1
f 4127//1 4156//1 4128//1
f 4128//1 4156//1 4157//1
f 4128//1 4157//1 4153//1
f 4118//1 4158//1 4119//1
f 4119//1 4158//1 4159//1
f 4119//1 4159//1 4144//1
f 4115//1 4160//1 4116//1
f 4116//1 4160//1 4161//1
f 4116//1 4161//1 4117//1
f 4161//1 4162//1 4117//1
f 4117//1 4162//1 4163//1
f 4117//1 4163//1 4118//1
f 4118//1 4163//1 4164//1
f 4118//1 4164//1 4158//1
f 4138//1 4165//1 4137//1
f 4137//1 4165//1 4166//1
f 4137//1 4166//1 4112//1
f 4112//1 4166//1 4167//1
f 4112//1 4167//1 4113//1
f 4114//1 4168//1 4115//1
f 4115//1 4168//1 4169//1
f 4115//1 4169//1 4160//1
f 4167//1 4170//1 4113//1
f 4113//1 4170//1 4171//1
f 4113//1 4171//1 4114//1
f 4114//1 4171//1 4172//1
f 4114//1 4172//1 4168//1
f 4125//1 4173//1 4126//1
f 4126//1 4173//1 4174//1
f 4126//1 4174//1 4155//1
f 4124//1 4175//1 4125//1
f 4125//1 4175//1 4176//1
f 4125//1 4176//1 4173//1
f 4123//1 4177//1 4124//1
f 4124//1 4177//1 4178//1
f 4124//1 4178//1 4175//1
f 4122//1 4179//1 4123//1
f 4123//1 4179//1 4180//1
f 4123//1 4180//1 4177//1
f 4145//1 4181//1 4121//1
f 4121//1 4181//1 4182//1
f 4121//1 4182//1 4122//1
f 4122//1 4182//1 4183//1
f 4122//1 4183//1 4179//1
f 4184//701 4185//701 4186//701
f 4186//702 4185//702 4187//702
f 4186//703 4187//703 4188//703
f 4188//704 4187//704 4189//704
f 4188//705 4189//705 4190//705
f 4190//706 4189//706 4191//706
f 4190//707 4191//707 4192//707
f 4192//708 4191//708 4193//708
f 4184//709 4186//709 4194//709
f 4194//710 4186//710 4195//710
f 4194//711 4195//711 4196//711
f 4196//712 4195//712 4197//712
f 4196//713 4197//713 4198//713
f 4198//714 4197//714 4199//714
f 4198//715 4199//715 4200//715
f 4201//716 4202//716 4199//716
f 4199//717 4202//717 4203//717
f 4199//718 4203//718 4200//718
f 4204//719 4205//719 4206//719
f 4206//720 4205//720 4207//720
f 4206//721 4207//721 4208//721
f 4208//722 4207//722 4209//722
f 4208//723 4209//723 4210//723
f 4210//724 4209//724 4211//724
f 4210//725 4211//725 4201//725
f 4201//726 4211//726 4212//726
f 4201//727 4212//727 4202//727
f 4204//728 4206//728 4213//728
f 4213//729 4206//729 4214//729
f 4213//730 4214//730 4215//730
f 4215//731 4214//731 4216//731
f 4215//732 4216//732 4217//732
f 4217//733 4216//733 4218//733
f 4217//734 4218//734 4219//734
f 4220//735 4221//735 4218//735
f 4218//736 4221//736 4222//736
f 4218//737 4222//737 4219//737
f 4223//738 4224//738 4225//738
f 4225//739 4224//739 4226//739
f 4225//740 4226//740 4227//740
f 4227//741 4226//741 4228//741
f 4227//742 4228//742 4229//742
f 4229//743 4228//743 4230//743
f 4229//744 4230//744 4220//744
f 4220//745 4230//745 4231//745
f 4220//746 4231//746 4221//746
f 4223//747 4225//747 4232//747
f 4232//748 4225//748 4233//748
f 4232//749 4233//749 4234//749
f 4234//750 4233//750 4235//750
f 4234//751 4235//751 4236//751
f 4236//752 4235//752 4237//752
f 4236//753 4237//753 4238//753
f 4239//754 4240//754 4237//754
f 4237//755 4240//755 4241//755
f 4237//756 4241//756 4238//756
f 4242//757 4243//757 4244//757
f 4244//758 4243//758 4245//758
f 4244//759 4245//759 4246//759
f 4246//760 4245//760 4247//760
f 4246//761 4247//761 4248//761
f 4248//762 4247//762 4249//762
f 4248//763 4249//763 4239//763
f 4239//764 4249//764 4250//764
f 4239//765 4250//765 4240//765
f 4242//766 4244//766 4251//766
f 4251//767 4244//767 4252//767
f 4251//768 4252//768 4253//768
f 4253//769 4252//769 4254//769
f 4253//770 4254//770 4255//770
f 4255//771 4254//771 4256//771
f 4255//772 4256//772 4257//772
f 4258//773 4259//773 4260//773
f 4260//774 4259//774 4261//774
f 4260//775 4261//775 4256//775
f 4256//776 4261//776 4262//776
f 4256//777 4262//777 4257//777
f 4263//778 4264//778 4265//778
f 4265//779 4264//779 4266//779
f 4265//780 4266//780 4267//780
f 4267//781 4266//781 4268//781
f 4267//782 4268//782 4258//782
f 4258//783 4268//783 4269//783
f 4258//784 4269//784 4259//784
f 4263//785 4265//785 4270//785
f 4270//786 4265//786 4271//786
f 4270//787 4271//787 4272//787
f 4272//788 4271//788 4273//788
f 4272//789 4273//789 4274//789
f 4274//790 4273//790 4275//790
f 4274//791 4275//791 4276//791
f 4277//792 4278//792 4279//792
f 4279//793 4278//793 4280//793
f 4279//794 4280//794 4275//794
f 4275//795 4280//795 4281//795
f 4275//796 4281//796 4276//796
f 4282//797 4283//797 4284//797
f 4284//798 4283//798 4285//798
f 4284//799 4285//799 4286//799
f 4286//800 4285//800 4287//800
f 4286//801 4287//801 4277//801
f 4277//802 4287//802 4288//802
f 4277//803 4288//803 4278//803
f 4282//804 4284//804 4289//804
f 4289//805 4284//805 4290//805
f 4289//806 4290//806 4291//806
f 4291//807 4290//807 4292//807
f 4291//808 4292//808 4293//808
f 4293//809 4292//809 4294//809
f 4293//810 4294//810 4295//810
f 4193//811 4296//811 4192//811
f 4192//812 4296//812 4297//812
f 4192//813 4297//813 4298//813
f 4298//814 4297//814 4299//814
f 4298//815 4299//815 4300//815
f 4300//816 4299//816 4301//816
f 4300//817 4301//817 4302//817
f 4302//818 4301//818 4303//818
f 4302//819 4303//819 4294//819
f 4294//820 4303//820 4304//820
f 4294//821 4304//821 4295//821
f 4178//822 4177//822 4305//822
f 4305//822 4177//822 4180//822
f 4305//823 4180//823 4306//823
f 4306//824 4180//824 4179//824
f 4306//825 4179//825 4307//825
f 4307//826 4179//826 4183//826
f 4307//827 4183//827 4308//827
f 4308//828 4183//828 4182//828
f 4308//829 4182//829 4309//829
f 4309//830 4182//830 4181//830
f 4309//831 4181//831 4310//831
f 4310//832 4181//832 4145//832
f 4310//833 4145//833 4311//833
f 4311//834 4145//834 4144//834
f 4311//835 4144//835 4312//835
f 4312//836 4144//836 4159//836
f 4312//837 4159//837 4313//837
f 4313//838 4159//838 4158//838
f 4313//839 4158//839 4314//839
f 4314//840 4158//840 4164//840
f 4314//841 4164//841 4315//841
f 4315//842 4164//842 4163//842
f 4315//843 4163//843 4316//843
f 4316//844 4163//844 4162//844
f 4316//845 4162//845 4317//845
f 4317//846 4162//846 4161//846
f 4317//847 4161//847 4318//847
f 4318//848 4161//848 4160//848
f 4318//849 4160//849 4319//849
f 4319//850 4160//850 4169//850
f 4319//851 4169//851 4320//851
f 4320//852 4169//852 4168//852
f 4320//853 4168//853 4321//853
f 4321//854 4168//854 4172//854
f 4321//855 4172//855 4322//855
f 4322//856 4172//856 4171//856
f 4322//857 4171//857 4323//857
f 4323//858 4171//858 4170//858
f 4323//859 4170//859 4324//859
f 4324//860 4170//860 4167//860
f 4324//861 4167//861 4325//861
f 4325//862 4167//862 4166//862
f 4325//863 4166//863 4326//863
f 4326//864 4166//864 4165//864
f 4326//865 4165//865 4327//865
f 4327//866 4165//866 4138//866
f 4327//867 4138//867 4328//867
f 4328//868 4138//868 4141//868
f 4328//869 4141//869 4329//869
f 4329//870 4141//870 4140//870
f 4329//871 4140//871 4330//871
f 4330//872 4140//872 4139//872
f 4330//873 4139//873 4331//873
f 4331//874 4139//874 4143//874
f 4331//875 4143//875 4332//875
f 4332//876 4143//876 4142//876
f 4332//877 4142//877 4333//877
f 4333//878 4142//878 4147//878
f 4333//879 4147//879 4334//879
f 4334//880 4147//880 4146//880
f 4334//881 4146//881 4335//881
f 4335//882 4146//882 4150//882
f 4335//883 4150//883 4336//883
f 4336//884 4150//884 4149//884
f 4336//885 4149//885 4337//885
f 4337//886 4149//886 4148//886
f 4337//887 4148//887 4338//887
f 4338//888 4148//888 4152//888
f 4338//889 4152//889 4339//889
f 4339//890 4152//890 4151//890
f 4339//891 4151//891 4340//891
f 4340//892 4151//892 4154//892
f 4340//893 4154//893 4341//893
f 4341//894 4154//894 4153//894
f 4341//895 4153//895 4342//895
f 4342//896 4153//896 4157//896
f 4342//897 4157//897 4343//897
f 4343//898 4157//898 4156//898
f 4343//899 4156//899 4344//899
f 4344//900 4156//900 4155//900
f 4344//901 4155//901 4345//901
f 4345//902 4155//902 4174//902
f 4345//903 4174//903 4346//903
f 4346//904 4174//904 4173//904
f 4346//905 4173//905 4347//905
f 4347//906 4173//906 4176//906
f 4347//907 4176//907 4348//907
f 4348//908 4176//908 4175//908
f 4348//909 4175//909 4349//909
f 4349//910 4175//910 4178//910
f 4349//911 4178//911 4305//911
f 4298//912 4350//912 4192//912
f 4192//913 4350//913 4351//913
f 4192//914 4351//914 4190//914
f 4190//915 4351//915 4352//915
f 4190//916 4352//916 4188//916
f 4188//917 4352//917 4353//917
f 4188//918 4353//918 4186//918
f 4186//919 4353//919 4354//919
f 4186//920 4354//920 4195//920
f 4195//921 4354//921 4355//921
f 4195//922 4355//922 4197//922
f 4197//923 4355//923 4356//923
f 4197//924 4356//924 4199//924
f 4199//925 4356//925 4357//925
f 4199//926 4357//926 4201//926
f 4201//927 4357//927 4358//927
f 4201//928 4358//928 4210//928
f 4210//929 4358//929 4359//929
f 4210//930 4359//930 4208//930
f 4208//931 4359//931 4360//931
f 4208//932 4360//932 4206//932
f 4206//933 4360//933 4361//933
f 4206//934 4361//934 4214//934
f 4214//935 4361//935 4362//935
f 4214//936 4362//936 4216//936
f 4216//937 4362//937 4363//937
f 4216//938 4363//938 4218//938
f 4218//939 4363//939 4364//939
f 4218//940 4364//940 4220//940
f 4220//941 4364//941 4365//941
f 4220//942 4365//942 4229//942
f 4229//943 4365//943 4366//943
f 4229//944 4366//944 4227//944
f 4227//945 4366//945 4367//945
f 4227//946 4367//946 4225//946
f 4225//947 4367//947 4368//947
f 4225//948 4368//948 4233//948
f 4233//949 4368//949 4369//949
f 4233//950 4369//950 4235//950
f 4235//951 4369//951 4370//951
f 4235//952 4370//952 4237//952
f 4237//953 4370//953 4371//953
f 4237//954 4371//954 4239//954
f 4239//955 4371//955 4372//955
f 4239//956 4372//956 4248//956
f 4248//957 4372//957 4373//957
f 4248//958 4373//958 4246//958
f 4246//959 4373//959 4374//959
f 4246//960 4374//960 4244//960
f 4244//961 4374//961 4375//961
f 4244//962 4375//962 4252//962
f 4252//963 4375//963 4376//963
f 4252//964 4376//964 4254//964
f 4254//965 4376//965 4377//965
f 4254//966 4377//966 4256//966
f 4256//967 4377//967 4378//967
f 4256//968 4378//968 4260//968
f 4260//969 4378//969 4379//969
f 4260//970 4379//970 4258//970
f 4258//971 4379//971 4380//971
f 4258//972 4380//972 4267//972
f 4267//973 4380//973 4381//973
f 4267//974 4381//974 4265//974
f 4265//975 4381//975 4382//975
f 4265//976 4382//976 4271//976
f 4271//977 4382//977 4383//977
f 4271//978 4383//978 4273//978
f 4273//979 4383//979 4384//979
f 4273//980 4384//980 4275//980
f 4275//981 4384//981 4385//981
f 4275//982 4385//982 4279//982
f 4279//983 4385//983 4386//983
f 4279//984 4386//984 4277//984
f 4277//985 4386//985 4387//985
f 4277//986 4387//986 4286//986
f 4286//987 4387//987 4388//987
f 4286//988 4388//988 4284//988
f 4284//989 4388//989 4389//989
f 4284//990 4389//990 4290//990
f 4290//991 4389//991 4390//991
f 4290//992 4390//992 4292//992
f 4292//993 4390//993 4391//993
f 4292//994 4391//994 4294//994
f 4294//995 4391//995 4392//995
f 4294//996 4392//996 4302//996
f 4302//997 4392//997 4393//997
f 4302//998 4393//998 4300//998
f 4300//999 4393//999 4394//999
f 4300//1000 4394//1000 4298//1000
f 4298//1001 4394//1001 4350//1001
f 4350//1002 4327//1002 4351//1002
f 4351//1003 4327//1003 4328//1003
f 4351//1004 4328//1004 4352//1004
f 4352//1005 4328//1005 4329//1005
f 4352//1006 4329//1006 4353//1006
f 4353//1007 4329//1007 4330//1007
f 4353//1008 4330//1008 4354//1008
f 4354//1009 4330//1009 4331//1009
f 4354//1010 4331//1010 4355//1010
f 4355//1011 4331//1011 4332//1011
f 4355//1012 4332//1012 4356//1012
f 4356//1013 4332//1013 4333//1013
f 4356//1014 4333//1014 4357//1014
f 4357//1015 4333//1015 4334//1015
f 4357//1016 4334//1016 4358//1016
f 4358//1017 4334//1017 4335//1017
f 4358//1018 4335//1018 4359//1018
f 4359//1019 4335//1019 4336//1019
f 4359//1020 4336//1020 4360//1020
f 4360//1021 4336//1021 4337//1021
f 4360//1022 4337//1022 4361//1022
f 4361//1023 4337//1023 4338//1023
f 4361//1024 4338//1024 4362//1024
f 4362//1025 4338//1025 4339//1025
f 4362//1026 4339//1026 4363//1026
f 4363//1027 4339//1027 4340//1027
f 4363//1028 4340//1028 4364//1028
f 4364//1029 4340//1029 4341//1029
f 4364//1030 4341//1030 4365//1030
f 4365//1031 4341//1031 4342//1031
f 4365//1032 4342//1032 4366//1032
f 4366//1033 4342//1033 4343//1033
f 4366//1034 4343//1034 4367//1034
f 4367//1035 4343//1035 4344//1035
f 4367//1036 4344//1036 4368//1036
f 4368//1037 4344//1037 4345//1037
f 4368//1038 4345//1038 4369//1038
f 4369//1039 4345//1039 4346//1039
f 4369//1040 4346//1040 4370//1040
f 4370//1041 4346//1041 4347//1041
f 4370//1042 4347//1042 4371//1042
f 4371//1043 4347//1043 4348//1043
f 4371//1044 4348//1044 4372//1044
f 4372//1045 4348//1045 4349//1045
f 4372//1046 4349//1046 4373//1046
f 4373//1047 4349//1047 4305//1047
f 4373//1048 4305//1048 4374//1048
f 4374//1049 4305//1049 4306//1049
f 4374//1050 4306//1050 4375//1050
f 4375//1051 4306//1051 4307//1051
f 4375//1052 4307//1052 4376//1052
f 4376//1053 4307//1053 4308//1053
f 4376//1054 4308//1054 4377//1054
f 4377//1055 4308//1055 4309//1055
f 4377//1056 4309//1056 4378//1056
f 4378//1057 4309//1057 4310//1057
f 4378//1058 4310//1058 4379//1058
f 4379//1059 4310//1059 4311//1059
f 4379//1060 4311//1060 4380//1060
f 4380//1061 4311//1061 4312//1061
f 4380//1062 4312//1062 4381//1062
f 4381//1063 4312//1063 4313//1063
f 4381//1064 4313//1064 4382//1064
f 4382//1065 4313//1065 4314//1065
f 4382//1066 4314//1066 4383//1066
f 4383//1067 4314//1067 4315//1067
f 4383//1068 4315//1068 4384//1068
f 4384//1069 4315//1069 4316//1069
f 4384//1070 4316//1070 4385//1070
f 4385//1071 4316//1071 4317//1071
f 4385//1072 4317//1072 4386//1072
f 4386//1073 4317//1073 4318//1073
f 4386//1074 4318//1074 4387//1074
f 4387//1075 4318//1075 4319//1075
f 4387//1076 4319//1076 4388//1076
f 4388//1077 4319//1077 4320//1077
f 4388//1078 4320//1078 4389//1078
f 4389//1079 4320//1079 4321//1079
f 4389//1080 4321//1080 4390//1080
f 4390//1081 4321//1081 4322//1081
f 4390//1082 4322//1082 4391//1082
f 4391//1083 4322//1083 4323//1083
f 4391//1084 4323//1084 4392//1084
f 4392//1085 4323//1085 4324//1085
f 4392//1086 4324//1086 4393//1086
f 4393//1087 4324//1087 4325//1087
f 4393//1088 4325//1088 4394//1088
f 4394//1089 4325//1089 4326//1089
f 4394//1090 4326//1090 4350//1090
f 4350//1091 4326//1091 4327//1091
f 4395//1092 4396//1092 4397//1092
f 4397//1092 4396//1092 4398//1092
f 4397//1092 4398//1092 4399//1092
f 4400//1092 4401//1092 4402//1092
f 4402//1092 4401//1092 4399//1092
f 4402//1092 4399//1092 4403//1092
f 4398//1092 4404//1092 4399//1092
f 4399//1092 4404//1092 4405//1092
f 4399//1092 4405//1092 4403//1092
f 4403//1092 4405//1092 4406//1092
f 4403//1092 4406//1092 4407//1092
f 4408//1092 4409//1092 4410//1092
f 4410//1092 4409//1092 4411//1092
f 4410//1092 4411//1092 4412//1092
f 4412//1092 4411//1092 4400//1092
f 4412//1092 4400//1092 4413//1092
f 4413//1092 4400//1092 4402//1092
f 4414//1092 4415//1092 4416//1092
f 4416//1092 4415//1092 4417//1092
f 4416//1092 4417//1092 4401//1092
f 4401//1092 4417//1092 4418//1092
f 4401//1092 4418//1092 4399//1092
f 4296//1093 4419//1093 4420//1093
f 4296//1094 4193//1094 4419//1094
f 4419//1095 4193//1095 4191//1095
f 4419//1096 4191//1096 4421//1096
f 4185//1097 4422//1097 4187//1097
f 4187//1098 4422//1098 4421//1098
f 4187//1099 4421//1099 4189//1099
f 4189//1100 4421//1100 4191//1100
f 4196//1101 4423//1101 4194//1101
f 4194//1102 4423//1102 4422//1102
f 4194//1103 4422//1103 4184//1103
f 4184//1104 4422//1104 4185//1104
f 4196//1105 4198//1105 4423//1105
f 4423//1106 4198//1106 4200//1106
f 4423//1107 4200//1107 4424//1107
f 4200//1108 4203//1108 4424//1108
f 4424//1109 4203//1109 4202//1109
f 4424//1110 4202//1110 4425//1110
f 4202//1111 4212//1111 4425//1111
f 4425//1112 4212//1112 4211//1112
f 4425//1113 4211//1113 4426//1113
f 4205//1114 4427//1114 4207//1114
f 4207//1115 4427//1115 4426//1115
f 4207//1116 4426//1116 4209//1116
f 4209//1117 4426//1117 4211//1117
f 4215//1118 4428//1118 4213//1118
f 4213//1119 4428//1119 4427//1119
f 4213//1120 4427//1120 4204//1120
f 4204//1121 4427//1121 4205//1121
f 4215//1122 4217//1122 4428//1122
f 4428//1123 4217//1123 4219//1123
f 4428//1124 4219//1124 4429//1124
f 4219//1125 4222//1125 4429//1125
f 4429//1126 4222//1126 4221//1126
f 4429//1127 4221//1127 4430//1127
f 4221//1128 4231//1128 4430//1128
f 4430//1129 4231//1129 4230//1129
f 4430//1130 4230//1130 4431//1130
f 4224//1131 4432//1131 4226//1131
f 4226//1132 4432//1132 4431//1132
f 4226//1133 4431//1133 4228//1133
f 4228//1134 4431//1134 4230//1134
f 4234//1135 4433//1135 4232//1135
f 4232//1136 4433//1136 4432//1136
f 4232//1137 4432//1137 4223//1137
f 4223//1138 4432//1138 4224//1138
f 4234//1139 4236//1139 4433//1139
f 4433//1140 4236//1140 4238//1140
f 4433//1141 4238//1141 4434//1141
f 4238//1142 4241//1142 4434//1142
f 4434//1143 4241//1143 4240//1143
f 4434//1144 4240//1144 4435//1144
f 4240//1145 4250//1145 4435//1145
f 4435//1146 4250//1146 4249//1146
f 4435//1147 4249//1147 4436//1147
f 4243//1148 4437//1148 4245//1148
f 4245//1149 4437//1149 4436//1149
f 4245//1150 4436//1150 4247//1150
f 4247//1151 4436//1151 4249//1151
f 4253//1152 4438//1152 4251//1152
f 4251//1153 4438//1153 4437//1153
f 4251//1154 4437//1154 4242//1154
f 4242//1155 4437//1155 4243//1155
f 4253//1156 4255//1156 4438//1156
f 4438//1157 4255//1157 4257//1157
f 4438//1158 4257//1158 4439//1158
f 4257//1159 4262//1159 4439//1159
f 4439//1160 4262//1160 4261//1160
f 4439//1161 4261//1161 4440//1161
f 4261//1162 4259//1162 4440//1162
f 4440//1163 4259//1163 4269//1163
f 4440//1164 4269//1164 4441//1164
f 4264//1165 4442//1165 4266//1165
f 4266//1166 4442//1166 4441//1166
f 4266//1167 4441//1167 4268//1167
f 4268//1168 4441//1168 4269//1168
f 4272//1169 4443//1169 4270//1169
f 4270//1170 4443//1170 4442//1170
f 4270//1171 4442//1171 4263//1171
f 4263//1172 4442//1172 4264//1172
f 4272//1173 4274//1173 4443//1173
f 4443//1174 4274//1174 4276//1174
f 4443//1175 4276//1175 4444//1175
f 4276//1176 4281//1176 4444//1176
f 4444//1177 4281//1177 4280//1177
f 4444//1178 4280//1178 4445//1178
f 4280//1179 4278//1179 4445//1179
f 4445//1180 4278//1180 4288//1180
f 4445//1181 4288//1181 4446//1181
f 4283//1182 4447//1182 4285//1182
f 4285//1183 4447//1183 4446//1183
f 4285//1184 4446//1184 4287//1184
f 4287//1185 4446//1185 4288//1185
f 4291//1186 4448//1186 4289//1186
f 4289//1187 4448//1187 4447//1187
f 4289//1188 4447//1188 4282//1188
f 4282//1189 4447//1189 4283//1189
f 4291//1190 4293//1190 4448//1190
f 4448//1191 4293//1191 4295//1191
f 4448//1192 4295//1192 4449//1192
f 4295//1193 4304//1193 4449//1193
f 4449//1194 4304//1194 4303//1194
f 4449//1195 4303//1195 4450//1195
f 4303//1196 4301//1196 4450//1196
f 4450//1197 4301//1197 4299//1197
f 4450//1198 4299//1198 4420//1198
f 4420//1199 4299//1199 4297//1199
f 4420//1200 4297//1200 4296//1200
f 4451//1201 4452//1201 4414//1201
f 4414//1201 4452//1201 4415//1201
f 4452//370 4453//370 4415//370
f 4415//370 4453//370 4417//370
f 4417//1202 4453//1202 4454//1202
f 4417//1203 4454//1203 4418//1203
f 4418//1204 4454//1204 4455//1204
f 4418//1205 4455//1205 4399//1205
f 4399//1206 4455//1206 4456//1206
f 4399//1207 4456//1207 4397//1207
f 4395//1208 4397//1208 4457//1208
f 4457//1208 4397//1208 4456//1208
f 4457//1209 4458//1209 4395//1209
f 4395//1209 4458//1209 4396//1209
f 4458//1210 4459//1210 4396//1210
f 4396//1210 4459//1210 4398//1210
f 4398//1211 4459//1211 4460//1211
f 4398//1212 4460//1212 4404//1212
f 4404//1213 4460//1213 4461//1213
f 4404//1214 4461//1214 4405//1214
f 4405//1215 4461//1215 4462//1215
f 4405//1216 4462//1216 4406//1216
f 4407//370 4406//370 4463//370
f 4463//370 4406//370 4462//370
f 4463//1217 4464//1217 4407//1217
f 4407//1217 4464//1217 4403//1217
f 4464//331 4465//331 4403//331
f 4403//331 4465//331 4402//331
f 4402//1218 4465//1218 4466//1218
f 4402//1219 4466//1219 4413//1219
f 4413//1220 4466//1220 4467//1220
f 4413//1221 4467//1221 4412//1221
f 4412//1222 4467//1222 4468//1222
f 4412//1223 4468//1223 4410//1223
f 4408//1210 4410//1210 4469//1210
f 4469//1210 4410//1210 4468//1210
f 4469//1224 4470//1224 4408//1224
f 4408//1224 4470//1224 4409//1224
f 4470//1208 4471//1208 4409//1208
f 4409//1208 4471//1208 4411//1208
f 4411//1225 4471//1225 4472//1225
f 4411//1226 4472//1226 4400//1226
f 4400//1227 4472//1227 4473//1227
f 4400//1228 4473//1228 4401//1228
f 4401//1229 4473//1229 4474//1229
f 4401//1230 4474//1230 4416//1230
f 4414//331 4416//331 4451//331
f 4451//331 4416//331 4474//331
f 4469//1092 4441//1092 4442//1092
f 4441//1092 4469//1092 4440//1092
f 4464//1092 4463//1092 4435//1092
f 4432//1092 4433//1092 4463//1092
f 4463//1092 4433//1092 4434//1092
f 4463//1092 4434//1092 4435//1092
f 4435//1092 4436//1092 4464//1092
f 4464//1092 4436//1092 4437//1092
f 4464//1092 4437//1092 4465//1092
f 4465//1092 4437//1092 4438//1092
f 4465//1092 4438//1092 4466//1092
f 4466//1092 4438//1092 4439//1092
f 4466//1092 4439//1092 4467//1092
f 4467//1092 4439//1092 4440//1092
f 4467//1092 4440//1092 4468//1092
f 4468//1092 4440//1092 4469//1092
f 4463//1092 4462//1092 4432//1092
f 4432//1092 4462//1092 4461//1092
f 4432//1092 4461//1092 4431//1092
f 4431//1092 4461//1092 4460//1092
f 4431//1092 4460//1092 4430//1092
f 4430//1092 4460//1092 4459//1092
f 4430//1092 4459//1092 4429//1092
f 4429//1092 4459//1092 4458//1092
f 4429//1092 4458//1092 4428//1092
f 4428//1092 4458//1092 4457//1092
f 4428//1092 4457//1092 4427//1092
f 4424//1092 4425//1092 4457//1092
f 4457//1092 4425//1092 4426//1092
f 4457//1092 4426//1092 4427//1092
f 4420//1092 4452//1092 4450//1092
f 4450//1092 4452//1092 4451//1092
f 4450//1092 4451//1092 4449//1092
f 4449//1092 4451//1092 4448//1092
f 4420//1092 4419//1092 4452//1092
f 4452//1092 4419//1092 4421//1092
f 4452//1092 4421//1092 4453//1092
f 4453//1092 4421//1092 4422//1092
f 4453//1092 4422//1092 4454//1092
f 4454//1092 4422//1092 4423//1092
f 4454//1092 4423//1092 4455//1092
f 4455//1092 4423//1092 4424//1092
f 4455//1092 4424//1092 4456//1092
f 4456//1092 4424//1092 4457//1092
f 4442//1092 4443//1092 4469//1092
f 4469//1092 4443//1092 4444//1092
f 4469//1092 4444//1092 4470//1092
f 4470//1092 4444//1092 4445//1092
f 4470//1092 4445//1092 4471//1092
f 4471//1092 4445//1092 4446//1092
f 4471//1092 4446//1092 4472//1092
f 4472//1092 4446//1092 4447//1092
f 4472//1092 4447//1092 4473//1092
f 4473//1092 4447//1092 4448//1092
f 4473//1092 4448//1092 4474//1092
f 4474//1092 4448//1092 4451//1092
f 4475//1231 4476//1231 4477//1231
f 4477//1232 4476//1232 4478//1232
f 4479//1233 4480//1233 4481//1233
f 4481//1234 4480//1234 4482//1234
f 4483//1235 4484//1235 4485//1235
f 4485//1236 4484//1236 4486//1236
f 4487//1237 4488//1237 4489//1237
f 4489//1238 4488//1238 4490//1238
f 4491//1239 4492//1239 4493//1239
f 4493//1240 4492//1240 4494//1240
f 4495//1241 4496//1241 4497//1241
f 4497//1242 4496//1242 4498//1242
f 4499//1243 4500//1243 4501//1243
f 4501//1244 4500//1244 4502//1244
f 4503//1245 4504//1245 4505//1245
f 4505//1246 4504//1246 4506//1246
f 4505//1247 4506//1247 4507//1247
f 4507//1248 4506//1248 4508//1248
f 4507//1249 4508//1249 4509//1249
f 4509//1250 4508//1250 4510//1250
f 4511//1251 4512//1251 4513//1251
f 4513//1252 4512//1252 4514//1252
f 4482//1253 4480//1253 4515//1253
f 4515//1254 4480//1254 4516//1254
f 4515//1255 4516//1255 4517//1255
f 4517//1256 4516//1256 4518//1256
f 4517//1257 4518//1257 4519//1257
f 4519//1258 4518//1258 4520//1258
f 4521//1259 4522//1259 4523//1259
f 4523//1260 4522//1260 4524//1260
f 4523//1261 4524//1261 4525//1261
f 4525//1262 4524//1262 4526//1262
f 4525//1263 4526//1263 4527//1263
f 4527//1264 4526//1264 4528//1264
f 4527//1265 4528//1265 4481//1265
f 4481//1266 4528//1266 4479//1266
f 4529//1267 4530//1267 4531//1267
f 4531//1268 4530//1268 4532//1268
f 4531//1269 4532//1269 4533//1269
f 4533//1270 4532//1270 4534//1270
f 4478//1271 4476//1271 4535//1271
f 4535//1272 4476//1272 4536//1272
f 4535//1273 4536//1273 4537//1273
f 4537//1274 4536//1274 4538//1274
f 4537//1275 4538//1275 4539//1275
f 4539//1276 4538//1276 4540//1276
f 4539//1277 4540//1277 4541//1277
f 4541//1278 4540//1278 4542//1278
f 4543//1279 4544//1279 4545//1279
f 4545//1280 4544//1280 4546//1280
f 4545//1281 4546//1281 4547//1281
f 4547//1282 4546//1282 4548//1282
f 4547//1283 4548//1283 4549//1283
f 4549//1284 4548//1284 4550//1284
f 4549//1285 4550//1285 4477//1285
f 4477//1286 4550//1286 4475//1286
f 4551//1287 4552//1287 4553//1287
f 4553//1288 4552//1288 4554//1288
f 4553//1289 4554//1289 4555//1289
f 4555//1290 4554//1290 4556//1290
f 4486//1291 4484//1291 4557//1291
f 4557//1292 4484//1292 4558//1292
f 4557//1293 4558//1293 4559//1293
f 4559//1294 4558//1294 4560//1294
f 4559//1295 4560//1295 4561//1295
f 4561//1296 4560//1296 4562//1296
f 4561//1297 4562//1297 4563//1297
f 4563//1298 4562//1298 4564//1298
f 4565//1299 4566//1299 4567//1299
f 4567//1300 4566//1300 4568//1300
f 4567//1301 4568//1301 4569//1301
f 4569//1302 4568//1302 4570//1302
f 4569//1303 4570//1303 4485//1303
f 4485//1304 4570//1304 4483//1304
f 4571//1305 4572//1305 4573//1305
f 4573//1306 4572//1306 4574//1306
f 4490//1307 4488//1307 4575//1307
f 4575//1308 4488//1308 4576//1308
f 4575//1309 4576//1309 4577//1309
f 4577//1310 4576//1310 4578//1310
f 4577//1311 4578//1311 4579//1311
f 4579//1312 4578//1312 4580//1312
f 4581//1313 4582//1313 4583//1313
f 4583//1314 4582//1314 4584//1314
f 4583//1315 4584//1315 4585//1315
f 4585//1316 4584//1316 4586//1316
f 4585//1317 4586//1317 4489//1317
f 4489//1318 4586//1318 4487//1318
f 4587//1319 4588//1319 4589//1319
f 4589//1320 4588//1320 4590//1320
f 4494//1321 4492//1321 4591//1321
f 4591//1322 4492//1322 4592//1322
f 4591//1323 4592//1323 4593//1323
f 4593//1324 4592//1324 4594//1324
f 4593//1325 4594//1325 4595//1325
f 4595//1326 4594//1326 4596//1326
f 4597//1327 4598//1327 4599//1327
f 4599//1328 4598//1328 4600//1328
f 4599//1329 4600//1329 4601//1329
f 4601//1330 4600//1330 4602//1330
f 4601//1331 4602//1331 4493//1331
f 4493//1332 4602//1332 4491//1332
f 4603//1333 4604//1333 4605//1333
f 4605//1334 4604//1334 4606//1334
f 4498//1335 4496//1335 4607//1335
f 4607//1336 4496//1336 4608//1336
f 4607//1337 4608//1337 4609//1337
f 4609//1338 4608//1338 4610//1338
f 4609//1339 4610//1339 4611//1339
f 4611//1340 4610//1340 4612//1340
f 4613//1341 4614//1341 4615//1341
f 4615//1342 4614//1342 4616//1342
f 4615//1343 4616//1343 4617//1343
f 4617//1344 4616//1344 4618//1344
f 4617//1345 4618//1345 4497//1345
f 4497//1346 4618//1346 4495//1346
f 4619//1347 4620//1347 4621//1347
f 4621//1348 4620//1348 4622//1348
f 4502//1349 4500//1349 4623//1349
f 4623//1350 4500//1350 4624//1350
f 4623//1351 4624//1351 4625//1351
f 4625//1352 4624//1352 4626//1352
f 4625//1353 4626//1353 4627//1353
f 4627//1354 4626//1354 4628//1354
f 4629//1355 4630//1355 4631//1355
f 4631//1356 4630//1356 4632//1356
f 4631//1357 4632//1357 4633//1357
f 4633//1358 4632//1358 4634//1358
f 4633//1359 4634//1359 4501//1359
f 4501//1360 4634//1360 4499//1360
f 4635//1361 4636//1361 4637//1361
f 4637//1362 4636//1362 4638//1362
f 4637//1363 4638//1363 4639//1363
f 4639//1364 4638//1364 4640//1364
f 4641//1365 4642//1365 4643//1365
f 4643//1366 4642//1366 4644//1366
f 4643//1367 4644//1367 4645//1367
f 4645//1368 4644//1368 4646//1368
f 4645//1369 4646//1369 4647//1369
f 4647//1370 4646//1370 4648//1370
f 4649//1371 4650//1371 4651//1371
f 4652//1371 4653//1371 4654//1371
f 4655//1371 4656//1371 4654//1371
f 4657//1371 4640//1371 4638//1371
f 4658//1371 4659//1371 4660//1371
f 4660//1371 4659//1371 4661//1371
f 4662//1371 4663//1371 4651//1371
f 4651//1371 4663//1371 4664//1371
f 4651//1371 4664//1371 4658//1371
f 4658//1371 4664//1371 4665//1371
f 4658//1371 4665//1371 4659//1371
f 4666//1371 4667//1371 4668//1371
f 4662//1371 4651//1371 4669//1371
f 4669//1371 4651//1371 4650//1371
f 4669//1371 4650//1371 4670//1371
f 4670//1371 4650//1371 4671//1371
f 4670//1371 4671//1371 4672//1371
f 4672//1371 4671//1371 4673//1371
f 4672//1371 4673//1371 4674//1371
f 4673//1371 4666//1371 4674//1371
f 4674//1371 4666//1371 4668//1371
f 4674//1371 4668//1371 4675//1371
f 4675//1371 4668//1371 4676//1371
f 4668//1371 4677//1371 4676//1371
f 4676//1371 4677//1371 4678//1371
f 4676//1371 4678//1371 4679//1371
f 4679//1371 4678//1371 4680//1371
f 4679//1371 4680//1371 4681//1371
f 4681//1371 4680//1371 4682//1371
f 4681//1371 4682//1371 4683//1371
f 4683//1371 4682//1371 4684//1371
f 4683//1371 4684//1371 4685//1371
f 4686//1371 4687//1371 4688//1371
f 4689//1371 4690//1371 4691//1371
f 4691//1371 4690//1371 4692//1371
f 4691//1371 4692//1371 4693//1371
f 4693//1371 4692//1371 4694//1371
f 4693//1371 4694//1371 4688//1371
f 4688//1371 4694//1371 4695//1371
f 4688//1371 4695//1371 4686//1371
f 4696//1371 4697//1371 4698//1371
f 4698//1371 4697//1371 4699//1371
f 4698//1371 4699//1371 4700//1371
f 4700//1371 4699//1371 4701//1371
f 4702//1371 4703//1371 4704//1371
f 4705//1371 4706//1371 4702//1371
f 4703//1371 4707//1371 4704//1371
f 4704//1371 4707//1371 4708//1371
f 4704//1371 4708//1371 4709//1371
f 4710//1371 4711//1371 4712//1371
f 4712//1371 4711//1371 4713//1371
f 4712//1371 4713//1371 4705//1371
f 4705//1371 4713//1371 4714//1371
f 4705//1371 4714//1371 4706//1371
f 4715//1371 4716//1371 4710//1371
f 4710//1371 4716//1371 4717//1371
f 4710//1371 4717//1371 4711//1371
f 4718//1371 4719//1371 4715//1371
f 4715//1371 4719//1371 4720//1371
f 4715//1371 4720//1371 4716//1371
f 4687//1371 4721//1371 4654//1371
f 4654//1371 4721//1371 4722//1371
f 4654//1371 4722//1371 4723//1371
f 4723//1371 4722//1371 4724//1371
f 4723//1371 4724//1371 4718//1371
f 4718//1371 4724//1371 4725//1371
f 4718//1371 4725//1371 4719//1371
f 4507//1371 4712//1371 4505//1371
f 4505//1371 4712//1371 4726//1371
f 4505//1371 4726//1371 4503//1371
f 4726//1371 4727//1371 4728//1371
f 4728//1371 4729//1371 4726//1371
f 4726//1371 4729//1371 4730//1371
f 4726//1371 4730//1371 4503//1371
f 4507//1371 4509//1371 4712//1371
f 4712//1371 4509//1371 4731//1371
f 4712//1371 4731//1371 4732//1371
f 4512//1371 4511//1371 4733//1371
f 4733//1371 4511//1371 4727//1371
f 4734//1371 4735//1371 4726//1371
f 4726//1371 4735//1371 4736//1371
f 4726//1371 4736//1371 4727//1371
f 4727//1371 4736//1371 4737//1371
f 4727//1371 4737//1371 4733//1371
f 4527//1371 4705//1371 4525//1371
f 4525//1371 4705//1371 4738//1371
f 4525//1371 4738//1371 4523//1371
f 4523//1371 4738//1371 4521//1371
f 4734//1371 4726//1371 4519//1371
f 4519//1371 4726//1371 4712//1371
f 4519//1371 4712//1371 4517//1371
f 4527//1371 4481//1371 4705//1371
f 4705//1371 4481//1371 4482//1371
f 4705//1371 4482//1371 4712//1371
f 4712//1371 4482//1371 4515//1371
f 4712//1371 4515//1371 4517//1371
f 4530//1371 4739//1371 4738//1371
f 4739//1371 4740//1371 4738//1371
f 4738//1371 4740//1371 4741//1371
f 4738//1371 4741//1371 4521//1371
f 4738//1371 4539//1371 4541//1371
f 4530//1371 4738//1371 4532//1371
f 4532//1371 4738//1371 4742//1371
f 4532//1371 4742//1371 4534//1371
f 4541//1371 4743//1371 4738//1371
f 4738//1371 4743//1371 4744//1371
f 4738//1371 4744//1371 4742//1371
f 4745//1371 4746//1371 4704//1371
f 4702//1371 4704//1371 4705//1371
f 4705//1371 4704//1371 4746//1371
f 4705//1371 4746//1371 4747//1371
f 4748//1371 4749//1371 4750//1371
f 4750//1371 4749//1371 4751//1371
f 4750//1371 4751//1371 4704//1371
f 4704//1371 4751//1371 4752//1371
f 4704//1371 4752//1371 4745//1371
f 4747//1371 4753//1371 4705//1371
f 4705//1371 4753//1371 4754//1371
f 4705//1371 4754//1371 4738//1371
f 4738//1371 4754//1371 4755//1371
f 4738//1371 4755//1371 4756//1371
f 4748//1371 4477//1371 4757//1371
f 4757//1371 4477//1371 4478//1371
f 4757//1371 4478//1371 4756//1371
f 4756//1371 4478//1371 4535//1371
f 4756//1371 4535//1371 4738//1371
f 4738//1371 4535//1371 4537//1371
f 4738//1371 4537//1371 4539//1371
f 4543//1371 4545//1371 4750//1371
f 4750//1371 4545//1371 4547//1371
f 4750//1371 4547//1371 4748//1371
f 4748//1371 4547//1371 4549//1371
f 4748//1371 4549//1371 4477//1371
f 4552//1371 4758//1371 4750//1371
f 4758//1371 4759//1371 4750//1371
f 4750//1371 4759//1371 4760//1371
f 4750//1371 4760//1371 4543//1371
f 4750//1371 4561//1371 4563//1371
f 4552//1371 4750//1371 4554//1371
f 4554//1371 4750//1371 4761//1371
f 4554//1371 4761//1371 4556//1371
f 4563//1371 4762//1371 4750//1371
f 4750//1371 4762//1371 4763//1371
f 4750//1371 4763//1371 4761//1371
f 4485//1371 4704//1371 4569//1371
f 4569//1371 4704//1371 4709//1371
f 4569//1371 4709//1371 4567//1371
f 4485//1371 4486//1371 4704//1371
f 4704//1371 4486//1371 4557//1371
f 4704//1371 4557//1371 4750//1371
f 4750//1371 4557//1371 4559//1371
f 4750//1371 4559//1371 4561//1371
f 4764//1371 4765//1371 4709//1371
f 4709//1371 4765//1371 4565//1371
f 4709//1371 4565//1371 4567//1371
f 4764//1371 4766//1371 4767//1371
f 4767//1371 4768//1371 4764//1371
f 4764//1371 4768//1371 4769//1371
f 4764//1371 4769//1371 4765//1371
f 4572//1371 4571//1371 4770//1371
f 4770//1371 4571//1371 4766//1371
f 4770//1371 4766//1371 4771//1371
f 4771//1371 4766//1371 4764//1371
f 4599//1371 4601//1371 4709//1371
f 4489//1371 4490//1371 4709//1371
f 4709//1371 4490//1371 4575//1371
f 4709//1371 4575//1371 4764//1371
f 4764//1371 4575//1371 4577//1371
f 4764//1371 4577//1371 4579//1371
f 4489//1371 4709//1371 4585//1371
f 4585//1371 4709//1371 4591//1371
f 4585//1371 4591//1371 4593//1371
f 4579//1371 4772//1371 4764//1371
f 4764//1371 4772//1371 4773//1371
f 4764//1371 4773//1371 4771//1371
f 4774//1371 4597//1371 4775//1371
f 4604//1371 4603//1371 4776//1371
f 4776//1371 4603//1371 4777//1371
f 4776//1371 4777//1371 4778//1371
f 4601//1371 4493//1371 4709//1371
f 4709//1371 4493//1371 4494//1371
f 4709//1371 4494//1371 4591//1371
f 4595//1371 4581//1371 4593//1371
f 4593//1371 4581//1371 4583//1371
f 4593//1371 4583//1371 4585//1371
f 4588//1371 4587//1371 4779//1371
f 4779//1371 4587//1371 4780//1371
f 4779//1371 4780//1371 4781//1371
f 4778//1371 4777//1371 4775//1371
f 4775//1371 4777//1371 4782//1371
f 4775//1371 4782//1371 4774//1371
f 4781//1371 4780//1371 4783//1371
f 4783//1371 4780//1371 4784//1371
f 4783//1371 4784//1371 4595//1371
f 4595//1371 4784//1371 4785//1371
f 4595//1371 4785//1371 4581//1371
f 4497//1371 4498//1371 4698//1371
f 4698//1371 4498//1371 4709//1371
f 4698//1371 4709//1371 4696//1371
f 4696//1371 4709//1371 4708//1371
f 4498//1371 4607//1371 4709//1371
f 4709//1371 4607//1371 4609//1371
f 4709//1371 4609//1371 4611//1371
f 4786//1371 4613//1371 4787//1371
f 4787//1371 4613//1371 4615//1371
f 4787//1371 4615//1371 4698//1371
f 4698//1371 4615//1371 4617//1371
f 4698//1371 4617//1371 4497//1371
f 4620//1371 4619//1371 4788//1371
f 4788//1371 4619//1371 4789//1371
f 4788//1371 4789//1371 4790//1371
f 4597//1371 4599//1371 4775//1371
f 4775//1371 4599//1371 4709//1371
f 4775//1371 4709//1371 4791//1371
f 4791//1371 4709//1371 4611//1371
f 4790//1371 4789//1371 4787//1371
f 4787//1371 4789//1371 4792//1371
f 4787//1371 4792//1371 4786//1371
f 4793//1371 4794//1371 4787//1371
f 4793//1371 4787//1371 4795//1371
f 4795//1371 4787//1371 4698//1371
f 4795//1371 4698//1371 4796//1371
f 4502//1371 4623//1371 4794//1371
f 4797//1371 4798//1371 4799//1371
f 4799//1371 4798//1371 4800//1371
f 4799//1371 4800//1371 4700//1371
f 4700//1371 4800//1371 4801//1371
f 4801//1371 4802//1371 4700//1371
f 4700//1371 4802//1371 4803//1371
f 4700//1371 4803//1371 4698//1371
f 4698//1371 4803//1371 4804//1371
f 4698//1371 4804//1371 4796//1371
f 4502//1371 4794//1371 4501//1371
f 4501//1371 4794//1371 4805//1371
f 4501//1371 4805//1371 4633//1371
f 4633//1371 4805//1371 4797//1371
f 4633//1371 4797//1371 4631//1371
f 4806//1371 4787//1371 4627//1371
f 4627//1371 4787//1371 4794//1371
f 4627//1371 4794//1371 4625//1371
f 4625//1371 4794//1371 4623//1371
f 4631//1371 4797//1371 4629//1371
f 4629//1371 4797//1371 4799//1371
f 4629//1371 4799//1371 4807//1371
f 4807//1371 4799//1371 4808//1371
f 4807//1371 4808//1371 4809//1371
f 4701//1371 4689//1371 4700//1371
f 4700//1371 4689//1371 4691//1371
f 4700//1371 4691//1371 4799//1371
f 4799//1371 4691//1371 4638//1371
f 4799//1371 4638//1371 4636//1371
f 4647//1371 4810//1371 4811//1371
f 4811//1371 4657//1371 4647//1371
f 4647//1371 4657//1371 4638//1371
f 4647//1371 4638//1371 4645//1371
f 4645//1371 4638//1371 4691//1371
f 4645//1371 4691//1371 4643//1371
f 4812//1371 4693//1371 4813//1371
f 4813//1371 4693//1371 4814//1371
f 4812//1371 4815//1371 4693//1371
f 4693//1371 4815//1371 4816//1371
f 4693//1371 4816//1371 4691//1371
f 4691//1371 4816//1371 4641//1371
f 4691//1371 4641//1371 4643//1371
f 4814//1371 4693//1371 4817//1371
f 4817//1371 4693//1371 4688//1371
f 4817//1371 4688//1371 4818//1371
f 4687//1371 4654//1371 4688//1371
f 4688//1371 4654//1371 4656//1371
f 4688//1371 4656//1371 4819//1371
f 4819//1371 4820//1371 4688//1371
f 4688//1371 4820//1371 4821//1371
f 4688//1371 4821//1371 4818//1371
f 4818//1371 4821//1371 4822//1371
f 4818//1371 4822//1371 4823//1371
f 4823//1371 4822//1371 4824//1371
f 4823//1371 4824//1371 4825//1371
f 4825//1371 4824//1371 4826//1371
f 4825//1371 4826//1371 4653//1371
f 4653//1371 4826//1371 4827//1371
f 4827//1371 4828//1371 4653//1371
f 4653//1371 4828//1371 4829//1371
f 4653//1371 4829//1371 4654//1371
f 4654//1371 4829//1371 4830//1371
f 4654//1371 4830//1371 4655//1371
f 4723//1371 4831//1371 4832//1371
f 4832//1371 4833//1371 4723//1371
f 4723//1371 4833//1371 4834//1371
f 4723//1371 4834//1371 4654//1371
f 4654//1371 4834//1371 4835//1371
f 4654//1371 4835//1371 4652//1371
f 4831//1371 4723//1371 4836//1371
f 4836//1371 4723//1371 4718//1371
f 4836//1371 4718//1371 4837//1371
f 4684//1371 4838//1371 4839//1371
f 4839//1371 4840//1371 4684//1371
f 4684//1371 4840//1371 4660//1371
f 4684//1371 4660//1371 4685//1371
f 4685//1371 4660//1371 4661//1371
f 4710//1371 4841//1371 4842//1371
f 4843//1371 4844//1371 4651//1371
f 4732//1371 4845//1371 4712//1371
f 4712//1371 4845//1371 4649//1371
f 4712//1371 4649//1371 4710//1371
f 4710//1371 4649//1371 4651//1371
f 4710//1371 4651//1371 4841//1371
f 4841//1371 4651//1371 4844//1371
f 4842//1371 4846//1371 4710//1371
f 4710//1371 4846//1371 4847//1371
f 4710//1371 4847//1371 4715//1371
f 4715//1371 4847//1371 4848//1371
f 4715//1371 4848//1371 4849//1371
f 4850//1371 4851//1371 4658//1371
f 4658//1371 4851//1371 4852//1371
f 4658//1371 4852//1371 4651//1371
f 4651//1371 4852//1371 4853//1371
f 4651//1371 4853//1371 4843//1371
f 4849//1371 4850//1371 4715//1371
f 4715//1371 4850//1371 4658//1371
f 4715//1371 4658//1371 4718//1371
f 4718//1371 4658//1371 4660//1371
f 4718//1371 4660//1371 4837//1371
f 4837//1371 4660//1371 4840//1371
f 4685//1372 4854//1372 4683//1372
f 4683//1373 4854//1373 4855//1373
f 4683//1374 4855//1374 4681//1374
f 4681//1375 4855//1375 4856//1375
f 4681//1376 4856//1376 4679//1376
f 4679//1377 4856//1377 4857//1377
f 4679//1378 4857//1378 4676//1378
f 4676//1379 4857//1379 4858//1379
f 4676//1380 4858//1380 4675//1380
f 4675//1381 4858//1381 4859//1381
f 4675//1382 4859//1382 4674//1382
f 4674//1383 4859//1383 4860//1383
f 4674//1384 4860//1384 4672//1384
f 4672//1385 4860//1385 4861//1385
f 4672//1386 4861//1386 4670//1386
f 4670//1387 4861//1387 4862//1387
f 4670//1388 4862//1388 4669//1388
f 4669//1389 4862//1389 4863//1389
f 4669//1390 4863//1390 4662//1390
f 4662//1391 4863//1391 4864//1391
f 4662//1392 4864//1392 4663//1392
f 4663//1393 4864//1393 4865//1393
f 4663//1394 4865//1394 4664//1394
f 4664//1395 4865//1395 4866//1395
f 4664//1396 4866//1396 4665//1396
f 4665//1397 4866//1397 4867//1397
f 4665//1398 4867//1398 4659//1398
f 4659//1399 4867//1399 4868//1399
f 4659//1400 4868//1400 4661//1400
f 4661//1401 4868//1401 4869//1401
f 4661//1402 4869//1402 4685//1402
f 4685//1403 4869//1403 4854//1403
f 4826//1372 4870//1372 4827//1372
f 4827//1373 4870//1373 4871//1373
f 4827//1404 4871//1404 4828//1404
f 4828//1405 4871//1405 4872//1405
f 4828//1378 4872//1378 4829//1378
f 4829//1379 4872//1379 4873//1379
f 4829//1380 4873//1380 4830//1380
f 4830//1381 4873//1381 4874//1381
f 4830//1406 4874//1406 4655//1406
f 4655//1407 4874//1407 4875//1407
f 4655//1386 4875//1386 4656//1386
f 4656//1387 4875//1387 4876//1387
f 4656//1388 4876//1388 4819//1388
f 4819//1389 4876//1389 4877//1389
f 4819//1408 4877//1408 4820//1408
f 4820//1409 4877//1409 4878//1409
f 4820//1394 4878//1394 4821//1394
f 4821//1395 4878//1395 4879//1395
f 4821//1396 4879//1396 4822//1396
f 4822//1397 4879//1397 4880//1397
f 4822//1410 4880//1410 4824//1410
f 4824//1411 4880//1411 4881//1411
f 4824//1402 4881//1402 4826//1402
f 4826//1403 4881//1403 4870//1403
f 4850//1372 4882//1372 4851//1372
f 4851//1373 4882//1373 4883//1373
f 4851//1404 4883//1404 4852//1404
f 4852//1405 4883//1405 4884//1405
f 4852//1378 4884//1378 4853//1378
f 4853//1379 4884//1379 4885//1379
f 4853//1380 4885//1380 4843//1380
f 4843//1381 4885//1381 4886//1381
f 4843//1406 4886//1406 4844//1406
f 4844//1407 4886//1407 4887//1407
f 4844//1386 4887//1386 4841//1386
f 4841//1387 4887//1387 4888//1387
f 4841//1388 4888//1388 4842//1388
f 4842//1389 4888//1389 4889//1389
f 4842//1408 4889//1408 4846//1408
f 4846//1409 4889//1409 4890//1409
f 4846//1394 4890//1394 4847//1394
f 4847//1395 4890//1395 4891//1395
f 4847//1396 4891//1396 4848//1396
f 4848//1397 4891//1397 4892//1397
f 4848//1410 4892//1410 4849//1410
f 4849//1411 4892//1411 4893//1411
f 4849//1402 4893//1402 4850//1402
f 4850//1403 4893//1403 4882//1403
f 4746//1372 4894//1372 4747//1372
f 4747//1373 4894//1373 4895//1373
f 4747//1404 4895//1404 4753//1404
f 4753//1405 4895//1405 4896//1405
f 4753//1378 4896//1378 4754//1378
f 4754//1379 4896//1379 4897//1379
f 4754//1380 4897//1380 4755//1380
f 4755//1381 4897//1381 4898//1381
f 4755//1406 4898//1406 4756//1406
f 4756//1407 4898//1407 4899//1407
f 4756//1386 4899//1386 4757//1386
f 4757//1387 4899//1387 4900//1387
f 4757//1388 4900//1388 4748//1388
f 4748//1389 4900//1389 4901//1389
f 4748//1408 4901//1408 4749//1408
f 4749//1409 4901//1409 4902//1409
f 4749//1394 4902//1394 4751//1394
f 4751//1395 4902//1395 4903//1395
f 4751//1396 4903//1396 4752//1396
f 4752//1397 4903//1397 4904//1397
f 4752//1410 4904//1410 4745//1410
f 4745//1411 4904//1411 4905//1411
f 4745//1402 4905//1402 4746//1402
f 4746//1403 4905//1403 4894//1403
f 4687//1412 4906//1412 4721//1412
f 4721//1413 4906//1413 4907//1413
f 4721//1414 4907//1414 4722//1414
f 4722//1415 4907//1415 4908//1415
f 4722//1416 4908//1416 4724//1416
f 4724//1417 4908//1417 4909//1417
f 4724//1418 4909//1418 4725//1418
f 4725//1419 4909//1419 4910//1419
f 4725//1420 4910//1420 4719//1420
f 4719//1421 4910//1421 4911//1421
f 4719//1422 4911//1422 4720//1422
f 4720//1423 4911//1423 4912//1423
f 4720//1424 4912//1424 4716//1424
f 4716//1425 4912//1425 4913//1425
f 4716//1426 4913//1426 4717//1426
f 4717//1427 4913//1427 4914//1427
f 4717//1428 4914//1428 4711//1428
f 4711//1429 4914//1429 4915//1429
f 4711//1430 4915//1430 4713//1430
f 4713//1431 4915//1431 4916//1431
f 4713//1432 4916//1432 4714//1432
f 4714//1433 4916//1433 4917//1433
f 4714//1434 4917//1434 4706//1434
f 4706//1435 4917//1435 4918//1435
f 4706//1436 4918//1436 4702//1436
f 4702//1437 4918//1437 4919//1437
f 4702//1438 4919//1438 4703//1438
f 4703//1439 4919//1439 4920//1439
f 4703//1440 4920//1440 4707//1440
f 4707//1441 4920//1441 4921//1441
f 4707//1442 4921//1442 4708//1442
f 4708//1443 4921//1443 4922//1443
f 4708//1444 4922//1444 4696//1444
f 4696//1445 4922//1445 4923//1445
f 4696//1446 4923//1446 4697//1446
f 4697//1447 4923//1447 4924//1447
f 4697//1448 4924//1448 4699//1448
f 4699//1449 4924//1449 4925//1449
f 4699//1450 4925//1450 4701//1450
f 4701//1451 4925//1451 4926//1451
f 4701//1452 4926//1452 4689//1452
f 4689//1453 4926//1453 4927//1453
f 4689//1454 4927//1454 4690//1454
f 4690//1455 4927//1455 4928//1455
f 4690//1456 4928//1456 4692//1456
f 4692//1457 4928//1457 4929//1457
f 4692//1458 4929//1458 4694//1458
f 4694//1459 4929//1459 4930//1459
f 4694//1460 4930//1460 4695//1460
f 4695//1461 4930//1461 4931//1461
f 4695//1462 4931//1462 4686//1462
f 4686//1463 4931//1463 4932//1463
f 4686//1464 4932//1464 4687//1464
f 4687//1465 4932//1465 4906//1465
f 4800//1372 4933//1372 4801//1372
f 4801//1373 4933//1373 4934//1373
f 4801//1404 4934//1404 4802//1404
f 4802//1405 4934//1405 4935//1405
f 4802//1378 4935//1378 4803//1378
f 4803//1379 4935//1379 4936//1379
f 4803//1380 4936//1380 4804//1380
f 4804//1381 4936//1381 4937//1381
f 4804//1406 4937//1406 4796//1406
f 4796//1407 4937//1407 4938//1407
f 4796//1386 4938//1386 4795//1386
f 4795//1387 4938//1387 4939//1387
f 4795//1388 4939//1388 4793//1388
f 4793//1389 4939//1389 4940//1389
f 4793//1408 4940//1408 4794//1408
f 4794//1409 4940//1409 4941//1409
f 4794//1394 4941//1394 4805//1394
f 4805//1395 4941//1395 4942//1395
f 4805//1396 4942//1396 4797//1396
f 4797//1397 4942//1397 4943//1397
f 4797//1410 4943//1410 4798//1410
f 4798//1411 4943//1411 4944//1411
f 4798//1402 4944//1402 4800//1402
f 4800//1403 4944//1403 4933//1403
f 4831//1466 4945//1466 4946//1466
f 4831//1467 4946//1467 4832//1467
f 4832//1468 4946//1468 4947//1468
f 4832//1469 4947//1469 4833//1469
f 4833//1470 4947//1470 4834//1470
f 4834//1471 4947//1471 4948//1471
f 4834//1472 4948//1472 4835//1472
f 4948//1473 4949//1473 4835//1473
f 4835//1474 4949//1474 4950//1474
f 4835//1475 4950//1475 4652//1475
f 4652//1476 4950//1476 4653//1476
f 4653//1477 4950//1477 4951//1477
f 4653//1478 4951//1478 4825//1478
f 4951//1479 4952//1479 4825//1479
f 4825//1480 4952//1480 4953//1480
f 4825//1481 4953//1481 4823//1481
f 4823//1482 4953//1482 4818//1482
f 4818//1483 4953//1483 4954//1483
f 4818//1484 4954//1484 4817//1484
f 4817//1485 4954//1485 4955//1485
f 4817//1486 4955//1486 4814//1486
f 4814//1487 4955//1487 4956//1487
f 4814//1488 4956//1488 4813//1488
f 4957//1489 4812//1489 4958//1489
f 4958//1490 4812//1490 4813//1490
f 4958//1491 4813//1491 4959//1491
f 4959//1492 4813//1492 4956//1492
f 4642//1493 4641//1493 4960//1493
f 4960//1494 4641//1494 4816//1494
f 4960//1495 4816//1495 4957//1495
f 4957//1496 4816//1496 4815//1496
f 4957//1497 4815//1497 4812//1497
f 4840//1498 4961//1498 4837//1498
f 4837//1498 4961//1498 4962//1498
f 4837//1498 4962//1498 4836//1498
f 4836//1498 4962//1498 4963//1498
f 4836//1498 4963//1498 4831//1498
f 4831//1498 4963//1498 4945//1498
f 4671//1499 4964//1499 4965//1499
f 4671//1500 4965//1500 4673//1500
f 4673//1501 4965//1501 4966//1501
f 4673//1502 4966//1502 4666//1502
f 4666//1503 4966//1503 4967//1503
f 4666//1504 4967//1504 4667//1504
f 4667//1505 4967//1505 4668//1505
f 4668//1506 4967//1506 4968//1506
f 4668//1507 4968//1507 4677//1507
f 4968//1508 4969//1508 4677//1508
f 4677//1509 4969//1509 4970//1509
f 4677//1510 4970//1510 4678//1510
f 4678//1511 4970//1511 4680//1511
f 4680//1512 4970//1512 4971//1512
f 4680//1513 4971//1513 4682//1513
f 4682//1514 4971//1514 4972//1514
f 4682//1515 4972//1515 4684//1515
f 4684//1516 4972//1516 4973//1516
f 4684//1517 4973//1517 4838//1517
f 4973//1518 4974//1518 4838//1518
f 4838//1519 4974//1519 4975//1519
f 4838//1520 4975//1520 4839//1520
f 4839//1521 4975//1521 4961//1521
f 4839//1522 4961//1522 4840//1522
f 4964//1523 4671//1523 4976//1523
f 4976//1523 4671//1523 4650//1523
f 4976//1523 4650//1523 4977//1523
f 4977//1523 4650//1523 4649//1523
f 4977//1523 4649//1523 4978//1523
f 4978//1523 4649//1523 4845//1523
f 4509//1524 4510//1524 4979//1524
f 4509//1525 4979//1525 4731//1525
f 4731//1526 4979//1526 4980//1526
f 4731//1527 4980//1527 4732//1527
f 4732//1528 4980//1528 4978//1528
f 4732//1529 4978//1529 4845//1529
f 4511//1530 4513//1530 4727//1530
f 4727//1531 4513//1531 4981//1531
f 4727//1532 4981//1532 4728//1532
f 4981//1533 4982//1533 4728//1533
f 4728//1534 4982//1534 4983//1534
f 4728//1535 4983//1535 4729//1535
f 4729//1536 4983//1536 4984//1536
f 4729//1537 4984//1537 4730//1537
f 4730//1538 4984//1538 4504//1538
f 4730//1539 4504//1539 4503//1539
f 4519//1540 4520//1540 4734//1540
f 4734//1541 4520//1541 4985//1541
f 4734//1542 4985//1542 4735//1542
f 4735//1543 4985//1543 4986//1543
f 4735//1544 4986//1544 4736//1544
f 4736//1545 4986//1545 4987//1545
f 4736//1546 4987//1546 4737//1546
f 4987//1547 4988//1547 4737//1547
f 4737//1548 4988//1548 4989//1548
f 4737//1549 4989//1549 4733//1549
f 4733//1550 4989//1550 4514//1550
f 4733//1551 4514//1551 4512//1551
f 4530//1552 4529//1552 4990//1552
f 4530//1553 4990//1553 4739//1553
f 4739//1554 4990//1554 4991//1554
f 4739//1555 4991//1555 4740//1555
f 4740//1556 4991//1556 4992//1556
f 4740//1557 4992//1557 4741//1557
f 4741//1558 4992//1558 4522//1558
f 4741//1559 4522//1559 4521//1559
f 4541//1560 4542//1560 4993//1560
f 4541//1561 4993//1561 4743//1561
f 4743//1562 4993//1562 4994//1562
f 4743//1563 4994//1563 4744//1563
f 4744//1564 4994//1564 4995//1564
f 4744//1565 4995//1565 4742//1565
f 4742//1566 4995//1566 4533//1566
f 4742//1567 4533//1567 4534//1567
f 4552//1568 4551//1568 4996//1568
f 4552//1569 4996//1569 4758//1569
f 4758//1570 4996//1570 4997//1570
f 4758//1571 4997//1571 4759//1571
f 4759//1572 4997//1572 4998//1572
f 4759//1573 4998//1573 4760//1573
f 4760//1574 4998//1574 4544//1574
f 4760//1575 4544//1575 4543//1575
f 4563//1576 4564//1576 4999//1576
f 4563//1577 4999//1577 4762//1577
f 4762//1578 4999//1578 5000//1578
f 4762//1579 5000//1579 4763//1579
f 4763//1580 5000//1580 5001//1580
f 4763//1581 5001//1581 4761//1581
f 4761//1582 5001//1582 4555//1582
f 4761//1583 4555//1583 4556//1583
f 4566//1584 4565//1584 4765//1584
f 5002//1585 4768//1585 4767//1585
f 4571//1586 4573//1586 4766//1586
f 4766//1587 4573//1587 5003//1587
f 4766//1588 5003//1588 4767//1588
f 4767//1589 5003//1589 5004//1589
f 4767//1590 5004//1590 5002//1590
f 4768//1591 5002//1591 4769//1591
f 4769//1592 5002//1592 5005//1592
f 4769//1593 5005//1593 4765//1593
f 4765//1594 5005//1594 5006//1594
f 4765//1595 5006//1595 4566//1595
f 4772//1596 4579//1596 5007//1596
f 5007//1597 4579//1597 4580//1597
f 4772//1598 5007//1598 4773//1598
f 4773//1599 5007//1599 5008//1599
f 4773//1600 5008//1600 4771//1600
f 5008//1601 5009//1601 4771//1601
f 4771//1602 5009//1602 5010//1602
f 4771//1603 5010//1603 4770//1603
f 4770//1604 5010//1604 4574//1604
f 4770//1605 4574//1605 4572//1605
f 4587//1606 4589//1606 5011//1606
f 4587//1607 5011//1607 4780//1607
f 4780//1608 5011//1608 5012//1608
f 4780//1609 5012//1609 4784//1609
f 4784//1610 5012//1610 5013//1610
f 4784//1611 5013//1611 4785//1611
f 4785//1612 5013//1612 4582//1612
f 4785//1613 4582//1613 4581//1613
f 4595//1614 4596//1614 5014//1614
f 4595//1615 5014//1615 4783//1615
f 4783//1616 5014//1616 5015//1616
f 4783//1617 5015//1617 4781//1617
f 4781//1618 5015//1618 5016//1618
f 4781//1619 5016//1619 4779//1619
f 4779//1620 5016//1620 4590//1620
f 4779//1621 4590//1621 4588//1621
f 4603//1622 4605//1622 5017//1622
f 4603//1623 5017//1623 4777//1623
f 4777//1624 5017//1624 5018//1624
f 4777//1625 5018//1625 4782//1625
f 4782//1626 5018//1626 5019//1626
f 4782//1627 5019//1627 4774//1627
f 4774//1628 5019//1628 4598//1628
f 4774//1629 4598//1629 4597//1629
f 4791//1630 4611//1630 5020//1630
f 5020//1631 4611//1631 4612//1631
f 4791//1632 5020//1632 4775//1632
f 4775//1633 5020//1633 5021//1633
f 4775//1634 5021//1634 4778//1634
f 5021//1635 5022//1635 4778//1635
f 4778//1636 5022//1636 5023//1636
f 4778//1637 5023//1637 4776//1637
f 4776//1638 5023//1638 4606//1638
f 4776//1639 4606//1639 4604//1639
f 4619//1640 4621//1640 5024//1640
f 4619//1641 5024//1641 4789//1641
f 4789//1642 5024//1642 5025//1642
f 4789//1643 5025//1643 4792//1643
f 4792//1644 5025//1644 5026//1644
f 4792//1645 5026//1645 4786//1645
f 4786//1646 5026//1646 4614//1646
f 4786//1647 4614//1647 4613//1647
f 4806//1648 4627//1648 5027//1648
f 5027//1649 4627//1649 4628//1649
f 4806//1650 5027//1650 4787//1650
f 4787//1651 5027//1651 5028//1651
f 4787//1652 5028//1652 4790//1652
f 5028//1653 5029//1653 4790//1653
f 4790//1654 5029//1654 5030//1654
f 4790//1655 5030//1655 4788//1655
f 4788//1656 5030//1656 4622//1656
f 4788//1657 4622//1657 4620//1657
f 4636//1658 4635//1658 4799//1658
f 4799//1659 4635//1659 5031//1659
f 4799//1660 5031//1660 4808//1660
f 5031//1661 5032//1661 4808//1661
f 4808//1662 5032//1662 5033//1662
f 4808//1663 5033//1663 4809//1663
f 4809//1664 5033//1664 5034//1664
f 4809//1665 5034//1665 4807//1665
f 4807//1666 5034//1666 4630//1666
f 4807//1667 4630//1667 4629//1667
f 4647//1668 4648//1668 5035//1668
f 4647//1669 5035//1669 4810//1669
f 4810//1670 5035//1670 5036//1670
f 4810//1671 5036//1671 4811//1671
f 4811//1672 5036//1672 5037//1672
f 4811//1673 5037//1673 4657//1673
f 4657//1674 5037//1674 4639//1674
f 4657//1675 4639//1675 4640//1675
f 5038//1676 5039//1676 5040//1676
f 4986//1676 4985//1676 5041//1676
f 4540//1676 4538//1676 5042//1676
f 4911//1676 4910//1676 5038//1676
f 4856//1676 4855//1676 4973//1676
f 4973//1676 4855//1676 4854//1676
f 4973//1676 4854//1676 5039//1676
f 5039//1676 4854//1676 4869//1676
f 5039//1676 4869//1676 5040//1676
f 4973//1676 4972//1676 4856//1676
f 4856//1676 4972//1676 4971//1676
f 4856//1676 4971//1676 4857//1676
f 4857//1676 4971//1676 4970//1676
f 4857//1676 4970//1676 4858//1676
f 4858//1676 4970//1676 4969//1676
f 4858//1676 4969//1676 4859//1676
f 4859//1676 4969//1676 4968//1676
f 4859//1676 4968//1676 4860//1676
f 4968//1676 4967//1676 4860//1676
f 4860//1676 4967//1676 4966//1676
f 4860//1676 4966//1676 4861//1676
f 4861//1676 4966//1676 4965//1676
f 4861//1676 4965//1676 4862//1676
f 4862//1676 4965//1676 4964//1676
f 4862//1676 4964//1676 4863//1676
f 4863//1676 4964//1676 4976//1676
f 4863//1676 4976//1676 4864//1676
f 4869//1676 4868//1676 5040//1676
f 5040//1676 4868//1676 4867//1676
f 5040//1676 4867//1676 5043//1676
f 5043//1676 4867//1676 4866//1676
f 5043//1676 4866//1676 4865//1676
f 4907//1676 4906//1676 5044//1676
f 4908//1676 5045//1676 4909//1676
f 4909//1676 5045//1676 5046//1676
f 5047//1676 4915//1676 4914//1676
f 5047//1676 4914//1676 5048//1676
f 5048//1676 4914//1676 4913//1676
f 5048//1676 4913//1676 4912//1676
f 4915//1676 5047//1676 4916//1676
f 4916//1676 5047//1676 5049//1676
f 4916//1676 5049//1676 4917//1676
f 4917//1676 5049//1676 5050//1676
f 4917//1676 5050//1676 4918//1676
f 4921//1676 4920//1676 5051//1676
f 5051//1676 4920//1676 5050//1676
f 5050//1676 4920//1676 4919//1676
f 5050//1676 4919//1676 4918//1676
f 4926//1676 4925//1676 5052//1676
f 5052//1676 4925//1676 4924//1676
f 5052//1676 4924//1676 5053//1676
f 5053//1676 4924//1676 4923//1676
f 5053//1676 4923//1676 5051//1676
f 5051//1676 4923//1676 4922//1676
f 5051//1676 4922//1676 4921//1676
f 5054//1676 4927//1676 4926//1676
f 4906//1676 4932//1676 5044//1676
f 5044//1676 4932//1676 4931//1676
f 5044//1676 4931//1676 5055//1676
f 5055//1676 4931//1676 4930//1676
f 5055//1676 4930//1676 5056//1676
f 5056//1676 4930//1676 4929//1676
f 5056//1676 4929//1676 4928//1676
f 4635//1676 4637//1676 5031//1676
f 5031//1676 4637//1676 5056//1676
f 5031//1676 5056//1676 5054//1676
f 5054//1676 5056//1676 4928//1676
f 5054//1676 4928//1676 4927//1676
f 5054//1676 4936//1676 4935//1676
f 4935//1676 4934//1676 5054//1676
f 5054//1676 4934//1676 4933//1676
f 5054//1676 4933//1676 5031//1676
f 5031//1676 4933//1676 4944//1676
f 5031//1676 4944//1676 4943//1676
f 4634//1676 4943//1676 4499//1676
f 4499//1676 4943//1676 4942//1676
f 4499//1676 4942//1676 4500//1676
f 4500//1676 4942//1676 4941//1676
f 4500//1676 4941//1676 4624//1676
f 4624//1676 4941//1676 4626//1676
f 4926//1676 5052//1676 5054//1676
f 5054//1676 5052//1676 4937//1676
f 5054//1676 4937//1676 4936//1676
f 4626//1676 4941//1676 4628//1676
f 4628//1676 4941//1676 5028//1676
f 4628//1676 5028//1676 5027//1676
f 4941//1676 4940//1676 5028//1676
f 5028//1676 4940//1676 4939//1676
f 5028//1676 4939//1676 5052//1676
f 5052//1676 4939//1676 4938//1676
f 5052//1676 4938//1676 4937//1676
f 4634//1676 4632//1676 4943//1676
f 4943//1676 4632//1676 4630//1676
f 4943//1676 4630//1676 5031//1676
f 5031//1676 4630//1676 5034//1676
f 5031//1676 5034//1676 5032//1676
f 5032//1676 5034//1676 5033//1676
f 4612//1676 5053//1676 5020//1676
f 5020//1676 5053//1676 5021//1676
f 4612//1676 4610//1676 5053//1676
f 5053//1676 4610//1676 4608//1676
f 5053//1676 4608//1676 5052//1676
f 5052//1676 4608//1676 4496//1676
f 5052//1676 4496//1676 4495//1676
f 4614//1676 5028//1676 4616//1676
f 4616//1676 5028//1676 5052//1676
f 4616//1676 5052//1676 4618//1676
f 4618//1676 5052//1676 4495//1676
f 5024//1676 4621//1676 4622//1676
f 4622//1676 5030//1676 5024//1676
f 5024//1676 5030//1676 5029//1676
f 5024//1676 5029//1676 5025//1676
f 5025//1676 5029//1676 5028//1676
f 5025//1676 5028//1676 5026//1676
f 5026//1676 5028//1676 4614//1676
f 5007//1676 4580//1676 5057//1676
f 5057//1676 4580//1676 4578//1676
f 5057//1676 4578//1676 5053//1676
f 5053//1676 4578//1676 4576//1676
f 5053//1676 4576//1676 4488//1676
f 4487//1676 4586//1676 4594//1676
f 4594//1676 4586//1676 4584//1676
f 4594//1676 4584//1676 4596//1676
f 5011//1676 4589//1676 4590//1676
f 4487//1676 4594//1676 4488//1676
f 4488//1676 4594//1676 4592//1676
f 4488//1676 4592//1676 5053//1676
f 5053//1676 4592//1676 4492//1676
f 5053//1676 4492//1676 4491//1676
f 4491//1676 4602//1676 5053//1676
f 5053//1676 4602//1676 4600//1676
f 5053//1676 4600//1676 5021//1676
f 5021//1676 4600//1676 4598//1676
f 5017//1676 4605//1676 4606//1676
f 4584//1676 4582//1676 4596//1676
f 4596//1676 4582//1676 5013//1676
f 4596//1676 5013//1676 5012//1676
f 4590//1676 5016//1676 5011//1676
f 5011//1676 5016//1676 5015//1676
f 5011//1676 5015//1676 5012//1676
f 5012//1676 5015//1676 5014//1676
f 5012//1676 5014//1676 4596//1676
f 4606//1676 5023//1676 5017//1676
f 5017//1676 5023//1676 5022//1676
f 5017//1676 5022//1676 5018//1676
f 5018//1676 5022//1676 5021//1676
f 5018//1676 5021//1676 5019//1676
f 5019//1676 5021//1676 4598//1676
f 5003//1676 4573//1676 4574//1676
f 4574//1676 5010//1676 5003//1676
f 5003//1676 5010//1676 5009//1676
f 5003//1676 5009//1676 5057//1676
f 5057//1676 5009//1676 5008//1676
f 5057//1676 5008//1676 5007//1676
f 5005//1676 5002//1676 5057//1676
f 5057//1676 5002//1676 5004//1676
f 5057//1676 5004//1676 5003//1676
f 4558//1676 5051//1676 4560//1676
f 4560//1676 5051//1676 5058//1676
f 4560//1676 5058//1676 4562//1676
f 4570//1676 5053//1676 4483//1676
f 4483//1676 5053//1676 5051//1676
f 4483//1676 5051//1676 4484//1676
f 4484//1676 5051//1676 4558//1676
f 4570//1676 4568//1676 5053//1676
f 5053//1676 4568//1676 4566//1676
f 5053//1676 4566//1676 5057//1676
f 5057//1676 4566//1676 5006//1676
f 5057//1676 5006//1676 5005//1676
f 4553//1676 4555//1676 5058//1676
f 5058//1676 4555//1676 5001//1676
f 5058//1676 5001//1676 5000//1676
f 5000//1676 4999//1676 5058//1676
f 5058//1676 4999//1676 4564//1676
f 5058//1676 4564//1676 4562//1676
f 4546//1676 4544//1676 5058//1676
f 5058//1676 4544//1676 4998//1676
f 4551//1676 4553//1676 4996//1676
f 4996//1676 4553//1676 5058//1676
f 4996//1676 5058//1676 4997//1676
f 4997//1676 5058//1676 4998//1676
f 5051//1676 4904//1676 4903//1676
f 5051//1676 4903//1676 5058//1676
f 5058//1676 4903//1676 4902//1676
f 5058//1676 4902//1676 4901//1676
f 4901//1676 4550//1676 5058//1676
f 5058//1676 4550//1676 4548//1676
f 5058//1676 4548//1676 4546//1676
f 5042//1676 4538//1676 4899//1676
f 4899//1676 4538//1676 4536//1676
f 4899//1676 4536//1676 4900//1676
f 4900//1676 4536//1676 4476//1676
f 4900//1676 4476//1676 4901//1676
f 4901//1676 4476//1676 4475//1676
f 4901//1676 4475//1676 4550//1676
f 4899//1676 4898//1676 5042//1676
f 5042//1676 4898//1676 4897//1676
f 5042//1676 4897//1676 5050//1676
f 5050//1676 4897//1676 4896//1676
f 4896//1676 4895//1676 5050//1676
f 5050//1676 4895//1676 4894//1676
f 5050//1676 4894//1676 5051//1676
f 5051//1676 4894//1676 4905//1676
f 5051//1676 4905//1676 4904//1676
f 4531//1676 4533//1676 5042//1676
f 5042//1676 4533//1676 4995//1676
f 5042//1676 4995//1676 4994//1676
f 4994//1676 4993//1676 5042//1676
f 5042//1676 4993//1676 4542//1676
f 5042//1676 4542//1676 4540//1676
f 4524//1676 4522//1676 5042//1676
f 5042//1676 4522//1676 4992//1676
f 4529//1676 4531//1676 4990//1676
f 4990//1676 4531//1676 5042//1676
f 4990//1676 5042//1676 4991//1676
f 4991//1676 5042//1676 4992//1676
f 4479//1676 4528//1676 5050//1676
f 5050//1676 4528//1676 5042//1676
f 5042//1676 4528//1676 4526//1676
f 5042//1676 4526//1676 4524//1676
f 4520//1676 4518//1676 5049//1676
f 5049//1676 4518//1676 4516//1676
f 5049//1676 4516//1676 5050//1676
f 5050//1676 4516//1676 4480//1676
f 5050//1676 4480//1676 4479//1676
f 4981//1676 4513//1676 4514//1676
f 4514//1676 4989//1676 4981//1676
f 4981//1676 4989//1676 4988//1676
f 4981//1676 4988//1676 5041//1676
f 5041//1676 4988//1676 4987//1676
f 5041//1676 4987//1676 4986//1676
f 4508//1676 5041//1676 5049//1676
f 5049//1676 5041//1676 4985//1676
f 5049//1676 4985//1676 4520//1676
f 4508//1676 4506//1676 5041//1676
f 5041//1676 4506//1676 4504//1676
f 5041//1676 4504//1676 4984//1676
f 4980//1676 4979//1676 5049//1676
f 5049//1676 4979//1676 4510//1676
f 5049//1676 4510//1676 4508//1676
f 4984//1676 4983//1676 5041//1676
f 5041//1676 4983//1676 4982//1676
f 5041//1676 4982//1676 4981//1676
f 4865//1676 4864//1676 5043//1676
f 5043//1676 4864//1676 4976//1676
f 5043//1676 4976//1676 5047//1676
f 5047//1676 4976//1676 4977//1676
f 5047//1676 4977//1676 5049//1676
f 5049//1676 4977//1676 4978//1676
f 5049//1676 4978//1676 4980//1676
f 4975//1676 4974//1676 4961//1676
f 4961//1676 4974//1676 4973//1676
f 4961//1676 4973//1676 4962//1676
f 4962//1676 4973//1676 5039//1676
f 4962//1676 5039//1676 4963//1676
f 4963//1676 5039//1676 5038//1676
f 4963//1676 5038//1676 5046//1676
f 5046//1676 5038//1676 4910//1676
f 5046//1676 4910//1676 4909//1676
f 4947//1676 4946//1676 5046//1676
f 5046//1676 4946//1676 4945//1676
f 5046//1676 4945//1676 4963//1676
f 4951//1676 4950//1676 5045//1676
f 5045//1676 4950//1676 4949//1676
f 5045//1676 4949//1676 5046//1676
f 5046//1676 4949//1676 4948//1676
f 5046//1676 4948//1676 4947//1676
f 4876//1676 4875//1676 5045//1676
f 4879//1676 4878//1676 5044//1676
f 5044//1676 4878//1676 4877//1676
f 4908//1676 4907//1676 5045//1676
f 5045//1676 4907//1676 5044//1676
f 5045//1676 5044//1676 4876//1676
f 4876//1676 5044//1676 4877//1676
f 4880//1676 4954//1676 4881//1676
f 4881//1676 4954//1676 4953//1676
f 4881//1676 4953//1676 4870//1676
f 4870//1676 4953//1676 4952//1676
f 4870//1676 4952//1676 4871//1676
f 4871//1676 4952//1676 4951//1676
f 4875//1676 4874//1676 5045//1676
f 5045//1676 4874//1676 4873//1676
f 5045//1676 4873//1676 4951//1676
f 4951//1676 4873//1676 4872//1676
f 4951//1676 4872//1676 4871//1676
f 4880//1676 4879//1676 4954//1676
f 4954//1676 4879//1676 5044//1676
f 4954//1676 5044//1676 4955//1676
f 4955//1676 5044//1676 5055//1676
f 4960//1676 4957//1676 5055//1676
f 5055//1676 4957//1676 4958//1676
f 4958//1676 4959//1676 5055//1676
f 5055//1676 4959//1676 4956//1676
f 5055//1676 4956//1676 4955//1676
f 5036//1676 5035//1676 4648//1676
f 4960//1676 5055//1676 4642//1676
f 4642//1676 5055//1676 5056//1676
f 4642//1676 5056//1676 4644//1676
f 4637//1676 4639//1676 5037//1676
f 4644//1676 5056//1676 4646//1676
f 4646//1676 5056//1676 4637//1676
f 4646//1676 4637//1676 4648//1676
f 4648//1676 4637//1676 5037//1676
f 4648//1676 5037//1676 5036//1676
f 4886//1676 4885//1676 5043//1676
f 5043//1676 4885//1676 5040//1676
f 5040//1676 4885//1676 4884//1676
f 5040//1676 4884//1676 4883//1676
f 4882//1676 4893//1676 5048//1676
f 5048//1676 4893//1676 4892//1676
f 5048//1676 4892//1676 5047//1676
f 5047//1676 4892//1676 4891//1676
f 5047//1676 4891//1676 4890//1676
f 4890//1676 4889//1676 5047//1676
f 5047//1676 4889//1676 4888//1676
f 5047//1676 4888//1676 5043//1676
f 5043//1676 4888//1676 4887//1676
f 5043//1676 4887//1676 4886//1676
f 4883//1676 4882//1676 5040//1676
f 5040//1676 4882//1676 5048//1676
f 5040//1676 5048//1676 5038//1676
f 5038//1676 5048//1676 4912//1676
f 5038//1676 4912//1676 4911//1676
f 5059//1 5060//1 5061//1
f 5059//1 5061//1 5062//1
f 5063//1 5064//1 5061//1
f 5061//1 5064//1 5065//1
f 5061//1 5065//1 5062//1
f 5066//1 5067//1 5061//1
f 5061//1 5067//1 5068//1
f 5061//1 5068//1 5063//1
f 5069//1 5070//1 5061//1
f 5061//1 5070//1 5071//1
f 5061//1 5071//1 5066//1
f 5072//1 5073//1 5061//1
f 5061//1 5073//1 5074//1
f 5061//1 5074//1 5069//1
f 5075//1 5076//1 5061//1
f 5061//1 5076//1 5077//1
f 5061//1 5077//1 5072//1
f 5078//1 5079//1 5061//1
f 5061//1 5079//1 5080//1
f 5061//1 5080//1 5075//1
f 5081//1 5082//1 5061//1
f 5061//1 5082//1 5083//1
f 5061//1 5083//1 5078//1
f 5060//1 5084//1 5061//1
f 5061//1 5084//1 5085//1
f 5061//1 5085//1 5081//1
f 5086//2 5062//2 5087//2
f 5087//3 5062//3 5065//3
f 5087//4 5065//4 5088//4
f 5088//5 5065//5 5064//5
f 5088//6 5064//6 5089//6
f 5089//7 5064//7 5063//7
f 5089//8 5063//8 5090//8
f 5090//9 5063//9 5068//9
f 5090//10 5068//10 5091//10
f 5091//11 5068//11 5067//11
f 5091//12 5067//12 5092//12
f 5092//13 5067//13 5066//13
f 5092//14 5066//14 5093//14
f 5093//15 5066//15 5071//15
f 5093//16 5071//16 5094//16
f 5094//17 5071//17 5070//17
f 5094//18 5070//18 5095//18
f 5095//19 5070//19 5069//19
f 5095//20 5069//20 5096//20
f 5096//21 5069//21 5074//21
f 5096//22 5074//22 5097//22
f 5097//23 5074//23 5073//23
f 5097//24 5073//24 5098//24
f 5098//25 5073//25 5072//25
f 5098//26 5072//26 5099//26
f 5099//27 5072//27 5077//27
f 5099//28 5077//28 5100//28
f 5100//29 5077//29 5076//29
f 5100//30 5076//30 5101//30
f 5101//31 5076//31 5075//31
f 5101//32 5075//32 5102//32
f 5102//33 5075//33 5080//33
f 5102//34 5080//34 5103//34
f 5103//35 5080//35 5079//35
f 5103//36 5079//36 5104//36
f 5104//37 5079//37 5078//37
f 5104//38 5078//38 5105//38
f 5105//39 5078//39 5083//39
f 5105//40 5083//40 5106//40
f 5106//41 5083//41 5082//41
f 5106//42 5082//42 5107//42
f 5107//43 5082//43 5081//43
f 5107//44 5081//44 5108//44
f 5108//45 5081//45 5085//45
f 5108//46 5085//46 5109//46
f 5109//47 5085//47 5084//47
f 5109//48 5084//48 5110//48
f 5110//49 5084//49 5060//49
f 5110//50 5060//50 5111//50
f 5111//51 5060//51 5059//51
f 5111//52 5059//52 5086//52
f 5086//53 5059//53 5062//53
f 5112//54 5087//54 5113//54
f 5113//55 5087//55 5088//55
f 5113//56 5088//56 5114//56
f 5114//57 5088//57 5089//57
f 5114//58 5089//58 5115//58
f 5115//59 5089//59 5090//59
f 5115//60 5090//60 5116//60
f 5116//61 5090//61 5091//61
f 5116//62 5091//62 5117//62
f 5117//63 5091//63 5092//63
f 5117//64 5092//64 5118//64
f 5118//65 5092//65 5093//65
f 5118//66 5093//66 5119//66
f 5119//67 5093//67 5094//67
f 5119//68 5094//68 5120//68
f 5120//69 5094//69 5095//69
f 5120//70 5095//70 5121//70
f 5121//71 5095//71 5096//71
f 5121//72 5096//72 5122//72
f 5122//73 5096//73 5097//73
f 5122//74 5097//74 5123//74
f 5123//75 5097//75 5098//75
f 5123//76 5098//76 5124//76
f 5124//77 5098//77 5099//77
f 5124//78 5099//78 5125//78
f 5125//79 5099//79 5100//79
f 5125//80 5100//80 5126//80
f 5126//81 5100//81 5101//81
f 5126//82 5101//82 5127//82
f 5127//83 5101//83 5102//83
f 5127//84 5102//84 5128//84
f 5128//85 5102//85 5103//85
f 5128//86 5103//86 5129//86
f 5129//87 5103//87 5104//87
f 5129//88 5104//88 5130//88
f 5130//89 5104//89 5105//89
f 5130//90 5105//90 5131//90
f 5131//91 5105//91 5106//91
f 5131//92 5106//92 5132//92
f 5132//93 5106//93 5107//93
f 5132//94 5107//94 5133//94
f 5133//95 5107//95 5108//95
f 5133//96 5108//96 5134//96
f 5134//97 5108//97 5109//97
f 5134//98 5109//98 5135//98
f 5135//99 5109//99 5110//99
f 5135//100 5110//100 5136//100
f 5136//101 5110//101 5111//101
f 5136//102 5111//102 5137//102
f 5137//103 5111//103 5086//103
f 5137//104 5086//104 5112//104
f 5112//105 5086//105 5087//105
f 5125//106 5138//106 5124//106
f 5124//107 5138//107 5139//107
f 5124//108 5139//108 5123//108
f 5123//109 5139//109 5140//109
f 5123//110 5140//110 5122//110
f 5122//111 5140//111 5141//111
f 5122//112 5141//112 5121//112
f 5121//113 5141//113 5142//113
f 5121//114 5142//114 5120//114
f 5120//115 5142//115 5143//115
f 5120//116 5143//116 5119//116
f 5119//117 5143//117 5144//117
f 5119//118 5144//118 5118//118
f 5118//119 5144//119 5145//119
f 5118//120 5145//120 5117//120
f 5117//121 5145//121 5146//121
f 5117//122 5146//122 5116//122
f 5116//123 5146//123 5147//123
f 5116//124 5147//124 5115//124
f 5115//125 5147//125 5148//125
f 5115//126 5148//126 5114//126
f 5114//127 5148//127 5149//127
f 5114//128 5149//128 5113//128
f 5113//129 5149//129 5150//129
f 5113//130 5150//130 5112//130
f 5112//131 5150//131 5151//131
f 5112//132 5151//132 5137//132
f 5137//133 5151//133 5152//133
f 5137//134 5152//134 5136//134
f 5136//135 5152//135 5153//135
f 5136//136 5153//136 5135//136
f 5135//137 5153//137 5154//137
f 5135//138 5154//138 5134//138
f 5134//139 5154//139 5155//139
f 5134//140 5155//140 5133//140
f 5133//141 5155//141 5156//141
f 5133//142 5156//142 5132//142
f 5132//143 5156//143 5157//143
f 5132//144 5157//144 5131//144
f 5131//145 5157//145 5158//145
f 5131//146 5158//146 5130//146
f 5130//147 5158//147 5159//147
f 5130//148 5159//148 5129//148
f 5129//149 5159//149 5160//149
f 5129//150 5160//150 5128//150
f 5128//151 5160//151 5161//151
f 5128//152 5161//152 5127//152
f 5127//153 5161//153 5162//153
f 5127//154 5162//154 5126//154
f 5126//155 5162//155 5163//155
f 5126//156 5163//156 5125//156
f 5125//157 5163//157 5138//157
f 5164//2 5149//2 5165//2
f 5165//3 5149//3 5148//3
f 5165//4 5148//4 5166//4
f 5166//5 5148//5 5147//5
f 5166//6 5147//6 5167//6
f 5167//7 5147//7 5146//7
f 5167//8 5146//8 5168//8
f 5168//9 5146//9 5145//9
f 5168//10 5145//10 5169//10
f 5169//11 5145//11 5144//11
f 5169//12 5144//12 5170//12
f 5170//13 5144//13 5143//13
f 5170//14 5143//14 5171//14
f 5171//15 5143//15 5142//15
f 5171//16 5142//16 5172//16
f 5172//17 5142//17 5141//17
f 5172//18 5141//18 5173//18
f 5173//19 5141//19 5140//19
f 5173//20 5140//20 5174//20
f 5174//21 5140//21 5139//21
f 5174//22 5139//22 5175//22
f 5175//23 5139//23 5138//23
f 5175//24 5138//24 5176//24
f 5176//25 5138//25 5163//25
f 5176//26 5163//26 5177//26
f 5177//27 5163//27 5162//27
f 5177//28 5162//28 5178//28
f 5178//29 5162//29 5161//29
f 5178//30 5161//30 5179//30
f 5179//31 5161//31 5160//31
f 5179//32 5160//32 5180//32
f 5180//33 5160//33 5159//33
f 5180//34 5159//34 5181//34
f 5181//35 5159//35 5158//35
f 5181//36 5158//36 5182//36
f 5182//37 5158//37 5157//37
f 5182//38 5157//38 5183//38
f 5183//39 5157//39 5156//39
f 5183//40 5156//40 5184//40
f 5184//41 5156//41 5155//41
f 5184//42 5155//42 5185//42
f 5185//43 5155//43 5154//43
f 5185//44 5154//44 5186//44
f 5186//45 5154//45 5153//45
f 5186//46 5153//46 5187//46
f 5187//47 5153//47 5152//47
f 5187//48 5152//48 5188//48
f 5188//49 5152//49 5151//49
f 5188//50 5151//50 5189//50
f 5189//51 5151//51 5150//51
f 5189//52 5150//52 5164//52
f 5164//53 5150//53 5149//53
f 5190//54 5165//54 5191//54
f 5191//55 5165//55 5166//55
f 5191//56 5166//56 5192//56
f 5192//57 5166//57 5167//57
f 5192//58 5167//58 5193//58
f 5193//59 5167//59 5168//59
f 5193//60 5168//60 5194//60
f 5194//61 5168//61 5169//61
f 5194//62 5169//62 5195//62
f 5195//63 5169//63 5170//63
f 5195//64 5170//64 5196//64
f 5196//65 5170//65 5171//65
f 5196//66 5171//66 5197//66
f 5197//67 5171//67 5172//67
f 5197//68 5172//68 5198//68
f 5198//69 5172//69 5173//69
f 5198//70 5173//70 5199//70
f 5199//71 5173//71 5174//71
f 5199//72 5174//72 5200//72
f 5200//73 5174//73 5175//73
f 5200//74 5175//74 5201//74
f 5201//75 5175//75 5176//75
f 5201//76 5176//76 5202//76
f 5202//77 5176//77 5177//77
f 5202//78 5177//78 5203//78
f 5203//79 5177//79 5178//79
f 5203//80 5178//80 5204//80
f 5204//81 5178//81 5179//81
f 5204//82 5179//82 5205//82
f 5205//83 5179//83 5180//83
f 5205//84 5180//84 5206//84
f 5206//85 5180//85 5181//85
f 5206//86 5181//86 5207//86
f 5207//87 5181//87 5182//87
f 5207//88 5182//88 5208//88
f 5208//89 5182//89 5183//89
f 5208//90 5183//90 5209//90
f 5209//91 5183//91 5184//91
f 5209//92 5184//92 5210//92
f 5210//93 5184//93 5185//93
f 5210//94 5185//94 5211//94
f 5211//95 5185//95 5186//95
f 5211//96 5186//96 5212//96
f 5212//97 5186//97 5187//97
f 5212//98 5187//98 5213//98
f 5213//99 5187//99 5188//99
f 5213//100 5188//100 5214//100
f 5214//101 5188//101 5189//101
f 5214//102 5189//102 5215//102
f 5215//103 5189//103 5164//103
f 5215//104 5164//104 5190//104
f 5190//105 5164//105 5165//105
f 5203//106 5216//106 5202//106
f 5202//107 5216//107 5217//107
f 5202//108 5217//108 5201//108
f 5201//109 5217//109 5218//109
f 5201//110 5218//110 5200//110
f 5200//111 5218//111 5219//111
f 5200//112 5219//112 5199//112
f 5199//113 5219//113 5220//113
f 5199//114 5220//114 5198//114
f 5198//115 5220//115 5221//115
f 5198//116 5221//116 5197//116
f 5197//117 5221//117 5222//117
f 5197//118 5222//118 5196//118
f 5196//119 5222//119 5223//119
f 5196//120 5223//120 5195//120
f 5195//121 5223//121 5224//121
f 5195//122 5224//122 5194//122
f 5194//123 5224//123 5225//123
f 5194//124 5225//124 5193//124
f 5193//125 5225//125 5226//125
f 5193//126 5226//126 5192//126
f 5192//127 5226//127 5227//127
f 5192//128 5227//128 5191//128
f 5191//129 5227//129 5228//129
f 5191//130 5228//130 5190//130
f 5190//131 5228//131 5229//131
f 5190//132 5229//132 5215//132
f 5215//133 5229//133 5230//133
f 5215//134 5230//134 5214//134
f 5214//135 5230//135 5231//135
f 5214//136 5231//136 5213//136
f 5213//137 5231//137 5232//137
f 5213//138 5232//138 5212//138
f 5212//139 5232//139 5233//139
f 5212//140 5233//140 5211//140
f 5211//141 5233//141 5234//141
f 5211//142 5234//142 5210//142
f 5210//143 5234//143 5235//143
f 5210//144 5235//144 5209//144
f 5209//145 5235//145 5236//145
f 5209//146 5236//146 5208//146
f 5208//147 5236//147 5237//147
f 5208//148 5237//148 5207//148
f 5207//149 5237//149 5238//149
f 5207//150 5238//150 5206//150
f 5206//151 5238//151 5239//151
f 5206//152 5239//152 5205//152
f 5205//153 5239//153 5240//153
f 5205//154 5240//154 5204//154
f 5204//155 5240//155 5241//155
f 5204//156 5241//156 5203//156
f 5203//157 5241//157 5216//157
f 5242//2 5227//2 5243//2
f 5243//3 5227//3 5226//3
f 5243//4 5226//4 5244//4
f 5244//5 5226//5 5225//5
f 5244//6 5225//6 5245//6
f 5245//7 5225//7 5224//7
f 5245//8 5224//8 5246//8
f 5246//9 5224//9 5223//9
f 5246//10 5223//10 5247//10
f 5247//11 5223//11 5222//11
f 5247//12 5222//12 5248//12
f 5248//13 5222//13 5221//13
f 5248//14 5221//14 5249//14
f 5249//15 5221//15 5220//15
f 5249//16 5220//16 5250//16
f 5250//17 5220//17 5219//17
f 5250//18 5219//18 5251//18
f 5251//19 5219//19 5218//19
f 5251//20 5218//20 5252//20
f 5252//21 5218//21 5217//21
f 5252//22 5217//22 5253//22
f 5253//23 5217//23 5216//23
f 5253//24 5216//24 5254//24
f 5254//25 5216//25 5241//25
f 5254//26 5241//26 5255//26
f 5255//27 5241//27 5240//27
f 5255//28 5240//28 5256//28
f 5256//29 5240//29 5239//29
f 5256//30 5239//30 5257//30
f 5257//31 5239//31 5238//31
f 5257//32 5238//32 5258//32
f 5258//33 5238//33 5237//33
f 5258//34 5237//34 5259//34
f 5259//35 5237//35 5236//35
f 5259//36 5236//36 5260//36
f 5260//37 5236//37 5235//37
f 5260//38 5235//38 5261//38
f 5261//39 5235//39 5234//39
f 5261//40 5234//40 5262//40
f 5262//41 5234//41 5233//41
f 5262//42 5233//42 5263//42
f 5263//43 5233//43 5232//43
f 5263//44 5232//44 5264//44
f 5264//45 5232//45 5231//45
f 5264//46 5231//46 5265//46
f 5265//47 5231//47 5230//47
f 5265//48 5230//48 5266//48
f 5266//49 5230//49 5229//49
f 5266//50 5229//50 5267//50
f 5267//51 5229//51 5228//51
f 5267//52 5228//52 5242//52
f 5242//53 5228//53 5227//53
f 5268//54 5243//54 5269//54
f 5269//55 5243//55 5244//55
f 5269//56 5244//56 5270//56
f 5270//57 5244//57 5245//57
f 5270//58 5245//58 5271//58
f 5271//59 5245//59 5246//59
f 5271//60 5246//60 5272//60
f 5272//61 5246//61 5247//61
f 5272//62 5247//62 5273//62
f 5273//63 5247//63 5248//63
f 5273//64 5248//64 5274//64
f 5274//65 5248//65 5249//65
f 5274//66 5249//66 5275//66
f 5275//67 5249//67 5250//67
f 5275//68 5250//68 5276//68
f 5276//69 5250//69 5251//69
f 5276//70 5251//70 5277//70
f 5277//71 5251//71 5252//71
f 5277//72 5252//72 5278//72
f 5278//73 5252//73 5253//73
f 5278//74 5253//74 5279//74
f 5279//75 5253//75 5254//75
f 5279//76 5254//76 5280//76
f 5280//77 5254//77 5255//77
f 5280//78 5255//78 5281//78
f 5281//79 5255//79 5256//79
f 5281//80 5256//80 5282//80
f 5282//81 5256//81 5257//81
f 5282//82 5257//82 5283//82
f 5283//83 5257//83 5258//83
f 5283//84 5258//84 5284//84
f 5284//85 5258//85 5259//85
f 5284//86 5259//86 5285//86
f 5285//87 5259//87 5260//87
f 5285//88 5260//88 5286//88
f 5286//89 5260//89 5261//89
f 5286//90 5261//90 5287//90
f 5287//91 5261//91 5262//91
f 5287//92 5262//92 5288//92
f 5288//93 5262//93 5263//93
f 5288//94 5263//94 5289//94
f 5289//95 5263//95 5264//95
f 5289//96 5264//96 5290//96
f 5290//97 5264//97 5265//97
f 5290//98 5265//98 5291//98
f 5291//99 5265//99 5266//99
f 5291//100 5266//100 5292//100
f 5292//101 5266//101 5267//101
f 5292//102 5267//102 5293//102
f 5293//103 5267//103 5242//103
f 5293//104 5242//104 5268//104
f 5268//105 5242//105 5243//105
f 5281//106 5294//106 5280//106
f 5280//107 5294//107 5295//107
f 5280//108 5295//108 5279//108
f 5279//109 5295//109 5296//109
f 5279//110 5296//110 5278//110
f 5278//111 5296//111 5297//111
f 5278//112 5297//112 5277//112
f 5277//113 5297//113 5298//113
f 5277//114 5298//114 5276//114
f 5276//115 5298//115 5299//115
f 5276//116 5299//116 5275//116
f 5275//117 5299//117 5300//117
f 5275//118 5300//118 5274//118
f 5274//119 5300//119 5301//119
f 5274//120 5301//120 5273//120
f 5273//121 5301//121 5302//121
f 5273//122 5302//122 5272//122
f 5272//123 5302//123 5303//123
f 5272//124 5303//124 5271//124
f 5271//125 5303//125 5304//125
f 5271//126 5304//126 5270//126
f 5270//127 5304//127 5305//127
f 5270//128 5305//128 5269//128
f 5269//129 5305//129 5306//129
f 5269//130 5306//130 5268//130
f 5268//131 5306//131 5307//131
f 5268//132 5307//132 5293//132
f 5293//133 5307//133 5308//133
f 5293//134 5308//134 5292//134
f 5292//135 5308//135 5309//135
f 5292//136 5309//136 5291//136
f 5291//137 5309//137 5310//137
f 5291//138 5310//138 5290//138
f 5290//139 5310//139 5311//139
f 5290//140 5311//140 5289//140
f 5289//141 5311//141 5312//141
f 5289//142 5312//142 5288//142
f 5288//143 5312//143 5313//143
f 5288//144 5313//144 5287//144
f 5287//145 5313//145 5314//145
f 5287//146 5314//146 5286//146
f 5286//147 5314//147 5315//147
f 5286//148 5315//148 5285//148
f 5285//149 5315//149 5316//149
f 5285//150 5316//150 5284//150
f 5284//151 5316//151 5317//151
f 5284//152 5317//152 5283//152
f 5283//153 5317//153 5318//153
f 5283//154 5318//154 5282//154
f 5282//155 5318//155 5319//155
f 5282//156 5319//156 5281//156
f 5281//157 5319//157 5294//157
f 5320//2 5305//2 5321//2
f 5321//3 5305//3 5304//3
f 5321//4 5304//4 5322//4
f 5322//5 5304//5 5303//5
f 5322//6 5303//6 5323//6
f 5323//7 5303//7 5302//7
f 5323//8 5302//8 5324//8
f 5324//9 5302//9 5301//9
f 5324//10 5301//10 5325//10
f 5325//11 5301//11 5300//11
f 5325//12 5300//12 5326//12
f 5326//13 5300//13 5299//13
f 5326//14 5299//14 5327//14
f 5327//15 5299//15 5298//15
f 5327//16 5298//16 5328//16
f 5328//17 5298//17 5297//17
f 5328//18 5297//18 5329//18
f 5329//19 5297//19 5296//19
f 5329//20 5296//20 5330//20
f 5330//21 5296//21 5295//21
f 5330//22 5295//22 5331//22
f 5331//23 5295//23 5294//23
f 5331//24 5294//24 5332//24
f 5332//25 5294//25 5319//25
f 5332//26 5319//26 5333//26
f 5333//27 5319//27 5318//27
f 5333//28 5318//28 5334//28
f 5334//29 5318//29 5317//29
f 5334//30 5317//30 5335//30
f 5335//31 5317//31 5316//31
f 5335//32 5316//32 5336//32
f 5336//33 5316//33 5315//33
f 5336//34 5315//34 5337//34
f 5337//35 5315//35 5314//35
f 5337//36 5314//36 5338//36
f 5338//37 5314//37 5313//37
f 5338//38 5313//38 5339//38
f 5339//39 5313//39 5312//39
f 5339//40 5312//40 5340//40
f 5340//41 5312//41 5311//41
f 5340//42 5311//42 5341//42
f 5341//43 5311//43 5310//43
f 5341//44 5310//44 5342//44
f 5342//45 5310//45 5309//45
f 5342//46 5309//46 5343//46
f 5343//47 5309//47 5308//47
f 5343//48 5308//48 5344//48
f 5344//49 5308//49 5307//49
f 5344//50 5307//50 5345//50
f 5345//51 5307//51 5306//51
f 5345//52 5306//52 5320//52
f 5320//53 5306//53 5305//53
f 5346//54 5321//54 5347//54
f 5347//55 5321//55 5322//55
f 5347//56 5322//56 5348//56
f 5348//57 5322//57 5323//57
f 5348//58 5323//58 5349//58
f 5349//59 5323//59 5324//59
f 5349//60 5324//60 5350//60
f 5350//61 5324//61 5325//61
f 5350//62 5325//62 5351//62
f 5351//63 5325//63 5326//63
f 5351//64 5326//64 5352//64
f 5352//65 5326//65 5327//65
f 5352//66 5327//66 5353//66
f 5353//67 5327//67 5328//67
f 5353//68 5328//68 5354//68
f 5354//69 5328//69 5329//69
f 5354//70 5329//70 5355//70
f 5355//71 5329//71 5330//71
f 5355//72 5330//72 5356//72
f 5356//73 5330//73 5331//73
f 5356//74 5331//74 5357//74
f 5357//75 5331//75 5332//75
f 5357//76 5332//76 5358//76
f 5358//77 5332//77 5333//77
f 5358//78 5333//78 5359//78
f 5359//79 5333//79 5334//79
f 5359//80 5334//80 5360//80
f 5360//81 5334//81 5335//81
f 5360//82 5335//82 5361//82
f 5361//83 5335//83 5336//83
f 5361//84 5336//84 5362//84
f 5362//85 5336//85 5337//85
f 5362//86 5337//86 5363//86
f 5363//87 5337//87 5338//87
f 5363//88 5338//88 5364//88
f 5364//89 5338//89 5339//89
f 5364//90 5339//90 5365//90
f 5365//91 5339//91 5340//91
f 5365//92 5340//92 5366//92
f 5366//93 5340//93 5341//93
f 5366//94 5341//94 5367//94
f 5367//95 5341//95 5342//95
f 5367//96 5342//96 5368//96
f 5368//97 5342//97 5343//97
f 5368//98 5343//98 5369//98
f 5369//99 5343//99 5344//99
f 5369//100 5344//100 5370//100
f 5370//101 5344//101 5345//101
f 5370//102 5345//102 5371//102
f 5371//103 5345//103 5320//103
f 5371//104 5320//104 5346//104
f 5346//105 5320//105 5321//105
f 5359//106 5372//106 5358//106
f 5358//107 5372//107 5373//107
f 5358//108 5373//108 5357//108
f 5357//109 5373//109 5374//109
f 5357//110 5374//110 5356//110
f 5356//111 5374//111 5375//111
f 5356//112 5375//112 5355//112
f 5355//113 5375//113 5376//113
f 5355//114 5376//114 5354//114
f 5354//115 5376//115 5377//115
f 5354//116 5377//116 5353//116
f 5353//117 5377//117 5378//117
f 5353//118 5378//118 5352//118
f 5352//119 5378//119 5379//119
f 5352//120 5379//120 5351//120
f 5351//121 5379//121 5380//121
f 5351//122 5380//122 5350//122
f 5350//123 5380//123 5381//123
f 5350//124 5381//124 5349//124
f 5349//125 5381//125 5382//125
f 5349//126 5382//126 5348//126
f 5348//127 5382//127 5383//127
f 5348//128 5383//128 5347//128
f 5347//129 5383//129 5384//129
f 5347//130 5384//130 5346//130
f 5346//131 5384//131 5385//131
f 5346//132 5385//132 5371//132
f 5371//133 5385//133 5386//133
f 5371//134 5386//134 5370//134
f 5370//135 5386//135 5387//135
f 5370//136 5387//136 5369//136
f 5369//137 5387//137 5388//137
f 5369//138 5388//138 5368//138
f 5368//139 5388//139 5389//139
f 5368//140 5389//140 5367//140
f 5367//141 5389//141 5390//141
f 5367//142 5390//142 5366//142
f 5366//143 5390//143 5391//143
f 5366//144 5391//144 5365//144
f 5365//145 5391//145 5392//145
f 5365//146 5392//146 5364//146
f 5364//147 5392//147 5393//147
f 5364//148 5393//148 5363//148
f 5363//149 5393//149 5394//149
f 5363//150 5394//150 5362//150
f 5362//151 5394//151 5395//151
f 5362//152 5395//152 5361//152
f 5361//153 5395//153 5396//153
f 5361//154 5396//154 5360//154
f 5360//155 5396//155 5397//155
f 5360//156 5397//156 5359//156
f 5359//157 5397//157 5372//157
f 5398//2 5383//2 5399//2
f 5399//3 5383//3 5382//3
f 5399//4 5382//4 5400//4
f 5400//5 5382//5 5381//5
f 5400//6 5381//6 5401//6
f 5401//7 5381//7 5380//7
f 5401//8 5380//8 5402//8
f 5402//9 5380//9 5379//9
f 5402//10 5379//10 5403//10
f 5403//11 5379//11 5378//11
f 5403//12 5378//12 5404//12
f 5404//13 5378//13 5377//13
f 5404//14 5377//14 5405//14
f 5405//15 5377//15 5376//15
f 5405//16 5376//16 5406//16
f 5406//17 5376//17 5375//17
f 5406//18 5375//18 5407//18
f 5407//19 5375//19 5374//19
f 5407//20 5374//20 5408//20
f 5408//21 5374//21 5373//21
f 5408//22 5373//22 5409//22
f 5409//23 5373//23 5372//23
f 5409//24 5372//24 5410//24
f 5410//25 5372//25 5397//25
f 5410//26 5397//26 5411//26
f 5411//27 5397//27 5396//27
f 5411//28 5396//28 5412//28
f 5412//29 5396//29 5395//29
f 5412//30 5395//30 5413//30
f 5413//31 5395//31 5394//31
f 5413//32 5394//32 5414//32
f 5414//33 5394//33 5393//33
f 5414//34 5393//34 5415//34
f 5415//35 5393//35 5392//35
f 5415//36 5392//36 5416//36
f 5416//37 5392//37 5391//37
f 5416//38 5391//38 5417//38
f 5417//39 5391//39 5390//39
f 5417//40 5390//40 5418//40
f 5418//41 5390//41 5389//41
f 5418//42 5389//42 5419//42
f 5419//43 5389//43 5388//43
f 5419//44 5388//44 5420//44
f 5420//45 5388//45 5387//45
f 5420//46 5387//46 5421//46
f 5421//47 5387//47 5386//47
f 5421//48 5386//48 5422//48
f 5422//49 5386//49 5385//49
f 5422//50 5385//50 5423//50
f 5423//51 5385//51 5384//51
f 5423//52 5384//52 5398//52
f 5398//53 5384//53 5383//53
f 5424//54 5399//54 5425//54
f 5425//55 5399//55 5400//55
f 5425//56 5400//56 5426//56
f 5426//57 5400//57 5401//57
f 5426//58 5401//58 5427//58
f 5427//59 5401//59 5402//59
f 5427//60 5402//60 5428//60
f 5428//61 5402//61 5403//61
f 5428//62 5403//62 5429//62
f 5429//63 5403//63 5404//63
f 5429//64 5404//64 5430//64
f 5430//65 5404//65 5405//65
f 5430//66 5405//66 5431//66
f 5431//67 5405//67 5406//67
f 5431//68 5406//68 5432//68
f 5432//69 5406//69 5407//69
f 5432//70 5407//70 5433//70
f 5433//71 5407//71 5408//71
f 5433//72 5408//72 5434//72
f 5434//73 5408//73 5409//73
f 5434//74 5409//74 5435//74
f 5435//75 5409//75 5410//75
f 5435//76 5410//76 5436//76
f 5436//77 5410//77 5411//77
f 5436//78 5411//78 5437//78
f 5437//79 5411//79 5412//79
f 5437//80 5412//80 5438//80
f 5438//81 5412//81 5413//81
f 5438//82 5413//82 5439//82
f 5439//83 5413//83 5414//83
f 5439//84 5414//84 5440//84
f 5440//85 5414//85 5415//85
f 5440//86 5415//86 5441//86
f 5441//87 5415//87 5416//87
f 5441//88 5416//88 5442//88
f 5442//89 5416//89 5417//89
f 5442//90 5417//90 5443//90
f 5443//91 5417//91 5418//91
f 5443//92 5418//92 5444//92
f 5444//93 5418//93 5419//93
f 5444//94 5419//94 5445//94
f 5445//95 5419//95 5420//95
f 5445//96 5420//96 5446//96
f 5446//97 5420//97 5421//97
f 5446//98 5421//98 5447//98
f 5447//99 5421//99 5422//99
f 5447//100 5422//100 5448//100
f 5448//101 5422//101 5423//101
f 5448//102 5423//102 5449//102
f 5449//103 5423//103 5398//103
f 5449//104 5398//104 5424//104
f 5424//105 5398//105 5399//105
f 5437//155 5438//155 5450//155
f 5439//151 5440//151 5451//151
f 5451//158 5452//158 5439//158
f 5439//159 5452//159 5453//159
f 5439//153 5453//153 5438//153
f 5438//160 5453//160 5454//160
f 5438//161 5454//161 5450//161
f 5441//147 5442//147 5455//147
f 5455//162 5456//162 5441//162
f 5441//163 5456//163 5457//163
f 5441//149 5457//149 5440//149
f 5440//164 5457//164 5458//164
f 5440//165 5458//165 5451//165
f 5443//143 5444//143 5459//143
f 5459//166 5460//166 5443//166
f 5443//167 5460//167 5461//167
f 5443//145 5461//145 5442//145
f 5442//168 5461//168 5462//168
f 5442//169 5462//169 5455//169
f 5445//170 5446//170 5463//170
f 5463//171 5464//171 5445//171
f 5445//172 5464//172 5465//172
f 5445//141 5465//141 5444//141
f 5444//173 5465//173 5466//173
f 5444//174 5466//174 5459//174
f 5447//135 5448//135 5467//135
f 5467//175 5468//175 5447//175
f 5447//176 5468//176 5469//176
f 5447//137 5469//137 5446//137
f 5446//177 5469//177 5470//177
f 5446//178 5470//178 5463//178
f 5449//131 5424//131 5471//131
f 5471//179 5472//179 5449//179
f 5449//180 5472//180 5473//180
f 5449//133 5473//133 5448//133
f 5448//181 5473//181 5474//181
f 5448//182 5474//182 5467//182
f 5425//127 5426//127 5475//127
f 5475//183 5476//183 5425//183
f 5425//184 5476//184 5477//184
f 5425//129 5477//129 5424//129
f 5424//185 5477//185 5478//185
f 5424//186 5478//186 5471//186
f 5427//123 5428//123 5479//123
f 5479//187 5480//187 5427//187
f 5427//188 5480//188 5481//188
f 5427//125 5481//125 5426//125
f 5426//189 5481//189 5482//189
f 5426//190 5482//190 5475//190
f 5429//119 5430//119 5483//119
f 5483//191 5484//191 5429//191
f 5429//192 5484//192 5485//192
f 5429//121 5485//121 5428//121
f 5428//193 5485//193 5486//193
f 5428//194 5486//194 5479//194
f 5431//115 5432//115 5487//115
f 5487//195 5488//195 5431//195
f 5431//196 5488//196 5489//196
f 5431//117 5489//117 5430//117
f 5430//197 5489//197 5490//197
f 5430//198 5490//198 5483//198
f 5433//111 5434//111 5491//111
f 5491//199 5492//199 5433//199
f 5433//200 5492//200 5493//200
f 5433//113 5493//113 5432//113
f 5432//201 5493//201 5494//201
f 5432//202 5494//202 5487//202
f 5435//107 5436//107 5495//107
f 5495//203 5496//203 5435//203
f 5435//204 5496//204 5497//204
f 5435//109 5497//109 5434//109
f 5434//205 5497//205 5498//205
f 5434//206 5498//206 5491//206
f 5450//207 5499//207 5437//207
f 5437//208 5499//208 5500//208
f 5437//157 5500//157 5436//157
f 5436//209 5500//209 5501//209
f 5436//210 5501//210 5495//210
f 5459//211 5502//211 5460//211
f 5460//212 5502//212 5503//212
f 5460//213 5503//213 5461//213
f 5461//214 5503//214 5504//214
f 5461//215 5504//215 5462//215
f 5462//216 5504//216 5505//216
f 5462//217 5505//217 5455//217
f 5455//218 5505//218 5506//218
f 5455//219 5506//219 5456//219
f 5456//220 5506//220 5507//220
f 5456//221 5507//221 5457//221
f 5457//222 5507//222 5508//222
f 5457//223 5508//223 5458//223
f 5458//224 5508//224 5509//224
f 5458//225 5509//225 5451//225
f 5451//226 5509//226 5510//226
f 5451//227 5510//227 5452//227
f 5452//228 5510//228 5511//228
f 5452//229 5511//229 5453//229
f 5453//230 5511//230 5512//230
f 5453//231 5512//231 5454//231
f 5454//232 5512//232 5513//232
f 5454//233 5513//233 5450//233
f 5450//234 5513//234 5514//234
f 5450//235 5514//235 5499//235
f 5499//236 5514//236 5515//236
f 5499//237 5515//237 5500//237
f 5500//238 5515//238 5516//238
f 5500//239 5516//239 5501//239
f 5501//240 5516//240 5517//240
f 5501//241 5517//241 5495//241
f 5495//242 5517//242 5518//242
f 5495//243 5518//243 5496//243
f 5496//244 5518//244 5519//244
f 5496//245 5519//245 5497//245
f 5497//246 5519//246 5520//246
f 5497//247 5520//247 5498//247
f 5498//248 5520//248 5521//248
f 5498//249 5521//249 5491//249
f 5491//250 5521//250 5522//250
f 5491//251 5522//251 5492//251
f 5492//252 5522//252 5523//252
f 5492//253 5523//253 5493//253
f 5493//254 5523//254 5524//254
f 5493//255 5524//255 5494//255
f 5494//256 5524//256 5525//256
f 5494//257 5525//257 5487//257
f 5487//258 5525//258 5526//258
f 5487//259 5526//259 5488//259
f 5488//260 5526//260 5527//260
f 5488//261 5527//261 5489//261
f 5489//262 5527//262 5528//262
f 5489//263 5528//263 5490//263
f 5490//264 5528//264 5529//264
f 5490//265 5529//265 5483//265
f 5483//266 5529//266 5530//266
f 5483//267 5530//267 5484//267
f 5484//268 5530//268 5531//268
f 5484//269 5531//269 5485//269
f 5485//270 5531//270 5532//270
f 5485//271 5532//271 5486//271
f 5486//272 5532//272 5533//272
f 5486//273 5533//273 5479//273
f 5479//274 5533//274 5534//274
f 5479//275 5534//275 5480//275
f 5480//276 5534//276 5535//276
f 5480//277 5535//277 5481//277
f 5481//278 5535//278 5536//278
f 5481//279 5536//279 5482//279
f 5482//280 5536//280 5537//280
f 5482//281 5537//281 5475//281
f 5475//282 5537//282 5538//282
f 5475//283 5538//283 5476//283
f 5476//284 5538//284 5539//284
f 5476//285 5539//285 5477//285
f 5477//286 5539//286 5540//286
f 5477//287 5540//287 5478//287
f 5478//288 5540//288 5541//288
f 5478//289 5541//289 5471//289
f 5471//290 5541//290 5542//290
f 5471//291 5542//291 5472//291
f 5472//292 5542//292 5543//292
f 5472//293 5543//293 5473//293
f 5473//294 5543//294 5544//294
f 5473//295 5544//295 5474//295
f 5474//296 5544//296 5545//296
f 5474//297 5545//297 5467//297
f 5467//298 5545//298 5546//298
f 5467//299 5546//299 5468//299
f 5468//300 5546//300 5547//300
f 5468//301 5547//301 5469//301
f 5469//302 5547//302 5548//302
f 5469//303 5548//303 5470//303
f 5470//304 5548//304 5549//304
f 5470//305 5549//305 5463//305
f 5463//306 5549//306 5550//306
f 5463//307 5550//307 5464//307
f 5464//308 5550//308 5551//308
f 5464//309 5551//309 5465//309
f 5465//310 5551//310 5552//310
f 5465//311 5552//311 5466//311
f 5466//312 5552//312 5553//312
f 5466//313 5553//313 5459//313
f 5459//314 5553//314 5502//314
f 5554//315 5555//315 5543//315
f 5556//316 5545//316 5555//316
f 5555//317 5545//317 5544//317
f 5555//318 5544//318 5543//318
f 5557//319 5547//319 5556//319
f 5556//320 5547//320 5546//320
f 5556//321 5546//321 5545//321
f 5558//322 5549//322 5557//322
f 5557//323 5549//323 5548//323
f 5557//324 5548//324 5547//324
f 5559//325 5551//325 5558//325
f 5558//326 5551//326 5550//326
f 5558//327 5550//327 5549//327
f 5560//328 5553//328 5559//328
f 5559//329 5553//329 5552//329
f 5559//330 5552//330 5551//330
f 5561//331 5503//331 5560//331
f 5560//332 5503//332 5502//332
f 5560//333 5502//333 5553//333
f 5562//334 5505//334 5561//334
f 5561//335 5505//335 5504//335
f 5561//336 5504//336 5503//336
f 5563//337 5507//337 5562//337
f 5562//338 5507//338 5506//338
f 5562//339 5506//339 5505//339
f 5564//340 5509//340 5563//340
f 5563//341 5509//341 5508//341
f 5563//342 5508//342 5507//342
f 5565//343 5511//343 5564//343
f 5564//344 5511//344 5510//344
f 5564//345 5510//345 5509//345
f 5566//346 5513//346 5565//346
f 5565//347 5513//347 5512//347
f 5565//348 5512//348 5511//348
f 5567//349 5515//349 5566//349
f 5566//350 5515//350 5514//350
f 5566//351 5514//351 5513//351
f 5568//352 5517//352 5567//352
f 5567//353 5517//353 5516//353
f 5567//354 5516//354 5515//354
f 5569//355 5519//355 5568//355
f 5568//356 5519//356 5518//356
f 5568//357 5518//357 5517//357
f 5570//358 5521//358 5569//358
f 5569//359 5521//359 5520//359
f 5569//360 5520//360 5519//360
f 5571//361 5523//361 5570//361
f 5570//362 5523//362 5522//362
f 5570//363 5522//363 5521//363
f 5572//364 5525//364 5571//364
f 5571//365 5525//365 5524//365
f 5571//366 5524//366 5523//366
f 5573//367 5527//367 5572//367
f 5572//368 5527//368 5526//368
f 5572//369 5526//369 5525//369
f 5574//370 5529//370 5573//370
f 5573//371 5529//371 5528//371
f 5573//372 5528//372 5527//372
f 5575//373 5531//373 5574//373
f 5574//374 5531//374 5530//374
f 5574//375 5530//375 5529//375
f 5576//376 5533//376 5575//376
f 5575//377 5533//377 5532//377
f 5575//378 5532//378 5531//378
f 5577//379 5535//379 5576//379
f 5576//380 5535//380 5534//380
f 5576//381 5534//381 5533//381
f 5578//382 5537//382 5577//382
f 5577//383 5537//383 5536//383
f 5577//384 5536//384 5535//384
f 5579//385 5539//385 5578//385
f 5578//386 5539//386 5538//386
f 5578//387 5538//387 5537//387
f 5543//388 5542//388 5554//388
f 5554//389 5542//389 5541//389
f 5554//390 5541//390 5579//390
f 5579//391 5541//391 5540//391
f 5579//392 5540//392 5539//392
f 5567//106 5580//106 5568//106
f 5568//107 5580//107 5581//107
f 5568//108 5581//108 5569//108
f 5569//109 5581//109 5582//109
f 5569//110 5582//110 5570//110
f 5570//111 5582//111 5583//111
f 5570//112 5583//112 5571//112
f 5571//113 5583//113 5584//113
f 5571//114 5584//114 5572//114
f 5572//115 5584//115 5585//115
f 5572//116 5585//116 5573//116
f 5573//117 5585//117 5586//117
f 5573//118 5586//118 5574//118
f 5574//119 5586//119 5587//119
f 5574//120 5587//120 5575//120
f 5575//121 5587//121 5588//121
f 5575//122 5588//122 5576//122
f 5576//123 5588//123 5589//123
f 5576//124 5589//124 5577//124
f 5577//125 5589//125 5590//125
f 5577//126 5590//126 5578//126
f 5578//127 5590//127 5591//127
f 5578//128 5591//128 5579//128
f 5579//129 5591//129 5592//129
f 5579//130 5592//130 5554//130
f 5554//131 5592//131 5593//131
f 5554//132 5593//132 5555//132
f 5555//133 5593//133 5594//133
f 5555//134 5594//134 5556//134
f 5556//135 5594//135 5595//135
f 5556//136 5595//136 5557//136
f 5557//137 5595//137 5596//137
f 5557//138 5596//138 5558//138
f 5558//139 5596//139 5597//139
f 5558//140 5597//140 5559//140
f 5559//141 5597//141 5598//141
f 5559//142 5598//142 5560//142
f 5560//143 5598//143 5599//143
f 5560//144 5599//144 5561//144
f 5561//145 5599//145 5600//145
f 5561//146 5600//146 5562//146
f 5562//147 5600//147 5601//147
f 5562//148 5601//148 5563//148
f 5563//149 5601//149 5602//149
f 5563//150 5602//150 5564//150
f 5564//151 5602//151 5603//151
f 5564//152 5603//152 5565//152
f 5565//153 5603//153 5604//153
f 5565//154 5604//154 5566//154
f 5566//155 5604//155 5605//155
f 5566//156 5605//156 5567//156
f 5567//157 5605//157 5580//157
f 5606//2 5591//2 5607//2
f 5607//3 5591//3 5590//3
f 5607//4 5590//4 5608//4
f 5608//5 5590//5 5589//5
f 5608//6 5589//6 5609//6
f 5609//7 5589//7 5588//7
f 5609//8 5588//8 5610//8
f 5610//9 5588//9 5587//9
f 5610//10 5587//10 5611//10
f 5611//11 5587//11 5586//11
f 5611//12 5586//12 5612//12
f 5612//13 5586//13 5585//13
f 5612//14 5585//14 5613//14
f 5613//15 5585//15 5584//15
f 5613//16 5584//16 5614//16
f 5614//17 5584//17 5583//17
f 5614//18 5583//18 5615//18
f 5615//19 5583//19 5582//19
f 5615//20 5582//20 5616//20
f 5616//21 5582//21 5581//21
f 5616//22 5581//22 5617//22
f 5617//23 5581//23 5580//23
f 5617//24 5580//24 5618//24
f 5618//25 5580//25 5605//25
f 5618//26 5605//26 5619//26
f 5619//27 5605//27 5604//27
f 5619//28 5604//28 5620//28
f 5620//29 5604//29 5603//29
f 5620//30 5603//30 5621//30
f 5621//31 5603//31 5602//31
f 5621//32 5602//32 5622//32
f 5622//33 5602//33 5601//33
f 5622//34 5601//34 5623//34
f 5623//35 5601//35 5600//35
f 5623//36 5600//36 5624//36
f 5624//37 5600//37 5599//37
f 5624//38 5599//38 5625//38
f 5625//39 5599//39 5598//39
f 5625//40 5598//40 5626//40
f 5626//41 5598//41 5597//41
f 5626//42 5597//42 5627//42
f 5627//43 5597//43 5596//43
f 5627//44 5596//44 5628//44
f 5628//45 5596//45 5595//45
f 5628//46 5595//46 5629//46
f 5629//47 5595//47 5594//47
f 5629//48 5594//48 5630//48
f 5630//49 5594//49 5593//49
f 5630//50 5593//50 5631//50
f 5631//51 5593//51 5592//51
f 5631//52 5592//52 5606//52
f 5606//53 5592//53 5591//53
f 5631//315 5606//315 5632//315
f 5632//318 5633//318 5631//318
f 5631//317 5633//317 5634//317
f 5631//393 5634//393 5630//393
f 5634//321 5635//321 5630//321
f 5630//320 5635//320 5636//320
f 5630//319 5636//319 5629//319
f 5636//324 5637//324 5629//324
f 5629//323 5637//323 5638//323
f 5629//322 5638//322 5628//322
f 5638//394 5639//394 5628//394
f 5628//326 5639//326 5640//326
f 5628//325 5640//325 5627//325
f 5640//330 5641//330 5627//330
f 5627//395 5641//395 5642//395
f 5627//328 5642//328 5626//328
f 5642//333 5643//333 5626//333
f 5626//332 5643//332 5644//332
f 5626//331 5644//331 5625//331
f 5644//336 5645//336 5625//336
f 5625//335 5645//335 5646//335
f 5625//334 5646//334 5624//334
f 5646//396 5647//396 5624//396
f 5624//338 5647//338 5648//338
f 5624//337 5648//337 5623//337
f 5648//342 5649//342 5623//342
f 5623//397 5649//397 5650//397
f 5623//340 5650//340 5622//340
f 5650//345 5651//345 5622//345
f 5622//344 5651//344 5652//344
f 5622//343 5652//343 5621//343
f 5652//348 5653//348 5621//348
f 5621//347 5653//347 5654//347
f 5621//398 5654//398 5620//398
f 5654//351 5655//351 5620//351
f 5620//350 5655//350 5656//350
f 5620//349 5656//349 5619//349
f 5656//354 5657//354 5619//354
f 5619//353 5657//353 5658//353
f 5619//352 5658//352 5618//352
f 5658//357 5659//357 5618//357
f 5618//356 5659//356 5660//356
f 5618//399 5660//399 5617//399
f 5660//360 5661//360 5617//360
f 5617//359 5661//359 5662//359
f 5617//358 5662//358 5616//358
f 5662//363 5663//363 5616//363
f 5616//362 5663//362 5664//362
f 5616//361 5664//361 5615//361
f 5664//400 5665//400 5615//400
f 5615//365 5665//365 5666//365
f 5615//364 5666//364 5614//364
f 5666//369 5667//369 5614//369
f 5614//401 5667//401 5668//401
f 5614//367 5668//367 5613//367
f 5669//373 5611//373 5612//373
f 5668//372 5670//372 5613//372
f 5613//371 5670//371 5671//371
f 5613//370 5671//370 5612//370
f 5612//375 5671//375 5672//375
f 5612//374 5672//374 5669//374
f 5669//402 5673//402 5611//402
f 5611//377 5673//377 5674//377
f 5611//376 5674//376 5610//376
f 5674//381 5675//381 5610//381
f 5610//403 5675//403 5676//403
f 5610//379 5676//379 5609//379
f 5676//384 5677//384 5609//384
f 5609//383 5677//383 5678//383
f 5609//382 5678//382 5608//382
f 5678//387 5679//387 5608//387
f 5608//386 5679//386 5680//386
f 5608//404 5680//404 5607//404
f 5680//392 5681//392 5607//392
f 5607//391 5681//391 5682//391
f 5607//390 5682//390 5606//390
f 5606//389 5682//389 5683//389
f 5606//388 5683//388 5632//388
f 5684//198 5672//198 5685//198
f 5685//405 5672//405 5671//405
f 5685//406 5671//406 5686//406
f 5686//407 5671//407 5670//407
f 5686//196 5670//196 5687//196
f 5687//408 5670//408 5668//408
f 5687//409 5668//409 5688//409
f 5688//410 5668//410 5667//410
f 5688//202 5667//202 5689//202
f 5689//411 5667//411 5666//411
f 5689//412 5666//412 5690//412
f 5690//413 5666//413 5665//413
f 5690//414 5665//414 5691//414
f 5691//415 5665//415 5664//415
f 5691//416 5664//416 5692//416
f 5692//417 5664//417 5663//417
f 5692//206 5663//206 5693//206
f 5693//418 5663//418 5662//418
f 5693//419 5662//419 5694//419
f 5694//420 5662//420 5661//420
f 5694//204 5661//204 5695//204
f 5695//421 5661//421 5660//421
f 5695//422 5660//422 5696//422
f 5696//423 5660//423 5659//423
f 5696//210 5659//210 5697//210
f 5697//424 5659//424 5658//424
f 5697//425 5658//425 5698//425
f 5698//426 5658//426 5657//426
f 5698//208 5657//208 5699//208
f 5699//427 5657//427 5656//427
f 5699//428 5656//428 5700//428
f 5700//429 5656//429 5655//429
f 5700//161 5655//161 5701//161
f 5701//430 5655//430 5654//430
f 5701//431 5654//431 5702//431
f 5702//432 5654//432 5653//432
f 5702//159 5653//159 5703//159
f 5703//433 5653//433 5652//433
f 5703//434 5652//434 5704//434
f 5704//435 5652//435 5651//435
f 5704//165 5651//165 5705//165
f 5705//436 5651//436 5650//436
f 5705//437 5650//437 5706//437
f 5706//438 5650//438 5649//438
f 5706//163 5649//163 5707//163
f 5707//439 5649//439 5648//439
f 5707//440 5648//440 5708//440
f 5708//441 5648//441 5647//441
f 5708//169 5647//169 5709//169
f 5709//442 5647//442 5646//442
f 5709//443 5646//443 5710//443
f 5710//444 5646//444 5645//444
f 5710//167 5645//167 5711//167
f 5711//445 5645//445 5644//445
f 5711//446 5644//446 5712//446
f 5712//447 5644//447 5643//447
f 5712//174 5643//174 5713//174
f 5713//448 5643//448 5642//448
f 5713//449 5642//449 5714//449
f 5714//450 5642//450 5641//450
f 5714//172 5641//172 5715//172
f 5715//451 5641//451 5640//451
f 5715//452 5640//452 5716//452
f 5716//453 5640//453 5639//453
f 5716//454 5639//454 5717//454
f 5717//455 5639//455 5638//455
f 5717//456 5638//456 5718//456
f 5718//457 5638//457 5637//457
f 5718//176 5637//176 5719//176
f 5719//458 5637//458 5636//458
f 5719//459 5636//459 5720//459
f 5720//460 5636//460 5635//460
f 5720//182 5635//182 5721//182
f 5721//461 5635//461 5634//461
f 5721//462 5634//462 5722//462
f 5722//463 5634//463 5633//463
f 5722//180 5633//180 5723//180
f 5723//464 5633//464 5632//464
f 5723//465 5632//465 5724//465
f 5724//466 5632//466 5683//466
f 5724//186 5683//186 5725//186
f 5725//467 5683//467 5682//467
f 5725//468 5682//468 5726//468
f 5726//469 5682//469 5681//469
f 5726//184 5681//184 5727//184
f 5727//470 5681//470 5680//470
f 5727//471 5680//471 5728//471
f 5728//472 5680//472 5679//472
f 5728//190 5679//190 5729//190
f 5729//473 5679//473 5678//473
f 5729//474 5678//474 5730//474
f 5730//475 5678//475 5677//475
f 5730//188 5677//188 5731//188
f 5731//476 5677//476 5676//476
f 5731//477 5676//477 5732//477
f 5732//478 5676//478 5675//478
f 5732//194 5675//194 5733//194
f 5733//479 5675//479 5674//479
f 5733//480 5674//480 5734//480
f 5734//481 5674//481 5673//481
f 5734//192 5673//192 5735//192
f 5735//482 5673//482 5669//482
f 5735//483 5669//483 5684//483
f 5684//484 5669//484 5672//484
f 5685//263 5686//263 5736//263
f 5737//485 5738//485 5718//485
f 5721//486 5739//486 5720//486
f 5720//49 5739//49 5737//49
f 5720//299 5737//299 5719//299
f 5719//487 5737//487 5718//487
f 5740//43 5741//43 5714//43
f 5714//488 5715//488 5740//488
f 5740//489 5715//489 5716//489
f 5740//45 5716//45 5738//45
f 5738//490 5716//490 5717//490
f 5738//491 5717//491 5718//491
f 5742//39 5743//39 5710//39
f 5710//492 5711//492 5742//492
f 5742//211 5711//211 5712//211
f 5742//41 5712//41 5741//41
f 5741//493 5712//493 5713//493
f 5741//494 5713//494 5714//494
f 5744//495 5745//495 5706//495
f 5706//496 5707//496 5744//496
f 5744//219 5707//219 5708//219
f 5744//37 5708//37 5743//37
f 5743//497 5708//497 5709//497
f 5743//215 5709//215 5710//215
f 5746//31 5747//31 5702//31
f 5702//498 5703//498 5746//498
f 5746//227 5703//227 5704//227
f 5746//33 5704//33 5745//33
f 5745//499 5704//499 5705//499
f 5745//500 5705//500 5706//500
f 5748//27 5749//27 5698//27
f 5698//501 5699//501 5748//501
f 5748//235 5699//235 5700//235
f 5748//29 5700//29 5747//29
f 5747//502 5700//502 5701//502
f 5747//231 5701//231 5702//231
f 5750//23 5751//23 5694//23
f 5694//503 5695//503 5750//503
f 5750//243 5695//243 5696//243
f 5750//25 5696//25 5749//25
f 5749//504 5696//504 5697//504
f 5749//239 5697//239 5698//239
f 5752//19 5753//19 5690//19
f 5690//505 5691//505 5752//505
f 5752//506 5691//506 5692//506
f 5752//21 5692//21 5751//21
f 5751//507 5692//507 5693//507
f 5751//247 5693//247 5694//247
f 5736//15 5686//15 5754//15
f 5686//508 5687//508 5754//508
f 5754//509 5687//509 5688//509
f 5754//17 5688//17 5753//17
f 5753//510 5688//510 5689//510
f 5753//511 5689//511 5690//511
f 5685//512 5736//512 5684//512
f 5684//13 5736//13 5755//13
f 5684//267 5755//267 5735//267
f 5735//513 5755//513 5756//513
f 5735//270 5756//270 5734//270
f 5757//514 5758//514 5730//514
f 5730//515 5731//515 5757//515
f 5757//516 5731//516 5732//516
f 5757//9 5732//9 5756//9
f 5756//517 5732//517 5733//517
f 5756//271 5733//271 5734//271
f 5759//3 5760//3 5726//3
f 5726//518 5727//518 5759//518
f 5759//283 5727//283 5728//283
f 5759//5 5728//5 5758//5
f 5758//519 5728//519 5729//519
f 5758//279 5729//279 5730//279
f 5721//295 5722//295 5739//295
f 5739//294 5722//294 5723//294
f 5739//520 5723//520 5761//520
f 5761//291 5723//291 5724//291
f 5761//53 5724//53 5760//53
f 5760//521 5724//521 5725//521
f 5760//287 5725//287 5726//287
f 5762//54 5760//54 5763//54
f 5763//55 5760//55 5759//55
f 5763//56 5759//56 5764//56
f 5764//57 5759//57 5758//57
f 5764//58 5758//58 5765//58
f 5765//59 5758//59 5757//59
f 5765//60 5757//60 5766//60
f 5766//61 5757//61 5756//61
f 5766//62 5756//62 5767//62
f 5767//63 5756//63 5755//63
f 5767//64 5755//64 5768//64
f 5768//65 5755//65 5736//65
f 5768//66 5736//66 5769//66
f 5769//67 5736//67 5754//67
f 5769//68 5754//68 5770//68
f 5770//69 5754//69 5753//69
f 5770//70 5753//70 5771//70
f 5771//71 5753//71 5752//71
f 5771//72 5752//72 5772//72
f 5772//73 5752//73 5751//73
f 5772//74 5751//74 5773//74
f 5773//75 5751//75 5750//75
f 5773//76 5750//76 5774//76
f 5774//77 5750//77 5749//77
f 5774//78 5749//78 5775//78
f 5775//79 5749//79 5748//79
f 5775//80 5748//80 5776//80
f 5776//81 5748//81 5747//81
f 5776//82 5747//82 5777//82
f 5777//83 5747//83 5746//83
f 5777//84 5746//84 5778//84
f 5778//85 5746//85 5745//85
f 5778//86 5745//86 5779//86
f 5779//87 5745//87 5744//87
f 5779//88 5744//88 5780//88
f 5780//89 5744//89 5743//89
f 5780//90 5743//90 5781//90
f 5781//91 5743//91 5742//91
f 5781//92 5742//92 5782//92
f 5782//93 5742//93 5741//93
f 5782//94 5741//94 5783//94
f 5783//95 5741//95 5740//95
f 5783//96 5740//96 5784//96
f 5784//97 5740//97 5738//97
f 5784//98 5738//98 5785//98
f 5785//99 5738//99 5737//99
f 5785//100 5737//100 5786//100
f 5786//101 5737//101 5739//101
f 5786//102 5739//102 5787//102
f 5787//103 5739//103 5761//103
f 5787//104 5761//104 5762//104
f 5762//105 5761//105 5760//105
f 5775//106 5788//106 5774//106
f 5774//107 5788//107 5789//107
f 5774//108 5789//108 5773//108
f 5773//109 5789//109 5790//109
f 5773//110 5790//110 5772//110
f 5772//111 5790//111 5791//111
f 5772//112 5791//112 5771//112
f 5771//113 5791//113 5792//113
f 5771//114 5792//114 5770//114
f 5770//115 5792//115 5793//115
f 5770//116 5793//116 5769//116
f 5769//117 5793//117 5794//117
f 5769//118 5794//118 5768//118
f 5768//119 5794//119 5795//119
f 5768//120 5795//120 5767//120
f 5767//121 5795//121 5796//121
f 5767//122 5796//122 5766//122
f 5766//123 5796//123 5797//123
f 5766//124 5797//124 5765//124
f 5765//125 5797//125 5798//125
f 5765//126 5798//126 5764//126
f 5764//127 5798//127 5799//127
f 5764//128 5799//128 5763//128
f 5763//129 5799//129 5800//129
f 5763//130 5800//130 5762//130
f 5762//131 5800//131 5801//131
f 5762//132 5801//132 5787//132
f 5787//133 5801//133 5802//133
f 5787//134 5802//134 5786//134
f 5786//135 5802//135 5803//135
f 5786//136 5803//136 5785//136
f 5785//137 5803//137 5804//137
f 5785//138 5804//138 5784//138
f 5784//139 5804//139 5805//139
f 5784//140 5805//140 5783//140
f 5783//141 5805//141 5806//141
f 5783//142 5806//142 5782//142
f 5782//143 5806//143 5807//143
f 5782//144 5807//144 5781//144
f 5781//145 5807//145 5808//145
f 5781//146 5808//146 5780//146
f 5780//147 5808//147 5809//147
f 5780//148 5809//148 5779//148
f 5779//149 5809//149 5810//149
f 5779//150 5810//150 5778//150
f 5778//151 5810//151 5811//151
f 5778//152 5811//152 5777//152
f 5777//153 5811//153 5812//153
f 5777//154 5812//154 5776//154
f 5776//155 5812//155 5813//155
f 5776//156 5813//156 5775//156
f 5775//157 5813//157 5788//157
f 5814//2 5799//2 5815//2
f 5815//3 5799//3 5798//3
f 5815//4 5798//4 5816//4
f 5816//5 5798//5 5797//5
f 5816//6 5797//6 5817//6
f 5817//514 5797//514 5796//514
f 5817//8 5796//8 5818//8
f 5818//9 5796//9 5795//9
f 5818//10 5795//10 5819//10
f 5819//11 5795//11 5794//11
f 5819//12 5794//12 5820//12
f 5820//13 5794//13 5793//13
f 5820//14 5793//14 5821//14
f 5821//15 5793//15 5792//15
f 5821//16 5792//16 5822//16
f 5822//17 5792//17 5791//17
f 5822//18 5791//18 5823//18
f 5823//19 5791//19 5790//19
f 5823//20 5790//20 5824//20
f 5824//21 5790//21 5789//21
f 5824//22 5789//22 5825//22
f 5825//23 5789//23 5788//23
f 5825//24 5788//24 5826//24
f 5826//25 5788//25 5813//25
f 5826//26 5813//26 5827//26
f 5827//27 5813//27 5812//27
f 5827//28 5812//28 5828//28
f 5828//29 5812//29 5811//29
f 5828//30 5811//30 5829//30
f 5829//31 5811//31 5810//31
f 5829//32 5810//32 5830//32
f 5830//522 5810//522 5809//522
f 5830//34 5809//34 5831//34
f 5831//35 5809//35 5808//35
f 5831//36 5808//36 5832//36
f 5832//37 5808//37 5807//37
f 5832//38 5807//38 5833//38
f 5833//39 5807//39 5806//39
f 5833//40 5806//40 5834//40
f 5834//41 5806//41 5805//41
f 5834//42 5805//42 5835//42
f 5835//43 5805//43 5804//43
f 5835//44 5804//44 5836//44
f 5836//45 5804//45 5803//45
f 5836//46 5803//46 5837//46
f 5837//47 5803//47 5802//47
f 5837//48 5802//48 5838//48
f 5838//49 5802//49 5801//49
f 5838//50 5801//50 5839//50
f 5839//51 5801//51 5800//51
f 5839//52 5800//52 5814//52
f 5814//53 5800//53 5799//53
f 5840//54 5815//54 5841//54
f 5841//55 5815//55 5816//55
f 5841//56 5816//56 5842//56
f 5842//57 5816//57 5817//57
f 5842//58 5817//58 5843//58
f 5843//59 5817//59 5818//59
f 5843//60 5818//60 5844//60
f 5844//61 5818//61 5819//61
f 5844//62 5819//62 5845//62
f 5845//63 5819//63 5820//63
f 5845//64 5820//64 5846//64
f 5846//65 5820//65 5821//65
f 5846//66 5821//66 5847//66
f 5847//67 5821//67 5822//67
f 5847//68 5822//68 5848//68
f 5848//69 5822//69 5823//69
f 5848//70 5823//70 5849//70
f 5849//71 5823//71 5824//71
f 5849//72 5824//72 5850//72
f 5850//73 5824//73 5825//73
f 5850//74 5825//74 5851//74
f 5851//75 5825//75 5826//75
f 5851//76 5826//76 5852//76
f 5852//77 5826//77 5827//77
f 5852//78 5827//78 5853//78
f 5853//79 5827//79 5828//79
f 5853//80 5828//80 5854//80
f 5854//81 5828//81 5829//81
f 5854//82 5829//82 5855//82
f 5855//83 5829//83 5830//83
f 5855//84 5830//84 5856//84
f 5856//85 5830//85 5831//85
f 5856//86 5831//86 5857//86
f 5857//87 5831//87 5832//87
f 5857//88 5832//88 5858//88
f 5858//89 5832//89 5833//89
f 5858//90 5833//90 5859//90
f 5859//91 5833//91 5834//91
f 5859//92 5834//92 5860//92
f 5860//93 5834//93 5835//93
f 5860//94 5835//94 5861//94
f 5861//95 5835//95 5836//95
f 5861//96 5836//96 5862//96
f 5862//97 5836//97 5837//97
f 5862//98 5837//98 5863//98
f 5863//99 5837//99 5838//99
f 5863//100 5838//100 5864//100
f 5864//101 5838//101 5839//101
f 5864//102 5839//102 5865//102
f 5865//103 5839//103 5814//103
f 5865//104 5814//104 5840//104
f 5840//105 5814//105 5815//105
f 5853//106 5866//106 5852//106
f 5852//107 5866//107 5867//107
f 5852//108 5867//108 5851//108
f 5851//109 5867//109 5868//109
f 5851//110 5868//110 5850//110
f 5850//111 5868//111 5869//111
f 5850//112 5869//112 5849//112
f 5849//113 5869//113 5870//113
f 5849//114 5870//114 5848//114
f 5848//115 5870//115 5871//115
f 5848//116 5871//116 5847//116
f 5847//117 5871//117 5872//117
f 5847//118 5872//118 5846//118
f 5846//119 5872//119 5873//119
f 5846//120 5873//120 5845//120
f 5845//121 5873//121 5874//121
f 5845//122 5874//122 5844//122
f 5844//123 5874//123 5875//123
f 5844//124 5875//124 5843//124
f 5843//125 5875//125 5876//125
f 5843//126 5876//126 5842//126
f 5842//127 5876//127 5877//127
f 5842//128 5877//128 5841//128
f 5841//129 5877//129 5878//129
f 5841//130 5878//130 5840//130
f 5840//131 5878//131 5879//131
f 5840//132 5879//132 5865//132
f 5865//133 5879//133 5880//133
f 5865//134 5880//134 5864//134
f 5864//135 5880//135 5881//135
f 5864//136 5881//136 5863//136
f 5863//137 5881//137 5882//137
f 5863//138 5882//138 5862//138
f 5862//139 5882//139 5883//139
f 5862//140 5883//140 5861//140
f 5861//141 5883//141 5884//141
f 5861//142 5884//142 5860//142
f 5860//143 5884//143 5885//143
f 5860//144 5885//144 5859//144
f 5859//145 5885//145 5886//145
f 5859//146 5886//146 5858//146
f 5858//147 5886//147 5887//147
f 5858//148 5887//148 5857//148
f 5857//149 5887//149 5888//149
f 5857//150 5888//150 5856//150
f 5856//151 5888//151 5889//151
f 5856//152 5889//152 5855//152
f 5855//153 5889//153 5890//153
f 5855//154 5890//154 5854//154
f 5854//155 5890//155 5891//155
f 5854//156 5891//156 5853//156
f 5853//157 5891//157 5866//157
f 5892//2 5877//2 5893//2
f 5893//3 5877//3 5876//3
f 5893//4 5876//4 5894//4
f 5894//5 5876//5 5875//5
f 5894//6 5875//6 5895//6
f 5895//7 5875//7 5874//7
f 5895//8 5874//8 5896//8
f 5896//9 5874//9 5873//9
f 5896//10 5873//10 5897//10
f 5897//11 5873//11 5872//11
f 5897//12 5872//12 5898//12
f 5898//13 5872//13 5871//13
f 5898//14 5871//14 5899//14
f 5899//15 5871//15 5870//15
f 5899//16 5870//16 5900//16
f 5900//17 5870//17 5869//17
f 5900//18 5869//18 5901//18
f 5901//19 5869//19 5868//19
f 5901//20 5868//20 5902//20
f 5902//21 5868//21 5867//21
f 5902//22 5867//22 5903//22
f 5903//23 5867//23 5866//23
f 5903//24 5866//24 5904//24
f 5904//25 5866//25 5891//25
f 5904//26 5891//26 5905//26
f 5905//27 5891//27 5890//27
f 5905//28 5890//28 5906//28
f 5906//29 5890//29 5889//29
f 5906//30 5889//30 5907//30
f 5907//31 5889//31 5888//31
f 5907//32 5888//32 5908//32
f 5908//33 5888//33 5887//33
f 5908//34 5887//34 5909//34
f 5909//35 5887//35 5886//35
f 5909//36 5886//36 5910//36
f 5910//37 5886//37 5885//37
f 5910//38 5885//38 5911//38
f 5911//39 5885//39 5884//39
f 5911//40 5884//40 5912//40
f 5912//41 5884//41 5883//41
f 5912//42 5883//42 5913//42
f 5913//43 5883//43 5882//43
f 5913//44 5882//44 5914//44
f 5914//45 5882//45 5881//45
f 5914//46 5881//46 5915//46
f 5915//47 5881//47 5880//47
f 5915//48 5880//48 5916//48
f 5916//49 5880//49 5879//49
f 5916//50 5879//50 5917//50
f 5917//51 5879//51 5878//51
f 5917//52 5878//52 5892//52
f 5892//53 5878//53 5877//53
f 5918//54 5893//54 5919//54
f 5919//55 5893//55 5894//55
f 5919//56 5894//56 5920//56
f 5920//57 5894//57 5895//57
f 5920//58 5895//58 5921//58
f 5921//59 5895//59 5896//59
f 5921//60 5896//60 5922//60
f 5922//61 5896//61 5897//61
f 5922//62 5897//62 5923//62
f 5923//63 5897//63 5898//63
f 5923//64 5898//64 5924//64
f 5924//65 5898//65 5899//65
f 5924//66 5899//66 5925//66
f 5925//67 5899//67 5900//67
f 5925//68 5900//68 5926//68
f 5926//69 5900//69 5901//69
f 5926//70 5901//70 5927//70
f 5927//71 5901//71 5902//71
f 5927//72 5902//72 5928//72
f 5928//73 5902//73 5903//73
f 5928//74 5903//74 5929//74
f 5929//75 5903//75 5904//75
f 5929//76 5904//76 5930//76
f 5930//77 5904//77 5905//77
f 5930//78 5905//78 5931//78
f 5931//79 5905//79 5906//79
f 5931//80 5906//80 5932//80
f 5932//81 5906//81 5907//81
f 5932//82 5907//82 5933//82
f 5933//83 5907//83 5908//83
f 5933//84 5908//84 5934//84
f 5934//85 5908//85 5909//85
f 5934//86 5909//86 5935//86
f 5935//87 5909//87 5910//87
f 5935//88 5910//88 5936//88
f 5936//89 5910//89 5911//89
f 5936//90 5911//90 5937//90
f 5937//91 5911//91 5912//91
f 5937//92 5912//92 5938//92
f 5938//93 5912//93 5913//93
f 5938//94 5913//94 5939//94
f 5939//95 5913//95 5914//95
f 5939//96 5914//96 5940//96
f 5940//97 5914//97 5915//97
f 5940//98 5915//98 5941//98
f 5941//99 5915//99 5916//99
f 5941//100 5916//100 5942//100
f 5942//101 5916//101 5917//101
f 5942//102 5917//102 5943//102
f 5943//103 5917//103 5892//103
f 5943//104 5892//104 5918//104
f 5918//105 5892//105 5893//105
f 5931//155 5932//155 5944//155
f 5933//151 5934//151 5945//151
f 5945//158 5946//158 5933//158
f 5933//159 5946//159 5947//159
f 5933//153 5947//153 5932//153
f 5932//160 5947//160 5948//160
f 5932//161 5948//161 5944//161
f 5935//147 5936//147 5949//147
f 5949//162 5950//162 5935//162
f 5935//163 5950//163 5951//163
f 5935//149 5951//149 5934//149
f 5934//164 5951//164 5952//164
f 5934//165 5952//165 5945//165
f 5937//143 5938//143 5953//143
f 5953//166 5954//166 5937//166
f 5937//167 5954//167 5955//167
f 5937//145 5955//145 5936//145
f 5936//168 5955//168 5956//168
f 5936//169 5956//169 5949//169
f 5939//170 5940//170 5957//170
f 5957//171 5958//171 5939//171
f 5939//172 5958//172 5959//172
f 5939//141 5959//141 5938//141
f 5938//173 5959//173 5960//173
f 5938//174 5960//174 5953//174
f 5941//135 5942//135 5961//135
f 5961//175 5962//175 5941//175
f 5941//176 5962//176 5963//176
f 5941//137 5963//137 5940//137
f 5940//177 5963//177 5964//177
f 5940//178 5964//178 5957//178
f 5943//131 5918//131 5965//131
f 5965//179 5966//179 5943//179
f 5943//180 5966//180 5967//180
f 5943//133 5967//133 5942//133
f 5942//181 5967//181 5968//181
f 5942//182 5968//182 5961//182
f 5919//127 5920//127 5969//127
f 5969//183 5970//183 5919//183
f 5919//184 5970//184 5971//184
f 5919//129 5971//129 5918//129
f 5918//185 5971//185 5972//185
f 5918//186 5972//186 5965//186
f 5921//123 5922//123 5973//123
f 5973//187 5974//187 5921//187
f 5921//188 5974//188 5975//188
f 5921//125 5975//125 5920//125
f 5920//189 5975//189 5976//189
f 5920//190 5976//190 5969//190
f 5923//119 5924//119 5977//119
f 5977//191 5978//191 5923//191
f 5923//192 5978//192 5979//192
f 5923//121 5979//121 5922//121
f 5922//193 5979//193 5980//193
f 5922//194 5980//194 5973//194
f 5925//115 5926//115 5981//115
f 5981//195 5982//195 5925//195
f 5925//196 5982//196 5983//196
f 5925//117 5983//117 5924//117
f 5924//197 5983//197 5984//197
f 5924//198 5984//198 5977//198
f 5927//111 5928//111 5985//111
f 5985//199 5986//199 5927//199
f 5927//200 5986//200 5987//200
f 5927//113 5987//113 5926//113
f 5926//201 5987//201 5988//201
f 5926//202 5988//202 5981//202
f 5929//107 5930//107 5989//107
f 5989//203 5990//203 5929//203
f 5929//204 5990//204 5991//204
f 5929//109 5991//109 5928//109
f 5928//205 5991//205 5992//205
f 5928//206 5992//206 5985//206
f 5944//207 5993//207 5931//207
f 5931//208 5993//208 5994//208
f 5931//157 5994//157 5930//157
f 5930//209 5994//209 5995//209
f 5930//210 5995//210 5989//210
f 5953//211 5996//211 5954//211
f 5954//212 5996//212 5997//212
f 5954//213 5997//213 5955//213
f 5955//214 5997//214 5998//214
f 5955//215 5998//215 5956//215
f 5956//216 5998//216 5999//216
f 5956//217 5999//217 5949//217
f 5949//218 5999//218 6000//218
f 5949//219 6000//219 5950//219
f 5950//220 6000//220 6001//220
f 5950//221 6001//221 5951//221
f 5951//222 6001//222 6002//222
f 5951//500 6002//500 5952//500
f 5952//224 6002//224 6003//224
f 5952//523 6003//523 5945//523
f 5945//524 6003//524 6004//524
f 5945//227 6004//227 5946//227
f 5946//228 6004//228 6005//228
f 5946//229 6005//229 5947//229
f 5947//230 6005//230 6006//230
f 5947//231 6006//231 5948//231
f 5948//232 6006//232 6007//232
f 5948//233 6007//233 5944//233
f 5944//234 6007//234 6008//234
f 5944//235 6008//235 5993//235
f 5993//236 6008//236 6009//236
f 5993//237 6009//237 5994//237
f 5994//238 6009//238 6010//238
f 5994//239 6010//239 5995//239
f 5995//240 6010//240 6011//240
f 5995//241 6011//241 5989//241
f 5989//242 6011//242 6012//242
f 5989//243 6012//243 5990//243
f 5990//244 6012//244 6013//244
f 5990//245 6013//245 5991//245
f 5991//246 6013//246 6014//246
f 5991//247 6014//247 5992//247
f 5992//248 6014//248 6015//248
f 5992//525 6015//525 5985//525
f 5985//250 6015//250 6016//250
f 5985//506 6016//506 5986//506
f 5986//526 6016//526 6017//526
f 5986//253 6017//253 5987//253
f 5987//254 6017//254 6018//254
f 5987//255 6018//255 5988//255
f 5988//256 6018//256 6019//256
f 5988//257 6019//257 5981//257
f 5981//258 6019//258 6020//258
f 5981//259 6020//259 5982//259
f 5982//260 6020//260 6021//260
f 5982//261 6021//261 5983//261
f 5983//262 6021//262 6022//262
f 5983//263 6022//263 5984//263
f 5984//264 6022//264 6023//264
f 5984//265 6023//265 5977//265
f 5977//266 6023//266 6024//266
f 5977//267 6024//267 5978//267
f 5978//268 6024//268 6025//268
f 5978//269 6025//269 5979//269
f 5979//270 6025//270 6026//270
f 5979//271 6026//271 5980//271
f 5980//272 6026//272 6027//272
f 5980//273 6027//273 5973//273
f 5973//274 6027//274 6028//274
f 5973//516 6028//516 5974//516
f 5974//276 6028//276 6029//276
f 5974//527 6029//527 5975//527
f 5975//528 6029//528 6030//528
f 5975//279 6030//279 5976//279
f 5976//280 6030//280 6031//280
f 5976//281 6031//281 5969//281
f 5969//282 6031//282 6032//282
f 5969//283 6032//283 5970//283
f 5970//284 6032//284 6033//284
f 5970//285 6033//285 5971//285
f 5971//286 6033//286 6034//286
f 5971//287 6034//287 5972//287
f 5972//288 6034//288 6035//288
f 5972//289 6035//289 5965//289
f 5965//290 6035//290 6036//290
f 5965//291 6036//291 5966//291
f 5966//292 6036//292 6037//292
f 5966//293 6037//293 5967//293
f 5967//294 6037//294 6038//294
f 5967//295 6038//295 5968//295
f 5968//296 6038//296 6039//296
f 5968//297 6039//297 5961//297
f 5961//298 6039//298 6040//298
f 5961//299 6040//299 5962//299
f 5962//300 6040//300 6041//300
f 5962//529 6041//529 5963//529
f 5963//302 6041//302 6042//302
f 5963//491 6042//491 5964//491
f 5964//530 6042//530 6043//530
f 5964//305 6043//305 5957//305
f 5957//306 6043//306 6044//306
f 5957//307 6044//307 5958//307
f 5958//308 6044//308 6045//308
f 5958//309 6045//309 5959//309
f 5959//310 6045//310 6046//310
f 5959//311 6046//311 5960//311
f 5960//312 6046//312 6047//312
f 5960//313 6047//313 5953//313
f 5953//314 6047//314 5996//314
f 6048//315 6049//315 6037//315
f 6050//316 6039//316 6049//316
f 6049//317 6039//317 6038//317
f 6049//318 6038//318 6037//318
f 6051//319 6041//319 6050//319
f 6050//320 6041//320 6040//320
f 6050//321 6040//321 6039//321
f 6052//322 6043//322 6051//322
f 6051//323 6043//323 6042//323
f 6051//324 6042//324 6041//324
f 6053//325 6045//325 6052//325
f 6052//326 6045//326 6044//326
f 6052//327 6044//327 6043//327
f 6054//328 6047//328 6053//328
f 6053//329 6047//329 6046//329
f 6053//330 6046//330 6045//330
f 6055//331 5997//331 6054//331
f 6054//332 5997//332 5996//332
f 6054//333 5996//333 6047//333
f 6056//334 5999//334 6055//334
f 6055//335 5999//335 5998//335
f 6055//336 5998//336 5997//336
f 6057//337 6001//337 6056//337
f 6056//338 6001//338 6000//338
f 6056//339 6000//339 5999//339
f 6058//340 6003//340 6057//340
f 6057//341 6003//341 6002//341
f 6057//342 6002//342 6001//342
f 6059//343 6005//343 6058//343
f 6058//344 6005//344 6004//344
f 6058//345 6004//345 6003//345
f 6060//346 6007//346 6059//346
f 6059//347 6007//347 6006//347
f 6059//348 6006//348 6005//348
f 6061//349 6009//349 6060//349
f 6060//350 6009//350 6008//350
f 6060//351 6008//351 6007//351
f 6062//352 6011//352 6061//352
f 6061//353 6011//353 6010//353
f 6061//354 6010//354 6009//354
f 6063//355 6013//355 6062//355
f 6062//356 6013//356 6012//356
f 6062//357 6012//357 6011//357
f 6064//358 6015//358 6063//358
f 6063//359 6015//359 6014//359
f 6063//360 6014//360 6013//360
f 6065//361 6017//361 6064//361
f 6064//362 6017//362 6016//362
f 6064//363 6016//363 6015//363
f 6066//364 6019//364 6065//364
f 6065//365 6019//365 6018//365
f 6065//366 6018//366 6017//366
f 6067//367 6021//367 6066//367
f 6066//368 6021//368 6020//368
f 6066//369 6020//369 6019//369
f 6068//370 6023//370 6067//370
f 6067//371 6023//371 6022//371
f 6067//372 6022//372 6021//372
f 6069//373 6025//373 6068//373
f 6068//374 6025//374 6024//374
f 6068//375 6024//375 6023//375
f 6070//376 6027//376 6069//376
f 6069//377 6027//377 6026//377
f 6069//378 6026//378 6025//378
f 6071//379 6029//379 6070//379
f 6070//380 6029//380 6028//380
f 6070//381 6028//381 6027//381
f 6072//382 6031//382 6071//382
f 6071//383 6031//383 6030//383
f 6071//384 6030//384 6029//384
f 6073//385 6033//385 6072//385
f 6072//386 6033//386 6032//386
f 6072//387 6032//387 6031//387
f 6037//388 6036//388 6048//388
f 6048//389 6036//389 6035//389
f 6048//390 6035//390 6073//390
f 6073//391 6035//391 6034//391
f 6073//392 6034//392 6033//392
f 6061//106 6074//106 6062//106
f 6062//107 6074//107 6075//107
f 6062//108 6075//108 6063//108
f 6063//109 6075//109 6076//109
f 6063//110 6076//110 6064//110
f 6064//111 6076//111 6077//111
f 6064//112 6077//112 6065//112
f 6065//113 6077//113 6078//113
f 6065//114 6078//114 6066//114
f 6066//115 6078//115 6079//115
f 6066//116 6079//116 6067//116
f 6067//117 6079//117 6080//117
f 6067//118 6080//118 6068//118
f 6068//119 6080//119 6081//119
f 6068//120 6081//120 6069//120
f 6069//121 6081//121 6082//121
f 6069//122 6082//122 6070//122
f 6070//123 6082//123 6083//123
f 6070//124 6083//124 6071//124
f 6071//125 6083//125 6084//125
f 6071//126 6084//126 6072//126
f 6072//127 6084//127 6085//127
f 6072//128 6085//128 6073//128
f 6073//129 6085//129 6086//129
f 6073//130 6086//130 6048//130
f 6048//131 6086//131 6087//131
f 6048//132 6087//132 6049//132
f 6049//133 6087//133 6088//133
f 6049//134 6088//134 6050//134
f 6050//135 6088//135 6089//135
f 6050//136 6089//136 6051//136
f 6051//137 6089//137 6090//137
f 6051//138 6090//138 6052//138
f 6052//139 6090//139 6091//139
f 6052//140 6091//140 6053//140
f 6053//141 6091//141 6092//141
f 6053//142 6092//142 6054//142
f 6054//143 6092//143 6093//143
f 6054//144 6093//144 6055//144
f 6055//145 6093//145 6094//145
f 6055//146 6094//146 6056//146
f 6056//147 6094//147 6095//147
f 6056//148 6095//148 6057//148
f 6057//149 6095//149 6096//149
f 6057//150 6096//150 6058//150
f 6058//151 6096//151 6097//151
f 6058//152 6097//152 6059//152
f 6059//153 6097//153 6098//153
f 6059//154 6098//154 6060//154
f 6060//155 6098//155 6099//155
f 6060//156 6099//156 6061//156
f 6061//157 6099//157 6074//157
f 6100//2 6085//2 6101//2
f 6101//3 6085//3 6084//3
f 6101//4 6084//4 6102//4
f 6102//5 6084//5 6083//5
f 6102//6 6083//6 6103//6
f 6103//7 6083//7 6082//7
f 6103//8 6082//8 6104//8
f 6104//9 6082//9 6081//9
f 6104//10 6081//10 6105//10
f 6105//11 6081//11 6080//11
f 6105//12 6080//12 6106//12
f 6106//13 6080//13 6079//13
f 6106//14 6079//14 6107//14
f 6107//15 6079//15 6078//15
f 6107//16 6078//16 6108//16
f 6108//17 6078//17 6077//17
f 6108//18 6077//18 6109//18
f 6109//19 6077//19 6076//19
f 6109//20 6076//20 6110//20
f 6110//21 6076//21 6075//21
f 6110//22 6075//22 6111//22
f 6111//23 6075//23 6074//23
f 6111//24 6074//24 6112//24
f 6112//25 6074//25 6099//25
f 6112//26 6099//26 6113//26
f 6113//27 6099//27 6098//27
f 6113//28 6098//28 6114//28
f 6114//29 6098//29 6097//29
f 6114//30 6097//30 6115//30
f 6115//31 6097//31 6096//31
f 6115//32 6096//32 6116//32
f 6116//33 6096//33 6095//33
f 6116//34 6095//34 6117//34
f 6117//35 6095//35 6094//35
f 6117//36 6094//36 6118//36
f 6118//37 6094//37 6093//37
f 6118//38 6093//38 6119//38
f 6119//39 6093//39 6092//39
f 6119//40 6092//40 6120//40
f 6120//41 6092//41 6091//41
f 6120//42 6091//42 6121//42
f 6121//43 6091//43 6090//43
f 6121//44 6090//44 6122//44
f 6122//45 6090//45 6089//45
f 6122//46 6089//46 6123//46
f 6123//47 6089//47 6088//47
f 6123//48 6088//48 6124//48
f 6124//49 6088//49 6087//49
f 6124//50 6087//50 6125//50
f 6125//51 6087//51 6086//51
f 6125//52 6086//52 6100//52
f 6100//53 6086//53 6085//53
f 6126//54 6101//54 6127//54
f 6127//55 6101//55 6102//55
f 6127//56 6102//56 6128//56
f 6128//57 6102//57 6103//57
f 6128//58 6103//58 6129//58
f 6129//59 6103//59 6104//59
f 6129//60 6104//60 6130//60
f 6130//61 6104//61 6105//61
f 6130//62 6105//62 6131//62
f 6131//63 6105//63 6106//63
f 6131//64 6106//64 6132//64
f 6132//65 6106//65 6107//65
f 6132//66 6107//66 6133//66
f 6133//67 6107//67 6108//67
f 6133//68 6108//68 6134//68
f 6134//69 6108//69 6109//69
f 6134//70 6109//70 6135//70
f 6135//71 6109//71 6110//71
f 6135//72 6110//72 6136//72
f 6136//73 6110//73 6111//73
f 6136//74 6111//74 6137//74
f 6137//75 6111//75 6112//75
f 6137//76 6112//76 6138//76
f 6138//77 6112//77 6113//77
f 6138//78 6113//78 6139//78
f 6139//79 6113//79 6114//79
f 6139//80 6114//80 6140//80
f 6140//81 6114//81 6115//81
f 6140//82 6115//82 6141//82
f 6141//83 6115//83 6116//83
f 6141//84 6116//84 6142//84
f 6142//85 6116//85 6117//85
f 6142//86 6117//86 6143//86
f 6143//87 6117//87 6118//87
f 6143//88 6118//88 6144//88
f 6144//89 6118//89 6119//89
f 6144//90 6119//90 6145//90
f 6145//91 6119//91 6120//91
f 6145//92 6120//92 6146//92
f 6146//93 6120//93 6121//93
f 6146//94 6121//94 6147//94
f 6147//95 6121//95 6122//95
f 6147//96 6122//96 6148//96
f 6148//97 6122//97 6123//97
f 6148//98 6123//98 6149//98
f 6149//99 6123//99 6124//99
f 6149//100 6124//100 6150//100
f 6150//101 6124//101 6125//101
f 6150//102 6125//102 6151//102
f 6151//103 6125//103 6100//103
f 6151//104 6100//104 6126//104
f 6126//105 6100//105 6101//105
f 6139//106 6152//106 6138//106
f 6138//107 6152//107 6153//107
f 6138//108 6153//108 6137//108
f 6137//109 6153//109 6154//109
f 6137//110 6154//110 6136//110
f 6136//111 6154//111 6155//111
f 6136//112 6155//112 6135//112
f 6135//113 6155//113 6156//113
f 6135//114 6156//114 6134//114
f 6134//115 6156//115 6157//115
f 6134//116 6157//116 6133//116
f 6133//117 6157//117 6158//117
f 6133//118 6158//118 6132//118
f 6132//119 6158//119 6159//119
f 6132//120 6159//120 6131//120
f 6131//121 6159//121 6160//121
f 6131//122 6160//122 6130//122
f 6130//123 6160//123 6161//123
f 6130//124 6161//124 6129//124
f 6129//125 6161//125 6162//125
f 6129//126 6162//126 6128//126
f 6128//127 6162//127 6163//127
f 6128//128 6163//128 6127//128
f 6127//129 6163//129 6164//129
f 6127//130 6164//130 6126//130
f 6126//131 6164//131 6165//131
f 6126//132 6165//132 6151//132
f 6151//133 6165//133 6166//133
f 6151//134 6166//134 6150//134
f 6150//135 6166//135 6167//135
f 6150//136 6167//136 6149//136
f 6149//137 6167//137 6168//137
f 6149//138 6168//138 6148//138
f 6148//139 6168//139 6169//139
f 6148//140 6169//140 6147//140
f 6147//141 6169//141 6170//141
f 6147//142 6170//142 6146//142
f 6146//143 6170//143 6171//143
f 6146//144 6171//144 6145//144
f 6145//145 6171//145 6172//145
f 6145//146 6172//146 6144//146
f 6144//147 6172//147 6173//147
f 6144//148 6173//148 6143//148
f 6143//149 6173//149 6174//149
f 6143//150 6174//150 6142//150
f 6142//151 6174//151 6175//151
f 6142//152 6175//152 6141//152
f 6141//153 6175//153 6176//153
f 6141//154 6176//154 6140//154
f 6140//155 6176//155 6177//155
f 6140//156 6177//156 6139//156
f 6139//157 6177//157 6152//157
f 6178//2 6163//2 6179//2
f 6179//3 6163//3 6162//3
f 6179//4 6162//4 6180//4
f 6180//5 6162//5 6161//5
f 6180//6 6161//6 6181//6
f 6181//7 6161//7 6160//7
f 6181//8 6160//8 6182//8
f 6182//9 6160//9 6159//9
f 6182//10 6159//10 6183//10
f 6183//11 6159//11 6158//11
f 6183//12 6158//12 6184//12
f 6184//13 6158//13 6157//13
f 6184//14 6157//14 6185//14
f 6185//15 6157//15 6156//15
f 6185//16 6156//16 6186//16
f 6186//17 6156//17 6155//17
f 6186//18 6155//18 6187//18
f 6187//19 6155//19 6154//19
f 6187//20 6154//20 6188//20
f 6188//21 6154//21 6153//21
f 6188//22 6153//22 6189//22
f 6189//23 6153//23 6152//23
f 6189//24 6152//24 6190//24
f 6190//25 6152//25 6177//25
f 6190//26 6177//26 6191//26
f 6191//27 6177//27 6176//27
f 6191//28 6176//28 6192//28
f 6192//29 6176//29 6175//29
f 6192//30 6175//30 6193//30
f 6193//31 6175//31 6174//31
f 6193//32 6174//32 6194//32
f 6194//33 6174//33 6173//33
f 6194//34 6173//34 6195//34
f 6195//35 6173//35 6172//35
f 6195//36 6172//36 6196//36
f 6196//37 6172//37 6171//37
f 6196//38 6171//38 6197//38
f 6197//39 6171//39 6170//39
f 6197//40 6170//40 6198//40
f 6198//41 6170//41 6169//41
f 6198//42 6169//42 6199//42
f 6199//43 6169//43 6168//43
f 6199//44 6168//44 6200//44
f 6200//45 6168//45 6167//45
f 6200//46 6167//46 6201//46
f 6201//47 6167//47 6166//47
f 6201//48 6166//48 6202//48
f 6202//49 6166//49 6165//49
f 6202//50 6165//50 6203//50
f 6203//51 6165//51 6164//51
f 6203//52 6164//52 6178//52
f 6178//53 6164//53 6163//53
f 6204//54 6179//54 6205//54
f 6205//55 6179//55 6180//55
f 6205//56 6180//56 6206//56
f 6206//57 6180//57 6181//57
f 6206//58 6181//58 6207//58
f 6207//59 6181//59 6182//59
f 6207//60 6182//60 6208//60
f 6208//61 6182//61 6183//61
f 6208//62 6183//62 6209//62
f 6209//63 6183//63 6184//63
f 6209//64 6184//64 6210//64
f 6210//65 6184//65 6185//65
f 6210//66 6185//66 6211//66
f 6211//67 6185//67 6186//67
f 6211//68 6186//68 6212//68
f 6212//69 6186//69 6187//69
f 6212//70 6187//70 6213//70
f 6213//71 6187//71 6188//71
f 6213//72 6188//72 6214//72
f 6214//73 6188//73 6189//73
f 6214//74 6189//74 6215//74
f 6215//75 6189//75 6190//75
f 6215//76 6190//76 6216//76
f 6216//77 6190//77 6191//77
f 6216//78 6191//78 6217//78
f 6217//79 6191//79 6192//79
f 6217//80 6192//80 6218//80
f 6218//81 6192//81 6193//81
f 6218//82 6193//82 6219//82
f 6219//83 6193//83 6194//83
f 6219//84 6194//84 6220//84
f 6220//85 6194//85 6195//85
f 6220//86 6195//86 6221//86
f 6221//87 6195//87 6196//87
f 6221//88 6196//88 6222//88
f 6222//89 6196//89 6197//89
f 6222//90 6197//90 6223//90
f 6223//91 6197//91 6198//91
f 6223//92 6198//92 6224//92
f 6224//93 6198//93 6199//93
f 6224//94 6199//94 6225//94
f 6225//95 6199//95 6200//95
f 6225//96 6200//96 6226//96
f 6226//97 6200//97 6201//97
f 6226//98 6201//98 6227//98
f 6227//99 6201//99 6202//99
f 6227//100 6202//100 6228//100
f 6228//101 6202//101 6203//101
f 6228//102 6203//102 6229//102
f 6229//103 6203//103 6178//103
f 6229//104 6178//104 6204//104
f 6204//105 6178//105 6179//105
f 6217//106 6230//106 6216//106
f 6216//107 6230//107 6231//107
f 6216//108 6231//108 6215//108
f 6215//109 6231//109 6232//109
f 6215//110 6232//110 6214//110
f 6214//111 6232//111 6233//111
f 6214//112 6233//112 6213//112
f 6213//113 6233//113 6234//113
f 6213//114 6234//114 6212//114
f 6212//115 6234//115 6235//115
f 6212//116 6235//116 6211//116
f 6211//117 6235//117 6236//117
f 6211//118 6236//118 6210//118
f 6210//119 6236//119 6237//119
f 6210//120 6237//120 6209//120
f 6209//121 6237//121 6238//121
f 6209//122 6238//122 6208//122
f 6208//123 6238//123 6239//123
f 6208//124 6239//124 6207//124
f 6207//125 6239//125 6240//125
f 6207//126 6240//126 6206//126
f 6206//127 6240//127 6241//127
f 6206//128 6241//128 6205//128
f 6205//129 6241//129 6242//129
f 6205//130 6242//130 6204//130
f 6204//131 6242//131 6243//131
f 6204//132 6243//132 6229//132
f 6229//133 6243//133 6244//133
f 6229//134 6244//134 6228//134
f 6228//135 6244//135 6245//135
f 6228//136 6245//136 6227//136
f 6227//137 6245//137 6246//137
f 6227//138 6246//138 6226//138
f 6226//139 6246//139 6247//139
f 6226//140 6247//140 6225//140
f 6225//141 6247//141 6248//141
f 6225//142 6248//142 6224//142
f 6224//143 6248//143 6249//143
f 6224//144 6249//144 6223//144
f 6223//145 6249//145 6250//145
f 6223//146 6250//146 6222//146
f 6222//147 6250//147 6251//147
f 6222//148 6251//148 6221//148
f 6221//149 6251//149 6252//149
f 6221//150 6252//150 6220//150
f 6220//151 6252//151 6253//151
f 6220//152 6253//152 6219//152
f 6219//153 6253//153 6254//153
f 6219//154 6254//154 6218//154
f 6218//155 6254//155 6255//155
f 6218//156 6255//156 6217//156
f 6217//157 6255//157 6230//157
f 6256//2 6241//2 6257//2
f 6257//3 6241//3 6240//3
f 6257//4 6240//4 6258//4
f 6258//5 6240//5 6239//5
f 6258//6 6239//6 6259//6
f 6259//7 6239//7 6238//7
f 6259//8 6238//8 6260//8
f 6260//9 6238//9 6237//9
f 6260//10 6237//10 6261//10
f 6261//11 6237//11 6236//11
f 6261//12 6236//12 6262//12
f 6262//13 6236//13 6235//13
f 6262//14 6235//14 6263//14
f 6263//15 6235//15 6234//15
f 6263//16 6234//16 6264//16
f 6264//17 6234//17 6233//17
f 6264//18 6233//18 6265//18
f 6265//19 6233//19 6232//19
f 6265//20 6232//20 6266//20
f 6266//21 6232//21 6231//21
f 6266//22 6231//22 6267//22
f 6267//23 6231//23 6230//23
f 6267//24 6230//24 6268//24
f 6268//25 6230//25 6255//25
f 6268//26 6255//26 6269//26
f 6269//27 6255//27 6254//27
f 6269//28 6254//28 6270//28
f 6270//29 6254//29 6253//29
f 6270//30 6253//30 6271//30
f 6271//31 6253//31 6252//31
f 6271//32 6252//32 6272//32
f 6272//33 6252//33 6251//33
f 6272//34 6251//34 6273//34
f 6273//35 6251//35 6250//35
f 6273//36 6250//36 6274//36
f 6274//37 6250//37 6249//37
f 6274//38 6249//38 6275//38
f 6275//39 6249//39 6248//39
f 6275//40 6248//40 6276//40
f 6276//41 6248//41 6247//41
f 6276//42 6247//42 6277//42
f 6277//43 6247//43 6246//43
f 6277//44 6246//44 6278//44
f 6278//45 6246//45 6245//45
f 6278//46 6245//46 6279//46
f 6279//47 6245//47 6244//47
f 6279//48 6244//48 6280//48
f 6280//49 6244//49 6243//49
f 6280//50 6243//50 6281//50
f 6281//51 6243//51 6242//51
f 6281//52 6242//52 6256//52
f 6256//53 6242//53 6241//53
f 6282//54 6257//54 6283//54
f 6283//55 6257//55 6258//55
f 6283//56 6258//56 6284//56
f 6284//57 6258//57 6259//57
f 6284//58 6259//58 6285//58
f 6285//59 6259//59 6260//59
f 6285//60 6260//60 6286//60
f 6286//61 6260//61 6261//61
f 6286//62 6261//62 6287//62
f 6287//63 6261//63 6262//63
f 6287//64 6262//64 6288//64
f 6288//65 6262//65 6263//65
f 6288//66 6263//66 6289//66
f 6289//67 6263//67 6264//67
f 6289//68 6264//68 6290//68
f 6290//69 6264//69 6265//69
f 6290//70 6265//70 6291//70
f 6291//71 6265//71 6266//71
f 6291//72 6266//72 6292//72
f 6292//73 6266//73 6267//73
f 6292//74 6267//74 6293//74
f 6293//75 6267//75 6268//75
f 6293//76 6268//76 6294//76
f 6294//77 6268//77 6269//77
f 6294//78 6269//78 6295//78
f 6295//79 6269//79 6270//79
f 6295//80 6270//80 6296//80
f 6296//81 6270//81 6271//81
f 6296//82 6271//82 6297//82
f 6297//83 6271//83 6272//83
f 6297//84 6272//84 6298//84
f 6298//85 6272//85 6273//85
f 6298//86 6273//86 6299//86
f 6299//87 6273//87 6274//87
f 6299//88 6274//88 6300//88
f 6300//89 6274//89 6275//89
f 6300//90 6275//90 6301//90
f 6301//91 6275//91 6276//91
f 6301//92 6276//92 6302//92
f 6302//93 6276//93 6277//93
f 6302//94 6277//94 6303//94
f 6303//95 6277//95 6278//95
f 6303//96 6278//96 6304//96
f 6304//97 6278//97 6279//97
f 6304//98 6279//98 6305//98
f 6305//99 6279//99 6280//99
f 6305//100 6280//100 6306//100
f 6306//101 6280//101 6281//101
f 6306//102 6281//102 6307//102
f 6307//103 6281//103 6256//103
f 6307//104 6256//104 6282//104
f 6282//105 6256//105 6257//105
f 6295//106 6308//106 6294//106
f 6294//107 6308//107 6309//107
f 6294//108 6309//108 6293//108
f 6293//109 6309//109 6310//109
f 6293//110 6310//110 6292//110
f 6292//111 6310//111 6311//111
f 6292//112 6311//112 6291//112
f 6291//113 6311//113 6312//113
f 6291//114 6312//114 6290//114
f 6290//115 6312//115 6313//115
f 6290//116 6313//116 6289//116
f 6289//117 6313//117 6314//117
f 6289//118 6314//118 6288//118
f 6288//119 6314//119 6315//119
f 6288//120 6315//120 6287//120
f 6287//121 6315//121 6316//121
f 6287//122 6316//122 6286//122
f 6286//123 6316//123 6317//123
f 6286//124 6317//124 6285//124
f 6285//125 6317//125 6318//125
f 6285//126 6318//126 6284//126
f 6284//127 6318//127 6319//127
f 6284//128 6319//128 6283//128
f 6283//129 6319//129 6320//129
f 6283//130 6320//130 6282//130
f 6282//131 6320//131 6321//131
f 6282//132 6321//132 6307//132
f 6307//133 6321//133 6322//133
f 6307//134 6322//134 6306//134
f 6306//135 6322//135 6323//135
f 6306//136 6323//136 6305//136
f 6305//137 6323//137 6324//137
f 6305//138 6324//138 6304//138
f 6304//139 6324//139 6325//139
f 6304//140 6325//140 6303//140
f 6303//141 6325//141 6326//141
f 6303//142 6326//142 6302//142
f 6302//143 6326//143 6327//143
f 6302//144 6327//144 6301//144
f 6301//145 6327//145 6328//145
f 6301//146 6328//146 6300//146
f 6300//147 6328//147 6329//147
f 6300//148 6329//148 6299//148
f 6299//149 6329//149 6330//149
f 6299//150 6330//150 6298//150
f 6298//151 6330//151 6331//151
f 6298//152 6331//152 6297//152
f 6297//153 6331//153 6332//153
f 6297//154 6332//154 6296//154
f 6296//155 6332//155 6333//155
f 6296//156 6333//156 6295//156
f 6295//157 6333//157 6308//157
f 6334//2 6319//2 6335//2
f 6335//3 6319//3 6318//3
f 6335//4 6318//4 6336//4
f 6336//5 6318//5 6317//5
f 6336//6 6317//6 6337//6
f 6337//7 6317//7 6316//7
f 6337//8 6316//8 6338//8
f 6338//9 6316//9 6315//9
f 6338//10 6315//10 6339//10
f 6339//11 6315//11 6314//11
f 6339//12 6314//12 6340//12
f 6340//13 6314//13 6313//13
f 6340//14 6313//14 6341//14
f 6341//15 6313//15 6312//15
f 6341//16 6312//16 6342//16
f 6342//17 6312//17 6311//17
f 6342//18 6311//18 6343//18
f 6343//19 6311//19 6310//19
f 6343//20 6310//20 6344//20
f 6344//21 6310//21 6309//21
f 6344//22 6309//22 6345//22
f 6345//23 6309//23 6308//23
f 6345//24 6308//24 6346//24
f 6346//25 6308//25 6333//25
f 6346//26 6333//26 6347//26
f 6347//27 6333//27 6332//27
f 6347//28 6332//28 6348//28
f 6348//29 6332//29 6331//29
f 6348//30 6331//30 6349//30
f 6349//31 6331//31 6330//31
f 6349//32 6330//32 6350//32
f 6350//33 6330//33 6329//33
f 6350//34 6329//34 6351//34
f 6351//35 6329//35 6328//35
f 6351//36 6328//36 6352//36
f 6352//37 6328//37 6327//37
f 6352//38 6327//38 6353//38
f 6353//39 6327//39 6326//39
f 6353//40 6326//40 6354//40
f 6354//41 6326//41 6325//41
f 6354//42 6325//42 6355//42
f 6355//43 6325//43 6324//43
f 6355//44 6324//44 6356//44
f 6356//45 6324//45 6323//45
f 6356//46 6323//46 6357//46
f 6357//47 6323//47 6322//47
f 6357//48 6322//48 6358//48
f 6358//49 6322//49 6321//49
f 6358//50 6321//50 6359//50
f 6359//51 6321//51 6320//51
f 6359//52 6320//52 6334//52
f 6334//53 6320//53 6319//53
f 6360//54 6335//54 6361//54
f 6361//55 6335//55 6336//55
f 6361//56 6336//56 6362//56
f 6362//57 6336//57 6337//57
f 6362//58 6337//58 6363//58
f 6363//59 6337//59 6338//59
f 6363//60 6338//60 6364//60
f 6364//61 6338//61 6339//61
f 6364//62 6339//62 6365//62
f 6365//63 6339//63 6340//63
f 6365//64 6340//64 6366//64
f 6366//65 6340//65 6341//65
f 6366//66 6341//66 6367//66
f 6367//67 6341//67 6342//67
f 6367//68 6342//68 6368//68
f 6368//69 6342//69 6343//69
f 6368//70 6343//70 6369//70
f 6369//71 6343//71 6344//71
f 6369//72 6344//72 6370//72
f 6370//73 6344//73 6345//73
f 6370//74 6345//74 6371//74
f 6371//75 6345//75 6346//75
f 6371//76 6346//76 6372//76
f 6372//77 6346//77 6347//77
f 6372//78 6347//78 6373//78
f 6373//79 6347//79 6348//79
f 6373//80 6348//80 6374//80
f 6374//81 6348//81 6349//81
f 6374//82 6349//82 6375//82
f 6375//83 6349//83 6350//83
f 6375//84 6350//84 6376//84
f 6376//85 6350//85 6351//85
f 6376//86 6351//86 6377//86
f 6377//87 6351//87 6352//87
f 6377//88 6352//88 6378//88
f 6378//89 6352//89 6353//89
f 6378//90 6353//90 6379//90
f 6379//91 6353//91 6354//91
f 6379//92 6354//92 6380//92
f 6380//93 6354//93 6355//93
f 6380//94 6355//94 6381//94
f 6381//95 6355//95 6356//95
f 6381//96 6356//96 6382//96
f 6382//97 6356//97 6357//97
f 6382//98 6357//98 6383//98
f 6383//99 6357//99 6358//99
f 6383//100 6358//100 6384//100
f 6384//101 6358//101 6359//101
f 6384//102 6359//102 6385//102
f 6385//103 6359//103 6334//103
f 6385//104 6334//104 6360//104
f 6360//105 6334//105 6335//105
f 6373//106 6386//106 6372//106
f 6372//107 6386//107 6387//107
f 6372//108 6387//108 6371//108
f 6371//109 6387//109 6388//109
f 6371//110 6388//110 6370//110
f 6370//111 6388//111 6389//111
f 6370//112 6389//112 6369//112
f 6369//113 6389//113 6390//113
f 6369//114 6390//114 6368//114
f 6368//115 6390//115 6391//115
f 6368//116 6391//116 6367//116
f 6367//117 6391//117 6392//117
f 6367//118 6392//118 6366//118
f 6366//119 6392//119 6393//119
f 6366//120 6393//120 6365//120
f 6365//121 6393//121 6394//121
f 6365//122 6394//122 6364//122
f 6364//123 6394//123 6395//123
f 6364//124 6395//124 6363//124
f 6363//125 6395//125 6396//125
f 6363//126 6396//126 6362//126
f 6362//127 6396//127 6397//127
f 6362//128 6397//128 6361//128
f 6361//129 6397//129 6398//129
f 6361//130 6398//130 6360//130
f 6360//131 6398//131 6399//131
f 6360//132 6399//132 6385//132
f 6385//133 6399//133 6400//133
f 6385//134 6400//134 6384//134
f 6384//135 6400//135 6401//135
f 6384//136 6401//136 6383//136
f 6383//137 6401//137 6402//137
f 6383//138 6402//138 6382//138
f 6382//139 6402//139 6403//139
f 6382//140 6403//140 6381//140
f 6381//141 6403//141 6404//141
f 6381//142 6404//142 6380//142
f 6380//143 6404//143 6405//143
f 6380//144 6405//144 6379//144
f 6379//145 6405//145 6406//145
f 6379//146 6406//146 6378//146
f 6378//147 6406//147 6407//147
f 6378//148 6407//148 6377//148
f 6377//149 6407//149 6408//149
f 6377//150 6408//150 6376//150
f 6376//151 6408//151 6409//151
f 6376//152 6409//152 6375//152
f 6375//153 6409//153 6410//153
f 6375//154 6410//154 6374//154
f 6374//155 6410//155 6411//155
f 6374//156 6411//156 6373//156
f 6373//157 6411//157 6386//157
f 6412//2 6397//2 6413//2
f 6413//3 6397//3 6396//3
f 6413//4 6396//4 6414//4
f 6414//5 6396//5 6395//5
f 6414//6 6395//6 6415//6
f 6415//514 6395//514 6394//514
f 6415//8 6394//8 6416//8
f 6416//9 6394//9 6393//9
f 6416//10 6393//10 6417//10
f 6417//11 6393//11 6392//11
f 6417//12 6392//12 6418//12
f 6418//13 6392//13 6391//13
f 6418//14 6391//14 6419//14
f 6419//15 6391//15 6390//15
f 6419//16 6390//16 6420//16
f 6420//17 6390//17 6389//17
f 6420//18 6389//18 6421//18
f 6421//19 6389//19 6388//19
f 6421//20 6388//20 6422//20
f 6422//21 6388//21 6387//21
f 6422//22 6387//22 6423//22
f 6423//23 6387//23 6386//23
f 6423//24 6386//24 6424//24
f 6424//25 6386//25 6411//25
f 6424//26 6411//26 6425//26
f 6425//27 6411//27 6410//27
f 6425//28 6410//28 6426//28
f 6426//29 6410//29 6409//29
f 6426//30 6409//30 6427//30
f 6427//31 6409//31 6408//31
f 6427//32 6408//32 6428//32
f 6428//522 6408//522 6407//522
f 6428//34 6407//34 6429//34
f 6429//35 6407//35 6406//35
f 6429//36 6406//36 6430//36
f 6430//37 6406//37 6405//37
f 6430//38 6405//38 6431//38
f 6431//39 6405//39 6404//39
f 6431//40 6404//40 6432//40
f 6432//41 6404//41 6403//41
f 6432//42 6403//42 6433//42
f 6433//43 6403//43 6402//43
f 6433//44 6402//44 6434//44
f 6434//45 6402//45 6401//45
f 6434//46 6401//46 6435//46
f 6435//47 6401//47 6400//47
f 6435//48 6400//48 6436//48
f 6436//49 6400//49 6399//49
f 6436//50 6399//50 6437//50
f 6437//51 6399//51 6398//51
f 6437//52 6398//52 6412//52
f 6412//53 6398//53 6397//53
f 6438//54 6413//54 6439//54
f 6439//55 6413//55 6414//55
f 6439//56 6414//56 6440//56
f 6440//57 6414//57 6415//57
f 6440//58 6415//58 6441//58
f 6441//59 6415//59 6416//59
f 6441//60 6416//60 6442//60
f 6442//61 6416//61 6417//61
f 6442//62 6417//62 6443//62
f 6443//63 6417//63 6418//63
f 6443//64 6418//64 6444//64
f 6444//65 6418//65 6419//65
f 6444//66 6419//66 6445//66
f 6445//67 6419//67 6420//67
f 6445//68 6420//68 6446//68
f 6446//69 6420//69 6421//69
f 6446//70 6421//70 6447//70
f 6447//71 6421//71 6422//71
f 6447//72 6422//72 6448//72
f 6448//73 6422//73 6423//73
f 6448//74 6423//74 6449//74
f 6449//75 6423//75 6424//75
f 6449//76 6424//76 6450//76
f 6450//77 6424//77 6425//77
f 6450//78 6425//78 6451//78
f 6451//79 6425//79 6426//79
f 6451//80 6426//80 6452//80
f 6452//81 6426//81 6427//81
f 6452//82 6427//82 6453//82
f 6453//83 6427//83 6428//83
f 6453//84 6428//84 6454//84
f 6454//85 6428//85 6429//85
f 6454//86 6429//86 6455//86
f 6455//87 6429//87 6430//87
f 6455//88 6430//88 6456//88
f 6456//89 6430//89 6431//89
f 6456//90 6431//90 6457//90
f 6457//91 6431//91 6432//91
f 6457//92 6432//92 6458//92
f 6458//93 6432//93 6433//93
f 6458//94 6433//94 6459//94
f 6459//95 6433//95 6434//95
f 6459//96 6434//96 6460//96
f 6460//97 6434//97 6435//97
f 6460//98 6435//98 6461//98
f 6461//99 6435//99 6436//99
f 6461//100 6436//100 6462//100
f 6462//101 6436//101 6437//101
f 6462//102 6437//102 6463//102
f 6463//103 6437//103 6412//103
f 6463//104 6412//104 6438//104
f 6438//105 6412//105 6413//105
f 6451//106 6464//106 6450//106
f 6450//107 6464//107 6465//107
f 6450//108 6465//108 6449//108
f 6449//109 6465//109 6466//109
f 6449//110 6466//110 6448//110
f 6448//111 6466//111 6467//111
f 6448//112 6467//112 6447//112
f 6447//113 6467//113 6468//113
f 6447//114 6468//114 6446//114
f 6446//115 6468//115 6469//115
f 6446//116 6469//116 6445//116
f 6445//117 6469//117 6470//117
f 6445//118 6470//118 6444//118
f 6444//119 6470//119 6471//119
f 6444//120 6471//120 6443//120
f 6443//121 6471//121 6472//121
f 6443//122 6472//122 6442//122
f 6442//123 6472//123 6473//123
f 6442//124 6473//124 6441//124
f 6441//125 6473//125 6474//125
f 6441//126 6474//126 6440//126
f 6440//127 6474//127 6475//127
f 6440//128 6475//128 6439//128
f 6439//129 6475//129 6476//129
f 6439//130 6476//130 6438//130
f 6438//131 6476//131 6477//131
f 6438//132 6477//132 6463//132
f 6463//133 6477//133 6478//133
f 6463//134 6478//134 6462//134
f 6462//135 6478//135 6479//135
f 6462//136 6479//136 6461//136
f 6461//137 6479//137 6480//137
f 6461//138 6480//138 6460//138
f 6460//139 6480//139 6481//139
f 6460//140 6481//140 6459//140
f 6459//141 6481//141 6482//141
f 6459//142 6482//142 6458//142
f 6458//143 6482//143 6483//143
f 6458//144 6483//144 6457//144
f 6457//145 6483//145 6484//145
f 6457//146 6484//146 6456//146
f 6456//147 6484//147 6485//147
f 6456//148 6485//148 6455//148
f 6455//149 6485//149 6486//149
f 6455//150 6486//150 6454//150
f 6454//151 6486//151 6487//151
f 6454//152 6487//152 6453//152
f 6453//153 6487//153 6488//153
f 6453//154 6488//154 6452//154
f 6452//155 6488//155 6489//155
f 6452//156 6489//156 6451//156
f 6451//157 6489//157 6464//157
f 6490//2 6475//2 6491//2
f 6491//3 6475//3 6474//3
f 6491//4 6474//4 6492//4
f 6492//5 6474//5 6473//5
f 6492//6 6473//6 6493//6
f 6493//7 6473//7 6472//7
f 6493//8 6472//8 6494//8
f 6494//9 6472//9 6471//9
f 6494//10 6471//10 6495//10
f 6495//11 6471//11 6470//11
f 6495//12 6470//12 6496//12
f 6496//13 6470//13 6469//13
f 6496//14 6469//14 6497//14
f 6497//15 6469//15 6468//15
f 6497//16 6468//16 6498//16
f 6498//17 6468//17 6467//17
f 6498//18 6467//18 6499//18
f 6499//19 6467//19 6466//19
f 6499//20 6466//20 6500//20
f 6500//21 6466//21 6465//21
f 6500//22 6465//22 6501//22
f 6501//23 6465//23 6464//23
f 6501//24 6464//24 6502//24
f 6502//25 6464//25 6489//25
f 6502//26 6489//26 6503//26
f 6503//27 6489//27 6488//27
f 6503//28 6488//28 6504//28
f 6504//29 6488//29 6487//29
f 6504//30 6487//30 6505//30
f 6505//31 6487//31 6486//31
f 6505//32 6486//32 6506//32
f 6506//33 6486//33 6485//33
f 6506//34 6485//34 6507//34
f 6507//35 6485//35 6484//35
f 6507//36 6484//36 6508//36
f 6508//37 6484//37 6483//37
f 6508//38 6483//38 6509//38
f 6509//39 6483//39 6482//39
f 6509//40 6482//40 6510//40
f 6510//41 6482//41 6481//41
f 6510//42 6481//42 6511//42
f 6511//43 6481//43 6480//43
f 6511//44 6480//44 6512//44
f 6512//45 6480//45 6479//45
f 6512//46 6479//46 6513//46
f 6513//47 6479//47 6478//47
f 6513//48 6478//48 6514//48
f 6514//49 6478//49 6477//49
f 6514//50 6477//50 6515//50
f 6515//51 6477//51 6476//51
f 6515//52 6476//52 6490//52
f 6490//53 6476//53 6475//53
f 6516//54 6491//54 6517//54
f 6517//55 6491//55 6492//55
f 6517//56 6492//56 6518//56
f 6518//57 6492//57 6493//57
f 6518//58 6493//58 6519//58
f 6519//59 6493//59 6494//59
f 6519//60 6494//60 6520//60
f 6520//61 6494//61 6495//61
f 6520//62 6495//62 6521//62
f 6521//63 6495//63 6496//63
f 6521//64 6496//64 6522//64
f 6522//65 6496//65 6497//65
f 6522//66 6497//66 6523//66
f 6523//67 6497//67 6498//67
f 6523//68 6498//68 6524//68
f 6524//69 6498//69 6499//69
f 6524//70 6499//70 6525//70
f 6525//71 6499//71 6500//71
f 6525//72 6500//72 6526//72
f 6526//73 6500//73 6501//73
f 6526//74 6501//74 6527//74
f 6527//75 6501//75 6502//75
f 6527//76 6502//76 6528//76
f 6528//77 6502//77 6503//77
f 6528//78 6503//78 6529//78
f 6529//79 6503//79 6504//79
f 6529//80 6504//80 6530//80
f 6530//81 6504//81 6505//81
f 6530//82 6505//82 6531//82
f 6531//83 6505//83 6506//83
f 6531//84 6506//84 6532//84
f 6532//85 6506//85 6507//85
f 6532//86 6507//86 6533//86
f 6533//87 6507//87 6508//87
f 6533//88 6508//88 6534//88
f 6534//89 6508//89 6509//89
f 6534//90 6509//90 6535//90
f 6535//91 6509//91 6510//91
f 6535//92 6510//92 6536//92
f 6536//93 6510//93 6511//93
f 6536//94 6511//94 6537//94
f 6537//95 6511//95 6512//95
f 6537//96 6512//96 6538//96
f 6538//97 6512//97 6513//97
f 6538//98 6513//98 6539//98
f 6539//99 6513//99 6514//99
f 6539//100 6514//100 6540//100
f 6540//101 6514//101 6515//101
f 6540//102 6515//102 6541//102
f 6541//103 6515//103 6490//103
f 6541//104 6490//104 6516//104
f 6516//105 6490//105 6491//105
f 6529//155 6530//155 6542//155
f 6531//151 6532//151 6543//151
f 6543//158 6544//158 6531//158
f 6531//159 6544//159 6545//159
f 6531//153 6545//153 6530//153
f 6530//160 6545//160 6546//160
f 6530//161 6546//161 6542//161
f 6533//147 6534//147 6547//147
f 6547//162 6548//162 6533//162
f 6533//163 6548//163 6549//163
f 6533//149 6549//149 6532//149
f 6532//164 6549//164 6550//164
f 6532//165 6550//165 6543//165
f 6535//143 6536//143 6551//143
f 6551//166 6552//166 6535//166
f 6535//167 6552//167 6553//167
f 6535//145 6553//145 6534//145
f 6534//168 6553//168 6554//168
f 6534//169 6554//169 6547//169
f 6537//170 6538//170 6555//170
f 6555//171 6556//171 6537//171
f 6537//172 6556//172 6557//172
f 6537//141 6557//141 6536//141
f 6536//173 6557//173 6558//173
f 6536//174 6558//174 6551//174
f 6539//135 6540//135 6559//135
f 6559//175 6560//175 6539//175
f 6539//176 6560//176 6561//176
f 6539//137 6561//137 6538//137
f 6538//177 6561//177 6562//177
f 6538//178 6562//178 6555//178
f 6541//131 6516//131 6563//131
f 6563//179 6564//179 6541//179
f 6541//180 6564//180 6565//180
f 6541//133 6565//133 6540//133
f 6540//181 6565//181 6566//181
f 6540//182 6566//182 6559//182
f 6517//127 6518//127 6567//127
f 6567//183 6568//183 6517//183
f 6517//184 6568//184 6569//184
f 6517//129 6569//129 6516//129
f 6516//185 6569//185 6570//185
f 6516//186 6570//186 6563//186
f 6519//123 6520//123 6571//123
f 6571//187 6572//187 6519//187
f 6519//188 6572//188 6573//188
f 6519//125 6573//125 6518//125
f 6518//189 6573//189 6574//189
f 6518//190 6574//190 6567//190
f 6521//119 6522//119 6575//119
f 6575//191 6576//191 6521//191
f 6521//192 6576//192 6577//192
f 6521//121 6577//121 6520//121
f 6520//193 6577//193 6578//193
f 6520//194 6578//194 6571//194
f 6523//115 6524//115 6579//115
f 6579//195 6580//195 6523//195
f 6523//196 6580//196 6581//196
f 6523//117 6581//117 6522//117
f 6522//197 6581//197 6582//197
f 6522//198 6582//198 6575//198
f 6525//111 6526//111 6583//111
f 6583//199 6584//199 6525//199
f 6525//200 6584//200 6585//200
f 6525//113 6585//113 6524//113
f 6524//201 6585//201 6586//201
f 6524//202 6586//202 6579//202
f 6527//107 6528//107 6587//107
f 6587//203 6588//203 6527//203
f 6527//204 6588//204 6589//204
f 6527//109 6589//109 6526//109
f 6526//205 6589//205 6590//205
f 6526//206 6590//206 6583//206
f 6542//207 6591//207 6529//207
f 6529//208 6591//208 6592//208
f 6529//157 6592//157 6528//157
f 6528//209 6592//209 6593//209
f 6528//210 6593//210 6587//210
f 6551//211 6594//211 6552//211
f 6552//212 6594//212 6595//212
f 6552//213 6595//213 6553//213
f 6553//214 6595//214 6596//214
f 6553//215 6596//215 6554//215
f 6554//216 6596//216 6597//216
f 6554//217 6597//217 6547//217
f 6547//218 6597//218 6598//218
f 6547//219 6598//219 6548//219
f 6548//220 6598//220 6599//220
f 6548//221 6599//221 6549//221
f 6549//222 6599//222 6600//222
f 6549//223 6600//223 6550//223
f 6550//224 6600//224 6601//224
f 6550//225 6601//225 6543//225
f 6543//226 6601//226 6602//226
f 6543//227 6602//227 6544//227
f 6544//228 6602//228 6603//228
f 6544//229 6603//229 6545//229
f 6545//230 6603//230 6604//230
f 6545//231 6604//231 6546//231
f 6546//232 6604//232 6605//232
f 6546//233 6605//233 6542//233
f 6542//234 6605//234 6606//234
f 6542//235 6606//235 6591//235
f 6591//236 6606//236 6607//236
f 6591//237 6607//237 6592//237
f 6592//238 6607//238 6608//238
f 6592//239 6608//239 6593//239
f 6593//240 6608//240 6609//240
f 6593//241 6609//241 6587//241
f 6587//242 6609//242 6610//242
f 6587//243 6610//243 6588//243
f 6588//244 6610//244 6611//244
f 6588//245 6611//245 6589//245
f 6589//246 6611//246 6612//246
f 6589//247 6612//247 6590//247
f 6590//248 6612//248 6613//248
f 6590//249 6613//249 6583//249
f 6583//250 6613//250 6614//250
f 6583//251 6614//251 6584//251
f 6584//252 6614//252 6615//252
f 6584//253 6615//253 6585//253
f 6585//254 6615//254 6616//254
f 6585//255 6616//255 6586//255
f 6586//256 6616//256 6617//256
f 6586//257 6617//257 6579//257
f 6579//258 6617//258 6618//258
f 6579//259 6618//259 6580//259
f 6580//260 6618//260 6619//260
f 6580//261 6619//261 6581//261
f 6581//262 6619//262 6620//262
f 6581//263 6620//263 6582//263
f 6582//264 6620//264 6621//264
f 6582//265 6621//265 6575//265
f 6575//266 6621//266 6622//266
f 6575//267 6622//267 6576//267
f 6576//268 6622//268 6623//268
f 6576//269 6623//269 6577//269
f 6577//270 6623//270 6624//270
f 6577//271 6624//271 6578//271
f 6578//272 6624//272 6625//272
f 6578//273 6625//273 6571//273
f 6571//274 6625//274 6626//274
f 6571//275 6626//275 6572//275
f 6572//276 6626//276 6627//276
f 6572//277 6627//277 6573//277
f 6573//278 6627//278 6628//278
f 6573//279 6628//279 6574//279
f 6574//280 6628//280 6629//280
f 6574//281 6629//281 6567//281
f 6567//282 6629//282 6630//282
f 6567//283 6630//283 6568//283
f 6568//284 6630//284 6631//284
f 6568//285 6631//285 6569//285
f 6569//286 6631//286 6632//286
f 6569//287 6632//287 6570//287
f 6570//288 6632//288 6633//288
f 6570//289 6633//289 6563//289
f 6563//290 6633//290 6634//290
f 6563//291 6634//291 6564//291
f 6564//292 6634//292 6635//292
f 6564//293 6635//293 6565//293
f 6565//294 6635//294 6636//294
f 6565//295 6636//295 6566//295
f 6566//296 6636//296 6637//296
f 6566//297 6637//297 6559//297
f 6559//298 6637//298 6638//298
f 6559//299 6638//299 6560//299
f 6560//300 6638//300 6639//300
f 6560//301 6639//301 6561//301
f 6561//302 6639//302 6640//302
f 6561//303 6640//303 6562//303
f 6562//304 6640//304 6641//304
f 6562//305 6641//305 6555//305
f 6555//306 6641//306 6642//306
f 6555//307 6642//307 6556//307
f 6556//308 6642//308 6643//308
f 6556//309 6643//309 6557//309
f 6557//310 6643//310 6644//310
f 6557//311 6644//311 6558//311
f 6558//312 6644//312 6645//312
f 6558//313 6645//313 6551//313
f 6551//314 6645//314 6594//314
f 6646//315 6647//315 6635//315
f 6648//316 6637//316 6647//316
f 6647//317 6637//317 6636//317
f 6647//318 6636//318 6635//318
f 6649//319 6639//319 6648//319
f 6648//320 6639//320 6638//320
f 6648//321 6638//321 6637//321
f 6650//322 6641//322 6649//322
f 6649//323 6641//323 6640//323
f 6649//324 6640//324 6639//324
f 6651//325 6643//325 6650//325
f 6650//326 6643//326 6642//326
f 6650//327 6642//327 6641//327
f 6652//328 6645//328 6651//328
f 6651//329 6645//329 6644//329
f 6651//330 6644//330 6643//330
f 6653//331 6595//331 6652//331
f 6652//332 6595//332 6594//332
f 6652//333 6594//333 6645//333
f 6654//334 6597//334 6653//334
f 6653//335 6597//335 6596//335
f 6653//336 6596//336 6595//336
f 6655//337 6599//337 6654//337
f 6654//338 6599//338 6598//338
f 6654//339 6598//339 6597//339
f 6656//340 6601//340 6655//340
f 6655//341 6601//341 6600//341
f 6655//342 6600//342 6599//342
f 6657//343 6603//343 6656//343
f 6656//344 6603//344 6602//344
f 6656//345 6602//345 6601//345
f 6658//346 6605//346 6657//346
f 6657//347 6605//347 6604//347
f 6657//348 6604//348 6603//348
f 6659//349 6607//349 6658//349
f 6658//350 6607//350 6606//350
f 6658//351 6606//351 6605//351
f 6660//352 6609//352 6659//352
f 6659//353 6609//353 6608//353
f 6659//354 6608//354 6607//354
f 6661//355 6611//355 6660//355
f 6660//356 6611//356 6610//356
f 6660//357 6610//357 6609//357
f 6662//358 6613//358 6661//358
f 6661//359 6613//359 6612//359
f 6661//360 6612//360 6611//360
f 6663//361 6615//361 6662//361
f 6662//362 6615//362 6614//362
f 6662//363 6614//363 6613//363
f 6664//364 6617//364 6663//364
f 6663//365 6617//365 6616//365
f 6663//366 6616//366 6615//366
f 6665//367 6619//367 6664//367
f 6664//368 6619//368 6618//368
f 6664//369 6618//369 6617//369
f 6666//370 6621//370 6665//370
f 6665//371 6621//371 6620//371
f 6665//372 6620//372 6619//372
f 6667//373 6623//373 6666//373
f 6666//374 6623//374 6622//374
f 6666//375 6622//375 6621//375
f 6668//376 6625//376 6667//376
f 6667//377 6625//377 6624//377
f 6667//378 6624//378 6623//378
f 6669//379 6627//379 6668//379
f 6668//380 6627//380 6626//380
f 6668//381 6626//381 6625//381
f 6670//382 6629//382 6669//382
f 6669//383 6629//383 6628//383
f 6669//384 6628//384 6627//384
f 6671//385 6631//385 6670//385
f 6670//386 6631//386 6630//386
f 6670//387 6630//387 6629//387
f 6635//388 6634//388 6646//388
f 6646//389 6634//389 6633//389
f 6646//390 6633//390 6671//390
f 6671//391 6633//391 6632//391
f 6671//392 6632//392 6631//392
f 6659//155 6658//155 6672//155
f 6657//151 6656//151 6673//151
f 6673//158 6674//158 6657//158
f 6657//159 6674//159 6675//159
f 6657//153 6675//153 6658//153
f 6658//160 6675//160 6676//160
f 6658//161 6676//161 6672//161
f 6655//147 6654//147 6677//147
f 6677//162 6678//162 6655//162
f 6655//163 6678//163 6679//163
f 6655//149 6679//149 6656//149
f 6656//164 6679//164 6680//164
f 6656//165 6680//165 6673//165
f 6653//143 6652//143 6681//143
f 6681//166 6682//166 6653//166
f 6653//167 6682//167 6683//167
f 6653//145 6683//145 6654//145
f 6654//168 6683//168 6684//168
f 6654//169 6684//169 6677//169
f 6651//170 6650//170 6685//170
f 6685//171 6686//171 6651//171
f 6651//172 6686//172 6687//172
f 6651//141 6687//141 6652//141
f 6652//173 6687//173 6688//173
f 6652//174 6688//174 6681//174
f 6649//135 6648//135 6689//135
f 6689//175 6690//175 6649//175
f 6649//176 6690//176 6691//176
f 6649//137 6691//137 6650//137
f 6650//177 6691//177 6692//177
f 6650//178 6692//178 6685//178
f 6647//131 6646//131 6693//131
f 6693//179 6694//179 6647//179
f 6647//180 6694//180 6695//180
f 6647//133 6695//133 6648//133
f 6648//181 6695//181 6696//181
f 6648//182 6696//182 6689//182
f 6671//127 6670//127 6697//127
f 6697//183 6698//183 6671//183
f 6671//184 6698//184 6699//184
f 6671//129 6699//129 6646//129
f 6646//185 6699//185 6700//185
f 6646//186 6700//186 6693//186
f 6669//123 6668//123 6701//123
f 6701//187 6702//187 6669//187
f 6669//188 6702//188 6703//188
f 6669//125 6703//125 6670//125
f 6670//189 6703//189 6704//189
f 6670//190 6704//190 6697//190
f 6667//119 6666//119 6705//119
f 6705//191 6706//191 6667//191
f 6667//192 6706//192 6707//192
f 6667//121 6707//121 6668//121
f 6668//193 6707//193 6708//193
f 6668//194 6708//194 6701//194
f 6665//115 6664//115 6709//115
f 6709//195 6710//195 6665//195
f 6665//196 6710//196 6711//196
f 6665//117 6711//117 6666//117
f 6666//197 6711//197 6712//197
f 6666//198 6712//198 6705//198
f 6663//111 6662//111 6713//111
f 6713//199 6714//199 6663//199
f 6663//200 6714//200 6715//200
f 6663//113 6715//113 6664//113
f 6664//201 6715//201 6716//201
f 6664//202 6716//202 6709//202
f 6661//107 6660//107 6717//107
f 6717//203 6718//203 6661//203
f 6661//204 6718//204 6719//204
f 6661//109 6719//109 6662//109
f 6662//205 6719//205 6720//205
f 6662//206 6720//206 6713//206
f 6672//207 6721//207 6659//207
f 6659//208 6721//208 6722//208
f 6659//157 6722//157 6660//157
f 6660//209 6722//209 6723//209
f 6660//210 6723//210 6717//210
f 6681//211 6724//211 6682//211
f 6682//212 6724//212 6725//212
f 6682//213 6725//213 6683//213
f 6683//214 6725//214 6726//214
f 6683//215 6726//215 6684//215
f 6684//216 6726//216 6727//216
f 6684//217 6727//217 6677//217
f 6677//218 6727//218 6728//218
f 6677//219 6728//219 6678//219
f 6678//220 6728//220 6729//220
f 6678//221 6729//221 6679//221
f 6679//222 6729//222 6730//222
f 6679//500 6730//500 6680//500
f 6680//224 6730//224 6731//224
f 6680//523 6731//523 6673//523
f 6673//524 6731//524 6732//524
f 6673//227 6732//227 6674//227
f 6674//228 6732//228 6733//228
f 6674//229 6733//229 6675//229
f 6675//230 6733//230 6734//230
f 6675//231 6734//231 6676//231
f 6676//232 6734//232 6735//232
f 6676//233 6735//233 6672//233
f 6672//234 6735//234 6736//234
f 6672//235 6736//235 6721//235
f 6721//236 6736//236 6737//236
f 6721//237 6737//237 6722//237
f 6722//238 6737//238 6738//238
f 6722//239 6738//239 6723//239
f 6723//240 6738//240 6739//240
f 6723//241 6739//241 6717//241
f 6717//242 6739//242 6740//242
f 6717//243 6740//243 6718//243
f 6718//244 6740//244 6741//244
f 6718//245 6741//245 6719//245
f 6719//246 6741//246 6742//246
f 6719//247 6742//247 6720//247
f 6720//248 6742//248 6743//248
f 6720//525 6743//525 6713//525
f 6713//250 6743//250 6744//250
f 6713//506 6744//506 6714//506
f 6714//526 6744//526 6745//526
f 6714//253 6745//253 6715//253
f 6715//254 6745//254 6746//254
f 6715//255 6746//255 6716//255
f 6716//256 6746//256 6747//256
f 6716//257 6747//257 6709//257
f 6709//258 6747//258 6748//258
f 6709//259 6748//259 6710//259
f 6710//260 6748//260 6749//260
f 6710//261 6749//261 6711//261
f 6711//262 6749//262 6750//262
f 6711//263 6750//263 6712//263
f 6712//264 6750//264 6751//264
f 6712//265 6751//265 6705//265
f 6705//266 6751//266 6752//266
f 6705//267 6752//267 6706//267
f 6706//268 6752//268 6753//268
f 6706//269 6753//269 6707//269
f 6707//270 6753//270 6754//270
f 6707//271 6754//271 6708//271
f 6708//272 6754//272 6755//272
f 6708//273 6755//273 6701//273
f 6701//274 6755//274 6756//274
f 6701//516 6756//516 6702//516
f 6702//276 6756//276 6757//276
f 6702//527 6757//527 6703//527
f 6703//528 6757//528 6758//528
f 6703//279 6758//279 6704//279
f 6704//280 6758//280 6759//280
f 6704//281 6759//281 6697//281
f 6697//282 6759//282 6760//282
f 6697//283 6760//283 6698//283
f 6698//284 6760//284 6761//284
f 6698//285 6761//285 6699//285
f 6699//286 6761//286 6762//286
f 6699//287 6762//287 6700//287
f 6700//288 6762//288 6763//288
f 6700//289 6763//289 6693//289
f 6693//290 6763//290 6764//290
f 6693//291 6764//291 6694//291
f 6694//292 6764//292 6765//292
f 6694//293 6765//293 6695//293
f 6695//294 6765//294 6766//294
f 6695//295 6766//295 6696//295
f 6696//296 6766//296 6767//296
f 6696//297 6767//297 6689//297
f 6689//298 6767//298 6768//298
f 6689//299 6768//299 6690//299
f 6690//300 6768//300 6769//300
f 6690//529 6769//529 6691//529
f 6691//302 6769//302 6770//302
f 6691//491 6770//491 6692//491
f 6692//530 6770//530 6771//530
f 6692//305 6771//305 6685//305
f 6685//306 6771//306 6772//306
f 6685//307 6772//307 6686//307
f 6686//308 6772//308 6773//308
f 6686//309 6773//309 6687//309
f 6687//310 6773//310 6774//310
f 6687//311 6774//311 6688//311
f 6688//312 6774//312 6775//312
f 6688//313 6775//313 6681//313
f 6681//314 6775//314 6724//314
f 6763//531 6776//531 6764//531
f 6764//389 6776//389 6777//389
f 6764//388 6777//388 6765//388
f 6765//532 6777//532 6778//532
f 6765//533 6778//533 6766//533
f 6766//318 6778//318 6779//318
f 6766//317 6779//317 6767//317
f 6767//534 6779//534 6780//534
f 6767//535 6780//535 6768//535
f 6768//321 6780//321 6781//321
f 6768//320 6781//320 6769//320
f 6769//536 6781//536 6782//536
f 6769//537 6782//537 6770//537
f 6770//324 6782//324 6783//324
f 6770//323 6783//323 6771//323
f 6771//538 6783//538 6784//538
f 6771//539 6784//539 6772//539
f 6772//394 6784//394 6785//394
f 6772//326 6785//326 6773//326
f 6773//540 6785//540 6786//540
f 6773//541 6786//541 6774//541
f 6774//330 6786//330 6787//330
f 6774//395 6787//395 6775//395
f 6775//542 6787//542 6788//542
f 6775//543 6788//543 6724//543
f 6724//333 6788//333 6789//333
f 6724//332 6789//332 6725//332
f 6725//544 6789//544 6790//544
f 6725//545 6790//545 6726//545
f 6726//336 6790//336 6791//336
f 6726//335 6791//335 6727//335
f 6727//546 6791//546 6792//546
f 6727//547 6792//547 6728//547
f 6728//396 6792//396 6793//396
f 6728//338 6793//338 6729//338
f 6729//548 6793//548 6794//548
f 6729//549 6794//549 6730//549
f 6730//342 6794//342 6795//342
f 6730//397 6795//397 6731//397
f 6731//550 6795//550 6796//550
f 6731//551 6796//551 6732//551
f 6732//345 6796//345 6797//345
f 6732//344 6797//344 6733//344
f 6733//552 6797//552 6798//552
f 6733//553 6798//553 6734//553
f 6734//348 6798//348 6799//348
f 6734//347 6799//347 6735//347
f 6735//554 6799//554 6800//554
f 6735//555 6800//555 6736//555
f 6736//351 6800//351 6801//351
f 6736//350 6801//350 6737//350
f 6737//556 6801//556 6802//556
f 6737//557 6802//557 6738//557
f 6738//354 6802//354 6803//354
f 6738//353 6803//353 6739//353
f 6739//558 6803//558 6804//558
f 6739//559 6804//559 6740//559
f 6740//357 6804//357 6805//357
f 6740//356 6805//356 6741//356
f 6741//560 6805//560 6806//560
f 6741//561 6806//561 6742//561
f 6742//360 6806//360 6807//360
f 6742//359 6807//359 6743//359
f 6743//562 6807//562 6808//562
f 6743//563 6808//563 6744//563
f 6744//363 6808//363 6809//363
f 6744//362 6809//362 6745//362
f 6745//564 6809//564 6810//564
f 6745//565 6810//565 6746//565
f 6746//400 6810//400 6811//400
f 6746//365 6811//365 6747//365
f 6747//566 6811//566 6812//566
f 6747//567 6812//567 6748//567
f 6748//369 6812//369 6813//369
f 6748//401 6813//401 6749//401
f 6749//568 6813//568 6814//568
f 6749//569 6814//569 6750//569
f 6750//372 6814//372 6815//372
f 6750//371 6815//371 6751//371
f 6751//570 6815//570 6816//570
f 6751//571 6816//571 6752//571
f 6752//375 6816//375 6817//375
f 6752//374 6817//374 6753//374
f 6753//572 6817//572 6818//572
f 6753//573 6818//573 6754//573
f 6754//402 6818//402 6819//402
f 6754//377 6819//377 6755//377
f 6755//574 6819//574 6820//574
f 6755//575 6820//575 6756//575
f 6756//381 6820//381 6821//381
f 6756//403 6821//403 6757//403
f 6757//576 6821//576 6822//576
f 6757//577 6822//577 6758//577
f 6758//384 6822//384 6823//384
f 6758//383 6823//383 6759//383
f 6759//578 6823//578 6824//578
f 6759//579 6824//579 6760//579
f 6760//387 6824//387 6825//387
f 6760//386 6825//386 6761//386
f 6761//580 6825//580 6826//580
f 6761//581 6826//581 6762//581
f 6762//392 6826//392 6827//392
f 6762//391 6827//391 6763//391
f 6763//582 6827//582 6776//582
f 6828//406 6816//406 6815//406
f 6828//583 6815//583 6829//583
f 6815//408 6814//408 6829//408
f 6829//409 6814//409 6813//409
f 6829//584 6813//584 6830//584
f 6813//411 6812//411 6830//411
f 6830//412 6812//412 6811//412
f 6830//585 6811//585 6831//585
f 6811//415 6810//415 6831//415
f 6831//416 6810//416 6809//416
f 6831//586 6809//586 6832//586
f 6809//418 6808//418 6832//418
f 6832//419 6808//419 6807//419
f 6832//587 6807//587 6833//587
f 6807//421 6806//421 6833//421
f 6833//422 6806//422 6805//422
f 6833//588 6805//588 6834//588
f 6805//424 6804//424 6834//424
f 6834//425 6804//425 6803//425
f 6834//589 6803//589 6835//589
f 6803//427 6802//427 6835//427
f 6835//428 6802//428 6801//428
f 6835//590 6801//590 6836//590
f 6801//430 6800//430 6836//430
f 6836//431 6800//431 6799//431
f 6836//591 6799//591 6837//591
f 6799//433 6798//433 6837//433
f 6837//434 6798//434 6797//434
f 6837//592 6797//592 6838//592
f 6797//436 6796//436 6838//436
f 6838//437 6796//437 6795//437
f 6838//593 6795//593 6839//593
f 6795//439 6794//439 6839//439
f 6839//440 6794//440 6793//440
f 6839//594 6793//594 6840//594
f 6793//442 6792//442 6840//442
f 6840//443 6792//443 6791//443
f 6840//595 6791//595 6841//595
f 6791//445 6790//445 6841//445
f 6841//446 6790//446 6789//446
f 6841//596 6789//596 6842//596
f 6789//448 6788//448 6842//448
f 6842//449 6788//449 6787//449
f 6842//597 6787//597 6843//597
f 6787//451 6786//451 6843//451
f 6843//452 6786//452 6785//452
f 6843//598 6785//598 6844//598
f 6785//455 6784//455 6844//455
f 6844//456 6784//456 6783//456
f 6844//599 6783//599 6845//599
f 6783//458 6782//458 6845//458
f 6845//459 6782//459 6781//459
f 6845//600 6781//600 6846//600
f 6781//461 6780//461 6846//461
f 6846//462 6780//462 6779//462
f 6846//601 6779//601 6847//601
f 6847//464 6779//464 6778//464
f 6847//465 6778//465 6848//465
f 6848//466 6778//466 6777//466
f 6848//186 6777//186 6849//186
f 6777//467 6776//467 6849//467
f 6849//468 6776//468 6827//468
f 6849//602 6827//602 6850//602
f 6827//470 6826//470 6850//470
f 6850//471 6826//471 6825//471
f 6850//603 6825//603 6851//603
f 6825//473 6824//473 6851//473
f 6851//474 6824//474 6823//474
f 6851//604 6823//604 6852//604
f 6823//476 6822//476 6852//476
f 6852//477 6822//477 6821//477
f 6852//605 6821//605 6853//605
f 6853//479 6821//479 6820//479
f 6853//606 6820//606 6854//606
f 6820//607 6819//607 6854//607
f 6854//482 6819//482 6818//482
f 6854//608 6818//608 6828//608
f 6828//609 6818//609 6817//609
f 6828//405 6817//405 6816//405
f 6841//610 6855//610 6840//610
f 6840//611 6855//611 6856//611
f 6856//216 6857//216 6840//216
f 6840//217 6857//217 6858//217
f 6840//612 6858//612 6839//612
f 6839//220 6858//220 6859//220
f 6839//613 6859//613 6838//613
f 6838//614 6859//614 6860//614
f 6860//224 6861//224 6838//224
f 6838//523 6861//523 6862//523
f 6838//615 6862//615 6837//615
f 6837//228 6862//228 6863//228
f 6837//616 6863//616 6836//616
f 6836//617 6863//617 6864//617
f 6864//232 6865//232 6836//232
f 6836//233 6865//233 6866//233
f 6836//618 6866//618 6835//618
f 6866//236 6867//236 6835//236
f 6835//237 6867//237 6868//237
f 6835//619 6868//619 6834//619
f 6834//240 6868//240 6869//240
f 6834//620 6869//620 6833//620
f 6869//621 6870//621 6833//621
f 6833//244 6870//244 6871//244
f 6833//622 6871//622 6832//622
f 6871//623 6872//623 6832//623
f 6832//248 6872//248 6873//248
f 6832//624 6873//624 6831//624
f 6831//625 6873//625 6874//625
f 6874//526 6875//526 6831//526
f 6831//253 6875//253 6876//253
f 6831//626 6876//626 6830//626
f 6876//256 6877//256 6830//256
f 6830//257 6877//257 6878//257
f 6830//627 6878//627 6829//627
f 6829//260 6878//260 6879//260
f 6829//628 6879//628 6828//628
f 6828//629 6879//629 6880//629
f 6880//264 6881//264 6828//264
f 6828//265 6881//265 6882//265
f 6828//630 6882//630 6854//630
f 6882//268 6883//268 6854//268
f 6854//269 6883//269 6884//269
f 6854//631 6884//631 6853//631
f 6884//272 6885//272 6853//272
f 6853//273 6885//273 6886//273
f 6853//632 6886//632 6852//632
f 6886//276 6887//276 6852//276
f 6852//527 6887//527 6888//527
f 6852//633 6888//633 6851//633
f 6888//280 6889//280 6851//280
f 6851//281 6889//281 6890//281
f 6851//634 6890//634 6850//634
f 6890//284 6891//284 6850//284
f 6850//285 6891//285 6892//285
f 6850//635 6892//635 6849//635
f 6849//288 6892//288 6893//288
f 6849//289 6893//289 6848//289
f 6848//290 6893//290 6894//290
f 6848//291 6894//291 6847//291
f 6847//292 6894//292 6895//292
f 6847//636 6895//636 6846//636
f 6895//637 6896//637 6846//637
f 6846//296 6896//296 6897//296
f 6846//638 6897//638 6845//638
f 6897//639 6898//639 6845//639
f 6845//300 6898//300 6899//300
f 6845//640 6899//640 6844//640
f 6899//641 6900//641 6844//641
f 6844//530 6900//530 6901//530
f 6844//642 6901//642 6843//642
f 6901//643 6902//643 6843//643
f 6843//308 6902//308 6903//308
f 6843//644 6903//644 6842//644
f 6903//645 6904//645 6842//645
f 6842//312 6904//312 6905//312
f 6842//646 6905//646 6841//646
f 6841//647 6905//647 6906//647
f 6841//212 6906//212 6855//212
f 6855//332 6906//332 6907//332
f 6908//101 6909//101 6898//101
f 6895//315 6910//315 6896//315
f 6896//103 6910//103 6908//103
f 6896//317 6908//317 6897//317
f 6897//393 6908//393 6898//393
f 6911//97 6912//97 6902//97
f 6902//322 6901//322 6911//322
f 6911//323 6901//323 6900//323
f 6911//99 6900//99 6909//99
f 6909//319 6900//319 6899//319
f 6909//320 6899//320 6898//320
f 6907//93 6906//93 6913//93
f 6906//328 6905//328 6913//328
f 6913//329 6905//329 6904//329
f 6913//95 6904//95 6912//95
f 6912//648 6904//648 6903//648
f 6912//326 6903//326 6902//326
f 6855//331 6907//331 6856//331
f 6856//91 6907//91 6914//91
f 6856//335 6914//335 6857//335
f 6857//334 6914//334 6915//334
f 6857//396 6915//396 6858//396
f 6858//338 6915//338 6859//338
f 6859//337 6915//337 6916//337
f 6859//342 6916//342 6860//342
f 6860//397 6916//397 6861//397
f 6861//340 6916//340 6917//340
f 6861//345 6917//345 6862//345
f 6862//344 6917//344 6863//344
f 6863//343 6917//343 6918//343
f 6863//348 6918//348 6864//348
f 6864//347 6918//347 6865//347
f 6865//398 6918//398 6919//398
f 6865//351 6919//351 6866//351
f 6866//350 6919//350 6867//350
f 6867//349 6919//349 6920//349
f 6867//354 6920//354 6868//354
f 6921//355 6871//355 6922//355
f 6922//356 6871//356 6870//356
f 6922//77 6870//77 6920//77
f 6920//352 6870//352 6869//352
f 6920//353 6869//353 6868//353
f 6923//358 6873//358 6921//358
f 6921//359 6873//359 6872//359
f 6921//360 6872//360 6871//360
f 6924//361 6875//361 6923//361
f 6923//362 6875//362 6874//362
f 6923//363 6874//363 6873//363
f 6925//364 6877//364 6924//364
f 6924//365 6877//365 6876//365
f 6924//366 6876//366 6875//366
f 6926//367 6879//367 6925//367
f 6925//368 6879//368 6878//368
f 6925//369 6878//369 6877//369
f 6927//370 6881//370 6926//370
f 6926//371 6881//371 6880//371
f 6926//372 6880//372 6879//372
f 6928//373 6883//373 6927//373
f 6927//374 6883//374 6882//374
f 6927//375 6882//375 6881//375
f 6929//376 6885//376 6928//376
f 6928//377 6885//377 6884//377
f 6928//378 6884//378 6883//378
f 6930//379 6887//379 6929//379
f 6929//380 6887//380 6886//380
f 6929//381 6886//381 6885//381
f 6931//382 6889//382 6930//382
f 6930//383 6889//383 6888//383
f 6930//384 6888//384 6887//384
f 6932//385 6891//385 6931//385
f 6931//386 6891//386 6890//386
f 6931//387 6890//387 6889//387
f 6895//388 6894//388 6910//388
f 6910//389 6894//389 6893//389
f 6910//390 6893//390 6932//390
f 6932//391 6893//391 6892//391
f 6932//392 6892//392 6891//392
f 6920//649 6933//649 6922//649
f 6922//650 6933//650 6934//650
f 6922//651 6934//651 6921//651
f 6921//652 6934//652 6935//652
f 6921//653 6935//653 6923//653
f 6923//654 6935//654 6936//654
f 6923//655 6936//655 6924//655
f 6924//656 6936//656 6937//656
f 6924//657 6937//657 6925//657
f 6925//658 6937//658 6938//658
f 6925//659 6938//659 6926//659
f 6926//660 6938//660 6939//660
f 6926//661 6939//661 6927//661
f 6927//662 6939//662 6940//662
f 6927//663 6940//663 6928//663
f 6928//664 6940//664 6941//664
f 6928//665 6941//665 6929//665
f 6929//666 6941//666 6942//666
f 6929//667 6942//667 6930//667
f 6930//668 6942//668 6943//668
f 6930//669 6943//669 6931//669
f 6931//670 6943//670 6944//670
f 6931//671 6944//671 6932//671
f 6932//672 6944//672 6945//672
f 6932//673 6945//673 6910//673
f 6910//674 6945//674 6946//674
f 6910//675 6946//675 6908//675
f 6908//676 6946//676 6947//676
f 6908//677 6947//677 6909//677
f 6909//678 6947//678 6948//678
f 6909//679 6948//679 6911//679
f 6911//680 6948//680 6949//680
f 6911//681 6949//681 6912//681
f 6912//682 6949//682 6950//682
f 6912//683 6950//683 6913//683
f 6913//684 6950//684 6951//684
f 6913//685 6951//685 6907//685
f 6907//686 6951//686 6952//686
f 6907//687 6952//687 6914//687
f 6914//688 6952//688 6953//688
f 6914//689 6953//689 6915//689
f 6915//690 6953//690 6954//690
f 6915//691 6954//691 6916//691
f 6916//692 6954//692 6955//692
f 6916//693 6955//693 6917//693
f 6917//694 6955//694 6956//694
f 6917//695 6956//695 6918//695
f 6918//696 6956//696 6957//696
f 6918//697 6957//697 6919//697
f 6919//698 6957//698 6958//698
f 6919//699 6958//699 6920//699
f 6920//700 6958//700 6933//700
f 6958//1 6957//1 6959//1
f 6955//1 6960//1 6956//1
f 6956//1 6960//1 6961//1
f 6956//1 6961//1 6957//1
f 6957//1 6961//1 6962//1
f 6957//1 6962//1 6959//1
f 6954//1 6963//1 6955//1
f 6955//1 6963//1 6964//1
f 6955//1 6964//1 6960//1
f 6940//1 6965//1 6941//1
f 6941//1 6965//1 6966//1
f 6941//1 6966//1 6942//1
f 6953//1 6967//1 6954//1
f 6954//1 6967//1 6968//1
f 6954//1 6968//1 6963//1
f 6951//1 6969//1 6952//1
f 6952//1 6969//1 6970//1
f 6952//1 6970//1 6953//1
f 6953//1 6970//1 6971//1
f 6953//1 6971//1 6967//1
f 6950//1 6972//1 6951//1
f 6951//1 6972//1 6973//1
f 6951//1 6973//1 6969//1
f 6949//1 6974//1 6950//1
f 6950//1 6974//1 6975//1
f 6950//1 6975//1 6972//1
f 6947//1 6976//1 6948//1
f 6948//1 6976//1 6977//1
f 6948//1 6977//1 6949//1
f 6949//1 6977//1 6978//1
f 6949//1 6978//1 6974//1
f 6939//1 6979//1 6940//1
f 6940//1 6979//1 6980//1
f 6940//1 6980//1 6965//1
f 6936//1 6981//1 6937//1
f 6937//1 6981//1 6982//1
f 6937//1 6982//1 6938//1
f 6982//1 6983//1 6938//1
f 6938//1 6983//1 6984//1
f 6938//1 6984//1 6939//1
f 6939//1 6984//1 6985//1
f 6939//1 6985//1 6979//1
f 6959//1 6986//1 6958//1
f 6958//1 6986//1 6987//1
f 6958//1 6987//1 6933//1
f 6933//1 6987//1 6988//1
f 6933//1 6988//1 6934//1
f 6935//1 6989//1 6936//1
f 6936//1 6989//1 6990//1
f 6936//1 6990//1 6981//1
f 6988//1 6991//1 6934//1
f 6934//1 6991//1 6992//1
f 6934//1 6992//1 6935//1
f 6935//1 6992//1 6993//1
f 6935//1 6993//1 6989//1
f 6946//1 6994//1 6947//1
f 6947//1 6994//1 6995//1
f 6947//1 6995//1 6976//1
f 6945//1 6996//1 6946//1
f 6946//1 6996//1 6997//1
f 6946//1 6997//1 6994//1
f 6944//1 6998//1 6945//1
f 6945//1 6998//1 6999//1
f 6945//1 6999//1 6996//1
f 6943//1 7000//1 6944//1
f 6944//1 7000//1 7001//1
f 6944//1 7001//1 6998//1
f 6966//1 7002//1 6942//1
f 6942//1 7002//1 7003//1
f 6942//1 7003//1 6943//1
f 6943//1 7003//1 7004//1
f 6943//1 7004//1 7000//1
f 7005//701 7006//701 7007//701
f 7007//702 7006//702 7008//702
f 7007//703 7008//703 7009//703
f 7009//704 7008//704 7010//704
f 7009//705 7010//705 7011//705
f 7011//706 7010//706 7012//706
f 7011//707 7012//707 7013//707
f 7013//708 7012//708 7014//708
f 7005//709 7007//709 7015//709
f 7015//710 7007//710 7016//710
f 7015//711 7016//711 7017//711
f 7017//712 7016//712 7018//712
f 7017//713 7018//713 7019//713
f 7019//714 7018//714 7020//714
f 7019//715 7020//715 7021//715
f 7022//716 7023//716 7020//716
f 7020//717 7023//717 7024//717
f 7020//718 7024//718 7021//718
f 7025//719 7026//719 7027//719
f 7027//720 7026//720 7028//720
f 7027//721 7028//721 7029//721
f 7029//722 7028//722 7030//722
f 7029//723 7030//723 7031//723
f 7031//724 7030//724 7032//724
f 7031//725 7032//725 7022//725
f 7022//726 7032//726 7033//726
f 7022//727 7033//727 7023//727
f 7025//728 7027//728 7034//728
f 7034//729 7027//729 7035//729
f 7034//730 7035//730 7036//730
f 7036//731 7035//731 7037//731
f 7036//732 7037//732 7038//732
f 7038//733 7037//733 7039//733
f 7038//734 7039//734 7040//734
f 7041//735 7042//735 7039//735
f 7039//736 7042//736 7043//736
f 7039//737 7043//737 7040//737
f 7044//738 7045//738 7046//738
f 7046//739 7045//739 7047//739
f 7046//740 7047//740 7048//740
f 7048//741 7047//741 7049//741
f 7048//742 7049//742 7050//742
f 7050//743 7049//743 7051//743
f 7050//744 7051//744 7041//744
f 7041//745 7051//745 7052//745
f 7041//746 7052//746 7042//746
f 7044//747 7046//747 7053//747
f 7053//748 7046//748 7054//748
f 7053//749 7054//749 7055//749
f 7055//750 7054//750 7056//750
f 7055//751 7056//751 7057//751
f 7057//752 7056//752 7058//752
f 7057//753 7058//753 7059//753
f 7060//754 7061//754 7058//754
f 7058//755 7061//755 7062//755
f 7058//756 7062//756 7059//756
f 7063//757 7064//757 7065//757
f 7065//758 7064//758 7066//758
f 7065//759 7066//759 7067//759
f 7067//760 7066//760 7068//760
f 7067//761 7068//761 7069//761
f 7069//762 7068//762 7070//762
f 7069//763 7070//763 7060//763
f 7060//764 7070//764 7071//764
f 7060//765 7071//765 7061//765
f 7063//766 7065//766 7072//766
f 7072//767 7065//767 7073//767
f 7072//768 7073//768 7074//768
f 7074//769 7073//769 7075//769
f 7074//770 7075//770 7076//770
f 7076//771 7075//771 7077//771
f 7076//772 7077//772 7078//772
f 7079//773 7080//773 7081//773
f 7081//774 7080//774 7082//774
f 7081//775 7082//775 7077//775
f 7077//776 7082//776 7083//776
f 7077//777 7083//777 7078//777
f 7084//778 7085//778 7086//778
f 7086//779 7085//779 7087//779
f 7086//780 7087//780 7088//780
f 7088//781 7087//781 7089//781
f 7088//782 7089//782 7079//782
f 7079//783 7089//783 7090//783
f 7079//784 7090//784 7080//784
f 7084//785 7086//785 7091//785
f 7091//786 7086//786 7092//786
f 7091//787 7092//787 7093//787
f 7093//788 7092//788 7094//788
f 7093//789 7094//789 7095//789
f 7095//790 7094//790 7096//790
f 7095//791 7096//791 7097//791
f 7098//792 7099//792 7100//792
f 7100//793 7099//793 7101//793
f 7100//794 7101//794 7096//794
f 7096//795 7101//795 7102//795
f 7096//796 7102//796 7097//796
f 7103//797 7104//797 7105//797
f 7105//798 7104//798 7106//798
f 7105//799 7106//799 7107//799
f 7107//800 7106//800 7108//800
f 7107//801 7108//801 7098//801
f 7098//802 7108//802 7109//802
f 7098//803 7109//803 7099//803
f 7103//804 7105//804 7110//804
f 7110//805 7105//805 7111//805
f 7110//806 7111//806 7112//806
f 7112//807 7111//807 7113//807
f 7112//808 7113//808 7114//808
f 7114//809 7113//809 7115//809
f 7114//810 7115//810 7116//810
f 7014//811 7117//811 7013//811
f 7013//812 7117//812 7118//812
f 7013//813 7118//813 7119//813
f 7119//814 7118//814 7120//814
f 7119//815 7120//815 7121//815
f 7121//816 7120//816 7122//816
f 7121//817 7122//817 7123//817
f 7123//818 7122//818 7124//818
f 7123//819 7124//819 7115//819
f 7115//820 7124//820 7125//820
f 7115//821 7125//821 7116//821
f 6999//822 6998//822 7126//822
f 7126//822 6998//822 7001//822
f 7126//823 7001//823 7127//823
f 7127//824 7001//824 7000//824
f 7127//825 7000//825 7128//825
f 7128//826 7000//826 7004//826
f 7128//827 7004//827 7129//827
f 7129//828 7004//828 7003//828
f 7129//829 7003//829 7130//829
f 7130//830 7003//830 7002//830
f 7130//831 7002//831 7131//831
f 7131//832 7002//832 6966//832
f 7131//833 6966//833 7132//833
f 7132//834 6966//834 6965//834
f 7132//835 6965//835 7133//835
f 7133//836 6965//836 6980//836
f 7133//837 6980//837 7134//837
f 7134//838 6980//838 6979//838
f 7134//839 6979//839 7135//839
f 7135//840 6979//840 6985//840
f 7135//841 6985//841 7136//841
f 7136//842 6985//842 6984//842
f 7136//843 6984//843 7137//843
f 7137//844 6984//844 6983//844
f 7137//845 6983//845 7138//845
f 7138//846 6983//846 6982//846
f 7138//847 6982//847 7139//847
f 7139//848 6982//848 6981//848
f 7139//849 6981//849 7140//849
f 7140//850 6981//850 6990//850
f 7140//851 6990//851 7141//851
f 7141//852 6990//852 6989//852
f 7141//853 6989//853 7142//853
f 7142//854 6989//854 6993//854
f 7142//855 6993//855 7143//855
f 7143//856 6993//856 6992//856
f 7143//857 6992//857 7144//857
f 7144//858 6992//858 6991//858
f 7144//859 6991//859 7145//859
f 7145//860 6991//860 6988//860
f 7145//861 6988//861 7146//861
f 7146//862 6988//862 6987//862
f 7146//863 6987//863 7147//863
f 7147//864 6987//864 6986//864
f 7147//865 6986//865 7148//865
f 7148//866 6986//866 6959//866
f 7148//867 6959//867 7149//867
f 7149//868 6959//868 6962//868
f 7149//869 6962//869 7150//869
f 7150//870 6962//870 6961//870
f 7150//871 6961//871 7151//871
f 7151//872 6961//872 6960//872
f 7151//873 6960//873 7152//873
f 7152//874 6960//874 6964//874
f 7152//875 6964//875 7153//875
f 7153//876 6964//876 6963//876
f 7153//877 6963//877 7154//877
f 7154//878 6963//878 6968//878
f 7154//879 6968//879 7155//879
f 7155//880 6968//880 6967//880
f 7155//881 6967//881 7156//881
f 7156//882 6967//882 6971//882
f 7156//883 6971//883 7157//883
f 7157//884 6971//884 6970//884
f 7157//885 6970//885 7158//885
f 7158//886 6970//886 6969//886
f 7158//887 6969//887 7159//887
f 7159//888 6969//888 6973//888
f 7159//889 6973//889 7160//889
f 7160//890 6973//890 6972//890
f 7160//891 6972//891 7161//891
f 7161//892 6972//892 6975//892
f 7161//893 6975//893 7162//893
f 7162//894 6975//894 6974//894
f 7162//895 6974//895 7163//895
f 7163//896 6974//896 6978//896
f 7163//897 6978//897 7164//897
f 7164//898 6978//898 6977//898
f 7164//899 6977//899 7165//899
f 7165//900 6977//900 6976//900
f 7165//901 6976//901 7166//901
f 7166//902 6976//902 6995//902
f 7166//903 6995//903 7167//903
f 7167//904 6995//904 6994//904
f 7167//905 6994//905 7168//905
f 7168//906 6994//906 6997//906
f 7168//907 6997//907 7169//907
f 7169//908 6997//908 6996//908
f 7169//909 6996//909 7170//909
f 7170//910 6996//910 6999//910
f 7170//911 6999//911 7126//911
f 7119//912 7171//912 7013//912
f 7013//913 7171//913 7172//913
f 7013//914 7172//914 7011//914
f 7011//915 7172//915 7173//915
f 7011//916 7173//916 7009//916
f 7009//917 7173//917 7174//917
f 7009//918 7174//918 7007//918
f 7007//919 7174//919 7175//919
f 7007//920 7175//920 7016//920
f 7016//921 7175//921 7176//921
f 7016//922 7176//922 7018//922
f 7018//923 7176//923 7177//923
f 7018//924 7177//924 7020//924
f 7020//925 7177//925 7178//925
f 7020//926 7178//926 7022//926
f 7022//927 7178//927 7179//927
f 7022//928 7179//928 7031//928
f 7031//929 7179//929 7180//929
f 7031//930 7180//930 7029//930
f 7029//931 7180//931 7181//931
f 7029//932 7181//932 7027//932
f 7027//933 7181//933 7182//933
f 7027//934 7182//934 7035//934
f 7035//935 7182//935 7183//935
f 7035//936 7183//936 7037//936
f 7037//937 7183//937 7184//937
f 7037//938 7184//938 7039//938
f 7039//939 7184//939 7185//939
f 7039//940 7185//940 7041//940
f 7041//941 7185//941 7186//941
f 7041//942 7186//942 7050//942
f 7050//943 7186//943 7187//943
f 7050//944 7187//944 7048//944
f 7048//945 7187//945 7188//945
f 7048//946 7188//946 7046//946
f 7046//947 7188//947 7189//947
f 7046//948 7189//948 7054//948
f 7054//949 7189//949 7190//949
f 7054//950 7190//950 7056//950
f 7056//951 7190//951 7191//951
f 7056//952 7191//952 7058//952
f 7058//953 7191//953 7192//953
f 7058//954 7192//954 7060//954
f 7060//955 7192//955 7193//955
f 7060//956 7193//956 7069//956
f 7069//957 7193//957 7194//957
f 7069//958 7194//958 7067//958
f 7067//959 7194//959 7195//959
f 7067//960 7195//960 7065//960
f 7065//961 7195//961 7196//961
f 7065//962 7196//962 7073//962
f 7073//963 7196//963 7197//963
f 7073//964 7197//964 7075//964
f 7075//965 7197//965 7198//965
f 7075//966 7198//966 7077//966
f 7077//967 7198//967 7199//967
f 7077//968 7199//968 7081//968
f 7081//969 7199//969 7200//969
f 7081//970 7200//970 7079//970
f 7079//971 7200//971 7201//971
f 7079//972 7201//972 7088//972
f 7088//973 7201//973 7202//973
f 7088//974 7202//974 7086//974
f 7086//975 7202//975 7203//975
f 7086//976 7203//976 7092//976
f 7092//977 7203//977 7204//977
f 7092//978 7204//978 7094//978
f 7094//979 7204//979 7205//979
f 7094//980 7205//980 7096//980
f 7096//981 7205//981 7206//981
f 7096//982 7206//982 7100//982
f 7100//983 7206//983 7207//983
f 7100//984 7207//984 7098//984
f 7098//985 7207//985 7208//985
f 7098//986 7208//986 7107//986
f 7107//987 7208//987 7209//987
f 7107//988 7209//988 7105//988
f 7105//989 7209//989 7210//989
f 7105//990 7210//990 7111//990
f 7111//991 7210//991 7211//991
f 7111//992 7211//992 7113//992
f 7113//993 7211//993 7212//993
f 7113//994 7212//994 7115//994
f 7115//995 7212//995 7213//995
f 7115//996 7213//996 7123//996
f 7123//997 7213//997 7214//997
f 7123//998 7214//998 7121//998
f 7121//999 7214//999 7215//999
f 7121//1000 7215//1000 7119//1000
f 7119//1001 7215//1001 7171//1001
f 7171//1002 7148//1002 7172//1002
f 7172//1003 7148//1003 7149//1003
f 7172//1004 7149//1004 7173//1004
f 7173//1005 7149//1005 7150//1005
f 7173//1006 7150//1006 7174//1006
f 7174//1007 7150//1007 7151//1007
f 7174//1008 7151//1008 7175//1008
f 7175//1009 7151//1009 7152//1009
f 7175//1010 7152//1010 7176//1010
f 7176//1011 7152//1011 7153//1011
f 7176//1012 7153//1012 7177//1012
f 7177//1013 7153//1013 7154//1013
f 7177//1014 7154//1014 7178//1014
f 7178//1015 7154//1015 7155//1015
f 7178//1016 7155//1016 7179//1016
f 7179//1017 7155//1017 7156//1017
f 7179//1018 7156//1018 7180//1018
f 7180//1019 7156//1019 7157//1019
f 7180//1020 7157//1020 7181//1020
f 7181//1021 7157//1021 7158//1021
f 7181//1022 7158//1022 7182//1022
f 7182//1023 7158//1023 7159//1023
f 7182//1024 7159//1024 7183//1024
f 7183//1025 7159//1025 7160//1025
f 7183//1026 7160//1026 7184//1026
f 7184//1027 7160//1027 7161//1027
f 7184//1028 7161//1028 7185//1028
f 7185//1029 7161//1029 7162//1029
f 7185//1030 7162//1030 7186//1030
f 7186//1031 7162//1031 7163//1031
f 7186//1032 7163//1032 7187//1032
f 7187//1033 7163//1033 7164//1033
f 7187//1034 7164//1034 7188//1034
f 7188//1035 7164//1035 7165//1035
f 7188//1036 7165//1036 7189//1036
f 7189//1037 7165//1037 7166//1037
f 7189//1038 7166//1038 7190//1038
f 7190//1039 7166//1039 7167//1039
f 7190//1040 7167//1040 7191//1040
f 7191//1041 7167//1041 7168//1041
f 7191//1042 7168//1042 7192//1042
f 7192//1043 7168//1043 7169//1043
f 7192//1044 7169//1044 7193//1044
f 7193//1045 7169//1045 7170//1045
f 7193//1046 7170//1046 7194//1046
f 7194//1047 7170//1047 7126//1047
f 7194//1048 7126//1048 7195//1048
f 7195//1049 7126//1049 7127//1049
f 7195//1050 7127//1050 7196//1050
f 7196//1051 7127//1051 7128//1051
f 7196//1052 7128//1052 7197//1052
f 7197//1053 7128//1053 7129//1053
f 7197//1054 7129//1054 7198//1054
f 7198//1055 7129//1055 7130//1055
f 7198//1056 7130//1056 7199//1056
f 7199//1057 7130//1057 7131//1057
f 7199//1058 7131//1058 7200//1058
f 7200//1059 7131//1059 7132//1059
f 7200//1060 7132//1060 7201//1060
f 7201//1061 7132//1061 7133//1061
f 7201//1062 7133//1062 7202//1062
f 7202//1063 7133//1063 7134//1063
f 7202//1064 7134//1064 7203//1064
f 7203//1065 7134//1065 7135//1065
f 7203//1066 7135//1066 7204//1066
f 7204//1067 7135//1067 7136//1067
f 7204//1068 7136//1068 7205//1068
f 7205//1069 7136//1069 7137//1069
f 7205//1070 7137//1070 7206//1070
f 7206//1071 7137//1071 7138//1071
f 7206//1072 7138//1072 7207//1072
f 7207//1073 7138//1073 7139//1073
f 7207//1074 7139//1074 7208//1074
f 7208//1075 7139//1075 7140//1075
f 7208//1076 7140//1076 7209//1076
f 7209//1077 7140//1077 7141//1077
f 7209//1078 7141//1078 7210//1078
f 7210//1079 7141//1079 7142//1079
f 7210//1080 7142//1080 7211//1080
f 7211//1081 7142//1081 7143//1081
f 7211//1082 7143//1082 7212//1082
f 7212//1083 7143//1083 7144//1083
f 7212//1084 7144//1084 7213//1084
f 7213//1085 7144//1085 7145//1085
f 7213//1086 7145//1086 7214//1086
f 7214//1087 7145//1087 7146//1087
f 7214//1088 7146//1088 7215//1088
f 7215//1089 7146//1089 7147//1089
f 7215//1090 7147//1090 7171//1090
f 7171//1091 7147//1091 7148//1091
f 7216//1092 7217//1092 7218//1092
f 7218//1092 7217//1092 7219//1092
f 7218//1092 7219//1092 7220//1092
f 7221//1092 7222//1092 7223//1092
f 7223//1092 7222//1092 7220//1092
f 7223//1092 7220//1092 7224//1092
f 7219//1092 7225//1092 7220//1092
f 7220//1092 7225//1092 7226//1092
f 7220//1092 7226//1092 7224//1092
f 7224//1092 7226//1092 7227//1092
f 7224//1092 7227//1092 7228//1092
f 7229//1092 7230//1092 7231//1092
f 7231//1092 7230//1092 7232//1092
f 7231//1092 7232//1092 7233//1092
f 7233//1092 7232//1092 7221//1092
f 7233//1092 7221//1092 7234//1092
f 7234//1092 7221//1092 7223//1092
f 7235//1092 7236//1092 7237//1092
f 7237//1092 7236//1092 7238//1092
f 7237//1092 7238//1092 7222//1092
f 7222//1092 7238//1092 7239//1092
f 7222//1092 7239//1092 7220//1092
f 7117//1093 7240//1093 7241//1093
f 7117//1094 7014//1094 7240//1094
f 7240//1095 7014//1095 7012//1095
f 7240//1096 7012//1096 7242//1096
f 7006//1097 7243//1097 7008//1097
f 7008//1098 7243//1098 7242//1098
f 7008//1099 7242//1099 7010//1099
f 7010//1100 7242//1100 7012//1100
f 7017//1101 7244//1101 7015//1101
f 7015//1102 7244//1102 7243//1102
f 7015//1103 7243//1103 7005//1103
f 7005//1104 7243//1104 7006//1104
f 7017//1105 7019//1105 7244//1105
f 7244//1106 7019//1106 7021//1106
f 7244//1107 7021//1107 7245//1107
f 7021//1108 7024//1108 7245//1108
f 7245//1109 7024//1109 7023//1109
f 7245//1110 7023//1110 7246//1110
f 7023//1111 7033//1111 7246//1111
f 7246//1112 7033//1112 7032//1112
f 7246//1113 7032//1113 7247//1113
f 7026//1114 7248//1114 7028//1114
f 7028//1115 7248//1115 7247//1115
f 7028//1116 7247//1116 7030//1116
f 7030//1117 7247//1117 7032//1117
f 7036//1118 7249//1118 7034//1118
f 7034//1119 7249//1119 7248//1119
f 7034//1120 7248//1120 7025//1120
f 7025//1121 7248//1121 7026//1121
f 7036//1122 7038//1122 7249//1122
f 7249//1123 7038//1123 7040//1123
f 7249//1124 7040//1124 7250//1124
f 7040//1125 7043//1125 7250//1125
f 7250//1126 7043//1126 7042//1126
f 7250//1127 7042//1127 7251//1127
f 7042//1128 7052//1128 7251//1128
f 7251//1129 7052//1129 7051//1129
f 7251//1130 7051//1130 7252//1130
f 7045//1131 7253//1131 7047//1131
f 7047//1132 7253//1132 7252//1132
f 7047//1133 7252//1133 7049//1133
f 7049//1134 7252//1134 7051//1134
f 7055//1135 7254//1135 7053//1135
f 7053//1136 7254//1136 7253//1136
f 7053//1137 7253//1137 7044//1137
f 7044//1138 7253//1138 7045//1138
f 7055//1139 7057//1139 7254//1139
f 7254//1140 7057//1140 7059//1140
f 7254//1141 7059//1141 7255//1141
f 7059//1142 7062//1142 7255//1142
f 7255//1143 7062//1143 7061//1143
f 7255//1144 7061//1144 7256//1144
f 7061//1145 7071//1145 7256//1145
f 7256//1146 7071//1146 7070//1146
f 7256//1147 7070//1147 7257//1147
f 7064//1148 7258//1148 7066//1148
f 7066//1149 7258//1149 7257//1149
f 7066//1150 7257//1150 7068//1150
f 7068//1151 7257//1151 7070//1151
f 7074//1152 7259//1152 7072//1152
f 7072//1153 7259//1153 7258//1153
f 7072//1154 7258//1154 7063//1154
f 7063//1155 7258//1155 7064//1155
f 7074//1156 7076//1156 7259//1156
f 7259//1157 7076//1157 7078//1157
f 7259//1158 7078//1158 7260//1158
f 7078//1159 7083//1159 7260//1159
f 7260//1160 7083//1160 7082//1160
f 7260//1161 7082//1161 7261//1161
f 7082//1162 7080//1162 7261//1162
f 7261//1163 7080//1163 7090//1163
f 7261//1164 7090//1164 7262//1164
f 7085//1165 7263//1165 7087//1165
f 7087//1166 7263//1166 7262//1166
f 7087//1167 7262//1167 7089//1167
f 7089//1168 7262//1168 7090//1168
f 7093//1169 7264//1169 7091//1169
f 7091//1170 7264//1170 7263//1170
f 7091//1171 7263//1171 7084//1171
f 7084//1172 7263//1172 7085//1172
f 7093//1173 7095//1173 7264//1173
f 7264//1174 7095//1174 7097//1174
f 7264//1175 7097//1175 7265//1175
f 7097//1176 7102//1176 7265//1176
f 7265//1177 7102//1177 7101//1177
f 7265//1178 7101//1178 7266//1178
f 7101//1179 7099//1179 7266//1179
f 7266//1180 7099//1180 7109//1180
f 7266//1181 7109//1181 7267//1181
f 7104//1182 7268//1182 7106//1182
f 7106//1183 7268//1183 7267//1183
f 7106//1184 7267//1184 7108//1184
f 7108//1185 7267//1185 7109//1185
f 7112//1186 7269//1186 7110//1186
f 7110//1187 7269//1187 7268//1187
f 7110//1188 7268//1188 7103//1188
f 7103//1189 7268//1189 7104//1189
f 7112//1190 7114//1190 7269//1190
f 7269//1191 7114//1191 7116//1191
f 7269//1192 7116//1192 7270//1192
f 7116//1193 7125//1193 7270//1193
f 7270//1194 7125//1194 7124//1194
f 7270//1195 7124//1195 7271//1195
f 7124//1196 7122//1196 7271//1196
f 7271//1197 7122//1197 7120//1197
f 7271//1198 7120//1198 7241//1198
f 7241//1199 7120//1199 7118//1199
f 7241//1200 7118//1200 7117//1200
f 7272//1201 7273//1201 7235//1201
f 7235//1201 7273//1201 7236//1201
f 7273//370 7274//370 7236//370
f 7236//370 7274//370 7238//370
f 7238//1202 7274//1202 7275//1202
f 7238//1203 7275//1203 7239//1203
f 7239//1204 7275//1204 7276//1204
f 7239//1205 7276//1205 7220//1205
f 7220//1206 7276//1206 7277//1206
f 7220//1207 7277//1207 7218//1207
f 7216//1208 7218//1208 7278//1208
f 7278//1208 7218//1208 7277//1208
f 7278//1209 7279//1209 7216//1209
f 7216//1209 7279//1209 7217//1209
f 7279//1210 7280//1210 7217//1210
f 7217//1210 7280//1210 7219//1210
f 7219//1211 7280//1211 7281//1211
f 7219//1212 7281//1212 7225//1212
f 7225//1213 7281//1213 7282//1213
f 7225//1214 7282//1214 7226//1214
f 7226//1215 7282//1215 7283//1215
f 7226//1216 7283//1216 7227//1216
f 7228//370 7227//370 7284//370
f 7284//370 7227//370 7283//370
f 7284//1217 7285//1217 7228//1217
f 7228//1217 7285//1217 7224//1217
f 7285//331 7286//331 7224//331
f 7224//331 7286//331 7223//331
f 7223//1218 7286//1218 7287//1218
f 7223//1219 7287//1219 7234//1219
f 7234//1220 7287//1220 7288//1220
f 7234//1221 7288//1221 7233//1221
f 7233//1222 7288//1222 7289//1222
f 7233//1223 7289//1223 7231//1223
f 7229//1210 7231//1210 7290//1210
f 7290//1210 7231//1210 7289//1210
f 7290//1224 7291//1224 7229//1224
f 7229//1224 7291//1224 7230//1224
f 7291//1208 7292//1208 7230//1208
f 7230//1208 7292//1208 7232//1208
f 7232//1225 7292//1225 7293//1225
f 7232//1226 7293//1226 7221//1226
f 7221//1227 7293//1227 7294//1227
f 7221//1228 7294//1228 7222//1228
f 7222//1229 7294//1229 7295//1229
f 7222//1230 7295//1230 7237//1230
f 7235//331 7237//331 7272//331
f 7272//331 7237//331 7295//331
f 7290//1092 7262//1092 7263//1092
f 7262//1092 7290//1092 7261//1092
f 7285//1092 7284//1092 7256//1092
f 7253//1092 7254//1092 7284//1092
f 7284//1092 7254//1092 7255//1092
f 7284//1092 7255//1092 7256//1092
f 7256//1092 7257//1092 7285//1092
f 7285//1092 7257//1092 7258//1092
f 7285//1092 7258//1092 7286//1092
f 7286//1092 7258//1092 7259//1092
f 7286//1092 7259//1092 7287//1092
f 7287//1092 7259//1092 7260//1092
f 7287//1092 7260//1092 7288//1092
f 7288//1092 7260//1092 7261//1092
f 7288//1092 7261//1092 7289//1092
f 7289//1092 7261//1092 7290//1092
f 7284//1092 7283//1092 7253//1092
f 7253//1092 7283//1092 7282//1092
f 7253//1092 7282//1092 7252//1092
f 7252//1092 7282//1092 7281//1092
f 7252//1092 7281//1092 7251//1092
f 7251//1092 7281//1092 7280//1092
f 7251//1092 7280//1092 7250//1092
f 7250//1092 7280//1092 7279//1092
f 7250//1092 7279//1092 7249//1092
f 7249//1092 7279//1092 7278//1092
f 7249//1092 7278//1092 7248//1092
f 7245//1092 7246//1092 7278//1092
f 7278//1092 7246//1092 7247//1092
f 7278//1092 7247//1092 7248//1092
f 7241//1092 7273//1092 7271//1092
f 7271//1092 7273//1092 7272//1092
f 7271//1092 7272//1092 7270//1092
f 7270//1092 7272//1092 7269//1092
f 7241//1092 7240//1092 7273//1092
f 7273//1092 7240//1092 7242//1092
f 7273//1092 7242//1092 7274//1092
f 7274//1092 7242//1092 7243//1092
f 7274//1092 7243//1092 7275//1092
f 7275//1092 7243//1092 7244//1092
f 7275//1092 7244//1092 7276//1092
f 7276//1092 7244//1092 7245//1092
f 7276//1092 7245//1092 7277//1092
f 7277//1092 7245//1092 7278//1092
f 7263//1092 7264//1092 7290//1092
f 7290//1092 7264//1092 7265//1092
f 7290//1092 7265//1092 7291//1092
f 7291//1092 7265//1092 7266//1092
f 7291//1092 7266//1092 7292//1092
f 7292//1092 7266//1092 7267//1092
f 7292//1092 7267//1092 7293//1092
f 7293//1092 7267//1092 7268//1092
f 7293//1092 7268//1092 7294//1092
f 7294//1092 7268//1092 7269//1092
f 7294//1092 7269//1092 7295//1092
f 7295//1092 7269//1092 7272//1092
f 7296//1 7297//1 7298//1
f 7296//1 7298//1 7299//1
f 7300//1 7301//1 7298//1
f 7298//1 7301//1 7302//1
f 7298//1 7302//1 7299//1
f 7303//1 7304//1 7298//1
f 7298//1 7304//1 7305//1
f 7298//1 7305//1 7300//1
f 7306//1 7307//1 7298//1
f 7298//1 7307//1 7308//1
f 7298//1 7308//1 7303//1
f 7309//1 7310//1 7298//1
f 7298//1 7310//1 7311//1
f 7298//1 7311//1 7306//1
f 7312//1 7313//1 7298//1
f 7298//1 7313//1 7314//1
f 7298//1 7314//1 7309//1
f 7315//1 7316//1 7298//1
f 7298//1 7316//1 7317//1
f 7298//1 7317//1 7312//1
f 7318//1 7319//1 7298//1
f 7298//1 7319//1 7320//1
f 7298//1 7320//1 7315//1
f 7297//1 7321//1 7298//1
f 7298//1 7321//1 7322//1
f 7298//1 7322//1 7318//1
f 7323//2 7299//2 7324//2
f 7324//3 7299//3 7302//3
f 7324//4 7302//4 7325//4
f 7325//5 7302//5 7301//5
f 7325//6 7301//6 7326//6
f 7326//7 7301//7 7300//7
f 7326//8 7300//8 7327//8
f 7327//9 7300//9 7305//9
f 7327//10 7305//10 7328//10
f 7328//11 7305//11 7304//11
f 7328//12 7304//12 7329//12
f 7329//13 7304//13 7303//13
f 7329//14 7303//14 7330//14
f 7330//15 7303//15 7308//15
f 7330//16 7308//16 7331//16
f 7331//17 7308//17 7307//17
f 7331//18 7307//18 7332//18
f 7332//19 7307//19 7306//19
f 7332//20 7306//20 7333//20
f 7333//21 7306//21 7311//21
f 7333//22 7311//22 7334//22
f 7334//23 7311//23 7310//23
f 7334//24 7310//24 7335//24
f 7335//25 7310//25 7309//25
f 7335//26 7309//26 7336//26
f 7336//27 7309//27 7314//27
f 7336//28 7314//28 7337//28
f 7337//29 7314//29 7313//29
f 7337//30 7313//30 7338//30
f 7338//31 7313//31 7312//31
f 7338//32 7312//32 7339//32
f 7339//33 7312//33 7317//33
f 7339//34 7317//34 7340//34
f 7340//35 7317//35 7316//35
f 7340//36 7316//36 7341//36
f 7341//37 7316//37 7315//37
f 7341//38 7315//38 7342//38
f 7342//39 7315//39 7320//39
f 7342//40 7320//40 7343//40
f 7343//41 7320//41 7319//41
f 7343//42 7319//42 7344//42
f 7344//43 7319//43 7318//43
f 7344//44 7318//44 7345//44
f 7345//45 7318//45 7322//45
f 7345//46 7322//46 7346//46
f 7346//47 7322//47 7321//47
f 7346//48 7321//48 7347//48
f 7347//49 7321//49 7297//49
f 7347//50 7297//50 7348//50
f 7348//51 7297//51 7296//51
f 7348//52 7296//52 7323//52
f 7323//53 7296//53 7299//53
f 7349//54 7324//54 7350//54
f 7350//55 7324//55 7325//55
f 7350//56 7325//56 7351//56
f 7351//57 7325//57 7326//57
f 7351//58 7326//58 7352//58
f 7352//59 7326//59 7327//59
f 7352//60 7327//60 7353//60
f 7353//61 7327//61 7328//61
f 7353//62 7328//62 7354//62
f 7354//63 7328//63 7329//63
f 7354//64 7329//64 7355//64
f 7355//65 7329//65 7330//65
f 7355//66 7330//66 7356//66
f 7356//67 7330//67 7331//67
f 7356//68 7331//68 7357//68
f 7357//69 7331//69 7332//69
f 7357//70 7332//70 7358//70
f 7358//71 7332//71 7333//71
f 7358//72 7333//72 7359//72
f 7359//73 7333//73 7334//73
f 7359//74 7334//74 7360//74
f 7360//75 7334//75 7335//75
f 7360//76 7335//76 7361//76
f 7361//77 7335//77 7336//77
f 7361//78 7336//78 7362//78
f 7362//79 7336//79 7337//79
f 7362//80 7337//80 7363//80
f 7363//81 7337//81 7338//81
f 7363//82 7338//82 7364//82
f 7364//83 7338//83 7339//83
f 7364//84 7339//84 7365//84
f 7365//85 7339//85 7340//85
f 7365//86 7340//86 7366//86
f 7366//87 7340//87 7341//87
f 7366//88 7341//88 7367//88
f 7367//89 7341//89 7342//89
f 7367//90 7342//90 7368//90
f 7368//91 7342//91 7343//91
f 7368//92 7343//92 7369//92
f 7369//93 7343//93 7344//93
f 7369//94 7344//94 7370//94
f 7370//95 7344//95 7345//95
f 7370//96 7345//96 7371//96
f 7371//97 7345//97 7346//97
f 7371//98 7346//98 7372//98
f 7372//99 7346//99 7347//99
f 7372//100 7347//100 7373//100
f 7373//101 7347//101 7348//101
f 7373//102 7348//102 7374//102
f 7374//103 7348//103 7323//103
f 7374//104 7323//104 7349//104
f 7349//105 7323//105 7324//105
f 7362//106 7375//106 7361//106
f 7361//107 7375//107 7376//107
f 7361//108 7376//108 7360//108
f 7360//109 7376//109 7377//109
f 7360//110 7377//110 7359//110
f 7359//111 7377//111 7378//111
f 7359//112 7378//112 7358//112
f 7358//113 7378//113 7379//113
f 7358//114 7379//114 7357//114
f 7357//115 7379//115 7380//115
f 7357//116 7380//116 7356//116
f 7356//117 7380//117 7381//117
f 7356//118 7381//118 7355//118
f 7355//119 7381//119 7382//119
f 7355//120 7382//120 7354//120
f 7354//121 7382//121 7383//121
f 7354//122 7383//122 7353//122
f 7353//123 7383//123 7384//123
f 7353//124 7384//124 7352//124
f 7352//125 7384//125 7385//125
f 7352//126 7385//126 7351//126
f 7351//127 7385//127 7386//127
f 7351//128 7386//128 7350//128
f 7350//129 7386//129 7387//129
f 7350//130 7387//130 7349//130
f 7349//131 7387//131 7388//131
f 7349//132 7388//132 7374//132
f 7374//133 7388//133 7389//133
f 7374//134 7389//134 7373//134
f 7373//135 7389//135 7390//135
f 7373//136 7390//136 7372//136
f 7372//137 7390//137 7391//137
f 7372//138 7391//138 7371//138
f 7371//139 7391//139 7392//139
f 7371//140 7392//140 7370//140
f 7370//141 7392//141 7393//141
f 7370//142 7393//142 7369//142
f 7369//143 7393//143 7394//143
f 7369//144 7394//144 7368//144
f 7368//145 7394//145 7395//145
f 7368//146 7395//146 7367//146
f 7367//147 7395//147 7396//147
f 7367//148 7396//148 7366//148
f 7366//149 7396//149 7397//149
f 7366//150 7397//150 7365//150
f 7365//151 7397//151 7398//151
f 7365//152 7398//152 7364//152
f 7364//153 7398//153 7399//153
f 7364//154 7399//154 7363//154
f 7363//155 7399//155 7400//155
f 7363//156 7400//156 7362//156
f 7362//157 7400//157 7375//157
f 7401//2 7386//2 7402//2
f 7402//3 7386//3 7385//3
f 7402//4 7385//4 7403//4
f 7403//5 7385//5 7384//5
f 7403//6 7384//6 7404//6
f 7404//7 7384//7 7383//7
f 7404//8 7383//8 7405//8
f 7405//9 7383//9 7382//9
f 7405//10 7382//10 7406//10
f 7406//11 7382//11 7381//11
f 7406//12 7381//12 7407//12
f 7407//13 7381//13 7380//13
f 7407//14 7380//14 7408//14
f 7408//15 7380//15 7379//15
f 7408//16 7379//16 7409//16
f 7409//17 7379//17 7378//17
f 7409//18 7378//18 7410//18
f 7410//19 7378//19 7377//19
f 7410//20 7377//20 7411//20
f 7411//21 7377//21 7376//21
f 7411//22 7376//22 7412//22
f 7412//23 7376//23 7375//23
f 7412//24 7375//24 7413//24
f 7413//25 7375//25 7400//25
f 7413//26 7400//26 7414//26
f 7414//27 7400//27 7399//27
f 7414//28 7399//28 7415//28
f 7415//29 7399//29 7398//29
f 7415//30 7398//30 7416//30
f 7416//31 7398//31 7397//31
f 7416//32 7397//32 7417//32
f 7417//33 7397//33 7396//33
f 7417//34 7396//34 7418//34
f 7418//35 7396//35 7395//35
f 7418//36 7395//36 7419//36
f 7419//37 7395//37 7394//37
f 7419//38 7394//38 7420//38
f 7420//39 7394//39 7393//39
f 7420//40 7393//40 7421//40
f 7421//41 7393//41 7392//41
f 7421//42 7392//42 7422//42
f 7422//43 7392//43 7391//43
f 7422//44 7391//44 7423//44
f 7423//45 7391//45 7390//45
f 7423//46 7390//46 7424//46
f 7424//47 7390//47 7389//47
f 7424//48 7389//48 7425//48
f 7425//49 7389//49 7388//49
f 7425//50 7388//50 7426//50
f 7426//51 7388//51 7387//51
f 7426//52 7387//52 7401//52
f 7401//53 7387//53 7386//53
f 7427//54 7402//54 7428//54
f 7428//55 7402//55 7403//55
f 7428//56 7403//56 7429//56
f 7429//57 7403//57 7404//57
f 7429//58 7404//58 7430//58
f 7430//59 7404//59 7405//59
f 7430//60 7405//60 7431//60
f 7431//61 7405//61 7406//61
f 7431//62 7406//62 7432//62
f 7432//63 7406//63 7407//63
f 7432//64 7407//64 7433//64
f 7433//65 7407//65 7408//65
f 7433//66 7408//66 7434//66
f 7434//67 7408//67 7409//67
f 7434//68 7409//68 7435//68
f 7435//69 7409//69 7410//69
f 7435//70 7410//70 7436//70
f 7436//71 7410//71 7411//71
f 7436//72 7411//72 7437//72
f 7437//73 7411//73 7412//73
f 7437//74 7412//74 7438//74
f 7438//75 7412//75 7413//75
f 7438//76 7413//76 7439//76
f 7439//77 7413//77 7414//77
f 7439//78 7414//78 7440//78
f 7440//79 7414//79 7415//79
f 7440//80 7415//80 7441//80
f 7441//81 7415//81 7416//81
f 7441//82 7416//82 7442//82
f 7442//83 7416//83 7417//83
f 7442//84 7417//84 7443//84
f 7443//85 7417//85 7418//85
f 7443//86 7418//86 7444//86
f 7444//87 7418//87 7419//87
f 7444//88 7419//88 7445//88
f 7445//89 7419//89 7420//89
f 7445//90 7420//90 7446//90
f 7446//91 7420//91 7421//91
f 7446//92 7421//92 7447//92
f 7447//93 7421//93 7422//93
f 7447//94 7422//94 7448//94
f 7448//95 7422//95 7423//95
f 7448//96 7423//96 7449//96
f 7449//97 7423//97 7424//97
f 7449//98 7424//98 7450//98
f 7450//99 7424//99 7425//99
f 7450//100 7425//100 7451//100
f 7451//101 7425//101 7426//101
f 7451//102 7426//102 7452//102
f 7452//103 7426//103 7401//103
f 7452//104 7401//104 7427//104
f 7427//105 7401//105 7402//105
f 7440//106 7453//106 7439//106
f 7439//107 7453//107 7454//107
f 7439//108 7454//108 7438//108
f 7438//109 7454//109 7455//109
f 7438//110 7455//110 7437//110
f 7437//111 7455//111 7456//111
f 7437//112 7456//112 7436//112
f 7436//113 7456//113 7457//113
f 7436//114 7457//114 7435//114
f 7435//115 7457//115 7458//115
f 7435//116 7458//116 7434//116
f 7434//117 7458//117 7459//117
f 7434//118 7459//118 7433//118
f 7433//119 7459//119 7460//119
f 7433//120 7460//120 7432//120
f 7432//121 7460//121 7461//121
f 7432//122 7461//122 7431//122
f 7431//123 7461//123 7462//123
f 7431//124 7462//124 7430//124
f 7430//125 7462//125 7463//125
f 7430//126 7463//126 7429//126
f 7429//127 7463//127 7464//127
f 7429//128 7464//128 7428//128
f 7428//129 7464//129 7465//129
f 7428//130 7465//130 7427//130
f 7427//131 7465//131 7466//131
f 7427//132 7466//132 7452//132
f 7452//133 7466//133 7467//133
f 7452//134 7467//134 7451//134
f 7451//135 7467//135 7468//135
f 7451//136 7468//136 7450//136
f 7450//137 7468//137 7469//137
f 7450//138 7469//138 7449//138
f 7449//139 7469//139 7470//139
f 7449//140 7470//140 7448//140
f 7448//141 7470//141 7471//141
f 7448//142 7471//142 7447//142
f 7447//143 7471//143 7472//143
f 7447//144 7472//144 7446//144
f 7446//145 7472//145 7473//145
f 7446//146 7473//146 7445//146
f 7445//147 7473//147 7474//147
f 7445//148 7474//148 7444//148
f 7444//149 7474//149 7475//149
f 7444//150 7475//150 7443//150
f 7443//151 7475//151 7476//151
f 7443//152 7476//152 7442//152
f 7442//153 7476//153 7477//153
f 7442//154 7477//154 7441//154
f 7441//155 7477//155 7478//155
f 7441//156 7478//156 7440//156
f 7440//157 7478//157 7453//157
f 7479//2 7464//2 7480//2
f 7480//3 7464//3 7463//3
f 7480//4 7463//4 7481//4
f 7481//5 7463//5 7462//5
f 7481//6 7462//6 7482//6
f 7482//7 7462//7 7461//7
f 7482//8 7461//8 7483//8
f 7483//9 7461//9 7460//9
f 7483//10 7460//10 7484//10
f 7484//11 7460//11 7459//11
f 7484//12 7459//12 7485//12
f 7485//13 7459//13 7458//13
f 7485//14 7458//14 7486//14
f 7486//15 7458//15 7457//15
f 7486//16 7457//16 7487//16
f 7487//17 7457//17 7456//17
f 7487//18 7456//18 7488//18
f 7488//19 7456//19 7455//19
f 7488//20 7455//20 7489//20
f 7489//21 7455//21 7454//21
f 7489//22 7454//22 7490//22
f 7490//23 7454//23 7453//23
f 7490//24 7453//24 7491//24
f 7491//25 7453//25 7478//25
f 7491//26 7478//26 7492//26
f 7492//27 7478//27 7477//27
f 7492//28 7477//28 7493//28
f 7493//29 7477//29 7476//29
f 7493//30 7476//30 7494//30
f 7494//31 7476//31 7475//31
f 7494//32 7475//32 7495//32
f 7495//33 7475//33 7474//33
f 7495//34 7474//34 7496//34
f 7496//35 7474//35 7473//35
f 7496//36 7473//36 7497//36
f 7497//37 7473//37 7472//37
f 7497//38 7472//38 7498//38
f 7498//39 7472//39 7471//39
f 7498//40 7471//40 7499//40
f 7499//41 7471//41 7470//41
f 7499//42 7470//42 7500//42
f 7500//43 7470//43 7469//43
f 7500//44 7469//44 7501//44
f 7501//45 7469//45 7468//45
f 7501//46 7468//46 7502//46
f 7502//47 7468//47 7467//47
f 7502//48 7467//48 7503//48
f 7503//49 7467//49 7466//49
f 7503//50 7466//50 7504//50
f 7504//51 7466//51 7465//51
f 7504//52 7465//52 7479//52
f 7479//53 7465//53 7464//53
f 7505//54 7480//54 7506//54
f 7506//55 7480//55 7481//55
f 7506//56 7481//56 7507//56
f 7507//57 7481//57 7482//57
f 7507//58 7482//58 7508//58
f 7508//59 7482//59 7483//59
f 7508//60 7483//60 7509//60
f 7509//61 7483//61 7484//61
f 7509//62 7484//62 7510//62
f 7510//63 7484//63 7485//63
f 7510//64 7485//64 7511//64
f 7511//65 7485//65 7486//65
f 7511//66 7486//66 7512//66
f 7512//67 7486//67 7487//67
f 7512//68 7487//68 7513//68
f 7513//69 7487//69 7488//69
f 7513//70 7488//70 7514//70
f 7514//71 7488//71 7489//71
f 7514//72 7489//72 7515//72
f 7515//73 7489//73 7490//73
f 7515//74 7490//74 7516//74
f 7516//75 7490//75 7491//75
f 7516//76 7491//76 7517//76
f 7517//77 7491//77 7492//77
f 7517//78 7492//78 7518//78
f 7518//79 7492//79 7493//79
f 7518//80 7493//80 7519//80
f 7519//81 7493//81 7494//81
f 7519//82 7494//82 7520//82
f 7520//83 7494//83 7495//83
f 7520//84 7495//84 7521//84
f 7521//85 7495//85 7496//85
f 7521//86 7496//86 7522//86
f 7522//87 7496//87 7497//87
f 7522//88 7497//88 7523//88
f 7523//89 7497//89 7498//89
f 7523//90 7498//90 7524//90
f 7524//91 7498//91 7499//91
f 7524//92 7499//92 7525//92
f 7525//93 7499//93 7500//93
f 7525//94 7500//94 7526//94
f 7526//95 7500//95 7501//95
f 7526//96 7501//96 7527//96
f 7527//97 7501//97 7502//97
f 7527//98 7502//98 7528//98
f 7528//99 7502//99 7503//99
f 7528//100 7503//100 7529//100
f 7529//101 7503//101 7504//101
f 7529//102 7504//102 7530//102
f 7530//103 7504//103 7479//103
f 7530//104 7479//104 7505//104
f 7505//105 7479//105 7480//105
f 7518//106 7531//106 7517//106
f 7517//107 7531//107 7532//107
f 7517//108 7532//108 7516//108
f 7516//109 7532//109 7533//109
f 7516//110 7533//110 7515//110
f 7515//111 7533//111 7534//111
f 7515//112 7534//112 7514//112
f 7514//113 7534//113 7535//113
f 7514//114 7535//114 7513//114
f 7513//115 7535//115 7536//115
f 7513//116 7536//116 7512//116
f 7512//117 7536//117 7537//117
f 7512//118 7537//118 7511//118
f 7511//119 7537//119 7538//119
f 7511//120 7538//120 7510//120
f 7510//121 7538//121 7539//121
f 7510//122 7539//122 7509//122
f 7509//123 7539//123 7540//123
f 7509//124 7540//124 7508//124
f 7508//125 7540//125 7541//125
f 7508//126 7541//126 7507//126
f 7507//127 7541//127 7542//127
f 7507//128 7542//128 7506//128
f 7506//129 7542//129 7543//129
f 7506//130 7543//130 7505//130
f 7505//131 7543//131 7544//131
f 7505//132 7544//132 7530//132
f 7530//133 7544//133 7545//133
f 7530//134 7545//134 7529//134
f 7529//135 7545//135 7546//135
f 7529//136 7546//136 7528//136
f 7528//137 7546//137 7547//137
f 7528//138 7547//138 7527//138
f 7527//139 7547//139 7548//139
f 7527//140 7548//140 7526//140
f 7526//141 7548//141 7549//141
f 7526//142 7549//142 7525//142
f 7525//143 7549//143 7550//143
f 7525//144 7550//144 7524//144
f 7524//145 7550//145 7551//145
f 7524//146 7551//146 7523//146
f 7523//147 7551//147 7552//147
f 7523//148 7552//148 7522//148
f 7522//149 7552//149 7553//149
f 7522//150 7553//150 7521//150
f 7521//151 7553//151 7554//151
f 7521//152 7554//152 7520//152
f 7520//153 7554//153 7555//153
f 7520//154 7555//154 7519//154
f 7519//155 7555//155 7556//155
f 7519//156 7556//156 7518//156
f 7518//157 7556//157 7531//157
f 7557//2 7542//2 7558//2
f 7558//3 7542//3 7541//3
f 7558//4 7541//4 7559//4
f 7559//5 7541//5 7540//5
f 7559//6 7540//6 7560//6
f 7560//7 7540//7 7539//7
f 7560//8 7539//8 7561//8
f 7561//9 7539//9 7538//9
f 7561//10 7538//10 7562//10
f 7562//11 7538//11 7537//11
f 7562//12 7537//12 7563//12
f 7563//13 7537//13 7536//13
f 7563//14 7536//14 7564//14
f 7564//15 7536//15 7535//15
f 7564//16 7535//16 7565//16
f 7565//17 7535//17 7534//17
f 7565//18 7534//18 7566//18
f 7566//19 7534//19 7533//19
f 7566//20 7533//20 7567//20
f 7567//21 7533//21 7532//21
f 7567//22 7532//22 7568//22
f 7568//23 7532//23 7531//23
f 7568//24 7531//24 7569//24
f 7569//25 7531//25 7556//25
f 7569//26 7556//26 7570//26
f 7570//27 7556//27 7555//27
f 7570//28 7555//28 7571//28
f 7571//29 7555//29 7554//29
f 7571//30 7554//30 7572//30
f 7572//31 7554//31 7553//31
f 7572//32 7553//32 7573//32
f 7573//33 7553//33 7552//33
f 7573//34 7552//34 7574//34
f 7574//35 7552//35 7551//35
f 7574//36 7551//36 7575//36
f 7575//37 7551//37 7550//37
f 7575//38 7550//38 7576//38
f 7576//39 7550//39 7549//39
f 7576//40 7549//40 7577//40
f 7577//41 7549//41 7548//41
f 7577//42 7548//42 7578//42
f 7578//43 7548//43 7547//43
f 7578//44 7547//44 7579//44
f 7579//45 7547//45 7546//45
f 7579//46 7546//46 7580//46
f 7580//47 7546//47 7545//47
f 7580//48 7545//48 7581//48
f 7581//49 7545//49 7544//49
f 7581//50 7544//50 7582//50
f 7582//51 7544//51 7543//51
f 7582//52 7543//52 7557//52
f 7557//53 7543//53 7542//53
f 7583//54 7558//54 7584//54
f 7584//55 7558//55 7559//55
f 7584//56 7559//56 7585//56
f 7585//57 7559//57 7560//57
f 7585//58 7560//58 7586//58
f 7586//59 7560//59 7561//59
f 7586//60 7561//60 7587//60
f 7587//61 7561//61 7562//61
f 7587//62 7562//62 7588//62
f 7588//63 7562//63 7563//63
f 7588//64 7563//64 7589//64
f 7589//65 7563//65 7564//65
f 7589//66 7564//66 7590//66
f 7590//67 7564//67 7565//67
f 7590//68 7565//68 7591//68
f 7591//69 7565//69 7566//69
f 7591//70 7566//70 7592//70
f 7592//71 7566//71 7567//71
f 7592//72 7567//72 7593//72
f 7593//73 7567//73 7568//73
f 7593//74 7568//74 7594//74
f 7594//75 7568//75 7569//75
f 7594//76 7569//76 7595//76
f 7595//77 7569//77 7570//77
f 7595//78 7570//78 7596//78
f 7596//79 7570//79 7571//79
f 7596//80 7571//80 7597//80
f 7597//81 7571//81 7572//81
f 7597//82 7572//82 7598//82
f 7598//83 7572//83 7573//83
f 7598//84 7573//84 7599//84
f 7599//85 7573//85 7574//85
f 7599//86 7574//86 7600//86
f 7600//87 7574//87 7575//87
f 7600//88 7575//88 7601//88
f 7601//89 7575//89 7576//89
f 7601//90 7576//90 7602//90
f 7602//91 7576//91 7577//91
f 7602//92 7577//92 7603//92
f 7603//93 7577//93 7578//93
f 7603//94 7578//94 7604//94
f 7604//95 7578//95 7579//95
f 7604//96 7579//96 7605//96
f 7605//97 7579//97 7580//97
f 7605//98 7580//98 7606//98
f 7606//99 7580//99 7581//99
f 7606//100 7581//100 7607//100
f 7607//101 7581//101 7582//101
f 7607//102 7582//102 7608//102
f 7608//103 7582//103 7557//103
f 7608//104 7557//104 7583//104
f 7583//105 7557//105 7558//105
f 7596//106 7609//106 7595//106
f 7595//107 7609//107 7610//107
f 7595//108 7610//108 7594//108
f 7594//109 7610//109 7611//109
f 7594//110 7611//110 7593//110
f 7593//111 7611//111 7612//111
f 7593//112 7612//112 7592//112
f 7592//113 7612//113 7613//113
f 7592//114 7613//114 7591//114
f 7591//115 7613//115 7614//115
f 7591//116 7614//116 7590//116
f 7590//117 7614//117 7615//117
f 7590//118 7615//118 7589//118
f 7589//119 7615//119 7616//119
f 7589//120 7616//120 7588//120
f 7588//121 7616//121 7617//121
f 7588//122 7617//122 7587//122
f 7587//123 7617//123 7618//123
f 7587//124 7618//124 7586//124
f 7586//125 7618//125 7619//125
f 7586//126 7619//126 7585//126
f 7585//127 7619//127 7620//127
f 7585//128 7620//128 7584//128
f 7584//129 7620//129 7621//129
f 7584//130 7621//130 7583//130
f 7583//131 7621//131 7622//131
f 7583//132 7622//132 7608//132
f 7608//133 7622//133 7623//133
f 7608//134 7623//134 7607//134
f 7607//135 7623//135 7624//135
f 7607//136 7624//136 7606//136
f 7606//137 7624//137 7625//137
f 7606//138 7625//138 7605//138
f 7605//139 7625//139 7626//139
f 7605//140 7626//140 7604//140
f 7604//141 7626//141 7627//141
f 7604//142 7627//142 7603//142
f 7603//143 7627//143 7628//143
f 7603//144 7628//144 7602//144
f 7602//145 7628//145 7629//145
f 7602//146 7629//146 7601//146
f 7601//147 7629//147 7630//147
f 7601//148 7630//148 7600//148
f 7600//149 7630//149 7631//149
f 7600//150 7631//150 7599//150
f 7599//151 7631//151 7632//151
f 7599//152 7632//152 7598//152
f 7598//153 7632//153 7633//153
f 7598//154 7633//154 7597//154
f 7597//155 7633//155 7634//155
f 7597//156 7634//156 7596//156
f 7596//157 7634//157 7609//157
f 7635//2 7620//2 7636//2
f 7636//3 7620//3 7619//3
f 7636//4 7619//4 7637//4
f 7637//5 7619//5 7618//5
f 7637//6 7618//6 7638//6
f 7638//7 7618//7 7617//7
f 7638//8 7617//8 7639//8
f 7639//9 7617//9 7616//9
f 7639//10 7616//10 7640//10
f 7640//11 7616//11 7615//11
f 7640//12 7615//12 7641//12
f 7641//13 7615//13 7614//13
f 7641//14 7614//14 7642//14
f 7642//15 7614//15 7613//15
f 7642//16 7613//16 7643//16
f 7643//17 7613//17 7612//17
f 7643//18 7612//18 7644//18
f 7644//19 7612//19 7611//19
f 7644//20 7611//20 7645//20
f 7645//21 7611//21 7610//21
f 7645//22 7610//22 7646//22
f 7646//23 7610//23 7609//23
f 7646//24 7609//24 7647//24
f 7647//25 7609//25 7634//25
f 7647//26 7634//26 7648//26
f 7648//27 7634//27 7633//27
f 7648//28 7633//28 7649//28
f 7649//29 7633//29 7632//29
f 7649//30 7632//30 7650//30
f 7650//31 7632//31 7631//31
f 7650//32 7631//32 7651//32
f 7651//33 7631//33 7630//33
f 7651//34 7630//34 7652//34
f 7652//35 7630//35 7629//35
f 7652//36 7629//36 7653//36
f 7653//37 7629//37 7628//37
f 7653//38 7628//38 7654//38
f 7654//39 7628//39 7627//39
f 7654//40 7627//40 7655//40
f 7655//41 7627//41 7626//41
f 7655//42 7626//42 7656//42
f 7656//43 7626//43 7625//43
f 7656//44 7625//44 7657//44
f 7657//45 7625//45 7624//45
f 7657//46 7624//46 7658//46
f 7658//47 7624//47 7623//47
f 7658//48 7623//48 7659//48
f 7659//49 7623//49 7622//49
f 7659//50 7622//50 7660//50
f 7660//51 7622//51 7621//51
f 7660//52 7621//52 7635//52
f 7635//53 7621//53 7620//53
f 7661//54 7636//54 7662//54
f 7662//55 7636//55 7637//55
f 7662//56 7637//56 7663//56
f 7663//57 7637//57 7638//57
f 7663//58 7638//58 7664//58
f 7664//59 7638//59 7639//59
f 7664//60 7639//60 7665//60
f 7665//61 7639//61 7640//61
f 7665//62 7640//62 7666//62
f 7666//63 7640//63 7641//63
f 7666//64 7641//64 7667//64
f 7667//65 7641//65 7642//65
f 7667//66 7642//66 7668//66
f 7668//67 7642//67 7643//67
f 7668//68 7643//68 7669//68
f 7669//69 7643//69 7644//69
f 7669//70 7644//70 7670//70
f 7670//71 7644//71 7645//71
f 7670//72 7645//72 7671//72
f 7671//73 7645//73 7646//73
f 7671//74 7646//74 7672//74
f 7672//75 7646//75 7647//75
f 7672//76 7647//76 7673//76
f 7673//77 7647//77 7648//77
f 7673//78 7648//78 7674//78
f 7674//79 7648//79 7649//79
f 7674//80 7649//80 7675//80
f 7675//81 7649//81 7650//81
f 7675//82 7650//82 7676//82
f 7676//83 7650//83 7651//83
f 7676//84 7651//84 7677//84
f 7677//85 7651//85 7652//85
f 7677//86 7652//86 7678//86
f 7678//87 7652//87 7653//87
f 7678//88 7653//88 7679//88
f 7679//89 7653//89 7654//89
f 7679//90 7654//90 7680//90
f 7680//91 7654//91 7655//91
f 7680//92 7655//92 7681//92
f 7681//93 7655//93 7656//93
f 7681//94 7656//94 7682//94
f 7682//95 7656//95 7657//95
f 7682//96 7657//96 7683//96
f 7683//97 7657//97 7658//97
f 7683//98 7658//98 7684//98
f 7684//99 7658//99 7659//99
f 7684//100 7659//100 7685//100
f 7685//101 7659//101 7660//101
f 7685//102 7660//102 7686//102
f 7686//103 7660//103 7635//103
f 7686//104 7635//104 7661//104
f 7661//105 7635//105 7636//105
f 7674//155 7675//155 7687//155
f 7676//151 7677//151 7688//151
f 7688//158 7689//158 7676//158
f 7676//159 7689//159 7690//159
f 7676//153 7690//153 7675//153
f 7675//160 7690//160 7691//160
f 7675//161 7691//161 7687//161
f 7678//147 7679//147 7692//147
f 7692//162 7693//162 7678//162
f 7678//163 7693//163 7694//163
f 7678//149 7694//149 7677//149
f 7677//164 7694//164 7695//164
f 7677//165 7695//165 7688//165
f 7680//143 7681//143 7696//143
f 7696//166 7697//166 7680//166
f 7680//167 7697//167 7698//167
f 7680//145 7698//145 7679//145
f 7679//168 7698//168 7699//168
f 7679//169 7699//169 7692//169
f 7682//170 7683//170 7700//170
f 7700//171 7701//171 7682//171
f 7682//172 7701//172 7702//172
f 7682//141 7702//141 7681//141
f 7681//173 7702//173 7703//173
f 7681//174 7703//174 7696//174
f 7684//135 7685//135 7704//135
f 7704//175 7705//175 7684//175
f 7684//176 7705//176 7706//176
f 7684//137 7706//137 7683//137
f 7683//177 7706//177 7707//177
f 7683//178 7707//178 7700//178
f 7686//131 7661//131 7708//131
f 7708//179 7709//179 7686//179
f 7686//180 7709//180 7710//180
f 7686//133 7710//133 7685//133
f 7685//181 7710//181 7711//181
f 7685//182 7711//182 7704//182
f 7662//127 7663//127 7712//127
f 7712//183 7713//183 7662//183
f 7662//184 7713//184 7714//184
f 7662//129 7714//129 7661//129
f 7661//185 7714//185 7715//185
f 7661//186 7715//186 7708//186
f 7664//123 7665//123 7716//123
f 7716//187 7717//187 7664//187
f 7664//188 7717//188 7718//188
f 7664//125 7718//125 7663//125
f 7663//189 7718//189 7719//189
f 7663//190 7719//190 7712//190
f 7666//119 7667//119 7720//119
f 7720//191 7721//191 7666//191
f 7666//192 7721//192 7722//192
f 7666//121 7722//121 7665//121
f 7665//193 7722//193 7723//193
f 7665//194 7723//194 7716//194
f 7668//115 7669//115 7724//115
f 7724//195 7725//195 7668//195
f 7668//196 7725//196 7726//196
f 7668//117 7726//117 7667//117
f 7667//197 7726//197 7727//197
f 7667//198 7727//198 7720//198
f 7670//111 7671//111 7728//111
f 7728//199 7729//199 7670//199
f 7670//200 7729//200 7730//200
f 7670//113 7730//113 7669//113
f 7669//201 7730//201 7731//201
f 7669//202 7731//202 7724//202
f 7672//107 7673//107 7732//107
f 7732//203 7733//203 7672//203
f 7672//204 7733//204 7734//204
f 7672//109 7734//109 7671//109
f 7671//205 7734//205 7735//205
f 7671//206 7735//206 7728//206
f 7687//207 7736//207 7674//207
f 7674//208 7736//208 7737//208
f 7674//157 7737//157 7673//157
f 7673//209 7737//209 7738//209
f 7673//210 7738//210 7732//210
f 7696//211 7739//211 7697//211
f 7697//212 7739//212 7740//212
f 7697//213 7740//213 7698//213
f 7698//214 7740//214 7741//214
f 7698//215 7741//215 7699//215
f 7699//216 7741//216 7742//216
f 7699//217 7742//217 7692//217
f 7692//218 7742//218 7743//218
f 7692//219 7743//219 7693//219
f 7693//220 7743//220 7744//220
f 7693//221 7744//221 7694//221
f 7694//222 7744//222 7745//222
f 7694//223 7745//223 7695//223
f 7695//224 7745//224 7746//224
f 7695//225 7746//225 7688//225
f 7688//226 7746//226 7747//226
f 7688//227 7747//227 7689//227
f 7689//228 7747//228 7748//228
f 7689//229 7748//229 7690//229
f 7690//230 7748//230 7749//230
f 7690//231 7749//231 7691//231
f 7691//232 7749//232 7750//232
f 7691//233 7750//233 7687//233
f 7687//234 7750//234 7751//234
f 7687//235 7751//235 7736//235
f 7736//236 7751//236 7752//236
f 7736//237 7752//237 7737//237
f 7737//238 7752//238 7753//238
f 7737//239 7753//239 7738//239
f 7738//240 7753//240 7754//240
f 7738//241 7754//241 7732//241
f 7732//242 7754//242 7755//242
f 7732//243 7755//243 7733//243
f 7733//244 7755//244 7756//244
f 7733//245 7756//245 7734//245
f 7734//246 7756//246 7757//246
f 7734//247 7757//247 7735//247
f 7735//248 7757//248 7758//248
f 7735//249 7758//249 7728//249
f 7728//250 7758//250 7759//250
f 7728//251 7759//251 7729//251
f 7729//252 7759//252 7760//252
f 7729//253 7760//253 7730//253
f 7730//254 7760//254 7761//254
f 7730//255 7761//255 7731//255
f 7731//256 7761//256 7762//256
f 7731//257 7762//257 7724//257
f 7724//258 7762//258 7763//258
f 7724//259 7763//259 7725//259
f 7725//260 7763//260 7764//260
f 7725//261 7764//261 7726//261
f 7726//262 7764//262 7765//262
f 7726//263 7765//263 7727//263
f 7727//264 7765//264 7766//264
f 7727//265 7766//265 7720//265
f 7720//266 7766//266 7767//266
f 7720//267 7767//267 7721//267
f 7721//268 7767//268 7768//268
f 7721//269 7768//269 7722//269
f 7722//270 7768//270 7769//270
f 7722//271 7769//271 7723//271
f 7723//272 7769//272 7770//272
f 7723//273 7770//273 7716//273
f 7716//274 7770//274 7771//274
f 7716//275 7771//275 7717//275
f 7717//276 7771//276 7772//276
f 7717//277 7772//277 7718//277
f 7718//278 7772//278 7773//278
f 7718//279 7773//279 7719//279
f 7719//280 7773//280 7774//280
f 7719//281 7774//281 7712//281
f 7712//282 7774//282 7775//282
f 7712//283 7775//283 7713//283
f 7713//284 7775//284 7776//284
f 7713//285 7776//285 7714//285
f 7714//286 7776//286 7777//286
f 7714//287 7777//287 7715//287
f 7715//288 7777//288 7778//288
f 7715//289 7778//289 7708//289
f 7708//290 7778//290 7779//290
f 7708//291 7779//291 7709//291
f 7709//292 7779//292 7780//292
f 7709//293 7780//293 7710//293
f 7710//294 7780//294 7781//294
f 7710//295 7781//295 7711//295
f 7711//296 7781//296 7782//296
f 7711//297 7782//297 7704//297
f 7704//298 7782//298 7783//298
f 7704//299 7783//299 7705//299
f 7705//300 7783//300 7784//300
f 7705//301 7784//301 7706//301
f 7706//302 7784//302 7785//302
f 7706//303 7785//303 7707//303
f 7707//304 7785//304 7786//304
f 7707//305 7786//305 7700//305
f 7700//306 7786//306 7787//306
f 7700//307 7787//307 7701//307
f 7701//308 7787//308 7788//308
f 7701//309 7788//309 7702//309
f 7702//310 7788//310 7789//310
f 7702//311 7789//311 7703//311
f 7703//312 7789//312 7790//312
f 7703//313 7790//313 7696//313
f 7696//314 7790//314 7739//314
f 7791//315 7792//315 7780//315
f 7793//316 7782//316 7792//316
f 7792//317 7782//317 7781//317
f 7792//318 7781//318 7780//318
f 7794//319 7784//319 7793//319
f 7793//320 7784//320 7783//320
f 7793//321 7783//321 7782//321
f 7795//322 7786//322 7794//322
f 7794//323 7786//323 7785//323
f 7794//324 7785//324 7784//324
f 7796//325 7788//325 7795//325
f 7795//326 7788//326 7787//326
f 7795//327 7787//327 7786//327
f 7797//328 7790//328 7796//328
f 7796//329 7790//329 7789//329
f 7796//330 7789//330 7788//330
f 7798//331 7740//331 7797//331
f 7797//332 7740//332 7739//332
f 7797//333 7739//333 7790//333
f 7799//334 7742//334 7798//334
f 7798//335 7742//335 7741//335
f 7798//336 7741//336 7740//336
f 7800//337 7744//337 7799//337
f 7799//338 7744//338 7743//338
f 7799//339 7743//339 7742//339
f 7801//340 7746//340 7800//340
f 7800//341 7746//341 7745//341
f 7800//342 7745//342 7744//342
f 7802//343 7748//343 7801//343
f 7801//344 7748//344 7747//344
f 7801//345 7747//345 7746//345
f 7803//346 7750//346 7802//346
f 7802//347 7750//347 7749//347
f 7802//348 7749//348 7748//348
f 7804//349 7752//349 7803//349
f 7803//350 7752//350 7751//350
f 7803//351 7751//351 7750//351
f 7805//352 7754//352 7804//352
f 7804//353 7754//353 7753//353
f 7804//354 7753//354 7752//354
f 7806//355 7756//355 7805//355
f 7805//356 7756//356 7755//356
f 7805//357 7755//357 7754//357
f 7807//358 7758//358 7806//358
f 7806//359 7758//359 7757//359
f 7806//360 7757//360 7756//360
f 7808//361 7760//361 7807//361
f 7807//362 7760//362 7759//362
f 7807//363 7759//363 7758//363
f 7809//364 7762//364 7808//364
f 7808//365 7762//365 7761//365
f 7808//366 7761//366 7760//366
f 7810//367 7764//367 7809//367
f 7809//368 7764//368 7763//368
f 7809//369 7763//369 7762//369
f 7811//370 7766//370 7810//370
f 7810//371 7766//371 7765//371
f 7810//372 7765//372 7764//372
f 7812//373 7768//373 7811//373
f 7811//374 7768//374 7767//374
f 7811//375 7767//375 7766//375
f 7813//376 7770//376 7812//376
f 7812//377 7770//377 7769//377
f 7812//378 7769//378 7768//378
f 7814//379 7772//379 7813//379
f 7813//380 7772//380 7771//380
f 7813//381 7771//381 7770//381
f 7815//382 7774//382 7814//382
f 7814//383 7774//383 7773//383
f 7814//384 7773//384 7772//384
f 7816//385 7776//385 7815//385
f 7815//386 7776//386 7775//386
f 7815//387 7775//387 7774//387
f 7780//388 7779//388 7791//388
f 7791//389 7779//389 7778//389
f 7791//390 7778//390 7816//390
f 7816//391 7778//391 7777//391
f 7816//392 7777//392 7776//392
f 7804//106 7817//106 7805//106
f 7805//107 7817//107 7818//107
f 7805//108 7818//108 7806//108
f 7806//109 7818//109 7819//109
f 7806//110 7819//110 7807//110
f 7807//111 7819//111 7820//111
f 7807//112 7820//112 7808//112
f 7808//113 7820//113 7821//113
f 7808//114 7821//114 7809//114
f 7809//115 7821//115 7822//115
f 7809//116 7822//116 7810//116
f 7810//117 7822//117 7823//117
f 7810//118 7823//118 7811//118
f 7811//119 7823//119 7824//119
f 7811//120 7824//120 7812//120
f 7812//121 7824//121 7825//121
f 7812//122 7825//122 7813//122
f 7813//123 7825//123 7826//123
f 7813//124 7826//124 7814//124
f 7814//125 7826//125 7827//125
f 7814//126 7827//126 7815//126
f 7815//127 7827//127 7828//127
f 7815//128 7828//128 7816//128
f 7816//129 7828//129 7829//129
f 7816//130 7829//130 7791//130
f 7791//131 7829//131 7830//131
f 7791//132 7830//132 7792//132
f 7792//133 7830//133 7831//133
f 7792//134 7831//134 7793//134
f 7793//135 7831//135 7832//135
f 7793//136 7832//136 7794//136
f 7794//137 7832//137 7833//137
f 7794//138 7833//138 7795//138
f 7795//139 7833//139 7834//139
f 7795//140 7834//140 7796//140
f 7796//141 7834//141 7835//141
f 7796//142 7835//142 7797//142
f 7797//143 7835//143 7836//143
f 7797//144 7836//144 7798//144
f 7798//145 7836//145 7837//145
f 7798//146 7837//146 7799//146
f 7799//147 7837//147 7838//147
f 7799//148 7838//148 7800//148
f 7800//149 7838//149 7839//149
f 7800//150 7839//150 7801//150
f 7801//151 7839//151 7840//151
f 7801//152 7840//152 7802//152
f 7802//153 7840//153 7841//153
f 7802//154 7841//154 7803//154
f 7803//155 7841//155 7842//155
f 7803//156 7842//156 7804//156
f 7804//157 7842//157 7817//157
f 7843//2 7828//2 7844//2
f 7844//3 7828//3 7827//3
f 7844//4 7827//4 7845//4
f 7845//5 7827//5 7826//5
f 7845//6 7826//6 7846//6
f 7846//7 7826//7 7825//7
f 7846//8 7825//8 7847//8
f 7847//9 7825//9 7824//9
f 7847//10 7824//10 7848//10
f 7848//11 7824//11 7823//11
f 7848//12 7823//12 7849//12
f 7849//13 7823//13 7822//13
f 7849//14 7822//14 7850//14
f 7850//15 7822//15 7821//15
f 7850//16 7821//16 7851//16
f 7851//17 7821//17 7820//17
f 7851//18 7820//18 7852//18
f 7852//19 7820//19 7819//19
f 7852//20 7819//20 7853//20
f 7853//21 7819//21 7818//21
f 7853//22 7818//22 7854//22
f 7854//23 7818//23 7817//23
f 7854//24 7817//24 7855//24
f 7855//25 7817//25 7842//25
f 7855//26 7842//26 7856//26
f 7856//27 7842//27 7841//27
f 7856//28 7841//28 7857//28
f 7857//29 7841//29 7840//29
f 7857//30 7840//30 7858//30
f 7858//31 7840//31 7839//31
f 7858//32 7839//32 7859//32
f 7859//33 7839//33 7838//33
f 7859//34 7838//34 7860//34
f 7860//35 7838//35 7837//35
f 7860//36 7837//36 7861//36
f 7861//37 7837//37 7836//37
f 7861//38 7836//38 7862//38
f 7862//39 7836//39 7835//39
f 7862//40 7835//40 7863//40
f 7863//41 7835//41 7834//41
f 7863//42 7834//42 7864//42
f 7864//43 7834//43 7833//43
f 7864//44 7833//44 7865//44
f 7865//45 7833//45 7832//45
f 7865//46 7832//46 7866//46
f 7866//47 7832//47 7831//47
f 7866//48 7831//48 7867//48
f 7867//49 7831//49 7830//49
f 7867//50 7830//50 7868//50
f 7868//51 7830//51 7829//51
f 7868//52 7829//52 7843//52
f 7843//53 7829//53 7828//53
f 7868//315 7843//315 7869//315
f 7869//318 7870//318 7868//318
f 7868//317 7870//317 7871//317
f 7868//393 7871//393 7867//393
f 7871//321 7872//321 7867//321
f 7867//320 7872//320 7873//320
f 7867//319 7873//319 7866//319
f 7873//324 7874//324 7866//324
f 7866//323 7874//323 7875//323
f 7866//322 7875//322 7865//322
f 7875//394 7876//394 7865//394
f 7865//326 7876//326 7877//326
f 7865//325 7877//325 7864//325
f 7877//330 7878//330 7864//330
f 7864//395 7878//395 7879//395
f 7864//328 7879//328 7863//328
f 7879//333 7880//333 7863//333
f 7863//332 7880//332 7881//332
f 7863//331 7881//331 7862//331
f 7881//336 7882//336 7862//336
f 7862//335 7882//335 7883//335
f 7862//334 7883//334 7861//334
f 7883//396 7884//396 7861//396
f 7861//338 7884//338 7885//338
f 7861//337 7885//337 7860//337
f 7885//342 7886//342 7860//342
f 7860//397 7886//397 7887//397
f 7860//340 7887//340 7859//340
f 7887//345 7888//345 7859//345
f 7859//344 7888//344 7889//344
f 7859//343 7889//343 7858//343
f 7889//348 7890//348 7858//348
f 7858//347 7890//347 7891//347
f 7858//398 7891//398 7857//398
f 7891//351 7892//351 7857//351
f 7857//350 7892//350 7893//350
f 7857//349 7893//349 7856//349
f 7893//354 7894//354 7856//354
f 7856//353 7894//353 7895//353
f 7856//352 7895//352 7855//352
f 7895//357 7896//357 7855//357
f 7855//356 7896//356 7897//356
f 7855//399 7897//399 7854//399
f 7897//360 7898//360 7854//360
f 7854//359 7898//359 7899//359
f 7854//358 7899//358 7853//358
f 7899//363 7900//363 7853//363
f 7853//362 7900//362 7901//362
f 7853//361 7901//361 7852//361
f 7901//400 7902//400 7852//400
f 7852//365 7902//365 7903//365
f 7852//364 7903//364 7851//364
f 7903//369 7904//369 7851//369
f 7851//401 7904//401 7905//401
f 7851//367 7905//367 7850//367
f 7906//373 7848//373 7849//373
f 7905//372 7907//372 7850//372
f 7850//371 7907//371 7908//371
f 7850//370 7908//370 7849//370
f 7849//375 7908//375 7909//375
f 7849//374 7909//374 7906//374
f 7906//402 7910//402 7848//402
f 7848//377 7910//377 7911//377
f 7848//376 7911//376 7847//376
f 7911//381 7912//381 7847//381
f 7847//403 7912//403 7913//403
f 7847//379 7913//379 7846//379
f 7913//384 7914//384 7846//384
f 7846//383 7914//383 7915//383
f 7846//382 7915//382 7845//382
f 7915//387 7916//387 7845//387
f 7845//386 7916//386 7917//386
f 7845//404 7917//404 7844//404
f 7917//392 7918//392 7844//392
f 7844//391 7918//391 7919//391
f 7844//390 7919//390 7843//390
f 7843//389 7919//389 7920//389
f 7843//388 7920//388 7869//388
f 7921//198 7909//198 7922//198
f 7922//405 7909//405 7908//405
f 7922//406 7908//406 7923//406
f 7923//407 7908//407 7907//407
f 7923//196 7907//196 7924//196
f 7924//408 7907//408 7905//408
f 7924//409 7905//409 7925//409
f 7925//410 7905//410 7904//410
f 7925//202 7904//202 7926//202
f 7926//411 7904//411 7903//411
f 7926//412 7903//412 7927//412
f 7927//413 7903//413 7902//413
f 7927//414 7902//414 7928//414
f 7928//415 7902//415 7901//415
f 7928//416 7901//416 7929//416
f 7929//417 7901//417 7900//417
f 7929//206 7900//206 7930//206
f 7930//418 7900//418 7899//418
f 7930//419 7899//419 7931//419
f 7931//420 7899//420 7898//420
f 7931//204 7898//204 7932//204
f 7932//421 7898//421 7897//421
f 7932//422 7897//422 7933//422
f 7933//423 7897//423 7896//423
f 7933//210 7896//210 7934//210
f 7934//424 7896//424 7895//424
f 7934//425 7895//425 7935//425
f 7935//426 7895//426 7894//426
f 7935//208 7894//208 7936//208
f 7936//427 7894//427 7893//427
f 7936//428 7893//428 7937//428
f 7937//429 7893//429 7892//429
f 7937//161 7892//161 7938//161
f 7938//430 7892//430 7891//430
f 7938//431 7891//431 7939//431
f 7939//432 7891//432 7890//432
f 7939//159 7890//159 7940//159
f 7940//433 7890//433 7889//433
f 7940//434 7889//434 7941//434
f 7941//435 7889//435 7888//435
f 7941//165 7888//165 7942//165
f 7942//436 7888//436 7887//436
f 7942//437 7887//437 7943//437
f 7943//438 7887//438 7886//438
f 7943//163 7886//163 7944//163
f 7944//439 7886//439 7885//439
f 7944//440 7885//440 7945//440
f 7945//441 7885//441 7884//441
f 7945//169 7884//169 7946//169
f 7946//442 7884//442 7883//442
f 7946//443 7883//443 7947//443
f 7947//444 7883//444 7882//444
f 7947//167 7882//167 7948//167
f 7948//445 7882//445 7881//445
f 7948//446 7881//446 7949//446
f 7949//447 7881//447 7880//447
f 7949//174 7880//174 7950//174
f 7950//448 7880//448 7879//448
f 7950//449 7879//449 7951//449
f 7951//450 7879//450 7878//450
f 7951//172 7878//172 7952//172
f 7952//451 7878//451 7877//451
f 7952//452 7877//452 7953//452
f 7953//453 7877//453 7876//453
f 7953//454 7876//454 7954//454
f 7954//455 7876//455 7875//455
f 7954//456 7875//456 7955//456
f 7955//457 7875//457 7874//457
f 7955//176 7874//176 7956//176
f 7956//458 7874//458 7873//458
f 7956//459 7873//459 7957//459
f 7957//460 7873//460 7872//460
f 7957//182 7872//182 7958//182
f 7958//461 7872//461 7871//461
f 7958//462 7871//462 7959//462
f 7959//463 7871//463 7870//463
f 7959//180 7870//180 7960//180
f 7960//464 7870//464 7869//464
f 7960//465 7869//465 7961//465
f 7961//466 7869//466 7920//466
f 7961//186 7920//186 7962//186
f 7962//467 7920//467 7919//467
f 7962//468 7919//468 7963//468
f 7963//469 7919//469 7918//469
f 7963//184 7918//184 7964//184
f 7964//470 7918//470 7917//470
f 7964//471 7917//471 7965//471
f 7965//472 7917//472 7916//472
f 7965//190 7916//190 7966//190
f 7966//473 7916//473 7915//473
f 7966//474 7915//474 7967//474
f 7967//475 7915//475 7914//475
f 7967//188 7914//188 7968//188
f 7968//476 7914//476 7913//476
f 7968//477 7913//477 7969//477
f 7969//478 7913//478 7912//478
f 7969//194 7912//194 7970//194
f 7970//479 7912//479 7911//479
f 7970//480 7911//480 7971//480
f 7971//481 7911//481 7910//481
f 7971//192 7910//192 7972//192
f 7972//482 7910//482 7906//482
f 7972//483 7906//483 7921//483
f 7921//484 7906//484 7909//484
f 7922//263 7923//263 7973//263
f 7974//485 7975//485 7955//485
f 7958//486 7976//486 7957//486
f 7957//49 7976//49 7974//49
f 7957//299 7974//299 7956//299
f 7956//487 7974//487 7955//487
f 7977//43 7978//43 7951//43
f 7951//488 7952//488 7977//488
f 7977//489 7952//489 7953//489
f 7977//45 7953//45 7975//45
f 7975//490 7953//490 7954//490
f 7975//491 7954//491 7955//491
f 7979//39 7980//39 7947//39
f 7947//492 7948//492 7979//492
f 7979//211 7948//211 7949//211
f 7979//41 7949//41 7978//41
f 7978//493 7949//493 7950//493
f 7978//494 7950//494 7951//494
f 7981//495 7982//495 7943//495
f 7943//496 7944//496 7981//496
f 7981//219 7944//219 7945//219
f 7981//37 7945//37 7980//37
f 7980//497 7945//497 7946//497
f 7980//215 7946//215 7947//215
f 7983//31 7984//31 7939//31
f 7939//498 7940//498 7983//498
f 7983//227 7940//227 7941//227
f 7983//33 7941//33 7982//33
f 7982//499 7941//499 7942//499
f 7982//500 7942//500 7943//500
f 7985//27 7986//27 7935//27
f 7935//501 7936//501 7985//501
f 7985//235 7936//235 7937//235
f 7985//29 7937//29 7984//29
f 7984//502 7937//502 7938//502
f 7984//231 7938//231 7939//231
f 7987//23 7988//23 7931//23
f 7931//503 7932//503 7987//503
f 7987//243 7932//243 7933//243
f 7987//25 7933//25 7986//25
f 7986//504 7933//504 7934//504
f 7986//239 7934//239 7935//239
f 7989//19 7990//19 7927//19
f 7927//505 7928//505 7989//505
f 7989//506 7928//506 7929//506
f 7989//21 7929//21 7988//21
f 7988//507 7929//507 7930//507
f 7988//247 7930//247 7931//247
f 7973//15 7923//15 7991//15
f 7923//508 7924//508 7991//508
f 7991//509 7924//509 7925//509
f 7991//17 7925//17 7990//17
f 7990//510 7925//510 7926//510
f 7990//511 7926//511 7927//511
f 7922//512 7973//512 7921//512
f 7921//13 7973//13 7992//13
f 7921//267 7992//267 7972//267
f 7972//513 7992//513 7993//513
f 7972//270 7993//270 7971//270
f 7994//514 7995//514 7967//514
f 7967//515 7968//515 7994//515
f 7994//516 7968//516 7969//516
f 7994//9 7969//9 7993//9
f 7993//517 7969//517 7970//517
f 7993//271 7970//271 7971//271
f 7996//3 7997//3 7963//3
f 7963//518 7964//518 7996//518
f 7996//283 7964//283 7965//283
f 7996//5 7965//5 7995//5
f 7995//519 7965//519 7966//519
f 7995//279 7966//279 7967//279
f 7958//295 7959//295 7976//295
f 7976//294 7959//294 7960//294
f 7976//520 7960//520 7998//520
f 7998//291 7960//291 7961//291
f 7998//53 7961//53 7997//53
f 7997//521 7961//521 7962//521
f 7997//287 7962//287 7963//287
f 7999//54 7997//54 8000//54
f 8000//55 7997//55 7996//55
f 8000//56 7996//56 8001//56
f 8001//57 7996//57 7995//57
f 8001//58 7995//58 8002//58
f 8002//59 7995//59 7994//59
f 8002//60 7994//60 8003//60
f 8003//61 7994//61 7993//61
f 8003//62 7993//62 8004//62
f 8004//63 7993//63 7992//63
f 8004//64 7992//64 8005//64
f 8005//65 7992//65 7973//65
f 8005//66 7973//66 8006//66
f 8006//67 7973//67 7991//67
f 8006//68 7991//68 8007//68
f 8007//69 7991//69 7990//69
f 8007//70 7990//70 8008//70
f 8008//71 7990//71 7989//71
f 8008//72 7989//72 8009//72
f 8009//73 7989//73 7988//73
f 8009//74 7988//74 8010//74
f 8010//75 7988//75 7987//75
f 8010//76 7987//76 8011//76
f 8011//77 7987//77 7986//77
f 8011//78 7986//78 8012//78
f 8012//79 7986//79 7985//79
f 8012//80 7985//80 8013//80
f 8013//81 7985//81 7984//81
f 8013//82 7984//82 8014//82
f 8014//83 7984//83 7983//83
f 8014//84 7983//84 8015//84
f 8015//85 7983//85 7982//85
f 8015//86 7982//86 8016//86
f 8016//87 7982//87 7981//87
f 8016//88 7981//88 8017//88
f 8017//89 7981//89 7980//89
f 8017//90 7980//90 8018//90
f 8018//91 7980//91 7979//91
f 8018//92 7979//92 8019//92
f 8019//93 7979//93 7978//93
f 8019//94 7978//94 8020//94
f 8020//95 7978//95 7977//95
f 8020//96 7977//96 8021//96
f 8021//97 7977//97 7975//97
f 8021//98 7975//98 8022//98
f 8022//99 7975//99 7974//99
f 8022//100 7974//100 8023//100
f 8023//101 7974//101 7976//101
f 8023//102 7976//102 8024//102
f 8024//103 7976//103 7998//103
f 8024//104 7998//104 7999//104
f 7999//105 7998//105 7997//105
f 8012//106 8025//106 8011//106
f 8011//107 8025//107 8026//107
f 8011//108 8026//108 8010//108
f 8010//109 8026//109 8027//109
f 8010//110 8027//110 8009//110
f 8009//111 8027//111 8028//111
f 8009//112 8028//112 8008//112
f 8008//113 8028//113 8029//113
f 8008//114 8029//114 8007//114
f 8007//115 8029//115 8030//115
f 8007//116 8030//116 8006//116
f 8006//117 8030//117 8031//117
f 8006//118 8031//118 8005//118
f 8005//119 8031//119 8032//119
f 8005//120 8032//120 8004//120
f 8004//121 8032//121 8033//121
f 8004//122 8033//122 8003//122
f 8003//123 8033//123 8034//123
f 8003//124 8034//124 8002//124
f 8002//125 8034//125 8035//125
f 8002//126 8035//126 8001//126
f 8001//127 8035//127 8036//127
f 8001//128 8036//128 8000//128
f 8000//129 8036//129 8037//129
f 8000//130 8037//130 7999//130
f 7999//131 8037//131 8038//131
f 7999//132 8038//132 8024//132
f 8024//133 8038//133 8039//133
f 8024//134 8039//134 8023//134
f 8023//135 8039//135 8040//135
f 8023//136 8040//136 8022//136
f 8022//137 8040//137 8041//137
f 8022//138 8041//138 8021//138
f 8021//139 8041//139 8042//139
f 8021//140 8042//140 8020//140
f 8020//141 8042//141 8043//141
f 8020//142 8043//142 8019//142
f 8019//143 8043//143 8044//143
f 8019//144 8044//144 8018//144
f 8018//145 8044//145 8045//145
f 8018//146 8045//146 8017//146
f 8017//147 8045//147 8046//147
f 8017//148 8046//148 8016//148
f 8016//149 8046//149 8047//149
f 8016//150 8047//150 8015//150
f 8015//151 8047//151 8048//151
f 8015//152 8048//152 8014//152
f 8014//153 8048//153 8049//153
f 8014//154 8049//154 8013//154
f 8013//155 8049//155 8050//155
f 8013//156 8050//156 8012//156
f 8012//157 8050//157 8025//157
f 8051//2 8036//2 8052//2
f 8052//3 8036//3 8035//3
f 8052//4 8035//4 8053//4
f 8053//5 8035//5 8034//5
f 8053//6 8034//6 8054//6
f 8054//514 8034//514 8033//514
f 8054//8 8033//8 8055//8
f 8055//9 8033//9 8032//9
f 8055//10 8032//10 8056//10
f 8056//11 8032//11 8031//11
f 8056//12 8031//12 8057//12
f 8057//13 8031//13 8030//13
f 8057//14 8030//14 8058//14
f 8058//15 8030//15 8029//15
f 8058//16 8029//16 8059//16
f 8059//17 8029//17 8028//17
f 8059//18 8028//18 8060//18
f 8060//19 8028//19 8027//19
f 8060//20 8027//20 8061//20
f 8061//21 8027//21 8026//21
f 8061//22 8026//22 8062//22
f 8062//23 8026//23 8025//23
f 8062//24 8025//24 8063//24
f 8063//25 8025//25 8050//25
f 8063//26 8050//26 8064//26
f 8064//27 8050//27 8049//27
f 8064//28 8049//28 8065//28
f 8065//29 8049//29 8048//29
f 8065//30 8048//30 8066//30
f 8066//31 8048//31 8047//31
f 8066//32 8047//32 8067//32
f 8067//522 8047//522 8046//522
f 8067//34 8046//34 8068//34
f 8068//35 8046//35 8045//35
f 8068//36 8045//36 8069//36
f 8069//37 8045//37 8044//37
f 8069//38 8044//38 8070//38
f 8070//39 8044//39 8043//39
f 8070//40 8043//40 8071//40
f 8071//41 8043//41 8042//41
f 8071//42 8042//42 8072//42
f 8072//43 8042//43 8041//43
f 8072//44 8041//44 8073//44
f 8073//45 8041//45 8040//45
f 8073//46 8040//46 8074//46
f 8074//47 8040//47 8039//47
f 8074//48 8039//48 8075//48
f 8075//49 8039//49 8038//49
f 8075//50 8038//50 8076//50
f 8076//51 8038//51 8037//51
f 8076//52 8037//52 8051//52
f 8051//53 8037//53 8036//53
f 8077//54 8052//54 8078//54
f 8078//55 8052//55 8053//55
f 8078//56 8053//56 8079//56
f 8079//57 8053//57 8054//57
f 8079//58 8054//58 8080//58
f 8080//59 8054//59 8055//59
f 8080//60 8055//60 8081//60
f 8081//61 8055//61 8056//61
f 8081//62 8056//62 8082//62
f 8082//63 8056//63 8057//63
f 8082//64 8057//64 8083//64
f 8083//65 8057//65 8058//65
f 8083//66 8058//66 8084//66
f 8084//67 8058//67 8059//67
f 8084//68 8059//68 8085//68
f 8085//69 8059//69 8060//69
f 8085//70 8060//70 8086//70
f 8086//71 8060//71 8061//71
f 8086//72 8061//72 8087//72
f 8087//73 8061//73 8062//73
f 8087//74 8062//74 8088//74
f 8088//75 8062//75 8063//75
f 8088//76 8063//76 8089//76
f 8089//77 8063//77 8064//77
f 8089//78 8064//78 8090//78
f 8090//79 8064//79 8065//79
f 8090//80 8065//80 8091//80
f 8091//81 8065//81 8066//81
f 8091//82 8066//82 8092//82
f 8092//83 8066//83 8067//83
f 8092//84 8067//84 8093//84
f 8093//85 8067//85 8068//85
f 8093//86 8068//86 8094//86
f 8094//87 8068//87 8069//87
f 8094//88 8069//88 8095//88
f 8095//89 8069//89 8070//89
f 8095//90 8070//90 8096//90
f 8096//91 8070//91 8071//91
f 8096//92 8071//92 8097//92
f 8097//93 8071//93 8072//93
f 8097//94 8072//94 8098//94
f 8098//95 8072//95 8073//95
f 8098//96 8073//96 8099//96
f 8099//97 8073//97 8074//97
f 8099//98 8074//98 8100//98
f 8100//99 8074//99 8075//99
f 8100//100 8075//100 8101//100
f 8101//101 8075//101 8076//101
f 8101//102 8076//102 8102//102
f 8102//103 8076//103 8051//103
f 8102//104 8051//104 8077//104
f 8077//105 8051//105 8052//105
f 8090//106 8103//106 8089//106
f 8089//107 8103//107 8104//107
f 8089//108 8104//108 8088//108
f 8088//109 8104//109 8105//109
f 8088//110 8105//110 8087//110
f 8087//111 8105//111 8106//111
f 8087//112 8106//112 8086//112
f 8086//113 8106//113 8107//113
f 8086//114 8107//114 8085//114
f 8085//115 8107//115 8108//115
f 8085//116 8108//116 8084//116
f 8084//117 8108//117 8109//117
f 8084//118 8109//118 8083//118
f 8083//119 8109//119 8110//119
f 8083//120 8110//120 8082//120
f 8082//121 8110//121 8111//121
f 8082//122 8111//122 8081//122
f 8081//123 8111//123 8112//123
f 8081//124 8112//124 8080//124
f 8080//125 8112//125 8113//125
f 8080//126 8113//126 8079//126
f 8079//127 8113//127 8114//127
f 8079//128 8114//128 8078//128
f 8078//129 8114//129 8115//129
f 8078//130 8115//130 8077//130
f 8077//131 8115//131 8116//131
f 8077//132 8116//132 8102//132
f 8102//133 8116//133 8117//133
f 8102//134 8117//134 8101//134
f 8101//135 8117//135 8118//135
f 8101//136 8118//136 8100//136
f 8100//137 8118//137 8119//137
f 8100//138 8119//138 8099//138
f 8099//139 8119//139 8120//139
f 8099//140 8120//140 8098//140
f 8098//141 8120//141 8121//141
f 8098//142 8121//142 8097//142
f 8097//143 8121//143 8122//143
f 8097//144 8122//144 8096//144
f 8096//145 8122//145 8123//145
f 8096//146 8123//146 8095//146
f 8095//147 8123//147 8124//147
f 8095//148 8124//148 8094//148
f 8094//149 8124//149 8125//149
f 8094//150 8125//150 8093//150
f 8093//151 8125//151 8126//151
f 8093//152 8126//152 8092//152
f 8092//153 8126//153 8127//153
f 8092//154 8127//154 8091//154
f 8091//155 8127//155 8128//155
f 8091//156 8128//156 8090//156
f 8090//157 8128//157 8103//157
f 8129//2 8114//2 8130//2
f 8130//3 8114//3 8113//3
f 8130//4 8113//4 8131//4
f 8131//5 8113//5 8112//5
f 8131//6 8112//6 8132//6
f 8132//7 8112//7 8111//7
f 8132//8 8111//8 8133//8
f 8133//9 8111//9 8110//9
f 8133//10 8110//10 8134//10
f 8134//11 8110//11 8109//11
f 8134//12 8109//12 8135//12
f 8135//13 8109//13 8108//13
f 8135//14 8108//14 8136//14
f 8136//15 8108//15 8107//15
f 8136//16 8107//16 8137//16
f 8137//17 8107//17 8106//17
f 8137//18 8106//18 8138//18
f 8138//19 8106//19 8105//19
f 8138//20 8105//20 8139//20
f 8139//21 8105//21 8104//21
f 8139//22 8104//22 8140//22
f 8140//23 8104//23 8103//23
f 8140//24 8103//24 8141//24
f 8141//25 8103//25 8128//25
f 8141//26 8128//26 8142//26
f 8142//27 8128//27 8127//27
f 8142//28 8127//28 8143//28
f 8143//29 8127//29 8126//29
f 8143//30 8126//30 8144//30
f 8144//31 8126//31 8125//31
f 8144//32 8125//32 8145//32
f 8145//33 8125//33 8124//33
f 8145//34 8124//34 8146//34
f 8146//35 8124//35 8123//35
f 8146//36 8123//36 8147//36
f 8147//37 8123//37 8122//37
f 8147//38 8122//38 8148//38
f 8148//39 8122//39 8121//39
f 8148//40 8121//40 8149//40
f 8149//41 8121//41 8120//41
f 8149//42 8120//42 8150//42
f 8150//43 8120//43 8119//43
f 8150//44 8119//44 8151//44
f 8151//45 8119//45 8118//45
f 8151//46 8118//46 8152//46
f 8152//47 8118//47 8117//47
f 8152//48 8117//48 8153//48
f 8153//49 8117//49 8116//49
f 8153//50 8116//50 8154//50
f 8154//51 8116//51 8115//51
f 8154//52 8115//52 8129//52
f 8129//53 8115//53 8114//53
f 8155//54 8130//54 8156//54
f 8156//55 8130//55 8131//55
f 8156//56 8131//56 8157//56
f 8157//57 8131//57 8132//57
f 8157//58 8132//58 8158//58
f 8158//59 8132//59 8133//59
f 8158//60 8133//60 8159//60
f 8159//61 8133//61 8134//61
f 8159//62 8134//62 8160//62
f 8160//63 8134//63 8135//63
f 8160//64 8135//64 8161//64
f 8161//65 8135//65 8136//65
f 8161//66 8136//66 8162//66
f 8162//67 8136//67 8137//67
f 8162//68 8137//68 8163//68
f 8163//69 8137//69 8138//69
f 8163//70 8138//70 8164//70
f 8164//71 8138//71 8139//71
f 8164//72 8139//72 8165//72
f 8165//73 8139//73 8140//73
f 8165//74 8140//74 8166//74
f 8166//75 8140//75 8141//75
f 8166//76 8141//76 8167//76
f 8167//77 8141//77 8142//77
f 8167//78 8142//78 8168//78
f 8168//79 8142//79 8143//79
f 8168//80 8143//80 8169//80
f 8169//81 8143//81 8144//81
f 8169//82 8144//82 8170//82
f 8170//83 8144//83 8145//83
f 8170//84 8145//84 8171//84
f 8171//85 8145//85 8146//85
f 8171//86 8146//86 8172//86
f 8172//87 8146//87 8147//87
f 8172//88 8147//88 8173//88
f 8173//89 8147//89 8148//89
f 8173//90 8148//90 8174//90
f 8174//91 8148//91 8149//91
f 8174//92 8149//92 8175//92
f 8175//93 8149//93 8150//93
f 8175//94 8150//94 8176//94
f 8176//95 8150//95 8151//95
f 8176//96 8151//96 8177//96
f 8177//97 8151//97 8152//97
f 8177//98 8152//98 8178//98
f 8178//99 8152//99 8153//99
f 8178//100 8153//100 8179//100
f 8179//101 8153//101 8154//101
f 8179//102 8154//102 8180//102
f 8180//103 8154//103 8129//103
f 8180//104 8129//104 8155//104
f 8155//105 8129//105 8130//105
f 8168//155 8169//155 8181//155
f 8170//151 8171//151 8182//151
f 8182//158 8183//158 8170//158
f 8170//159 8183//159 8184//159
f 8170//153 8184//153 8169//153
f 8169//160 8184//160 8185//160
f 8169//161 8185//161 8181//161
f 8172//147 8173//147 8186//147
f 8186//162 8187//162 8172//162
f 8172//163 8187//163 8188//163
f 8172//149 8188//149 8171//149
f 8171//164 8188//164 8189//164
f 8171//165 8189//165 8182//165
f 8174//143 8175//143 8190//143
f 8190//166 8191//166 8174//166
f 8174//167 8191//167 8192//167
f 8174//145 8192//145 8173//145
f 8173//168 8192//168 8193//168
f 8173//169 8193//169 8186//169
f 8176//170 8177//170 8194//170
f 8194//171 8195//171 8176//171
f 8176//172 8195//172 8196//172
f 8176//141 8196//141 8175//141
f 8175//173 8196//173 8197//173
f 8175//174 8197//174 8190//174
f 8178//135 8179//135 8198//135
f 8198//175 8199//175 8178//175
f 8178//176 8199//176 8200//176
f 8178//137 8200//137 8177//137
f 8177//177 8200//177 8201//177
f 8177//178 8201//178 8194//178
f 8180//131 8155//131 8202//131
f 8202//179 8203//179 8180//179
f 8180//180 8203//180 8204//180
f 8180//133 8204//133 8179//133
f 8179//181 8204//181 8205//181
f 8179//182 8205//182 8198//182
f 8156//127 8157//127 8206//127
f 8206//183 8207//183 8156//183
f 8156//184 8207//184 8208//184
f 8156//129 8208//129 8155//129
f 8155//185 8208//185 8209//185
f 8155//186 8209//186 8202//186
f 8158//123 8159//123 8210//123
f 8210//187 8211//187 8158//187
f 8158//188 8211//188 8212//188
f 8158//125 8212//125 8157//125
f 8157//189 8212//189 8213//189
f 8157//190 8213//190 8206//190
f 8160//119 8161//119 8214//119
f 8214//191 8215//191 8160//191
f 8160//192 8215//192 8216//192
f 8160//121 8216//121 8159//121
f 8159//193 8216//193 8217//193
f 8159//194 8217//194 8210//194
f 8162//115 8163//115 8218//115
f 8218//195 8219//195 8162//195
f 8162//196 8219//196 8220//196
f 8162//117 8220//117 8161//117
f 8161//197 8220//197 8221//197
f 8161//198 8221//198 8214//198
f 8164//111 8165//111 8222//111
f 8222//199 8223//199 8164//199
f 8164//200 8223//200 8224//200
f 8164//113 8224//113 8163//113
f 8163//201 8224//201 8225//201
f 8163//202 8225//202 8218//202
f 8166//107 8167//107 8226//107
f 8226//203 8227//203 8166//203
f 8166//204 8227//204 8228//204
f 8166//109 8228//109 8165//109
f 8165//205 8228//205 8229//205
f 8165//206 8229//206 8222//206
f 8181//207 8230//207 8168//207
f 8168//208 8230//208 8231//208
f 8168//157 8231//157 8167//157
f 8167//209 8231//209 8232//209
f 8167//210 8232//210 8226//210
f 8190//211 8233//211 8191//211
f 8191//212 8233//212 8234//212
f 8191//213 8234//213 8192//213
f 8192//214 8234//214 8235//214
f 8192//215 8235//215 8193//215
f 8193//216 8235//216 8236//216
f 8193//217 8236//217 8186//217
f 8186//218 8236//218 8237//218
f 8186//219 8237//219 8187//219
f 8187//220 8237//220 8238//220
f 8187//221 8238//221 8188//221
f 8188//222 8238//222 8239//222
f 8188//500 8239//500 8189//500
f 8189//224 8239//224 8240//224
f 8189//523 8240//523 8182//523
f 8182//524 8240//524 8241//524
f 8182//227 8241//227 8183//227
f 8183//228 8241//228 8242//228
f 8183//229 8242//229 8184//229
f 8184//230 8242//230 8243//230
f 8184//231 8243//231 8185//231
f 8185//232 8243//232 8244//232
f 8185//233 8244//233 8181//233
f 8181//234 8244//234 8245//234
f 8181//235 8245//235 8230//235
f 8230//236 8245//236 8246//236
f 8230//237 8246//237 8231//237
f 8231//238 8246//238 8247//238
f 8231//239 8247//239 8232//239
f 8232//240 8247//240 8248//240
f 8232//241 8248//241 8226//241
f 8226//242 8248//242 8249//242
f 8226//243 8249//243 8227//243
f 8227//244 8249//244 8250//244
f 8227//245 8250//245 8228//245
f 8228//246 8250//246 8251//246
f 8228//247 8251//247 8229//247
f 8229//248 8251//248 8252//248
f 8229//525 8252//525 8222//525
f 8222//250 8252//250 8253//250
f 8222//506 8253//506 8223//506
f 8223//526 8253//526 8254//526
f 8223//253 8254//253 8224//253
f 8224//254 8254//254 8255//254
f 8224//255 8255//255 8225//255
f 8225//256 8255//256 8256//256
f 8225//257 8256//257 8218//257
f 8218//258 8256//258 8257//258
f 8218//259 8257//259 8219//259
f 8219//260 8257//260 8258//260
f 8219//261 8258//261 8220//261
f 8220//262 8258//262 8259//262
f 8220//263 8259//263 8221//263
f 8221//264 8259//264 8260//264
f 8221//265 8260//265 8214//265
f 8214//266 8260//266 8261//266
f 8214//267 8261//267 8215//267
f 8215//268 8261//268 8262//268
f 8215//269 8262//269 8216//269
f 8216//270 8262//270 8263//270
f 8216//271 8263//271 8217//271
f 8217//272 8263//272 8264//272
f 8217//273 8264//273 8210//273
f 8210//274 8264//274 8265//274
f 8210//516 8265//516 8211//516
f 8211//276 8265//276 8266//276
f 8211//527 8266//527 8212//527
f 8212//528 8266//528 8267//528
f 8212//279 8267//279 8213//279
f 8213//280 8267//280 8268//280
f 8213//281 8268//281 8206//281
f 8206//282 8268//282 8269//282
f 8206//283 8269//283 8207//283
f 8207//284 8269//284 8270//284
f 8207//285 8270//285 8208//285
f 8208//286 8270//286 8271//286
f 8208//287 8271//287 8209//287
f 8209//288 8271//288 8272//288
f 8209//289 8272//289 8202//289
f 8202//290 8272//290 8273//290
f 8202//291 8273//291 8203//291
f 8203//292 8273//292 8274//292
f 8203//293 8274//293 8204//293
f 8204//294 8274//294 8275//294
f 8204//295 8275//295 8205//295
f 8205//296 8275//296 8276//296
f 8205//297 8276//297 8198//297
f 8198//298 8276//298 8277//298
f 8198//299 8277//299 8199//299
f 8199//300 8277//300 8278//300
f 8199//529 8278//529 8200//529
f 8200//302 8278//302 8279//302
f 8200//491 8279//491 8201//491
f 8201//530 8279//530 8280//530
f 8201//305 8280//305 8194//305
f 8194//306 8280//306 8281//306
f 8194//307 8281//307 8195//307
f 8195//308 8281//308 8282//308
f 8195//309 8282//309 8196//309
f 8196//310 8282//310 8283//310
f 8196//311 8283//311 8197//311
f 8197//312 8283//312 8284//312
f 8197//313 8284//313 8190//313
f 8190//314 8284//314 8233//314
f 8285//315 8286//315 8274//315
f 8287//316 8276//316 8286//316
f 8286//317 8276//317 8275//317
f 8286//318 8275//318 8274//318
f 8288//319 8278//319 8287//319
f 8287//320 8278//320 8277//320
f 8287//321 8277//321 8276//321
f 8289//322 8280//322 8288//322
f 8288//323 8280//323 8279//323
f 8288//324 8279//324 8278//324
f 8290//325 8282//325 8289//325
f 8289//326 8282//326 8281//326
f 8289//327 8281//327 8280//327
f 8291//328 8284//328 8290//328
f 8290//329 8284//329 8283//329
f 8290//330 8283//330 8282//330
f 8292//331 8234//331 8291//331
f 8291//332 8234//332 8233//332
f 8291//333 8233//333 8284//333
f 8293//334 8236//334 8292//334
f 8292//335 8236//335 8235//335
f 8292//336 8235//336 8234//336
f 8294//337 8238//337 8293//337
f 8293//338 8238//338 8237//338
f 8293//339 8237//339 8236//339
f 8295//340 8240//340 8294//340
f 8294//341 8240//341 8239//341
f 8294//342 8239//342 8238//342
f 8296//343 8242//343 8295//343
f 8295//344 8242//344 8241//344
f 8295//345 8241//345 8240//345
f 8297//346 8244//346 8296//346
f 8296//347 8244//347 8243//347
f 8296//348 8243//348 8242//348
f 8298//349 8246//349 8297//349
f 8297//350 8246//350 8245//350
f 8297//351 8245//351 8244//351
f 8299//352 8248//352 8298//352
f 8298//353 8248//353 8247//353
f 8298//354 8247//354 8246//354
f 8300//355 8250//355 8299//355
f 8299//356 8250//356 8249//356
f 8299//357 8249//357 8248//357
f 8301//358 8252//358 8300//358
f 8300//359 8252//359 8251//359
f 8300//360 8251//360 8250//360
f 8302//361 8254//361 8301//361
f 8301//362 8254//362 8253//362
f 8301//363 8253//363 8252//363
f 8303//364 8256//364 8302//364
f 8302//365 8256//365 8255//365
f 8302//366 8255//366 8254//366
f 8304//367 8258//367 8303//367
f 8303//368 8258//368 8257//368
f 8303//369 8257//369 8256//369
f 8305//370 8260//370 8304//370
f 8304//371 8260//371 8259//371
f 8304//372 8259//372 8258//372
f 8306//373 8262//373 8305//373
f 8305//374 8262//374 8261//374
f 8305//375 8261//375 8260//375
f 8307//376 8264//376 8306//376
f 8306//377 8264//377 8263//377
f 8306//378 8263//378 8262//378
f 8308//379 8266//379 8307//379
f 8307//380 8266//380 8265//380
f 8307//381 8265//381 8264//381
f 8309//382 8268//382 8308//382
f 8308//383 8268//383 8267//383
f 8308//384 8267//384 8266//384
f 8310//385 8270//385 8309//385
f 8309//386 8270//386 8269//386
f 8309//387 8269//387 8268//387
f 8274//388 8273//388 8285//388
f 8285//389 8273//389 8272//389
f 8285//390 8272//390 8310//390
f 8310//391 8272//391 8271//391
f 8310//392 8271//392 8270//392
f 8298//106 8311//106 8299//106
f 8299//107 8311//107 8312//107
f 8299//108 8312//108 8300//108
f 8300//109 8312//109 8313//109
f 8300//110 8313//110 8301//110
f 8301//111 8313//111 8314//111
f 8301//112 8314//112 8302//112
f 8302//113 8314//113 8315//113
f 8302//114 8315//114 8303//114
f 8303//115 8315//115 8316//115
f 8303//116 8316//116 8304//116
f 8304//117 8316//117 8317//117
f 8304//118 8317//118 8305//118
f 8305//119 8317//119 8318//119
f 8305//120 8318//120 8306//120
f 8306//121 8318//121 8319//121
f 8306//122 8319//122 8307//122
f 8307//123 8319//123 8320//123
f 8307//124 8320//124 8308//124
f 8308//125 8320//125 8321//125
f 8308//126 8321//126 8309//126
f 8309//127 8321//127 8322//127
f 8309//128 8322//128 8310//128
f 8310//129 8322//129 8323//129
f 8310//130 8323//130 8285//130
f 8285//131 8323//131 8324//131
f 8285//132 8324//132 8286//132
f 8286//133 8324//133 8325//133
f 8286//134 8325//134 8287//134
f 8287//135 8325//135 8326//135
f 8287//136 8326//136 8288//136
f 8288//137 8326//137 8327//137
f 8288//138 8327//138 8289//138
f 8289//139 8327//139 8328//139
f 8289//140 8328//140 8290//140
f 8290//141 8328//141 8329//141
f 8290//142 8329//142 8291//142
f 8291//143 8329//143 8330//143
f 8291//144 8330//144 8292//144
f 8292//145 8330//145 8331//145
f 8292//146 8331//146 8293//146
f 8293//147 8331//147 8332//147
f 8293//148 8332//148 8294//148
f 8294//149 8332//149 8333//149
f 8294//150 8333//150 8295//150
f 8295//151 8333//151 8334//151
f 8295//152 8334//152 8296//152
f 8296//153 8334//153 8335//153
f 8296//154 8335//154 8297//154
f 8297//155 8335//155 8336//155
f 8297//156 8336//156 8298//156
f 8298//157 8336//157 8311//157
f 8337//2 8322//2 8338//2
f 8338//3 8322//3 8321//3
f 8338//4 8321//4 8339//4
f 8339//5 8321//5 8320//5
f 8339//6 8320//6 8340//6
f 8340//7 8320//7 8319//7
f 8340//8 8319//8 8341//8
f 8341//9 8319//9 8318//9
f 8341//10 8318//10 8342//10
f 8342//11 8318//11 8317//11
f 8342//12 8317//12 8343//12
f 8343//13 8317//13 8316//13
f 8343//14 8316//14 8344//14
f 8344//15 8316//15 8315//15
f 8344//16 8315//16 8345//16
f 8345//17 8315//17 8314//17
f 8345//18 8314//18 8346//18
f 8346//19 8314//19 8313//19
f 8346//20 8313//20 8347//20
f 8347//21 8313//21 8312//21
f 8347//22 8312//22 8348//22
f 8348//23 8312//23 8311//23
f 8348//24 8311//24 8349//24
f 8349//25 8311//25 8336//25
f 8349//26 8336//26 8350//26
f 8350//27 8336//27 8335//27
f 8350//28 8335//28 8351//28
f 8351//29 8335//29 8334//29
f 8351//30 8334//30 8352//30
f 8352//31 8334//31 8333//31
f 8352//32 8333//32 8353//32
f 8353//33 8333//33 8332//33
f 8353//34 8332//34 8354//34
f 8354//35 8332//35 8331//35
f 8354//36 8331//36 8355//36
f 8355//37 8331//37 8330//37
f 8355//38 8330//38 8356//38
f 8356//39 8330//39 8329//39
f 8356//40 8329//40 8357//40
f 8357//41 8329//41 8328//41
f 8357//42 8328//42 8358//42
f 8358//43 8328//43 8327//43
f 8358//44 8327//44 8359//44
f 8359//45 8327//45 8326//45
f 8359//46 8326//46 8360//46
f 8360//47 8326//47 8325//47
f 8360//48 8325//48 8361//48
f 8361//49 8325//49 8324//49
f 8361//50 8324//50 8362//50
f 8362//51 8324//51 8323//51
f 8362//52 8323//52 8337//52
f 8337//53 8323//53 8322//53
f 8363//54 8338//54 8364//54
f 8364//55 8338//55 8339//55
f 8364//56 8339//56 8365//56
f 8365//57 8339//57 8340//57
f 8365//58 8340//58 8366//58
f 8366//59 8340//59 8341//59
f 8366//60 8341//60 8367//60
f 8367//61 8341//61 8342//61
f 8367//62 8342//62 8368//62
f 8368//63 8342//63 8343//63
f 8368//64 8343//64 8369//64
f 8369//65 8343//65 8344//65
f 8369//66 8344//66 8370//66
f 8370//67 8344//67 8345//67
f 8370//68 8345//68 8371//68
f 8371//69 8345//69 8346//69
f 8371//70 8346//70 8372//70
f 8372//71 8346//71 8347//71
f 8372//72 8347//72 8373//72
f 8373//73 8347//73 8348//73
f 8373//74 8348//74 8374//74
f 8374//75 8348//75 8349//75
f 8374//76 8349//76 8375//76
f 8375//77 8349//77 8350//77
f 8375//78 8350//78 8376//78
f 8376//79 8350//79 8351//79
f 8376//80 8351//80 8377//80
f 8377//81 8351//81 8352//81
f 8377//82 8352//82 8378//82
f 8378//83 8352//83 8353//83
f 8378//84 8353//84 8379//84
f 8379//85 8353//85 8354//85
f 8379//86 8354//86 8380//86
f 8380//87 8354//87 8355//87
f 8380//88 8355//88 8381//88
f 8381//89 8355//89 8356//89
f 8381//90 8356//90 8382//90
f 8382//91 8356//91 8357//91
f 8382//92 8357//92 8383//92
f 8383//93 8357//93 8358//93
f 8383//94 8358//94 8384//94
f 8384//95 8358//95 8359//95
f 8384//96 8359//96 8385//96
f 8385//97 8359//97 8360//97
f 8385//98 8360//98 8386//98
f 8386//99 8360//99 8361//99
f 8386//100 8361//100 8387//100
f 8387//101 8361//101 8362//101
f 8387//102 8362//102 8388//102
f 8388//103 8362//103 8337//103
f 8388//104 8337//104 8363//104
f 8363//105 8337//105 8338//105
f 8376//106 8389//106 8375//106
f 8375//107 8389//107 8390//107
f 8375//108 8390//108 8374//108
f 8374//109 8390//109 8391//109
f 8374//110 8391//110 8373//110
f 8373//111 8391//111 8392//111
f 8373//112 8392//112 8372//112
f 8372//113 8392//113 8393//113
f 8372//114 8393//114 8371//114
f 8371//115 8393//115 8394//115
f 8371//116 8394//116 8370//116
f 8370//117 8394//117 8395//117
f 8370//118 8395//118 8369//118
f 8369//119 8395//119 8396//119
f 8369//120 8396//120 8368//120
f 8368//121 8396//121 8397//121
f 8368//122 8397//122 8367//122
f 8367//123 8397//123 8398//123
f 8367//124 8398//124 8366//124
f 8366//125 8398//125 8399//125
f 8366//126 8399//126 8365//126
f 8365//127 8399//127 8400//127
f 8365//128 8400//128 8364//128
f 8364//129 8400//129 8401//129
f 8364//130 8401//130 8363//130
f 8363//131 8401//131 8402//131
f 8363//132 8402//132 8388//132
f 8388//133 8402//133 8403//133
f 8388//134 8403//134 8387//134
f 8387//135 8403//135 8404//135
f 8387//136 8404//136 8386//136
f 8386//137 8404//137 8405//137
f 8386//138 8405//138 8385//138
f 8385//139 8405//139 8406//139
f 8385//140 8406//140 8384//140
f 8384//141 8406//141 8407//141
f 8384//142 8407//142 8383//142
f 8383//143 8407//143 8408//143
f 8383//144 8408//144 8382//144
f 8382//145 8408//145 8409//145
f 8382//146 8409//146 8381//146
f 8381//147 8409//147 8410//147
f 8381//148 8410//148 8380//148
f 8380//149 8410//149 8411//149
f 8380//150 8411//150 8379//150
f 8379//151 8411//151 8412//151
f 8379//152 8412//152 8378//152
f 8378//153 8412//153 8413//153
f 8378//154 8413//154 8377//154
f 8377//155 8413//155 8414//155
f 8377//156 8414//156 8376//156
f 8376//157 8414//157 8389//157
f 8415//2 8400//2 8416//2
f 8416//3 8400//3 8399//3
f 8416//4 8399//4 8417//4
f 8417//5 8399//5 8398//5
f 8417//6 8398//6 8418//6
f 8418//7 8398//7 8397//7
f 8418//8 8397//8 8419//8
f 8419//9 8397//9 8396//9
f 8419//10 8396//10 8420//10
f 8420//11 8396//11 8395//11
f 8420//12 8395//12 8421//12
f 8421//13 8395//13 8394//13
f 8421//14 8394//14 8422//14
f 8422//15 8394//15 8393//15
f 8422//16 8393//16 8423//16
f 8423//17 8393//17 8392//17
f 8423//18 8392//18 8424//18
f 8424//19 8392//19 8391//19
f 8424//20 8391//20 8425//20
f 8425//21 8391//21 8390//21
f 8425//22 8390//22 8426//22
f 8426//23 8390//23 8389//23
f 8426//24 8389//24 8427//24
f 8427//25 8389//25 8414//25
f 8427//26 8414//26 8428//26
f 8428//27 8414//27 8413//27
f 8428//28 8413//28 8429//28
f 8429//29 8413//29 8412//29
f 8429//30 8412//30 8430//30
f 8430//31 8412//31 8411//31
f 8430//32 8411//32 8431//32
f 8431//33 8411//33 8410//33
f 8431//34 8410//34 8432//34
f 8432//35 8410//35 8409//35
f 8432//36 8409//36 8433//36
f 8433//37 8409//37 8408//37
f 8433//38 8408//38 8434//38
f 8434//39 8408//39 8407//39
f 8434//40 8407//40 8435//40
f 8435//41 8407//41 8406//41
f 8435//42 8406//42 8436//42
f 8436//43 8406//43 8405//43
f 8436//44 8405//44 8437//44
f 8437//45 8405//45 8404//45
f 8437//46 8404//46 8438//46
f 8438//47 8404//47 8403//47
f 8438//48 8403//48 8439//48
f 8439//49 8403//49 8402//49
f 8439//50 8402//50 8440//50
f 8440//51 8402//51 8401//51
f 8440//52 8401//52 8415//52
f 8415//53 8401//53 8400//53
f 8441//54 8416//54 8442//54
f 8442//55 8416//55 8417//55
f 8442//56 8417//56 8443//56
f 8443//57 8417//57 8418//57
f 8443//58 8418//58 8444//58
f 8444//59 8418//59 8419//59
f 8444//60 8419//60 8445//60
f 8445//61 8419//61 8420//61
f 8445//62 8420//62 8446//62
f 8446//63 8420//63 8421//63
f 8446//64 8421//64 8447//64
f 8447//65 8421//65 8422//65
f 8447//66 8422//66 8448//66
f 8448//67 8422//67 8423//67
f 8448//68 8423//68 8449//68
f 8449//69 8423//69 8424//69
f 8449//70 8424//70 8450//70
f 8450//71 8424//71 8425//71
f 8450//72 8425//72 8451//72
f 8451//73 8425//73 8426//73
f 8451//74 8426//74 8452//74
f 8452//75 8426//75 8427//75
f 8452//76 8427//76 8453//76
f 8453//77 8427//77 8428//77
f 8453//78 8428//78 8454//78
f 8454//79 8428//79 8429//79
f 8454//80 8429//80 8455//80
f 8455//81 8429//81 8430//81
f 8455//82 8430//82 8456//82
f 8456//83 8430//83 8431//83
f 8456//84 8431//84 8457//84
f 8457//85 8431//85 8432//85
f 8457//86 8432//86 8458//86
f 8458//87 8432//87 8433//87
f 8458//88 8433//88 8459//88
f 8459//89 8433//89 8434//89
f 8459//90 8434//90 8460//90
f 8460//91 8434//91 8435//91
f 8460//92 8435//92 8461//92
f 8461//93 8435//93 8436//93
f 8461//94 8436//94 8462//94
f 8462//95 8436//95 8437//95
f 8462//96 8437//96 8463//96
f 8463//97 8437//97 8438//97
f 8463//98 8438//98 8464//98
f 8464//99 8438//99 8439//99
f 8464//100 8439//100 8465//100
f 8465//101 8439//101 8440//101
f 8465//102 8440//102 8466//102
f 8466//103 8440//103 8415//103
f 8466//104 8415//104 8441//104
f 8441//105 8415//105 8416//105
f 8454//106 8467//106 8453//106
f 8453//107 8467//107 8468//107
f 8453//108 8468//108 8452//108
f 8452//109 8468//109 8469//109
f 8452//110 8469//110 8451//110
f 8451//111 8469//111 8470//111
f 8451//112 8470//112 8450//112
f 8450//113 8470//113 8471//113
f 8450//114 8471//114 8449//114
f 8449//115 8471//115 8472//115
f 8449//116 8472//116 8448//116
f 8448//117 8472//117 8473//117
f 8448//118 8473//118 8447//118
f 8447//119 8473//119 8474//119
f 8447//120 8474//120 8446//120
f 8446//121 8474//121 8475//121
f 8446//122 8475//122 8445//122
f 8445//123 8475//123 8476//123
f 8445//124 8476//124 8444//124
f 8444//125 8476//125 8477//125
f 8444//126 8477//126 8443//126
f 8443//127 8477//127 8478//127
f 8443//128 8478//128 8442//128
f 8442//129 8478//129 8479//129
f 8442//130 8479//130 8441//130
f 8441//131 8479//131 8480//131
f 8441//132 8480//132 8466//132
f 8466//133 8480//133 8481//133
f 8466//134 8481//134 8465//134
f 8465//135 8481//135 8482//135
f 8465//136 8482//136 8464//136
f 8464//137 8482//137 8483//137
f 8464//138 8483//138 8463//138
f 8463//139 8483//139 8484//139
f 8463//140 8484//140 8462//140
f 8462//141 8484//141 8485//141
f 8462//142 8485//142 8461//142
f 8461//143 8485//143 8486//143
f 8461//144 8486//144 8460//144
f 8460//145 8486//145 8487//145
f 8460//146 8487//146 8459//146
f 8459//147 8487//147 8488//147
f 8459//148 8488//148 8458//148
f 8458//149 8488//149 8489//149
f 8458//150 8489//150 8457//150
f 8457//151 8489//151 8490//151
f 8457//152 8490//152 8456//152
f 8456//153 8490//153 8491//153
f 8456//154 8491//154 8455//154
f 8455//155 8491//155 8492//155
f 8455//156 8492//156 8454//156
f 8454//157 8492//157 8467//157
f 8493//2 8478//2 8494//2
f 8494//3 8478//3 8477//3
f 8494//4 8477//4 8495//4
f 8495//5 8477//5 8476//5
f 8495//6 8476//6 8496//6
f 8496//7 8476//7 8475//7
f 8496//8 8475//8 8497//8
f 8497//9 8475//9 8474//9
f 8497//10 8474//10 8498//10
f 8498//11 8474//11 8473//11
f 8498//12 8473//12 8499//12
f 8499//13 8473//13 8472//13
f 8499//14 8472//14 8500//14
f 8500//15 8472//15 8471//15
f 8500//16 8471//16 8501//16
f 8501//17 8471//17 8470//17
f 8501//18 8470//18 8502//18
f 8502//19 8470//19 8469//19
f 8502//20 8469//20 8503//20
f 8503//21 8469//21 8468//21
f 8503//22 8468//22 8504//22
f 8504//23 8468//23 8467//23
f 8504//24 8467//24 8505//24
f 8505//25 8467//25 8492//25
f 8505//26 8492//26 8506//26
f 8506//27 8492//27 8491//27
f 8506//28 8491//28 8507//28
f 8507//29 8491//29 8490//29
f 8507//30 8490//30 8508//30
f 8508//31 8490//31 8489//31
f 8508//32 8489//32 8509//32
f 8509//33 8489//33 8488//33
f 8509//34 8488//34 8510//34
f 8510//35 8488//35 8487//35
f 8510//36 8487//36 8511//36
f 8511//37 8487//37 8486//37
f 8511//38 8486//38 8512//38
f 8512//39 8486//39 8485//39
f 8512//40 8485//40 8513//40
f 8513//41 8485//41 8484//41
f 8513//42 8484//42 8514//42
f 8514//43 8484//43 8483//43
f 8514//44 8483//44 8515//44
f 8515//45 8483//45 8482//45
f 8515//46 8482//46 8516//46
f 8516//47 8482//47 8481//47
f 8516//48 8481//48 8517//48
f 8517//49 8481//49 8480//49
f 8517//50 8480//50 8518//50
f 8518//51 8480//51 8479//51
f 8518//52 8479//52 8493//52
f 8493//53 8479//53 8478//53
f 8519//54 8494//54 8520//54
f 8520//55 8494//55 8495//55
f 8520//56 8495//56 8521//56
f 8521//57 8495//57 8496//57
f 8521//58 8496//58 8522//58
f 8522//59 8496//59 8497//59
f 8522//60 8497//60 8523//60
f 8523//61 8497//61 8498//61
f 8523//62 8498//62 8524//62
f 8524//63 8498//63 8499//63
f 8524//64 8499//64 8525//64
f 8525//65 8499//65 8500//65
f 8525//66 8500//66 8526//66
f 8526//67 8500//67 8501//67
f 8526//68 8501//68 8527//68
f 8527//69 8501//69 8502//69
f 8527//70 8502//70 8528//70
f 8528//71 8502//71 8503//71
f 8528//72 8503//72 8529//72
f 8529//73 8503//73 8504//73
f 8529//74 8504//74 8530//74
f 8530//75 8504//75 8505//75
f 8530//76 8505//76 8531//76
f 8531//77 8505//77 8506//77
f 8531//78 8506//78 8532//78
f 8532//79 8506//79 8507//79
f 8532//80 8507//80 8533//80
f 8533//81 8507//81 8508//81
f 8533//82 8508//82 8534//82
f 8534//83 8508//83 8509//83
f 8534//84 8509//84 8535//84
f 8535//85 8509//85 8510//85
f 8535//86 8510//86 8536//86
f 8536//87 8510//87 8511//87
f 8536//88 8511//88 8537//88
f 8537//89 8511//89 8512//89
f 8537//90 8512//90 8538//90
f 8538//91 8512//91 8513//91
f 8538//92 8513//92 8539//92
f 8539//93 8513//93 8514//93
f 8539//94 8514//94 8540//94
f 8540//95 8514//95 8515//95
f 8540//96 8515//96 8541//96
f 8541//97 8515//97 8516//97
f 8541//98 8516//98 8542//98
f 8542//99 8516//99 8517//99
f 8542//100 8517//100 8543//100
f 8543//101 8517//101 8518//101
f 8543//102 8518//102 8544//102
f 8544//103 8518//103 8493//103
f 8544//104 8493//104 8519//104
f 8519//105 8493//105 8494//105
f 8532//106 8545//106 8531//106
f 8531//107 8545//107 8546//107
f 8531//108 8546//108 8530//108
f 8530//109 8546//109 8547//109
f 8530//110 8547//110 8529//110
f 8529//111 8547//111 8548//111
f 8529//112 8548//112 8528//112
f 8528//113 8548//113 8549//113
f 8528//114 8549//114 8527//114
f 8527//115 8549//115 8550//115
f 8527//116 8550//116 8526//116
f 8526//117 8550//117 8551//117
f 8526//118 8551//118 8525//118
f 8525//119 8551//119 8552//119
f 8525//120 8552//120 8524//120
f 8524//121 8552//121 8553//121
f 8524//122 8553//122 8523//122
f 8523//123 8553//123 8554//123
f 8523//124 8554//124 8522//124
f 8522//125 8554//125 8555//125
f 8522//126 8555//126 8521//126
f 8521//127 8555//127 8556//127
f 8521//128 8556//128 8520//128
f 8520//129 8556//129 8557//129
f 8520//130 8557//130 8519//130
f 8519//131 8557//131 8558//131
f 8519//132 8558//132 8544//132
f 8544//133 8558//133 8559//133
f 8544//134 8559//134 8543//134
f 8543//135 8559//135 8560//135
f 8543//136 8560//136 8542//136
f 8542//137 8560//137 8561//137
f 8542//138 8561//138 8541//138
f 8541//139 8561//139 8562//139
f 8541//140 8562//140 8540//140
f 8540//141 8562//141 8563//141
f 8540//142 8563//142 8539//142
f 8539//143 8563//143 8564//143
f 8539//144 8564//144 8538//144
f 8538//145 8564//145 8565//145
f 8538//146 8565//146 8537//146
f 8537//147 8565//147 8566//147
f 8537//148 8566//148 8536//148
f 8536//149 8566//149 8567//149
f 8536//150 8567//150 8535//150
f 8535//151 8567//151 8568//151
f 8535//152 8568//152 8534//152
f 8534//153 8568//153 8569//153
f 8534//154 8569//154 8533//154
f 8533//155 8569//155 8570//155
f 8533//156 8570//156 8532//156
f 8532//157 8570//157 8545//157
f 8571//2 8556//2 8572//2
f 8572//3 8556//3 8555//3
f 8572//4 8555//4 8573//4
f 8573//5 8555//5 8554//5
f 8573//6 8554//6 8574//6
f 8574//7 8554//7 8553//7
f 8574//8 8553//8 8575//8
f 8575//9 8553//9 8552//9
f 8575//10 8552//10 8576//10
f 8576//11 8552//11 8551//11
f 8576//12 8551//12 8577//12
f 8577//13 8551//13 8550//13
f 8577//14 8550//14 8578//14
f 8578//15 8550//15 8549//15
f 8578//16 8549//16 8579//16
f 8579//17 8549//17 8548//17
f 8579//18 8548//18 8580//18
f 8580//19 8548//19 8547//19
f 8580//20 8547//20 8581//20
f 8581//21 8547//21 8546//21
f 8581//22 8546//22 8582//22
f 8582//23 8546//23 8545//23
f 8582//24 8545//24 8583//24
f 8583//25 8545//25 8570//25
f 8583//26 8570//26 8584//26
f 8584//27 8570//27 8569//27
f 8584//28 8569//28 8585//28
f 8585//29 8569//29 8568//29
f 8585//30 8568//30 8586//30
f 8586//31 8568//31 8567//31
f 8586//32 8567//32 8587//32
f 8587//33 8567//33 8566//33
f 8587//34 8566//34 8588//34
f 8588//35 8566//35 8565//35
f 8588//36 8565//36 8589//36
f 8589//37 8565//37 8564//37
f 8589//38 8564//38 8590//38
f 8590//39 8564//39 8563//39
f 8590//40 8563//40 8591//40
f 8591//41 8563//41 8562//41
f 8591//42 8562//42 8592//42
f 8592//43 8562//43 8561//43
f 8592//44 8561//44 8593//44
f 8593//45 8561//45 8560//45
f 8593//46 8560//46 8594//46
f 8594//47 8560//47 8559//47
f 8594//48 8559//48 8595//48
f 8595//49 8559//49 8558//49
f 8595//50 8558//50 8596//50
f 8596//51 8558//51 8557//51
f 8596//52 8557//52 8571//52
f 8571//53 8557//53 8556//53
f 8597//54 8572//54 8598//54
f 8598//55 8572//55 8573//55
f 8598//56 8573//56 8599//56
f 8599//57 8573//57 8574//57
f 8599//58 8574//58 8600//58
f 8600//59 8574//59 8575//59
f 8600//60 8575//60 8601//60
f 8601//61 8575//61 8576//61
f 8601//62 8576//62 8602//62
f 8602//63 8576//63 8577//63
f 8602//64 8577//64 8603//64
f 8603//65 8577//65 8578//65
f 8603//66 8578//66 8604//66
f 8604//67 8578//67 8579//67
f 8604//68 8579//68 8605//68
f 8605//69 8579//69 8580//69
f 8605//70 8580//70 8606//70
f 8606//71 8580//71 8581//71
f 8606//72 8581//72 8607//72
f 8607//73 8581//73 8582//73
f 8607//74 8582//74 8608//74
f 8608//75 8582//75 8583//75
f 8608//76 8583//76 8609//76
f 8609//77 8583//77 8584//77
f 8609//78 8584//78 8610//78
f 8610//79 8584//79 8585//79
f 8610//80 8585//80 8611//80
f 8611//81 8585//81 8586//81
f 8611//82 8586//82 8612//82
f 8612//83 8586//83 8587//83
f 8612//84 8587//84 8613//84
f 8613//85 8587//85 8588//85
f 8613//86 8588//86 8614//86
f 8614//87 8588//87 8589//87
f 8614//88 8589//88 8615//88
f 8615//89 8589//89 8590//89
f 8615//90 8590//90 8616//90
f 8616//91 8590//91 8591//91
f 8616//92 8591//92 8617//92
f 8617//93 8591//93 8592//93
f 8617//94 8592//94 8618//94
f 8618//95 8592//95 8593//95
f 8618//96 8593//96 8619//96
f 8619//97 8593//97 8594//97
f 8619//98 8594//98 8620//98
f 8620//99 8594//99 8595//99
f 8620//100 8595//100 8621//100
f 8621//101 8595//101 8596//101
f 8621//102 8596//102 8622//102
f 8622//103 8596//103 8571//103
f 8622//104 8571//104 8597//104
f 8597//105 8571//105 8572//105
f 8610//106 8623//106 8609//106
f 8609//107 8623//107 8624//107
f 8609//108 8624//108 8608//108
f 8608//109 8624//109 8625//109
f 8608//110 8625//110 8607//110
f 8607//111 8625//111 8626//111
f 8607//112 8626//112 8606//112
f 8606//113 8626//113 8627//113
f 8606//114 8627//114 8605//114
f 8605//115 8627//115 8628//115
f 8605//116 8628//116 8604//116
f 8604//117 8628//117 8629//117
f 8604//118 8629//118 8603//118
f 8603//119 8629//119 8630//119
f 8603//120 8630//120 8602//120
f 8602//121 8630//121 8631//121
f 8602//122 8631//122 8601//122
f 8601//123 8631//123 8632//123
f 8601//124 8632//124 8600//124
f 8600//125 8632//125 8633//125
f 8600//126 8633//126 8599//126
f 8599//127 8633//127 8634//127
f 8599//128 8634//128 8598//128
f 8598//129 8634//129 8635//129
f 8598//130 8635//130 8597//130
f 8597//131 8635//131 8636//131
f 8597//132 8636//132 8622//132
f 8622//133 8636//133 8637//133
f 8622//134 8637//134 8621//134
f 8621//135 8637//135 8638//135
f 8621//136 8638//136 8620//136
f 8620//137 8638//137 8639//137
f 8620//138 8639//138 8619//138
f 8619//139 8639//139 8640//139
f 8619//140 8640//140 8618//140
f 8618//141 8640//141 8641//141
f 8618//142 8641//142 8617//142
f 8617//143 8641//143 8642//143
f 8617//144 8642//144 8616//144
f 8616//145 8642//145 8643//145
f 8616//146 8643//146 8615//146
f 8615//147 8643//147 8644//147
f 8615//148 8644//148 8614//148
f 8614//149 8644//149 8645//149
f 8614//150 8645//150 8613//150
f 8613//151 8645//151 8646//151
f 8613//152 8646//152 8612//152
f 8612//153 8646//153 8647//153
f 8612//154 8647//154 8611//154
f 8611//155 8647//155 8648//155
f 8611//156 8648//156 8610//156
f 8610//157 8648//157 8623//157
f 8649//2 8634//2 8650//2
f 8650//3 8634//3 8633//3
f 8650//4 8633//4 8651//4
f 8651//5 8633//5 8632//5
f 8651//6 8632//6 8652//6
f 8652//514 8632//514 8631//514
f 8652//8 8631//8 8653//8
f 8653//9 8631//9 8630//9
f 8653//10 8630//10 8654//10
f 8654//11 8630//11 8629//11
f 8654//12 8629//12 8655//12
f 8655//13 8629//13 8628//13
f 8655//14 8628//14 8656//14
f 8656//15 8628//15 8627//15
f 8656//16 8627//16 8657//16
f 8657//17 8627//17 8626//17
f 8657//18 8626//18 8658//18
f 8658//19 8626//19 8625//19
f 8658//20 8625//20 8659//20
f 8659//21 8625//21 8624//21
f 8659//22 8624//22 8660//22
f 8660//23 8624//23 8623//23
f 8660//24 8623//24 8661//24
f 8661//25 8623//25 8648//25
f 8661//26 8648//26 8662//26
f 8662//27 8648//27 8647//27
f 8662//28 8647//28 8663//28
f 8663//29 8647//29 8646//29
f 8663//30 8646//30 8664//30
f 8664//31 8646//31 8645//31
f 8664//32 8645//32 8665//32
f 8665//522 8645//522 8644//522
f 8665//34 8644//34 8666//34
f 8666//35 8644//35 8643//35
f 8666//36 8643//36 8667//36
f 8667//37 8643//37 8642//37
f 8667//38 8642//38 8668//38
f 8668//39 8642//39 8641//39
f 8668//40 8641//40 8669//40
f 8669//41 8641//41 8640//41
f 8669//42 8640//42 8670//42
f 8670//43 8640//43 8639//43
f 8670//44 8639//44 8671//44
f 8671//45 8639//45 8638//45
f 8671//46 8638//46 8672//46
f 8672//47 8638//47 8637//47
f 8672//48 8637//48 8673//48
f 8673//49 8637//49 8636//49
f 8673//50 8636//50 8674//50
f 8674//51 8636//51 8635//51
f 8674//52 8635//52 8649//52
f 8649//53 8635//53 8634//53
f 8675//54 8650//54 8676//54
f 8676//55 8650//55 8651//55
f 8676//56 8651//56 8677//56
f 8677//57 8651//57 8652//57
f 8677//58 8652//58 8678//58
f 8678//59 8652//59 8653//59
f 8678//60 8653//60 8679//60
f 8679//61 8653//61 8654//61
f 8679//62 8654//62 8680//62
f 8680//63 8654//63 8655//63
f 8680//64 8655//64 8681//64
f 8681//65 8655//65 8656//65
f 8681//66 8656//66 8682//66
f 8682//67 8656//67 8657//67
f 8682//68 8657//68 8683//68
f 8683//69 8657//69 8658//69
f 8683//70 8658//70 8684//70
f 8684//71 8658//71 8659//71
f 8684//72 8659//72 8685//72
f 8685//73 8659//73 8660//73
f 8685//74 8660//74 8686//74
f 8686//75 8660//75 8661//75
f 8686//76 8661//76 8687//76
f 8687//77 8661//77 8662//77
f 8687//78 8662//78 8688//78
f 8688//79 8662//79 8663//79
f 8688//80 8663//80 8689//80
f 8689//81 8663//81 8664//81
f 8689//82 8664//82 8690//82
f 8690//83 8664//83 8665//83
f 8690//84 8665//84 8691//84
f 8691//85 8665//85 8666//85
f 8691//86 8666//86 8692//86
f 8692//87 8666//87 8667//87
f 8692//88 8667//88 8693//88
f 8693//89 8667//89 8668//89
f 8693//90 8668//90 8694//90
f 8694//91 8668//91 8669//91
f 8694//92 8669//92 8695//92
f 8695//93 8669//93 8670//93
f 8695//94 8670//94 8696//94
f 8696//95 8670//95 8671//95
f 8696//96 8671//96 8697//96
f 8697//97 8671//97 8672//97
f 8697//98 8672//98 8698//98
f 8698//99 8672//99 8673//99
f 8698//100 8673//100 8699//100
f 8699//101 8673//101 8674//101
f 8699//102 8674//102 8700//102
f 8700//103 8674//103 8649//103
f 8700//104 8649//104 8675//104
f 8675//105 8649//105 8650//105
f 8688//106 8701//106 8687//106
f 8687//107 8701//107 8702//107
f 8687//108 8702//108 8686//108
f 8686//109 8702//109 8703//109
f 8686//110 8703//110 8685//110
f 8685//111 8703//111 8704//111
f 8685//112 8704//112 8684//112
f 8684//113 8704//113 8705//113
f 8684//114 8705//114 8683//114
f 8683//115 8705//115 8706//115
f 8683//116 8706//116 8682//116
f 8682//117 8706//117 8707//117
f 8682//118 8707//118 8681//118
f 8681//119 8707//119 8708//119
f 8681//120 8708//120 8680//120
f 8680//121 8708//121 8709//121
f 8680//122 8709//122 8679//122
f 8679//123 8709//123 8710//123
f 8679//124 8710//124 8678//124
f 8678//125 8710//125 8711//125
f 8678//126 8711//126 8677//126
f 8677//127 8711//127 8712//127
f 8677//128 8712//128 8676//128
f 8676//129 8712//129 8713//129
f 8676//130 8713//130 8675//130
f 8675//131 8713//131 8714//131
f 8675//132 8714//132 8700//132
f 8700//133 8714//133 8715//133
f 8700//134 8715//134 8699//134
f 8699//135 8715//135 8716//135
f 8699//136 8716//136 8698//136
f 8698//137 8716//137 8717//137
f 8698//138 8717//138 8697//138
f 8697//139 8717//139 8718//139
f 8697//140 8718//140 8696//140
f 8696//141 8718//141 8719//141
f 8696//142 8719//142 8695//142
f 8695//143 8719//143 8720//143
f 8695//144 8720//144 8694//144
f 8694//145 8720//145 8721//145
f 8694//146 8721//146 8693//146
f 8693//147 8721//147 8722//147
f 8693//148 8722//148 8692//148
f 8692//149 8722//149 8723//149
f 8692//150 8723//150 8691//150
f 8691//151 8723//151 8724//151
f 8691//152 8724//152 8690//152
f 8690//153 8724//153 8725//153
f 8690//154 8725//154 8689//154
f 8689//155 8725//155 8726//155
f 8689//156 8726//156 8688//156
f 8688//157 8726//157 8701//157
f 8727//2 8712//2 8728//2
f 8728//3 8712//3 8711//3
f 8728//4 8711//4 8729//4
f 8729//5 8711//5 8710//5
f 8729//6 8710//6 8730//6
f 8730//7 8710//7 8709//7
f 8730//8 8709//8 8731//8
f 8731//9 8709//9 8708//9
f 8731//10 8708//10 8732//10
f 8732//11 8708//11 8707//11
f 8732//12 8707//12 8733//12
f 8733//13 8707//13 8706//13
f 8733//14 8706//14 8734//14
f 8734//15 8706//15 8705//15
f 8734//16 8705//16 8735//16
f 8735//17 8705//17 8704//17
f 8735//18 8704//18 8736//18
f 8736//19 8704//19 8703//19
f 8736//20 8703//20 8737//20
f 8737//21 8703//21 8702//21
f 8737//22 8702//22 8738//22
f 8738//23 8702//23 8701//23
f 8738//24 8701//24 8739//24
f 8739//25 8701//25 8726//25
f 8739//26 8726//26 8740//26
f 8740//27 8726//27 8725//27
f 8740//28 8725//28 8741//28
f 8741//29 8725//29 8724//29
f 8741//30 8724//30 8742//30
f 8742//31 8724//31 8723//31
f 8742//32 8723//32 8743//32
f 8743//33 8723//33 8722//33
f 8743//34 8722//34 8744//34
f 8744//35 8722//35 8721//35
f 8744//36 8721//36 8745//36
f 8745//37 8721//37 8720//37
f 8745//38 8720//38 8746//38
f 8746//39 8720//39 8719//39
f 8746//40 8719//40 8747//40
f 8747//41 8719//41 8718//41
f 8747//42 8718//42 8748//42
f 8748//43 8718//43 8717//43
f 8748//44 8717//44 8749//44
f 8749//45 8717//45 8716//45
f 8749//46 8716//46 8750//46
f 8750//47 8716//47 8715//47
f 8750//48 8715//48 8751//48
f 8751//49 8715//49 8714//49
f 8751//50 8714//50 8752//50
f 8752//51 8714//51 8713//51
f 8752//52 8713//52 8727//52
f 8727//53 8713//53 8712//53
f 8753//54 8728//54 8754//54
f 8754//55 8728//55 8729//55
f 8754//56 8729//56 8755//56
f 8755//57 8729//57 8730//57
f 8755//58 8730//58 8756//58
f 8756//59 8730//59 8731//59
f 8756//60 8731//60 8757//60
f 8757//61 8731//61 8732//61
f 8757//62 8732//62 8758//62
f 8758//63 8732//63 8733//63
f 8758//64 8733//64 8759//64
f 8759//65 8733//65 8734//65
f 8759//66 8734//66 8760//66
f 8760//67 8734//67 8735//67
f 8760//68 8735//68 8761//68
f 8761//69 8735//69 8736//69
f 8761//70 8736//70 8762//70
f 8762//71 8736//71 8737//71
f 8762//72 8737//72 8763//72
f 8763//73 8737//73 8738//73
f 8763//74 8738//74 8764//74
f 8764//75 8738//75 8739//75
f 8764//76 8739//76 8765//76
f 8765//77 8739//77 8740//77
f 8765//78 8740//78 8766//78
f 8766//79 8740//79 8741//79
f 8766//80 8741//80 8767//80
f 8767//81 8741//81 8742//81
f 8767//82 8742//82 8768//82
f 8768//83 8742//83 8743//83
f 8768//84 8743//84 8769//84
f 8769//85 8743//85 8744//85
f 8769//86 8744//86 8770//86
f 8770//87 8744//87 8745//87
f 8770//88 8745//88 8771//88
f 8771//89 8745//89 8746//89
f 8771//90 8746//90 8772//90
f 8772//91 8746//91 8747//91
f 8772//92 8747//92 8773//92
f 8773//93 8747//93 8748//93
f 8773//94 8748//94 8774//94
f 8774//95 8748//95 8749//95
f 8774//96 8749//96 8775//96
f 8775//97 8749//97 8750//97
f 8775//98 8750//98 8776//98
f 8776//99 8750//99 8751//99
f 8776//100 8751//100 8777//100
f 8777//101 8751//101 8752//101
f 8777//102 8752//102 8778//102
f 8778//103 8752//103 8727//103
f 8778//104 8727//104 8753//104
f 8753//105 8727//105 8728//105
f 8766//155 8767//155 8779//155
f 8768//151 8769//151 8780//151
f 8780//158 8781//158 8768//158
f 8768//159 8781//159 8782//159
f 8768//153 8782//153 8767//153
f 8767//160 8782//160 8783//160
f 8767//161 8783//161 8779//161
f 8770//147 8771//147 8784//147
f 8784//162 8785//162 8770//162
f 8770//163 8785//163 8786//163
f 8770//149 8786//149 8769//149
f 8769//164 8786//164 8787//164
f 8769//165 8787//165 8780//165
f 8772//143 8773//143 8788//143
f 8788//166 8789//166 8772//166
f 8772//167 8789//167 8790//167
f 8772//145 8790//145 8771//145
f 8771//168 8790//168 8791//168
f 8771//169 8791//169 8784//169
f 8774//170 8775//170 8792//170
f 8792//171 8793//171 8774//171
f 8774//172 8793//172 8794//172
f 8774//141 8794//141 8773//141
f 8773//173 8794//173 8795//173
f 8773//174 8795//174 8788//174
f 8776//135 8777//135 8796//135
f 8796//175 8797//175 8776//175
f 8776//176 8797//176 8798//176
f 8776//137 8798//137 8775//137
f 8775//177 8798//177 8799//177
f 8775//178 8799//178 8792//178
f 8778//131 8753//131 8800//131
f 8800//179 8801//179 8778//179
f 8778//180 8801//180 8802//180
f 8778//133 8802//133 8777//133
f 8777//181 8802//181 8803//181
f 8777//182 8803//182 8796//182
f 8754//127 8755//127 8804//127
f 8804//183 8805//183 8754//183
f 8754//184 8805//184 8806//184
f 8754//129 8806//129 8753//129
f 8753//185 8806//185 8807//185
f 8753//186 8807//186 8800//186
f 8756//123 8757//123 8808//123
f 8808//187 8809//187 8756//187
f 8756//188 8809//188 8810//188
f 8756//125 8810//125 8755//125
f 8755//189 8810//189 8811//189
f 8755//190 8811//190 8804//190
f 8758//119 8759//119 8812//119
f 8812//191 8813//191 8758//191
f 8758//192 8813//192 8814//192
f 8758//121 8814//121 8757//121
f 8757//193 8814//193 8815//193
f 8757//194 8815//194 8808//194
f 8760//115 8761//115 8816//115
f 8816//195 8817//195 8760//195
f 8760//196 8817//196 8818//196
f 8760//117 8818//117 8759//117
f 8759//197 8818//197 8819//197
f 8759//198 8819//198 8812//198
f 8762//111 8763//111 8820//111
f 8820//199 8821//199 8762//199
f 8762//200 8821//200 8822//200
f 8762//113 8822//113 8761//113
f 8761//201 8822//201 8823//201
f 8761//202 8823//202 8816//202
f 8764//107 8765//107 8824//107
f 8824//203 8825//203 8764//203
f 8764//204 8825//204 8826//204
f 8764//109 8826//109 8763//109
f 8763//205 8826//205 8827//205
f 8763//206 8827//206 8820//206
f 8779//207 8828//207 8766//207
f 8766//208 8828//208 8829//208
f 8766//157 8829//157 8765//157
f 8765//209 8829//209 8830//209
f 8765//210 8830//210 8824//210
f 8788//211 8831//211 8789//211
f 8789//212 8831//212 8832//212
f 8789//213 8832//213 8790//213
f 8790//214 8832//214 8833//214
f 8790//215 8833//215 8791//215
f 8791//216 8833//216 8834//216
f 8791//217 8834//217 8784//217
f 8784//218 8834//218 8835//218
f 8784//219 8835//219 8785//219
f 8785//220 8835//220 8836//220
f 8785//221 8836//221 8786//221
f 8786//222 8836//222 8837//222
f 8786//223 8837//223 8787//223
f 8787//224 8837//224 8838//224
f 8787//225 8838//225 8780//225
f 8780//226 8838//226 8839//226
f 8780//227 8839//227 8781//227
f 8781//228 8839//228 8840//228
f 8781//229 8840//229 8782//229
f 8782//230 8840//230 8841//230
f 8782//231 8841//231 8783//231
f 8783//232 8841//232 8842//232
f 8783//233 8842//233 8779//233
f 8779//234 8842//234 8843//234
f 8779//235 8843//235 8828//235
f 8828//236 8843//236 8844//236
f 8828//237 8844//237 8829//237
f 8829//238 8844//238 8845//238
f 8829//239 8845//239 8830//239
f 8830//240 8845//240 8846//240
f 8830//241 8846//241 8824//241
f 8824//242 8846//242 8847//242
f 8824//243 8847//243 8825//243
f 8825//244 8847//244 8848//244
f 8825//245 8848//245 8826//245
f 8826//246 8848//246 8849//246
f 8826//247 8849//247 8827//247
f 8827//248 8849//248 8850//248
f 8827//249 8850//249 8820//249
f 8820//250 8850//250 8851//250
f 8820//251 8851//251 8821//251
f 8821//252 8851//252 8852//252
f 8821//253 8852//253 8822//253
f 8822//254 8852//254 8853//254
f 8822//255 8853//255 8823//255
f 8823//256 8853//256 8854//256
f 8823//257 8854//257 8816//257
f 8816//258 8854//258 8855//258
f 8816//259 8855//259 8817//259
f 8817//260 8855//260 8856//260
f 8817//261 8856//261 8818//261
f 8818//262 8856//262 8857//262
f 8818//263 8857//263 8819//263
f 8819//264 8857//264 8858//264
f 8819//265 8858//265 8812//265
f 8812//266 8858//266 8859//266
f 8812//267 8859//267 8813//267
f 8813//268 8859//268 8860//268
f 8813//269 8860//269 8814//269
f 8814//270 8860//270 8861//270
f 8814//271 8861//271 8815//271
f 8815//272 8861//272 8862//272
f 8815//273 8862//273 8808//273
f 8808//274 8862//274 8863//274
f 8808//275 8863//275 8809//275
f 8809//276 8863//276 8864//276
f 8809//277 8864//277 8810//277
f 8810//278 8864//278 8865//278
f 8810//279 8865//279 8811//279
f 8811//280 8865//280 8866//280
f 8811//281 8866//281 8804//281
f 8804//282 8866//282 8867//282
f 8804//283 8867//283 8805//283
f 8805//284 8867//284 8868//284
f 8805//285 8868//285 8806//285
f 8806//286 8868//286 8869//286
f 8806//287 8869//287 8807//287
f 8807//288 8869//288 8870//288
f 8807//289 8870//289 8800//289
f 8800//290 8870//290 8871//290
f 8800//291 8871//291 8801//291
f 8801//292 8871//292 8872//292
f 8801//293 8872//293 8802//293
f 8802//294 8872//294 8873//294
f 8802//295 8873//295 8803//295
f 8803//296 8873//296 8874//296
f 8803//297 8874//297 8796//297
f 8796//298 8874//298 8875//298
f 8796//299 8875//299 8797//299
f 8797//300 8875//300 8876//300
f 8797//301 8876//301 8798//301
f 8798//302 8876//302 8877//302
f 8798//303 8877//303 8799//303
f 8799//304 8877//304 8878//304
f 8799//305 8878//305 8792//305
f 8792//306 8878//306 8879//306
f 8792//307 8879//307 8793//307
f 8793//308 8879//308 8880//308
f 8793//309 8880//309 8794//309
f 8794//310 8880//310 8881//310
f 8794//311 8881//311 8795//311
f 8795//312 8881//312 8882//312
f 8795//313 8882//313 8788//313
f 8788//314 8882//314 8831//314
f 8883//315 8884//315 8872//315
f 8885//316 8874//316 8884//316
f 8884//317 8874//317 8873//317
f 8884//318 8873//318 8872//318
f 8886//319 8876//319 8885//319
f 8885//320 8876//320 8875//320
f 8885//321 8875//321 8874//321
f 8887//322 8878//322 8886//322
f 8886//323 8878//323 8877//323
f 8886//324 8877//324 8876//324
f 8888//325 8880//325 8887//325
f 8887//326 8880//326 8879//326
f 8887//327 8879//327 8878//327
f 8889//328 8882//328 8888//328
f 8888//329 8882//329 8881//329
f 8888//330 8881//330 8880//330
f 8890//331 8832//331 8889//331
f 8889//332 8832//332 8831//332
f 8889//333 8831//333 8882//333
f 8891//334 8834//334 8890//334
f 8890//335 8834//335 8833//335
f 8890//336 8833//336 8832//336
f 8892//337 8836//337 8891//337
f 8891//338 8836//338 8835//338
f 8891//339 8835//339 8834//339
f 8893//340 8838//340 8892//340
f 8892//341 8838//341 8837//341
f 8892//342 8837//342 8836//342
f 8894//343 8840//343 8893//343
f 8893//344 8840//344 8839//344
f 8893//345 8839//345 8838//345
f 8895//346 8842//346 8894//346
f 8894//347 8842//347 8841//347
f 8894//348 8841//348 8840//348
f 8896//349 8844//349 8895//349
f 8895//350 8844//350 8843//350
f 8895//351 8843//351 8842//351
f 8897//352 8846//352 8896//352
f 8896//353 8846//353 8845//353
f 8896//354 8845//354 8844//354
f 8898//355 8848//355 8897//355
f 8897//356 8848//356 8847//356
f 8897//357 8847//357 8846//357
f 8899//358 8850//358 8898//358
f 8898//359 8850//359 8849//359
f 8898//360 8849//360 8848//360
f 8900//361 8852//361 8899//361
f 8899//362 8852//362 8851//362
f 8899//363 8851//363 8850//363
f 8901//364 8854//364 8900//364
f 8900//365 8854//365 8853//365
f 8900//366 8853//366 8852//366
f 8902//367 8856//367 8901//367
f 8901//368 8856//368 8855//368
f 8901//369 8855//369 8854//369
f 8903//370 8858//370 8902//370
f 8902//371 8858//371 8857//371
f 8902//372 8857//372 8856//372
f 8904//373 8860//373 8903//373
f 8903//374 8860//374 8859//374
f 8903//375 8859//375 8858//375
f 8905//376 8862//376 8904//376
f 8904//377 8862//377 8861//377
f 8904//378 8861//378 8860//378
f 8906//379 8864//379 8905//379
f 8905//380 8864//380 8863//380
f 8905//381 8863//381 8862//381
f 8907//382 8866//382 8906//382
f 8906//383 8866//383 8865//383
f 8906//384 8865//384 8864//384
f 8908//385 8868//385 8907//385
f 8907//386 8868//386 8867//386
f 8907//387 8867//387 8866//387
f 8872//388 8871//388 8883//388
f 8883//389 8871//389 8870//389
f 8883//390 8870//390 8908//390
f 8908//391 8870//391 8869//391
f 8908//392 8869//392 8868//392
f 8896//155 8895//155 8909//155
f 8894//151 8893//151 8910//151
f 8910//158 8911//158 8894//158
f 8894//159 8911//159 8912//159
f 8894//153 8912//153 8895//153
f 8895//160 8912//160 8913//160
f 8895//161 8913//161 8909//161
f 8892//147 8891//147 8914//147
f 8914//162 8915//162 8892//162
f 8892//163 8915//163 8916//163
f 8892//149 8916//149 8893//149
f 8893//164 8916//164 8917//164
f 8893//165 8917//165 8910//165
f 8890//143 8889//143 8918//143
f 8918//166 8919//166 8890//166
f 8890//167 8919//167 8920//167
f 8890//145 8920//145 8891//145
f 8891//168 8920//168 8921//168
f 8891//169 8921//169 8914//169
f 8888//170 8887//170 8922//170
f 8922//171 8923//171 8888//171
f 8888//172 8923//172 8924//172
f 8888//141 8924//141 8889//141
f 8889//173 8924//173 8925//173
f 8889//174 8925//174 8918//174
f 8886//135 8885//135 8926//135
f 8926//175 8927//175 8886//175
f 8886//176 8927//176 8928//176
f 8886//137 8928//137 8887//137
f 8887//177 8928//177 8929//177
f 8887//178 8929//178 8922//178
f 8884//131 8883//131 8930//131
f 8930//179 8931//179 8884//179
f 8884//180 8931//180 8932//180
f 8884//133 8932//133 8885//133
f 8885//181 8932//181 8933//181
f 8885//182 8933//182 8926//182
f 8908//127 8907//127 8934//127
f 8934//183 8935//183 8908//183
f 8908//184 8935//184 8936//184
f 8908//129 8936//129 8883//129
f 8883//185 8936//185 8937//185
f 8883//186 8937//186 8930//186
f 8906//123 8905//123 8938//123
f 8938//187 8939//187 8906//187
f 8906//188 8939//188 8940//188
f 8906//125 8940//125 8907//125
f 8907//189 8940//189 8941//189
f 8907//190 8941//190 8934//190
f 8904//119 8903//119 8942//119
f 8942//191 8943//191 8904//191
f 8904//192 8943//192 8944//192
f 8904//121 8944//121 8905//121
f 8905//193 8944//193 8945//193
f 8905//194 8945//194 8938//194
f 8902//115 8901//115 8946//115
f 8946//195 8947//195 8902//195
f 8902//196 8947//196 8948//196
f 8902//117 8948//117 8903//117
f 8903//197 8948//197 8949//197
f 8903//198 8949//198 8942//198
f 8900//111 8899//111 8950//111
f 8950//199 8951//199 8900//199
f 8900//200 8951//200 8952//200
f 8900//113 8952//113 8901//113
f 8901//201 8952//201 8953//201
f 8901//202 8953//202 8946//202
f 8898//107 8897//107 8954//107
f 8954//203 8955//203 8898//203
f 8898//204 8955//204 8956//204
f 8898//109 8956//109 8899//109
f 8899//205 8956//205 8957//205
f 8899//206 8957//206 8950//206
f 8909//207 8958//207 8896//207
f 8896//208 8958//208 8959//208
f 8896//157 8959//157 8897//157
f 8897//209 8959//209 8960//209
f 8897//210 8960//210 8954//210
f 8918//211 8961//211 8919//211
f 8919//212 8961//212 8962//212
f 8919//213 8962//213 8920//213
f 8920//214 8962//214 8963//214
f 8920//215 8963//215 8921//215
f 8921//216 8963//216 8964//216
f 8921//217 8964//217 8914//217
f 8914//218 8964//218 8965//218
f 8914//219 8965//219 8915//219
f 8915//220 8965//220 8966//220
f 8915//221 8966//221 8916//221
f 8916//222 8966//222 8967//222
f 8916//500 8967//500 8917//500
f 8917//224 8967//224 8968//224
f 8917//523 8968//523 8910//523
f 8910//524 8968//524 8969//524
f 8910//227 8969//227 8911//227
f 8911//228 8969//228 8970//228
f 8911//229 8970//229 8912//229
f 8912//230 8970//230 8971//230
f 8912//231 8971//231 8913//231
f 8913//232 8971//232 8972//232
f 8913//233 8972//233 8909//233
f 8909//234 8972//234 8973//234
f 8909//235 8973//235 8958//235
f 8958//236 8973//236 8974//236
f 8958//237 8974//237 8959//237
f 8959//238 8974//238 8975//238
f 8959//239 8975//239 8960//239
f 8960//240 8975//240 8976//240
f 8960//241 8976//241 8954//241
f 8954//242 8976//242 8977//242
f 8954//243 8977//243 8955//243
f 8955//244 8977//244 8978//244
f 8955//245 8978//245 8956//245
f 8956//246 8978//246 8979//246
f 8956//247 8979//247 8957//247
f 8957//248 8979//248 8980//248
f 8957//525 8980//525 8950//525
f 8950//250 8980//250 8981//250
f 8950//506 8981//506 8951//506
f 8951//526 8981//526 8982//526
f 8951//253 8982//253 8952//253
f 8952//254 8982//254 8983//254
f 8952//255 8983//255 8953//255
f 8953//256 8983//256 8984//256
f 8953//257 8984//257 8946//257
f 8946//258 8984//258 8985//258
f 8946//259 8985//259 8947//259
f 8947//260 8985//260 8986//260
f 8947//261 8986//261 8948//261
f 8948//262 8986//262 8987//262
f 8948//263 8987//263 8949//263
f 8949//264 8987//264 8988//264
f 8949//265 8988//265 8942//265
f 8942//266 8988//266 8989//266
f 8942//267 8989//267 8943//267
f 8943//268 8989//268 8990//268
f 8943//269 8990//269 8944//269
f 8944//270 8990//270 8991//270
f 8944//271 8991//271 8945//271
f 8945//272 8991//272 8992//272
f 8945//273 8992//273 8938//273
f 8938//274 8992//274 8993//274
f 8938//516 8993//516 8939//516
f 8939//276 8993//276 8994//276
f 8939//527 8994//527 8940//527
f 8940//528 8994//528 8995//528
f 8940//279 8995//279 8941//279
f 8941//280 8995//280 8996//280
f 8941//281 8996//281 8934//281
f 8934//282 8996//282 8997//282
f 8934//283 8997//283 8935//283
f 8935//284 8997//284 8998//284
f 8935//285 8998//285 8936//285
f 8936//286 8998//286 8999//286
f 8936//287 8999//287 8937//287
f 8937//288 8999//288 9000//288
f 8937//289 9000//289 8930//289
f 8930//290 9000//290 9001//290
f 8930//291 9001//291 8931//291
f 8931//292 9001//292 9002//292
f 8931//293 9002//293 8932//293
f 8932//294 9002//294 9003//294
f 8932//295 9003//295 8933//295
f 8933//296 9003//296 9004//296
f 8933//297 9004//297 8926//297
f 8926//298 9004//298 9005//298
f 8926//299 9005//299 8927//299
f 8927//300 9005//300 9006//300
f 8927//529 9006//529 8928//529
f 8928//302 9006//302 9007//302
f 8928//491 9007//491 8929//491
f 8929//530 9007//530 9008//530
f 8929//305 9008//305 8922//305
f 8922//306 9008//306 9009//306
f 8922//307 9009//307 8923//307
f 8923//308 9009//308 9010//308
f 8923//309 9010//309 8924//309
f 8924//310 9010//310 9011//310
f 8924//311 9011//311 8925//311
f 8925//312 9011//312 9012//312
f 8925//313 9012//313 8918//313
f 8918//314 9012//314 8961//314
f 9000//531 9013//531 9001//531
f 9001//389 9013//389 9014//389
f 9001//388 9014//388 9002//388
f 9002//532 9014//532 9015//532
f 9002//533 9015//533 9003//533
f 9003//318 9015//318 9016//318
f 9003//317 9016//317 9004//317
f 9004//534 9016//534 9017//534
f 9004//535 9017//535 9005//535
f 9005//321 9017//321 9018//321
f 9005//320 9018//320 9006//320
f 9006//536 9018//536 9019//536
f 9006//537 9019//537 9007//537
f 9007//324 9019//324 9020//324
f 9007//323 9020//323 9008//323
f 9008//538 9020//538 9021//538
f 9008//539 9021//539 9009//539
f 9009//394 9021//394 9022//394
f 9009//326 9022//326 9010//326
f 9010//540 9022//540 9023//540
f 9010//541 9023//541 9011//541
f 9011//330 9023//330 9024//330
f 9011//395 9024//395 9012//395
f 9012//542 9024//542 9025//542
f 9012//543 9025//543 8961//543
f 8961//333 9025//333 9026//333
f 8961//332 9026//332 8962//332
f 8962//544 9026//544 9027//544
f 8962//545 9027//545 8963//545
f 8963//336 9027//336 9028//336
f 8963//335 9028//335 8964//335
f 8964//546 9028//546 9029//546
f 8964//547 9029//547 8965//547
f 8965//396 9029//396 9030//396
f 8965//338 9030//338 8966//338
f 8966//548 9030//548 9031//548
f 8966//549 9031//549 8967//549
f 8967//342 9031//342 9032//342
f 8967//397 9032//397 8968//397
f 8968//550 9032//550 9033//550
f 8968//551 9033//551 8969//551
f 8969//345 9033//345 9034//345
f 8969//344 9034//344 8970//344
f 8970//552 9034//552 9035//552
f 8970//553 9035//553 8971//553
f 8971//348 9035//348 9036//348
f 8971//347 9036//347 8972//347
f 8972//554 9036//554 9037//554
f 8972//555 9037//555 8973//555
f 8973//351 9037//351 9038//351
f 8973//350 9038//350 8974//350
f 8974//556 9038//556 9039//556
f 8974//557 9039//557 8975//557
f 8975//354 9039//354 9040//354
f 8975//353 9040//353 8976//353
f 8976//558 9040//558 9041//558
f 8976//559 9041//559 8977//559
f 8977//357 9041//357 9042//357
f 8977//356 9042//356 8978//356
f 8978//560 9042//560 9043//560
f 8978//561 9043//561 8979//561
f 8979//360 9043//360 9044//360
f 8979//359 9044//359 8980//359
f 8980//562 9044//562 9045//562
f 8980//563 9045//563 8981//563
f 8981//363 9045//363 9046//363
f 8981//362 9046//362 8982//362
f 8982//564 9046//564 9047//564
f 8982//565 9047//565 8983//565
f 8983//400 9047//400 9048//400
f 8983//365 9048//365 8984//365
f 8984//566 9048//566 9049//566
f 8984//567 9049//567 8985//567
f 8985//369 9049//369 9050//369
f 8985//401 9050//401 8986//401
f 8986//568 9050//568 9051//568
f 8986//569 9051//569 8987//569
f 8987//372 9051//372 9052//372
f 8987//371 9052//371 8988//371
f 8988//570 9052//570 9053//570
f 8988//571 9053//571 8989//571
f 8989//375 9053//375 9054//375
f 8989//374 9054//374 8990//374
f 8990//572 9054//572 9055//572
f 8990//573 9055//573 8991//573
f 8991//402 9055//402 9056//402
f 8991//377 9056//377 8992//377
f 8992//574 9056//574 9057//574
f 8992//575 9057//575 8993//575
f 8993//381 9057//381 9058//381
f 8993//403 9058//403 8994//403
f 8994//576 9058//576 9059//576
f 8994//577 9059//577 8995//577
f 8995//384 9059//384 9060//384
f 8995//383 9060//383 8996//383
f 8996//578 9060//578 9061//578
f 8996//579 9061//579 8997//579
f 8997//387 9061//387 9062//387
f 8997//386 9062//386 8998//386
f 8998//580 9062//580 9063//580
f 8998//581 9063//581 8999//581
f 8999//392 9063//392 9064//392
f 8999//391 9064//391 9000//391
f 9000//582 9064//582 9013//582
f 9065//406 9053//406 9052//406
f 9065//583 9052//583 9066//583
f 9052//408 9051//408 9066//408
f 9066//409 9051//409 9050//409
f 9066//584 9050//584 9067//584
f 9050//411 9049//411 9067//411
f 9067//412 9049//412 9048//412
f 9067//585 9048//585 9068//585
f 9048//415 9047//415 9068//415
f 9068//416 9047//416 9046//416
f 9068//586 9046//586 9069//586
f 9046//418 9045//418 9069//418
f 9069//419 9045//419 9044//419
f 9069//587 9044//587 9070//587
f 9044//421 9043//421 9070//421
f 9070//422 9043//422 9042//422
f 9070//588 9042//588 9071//588
f 9042//424 9041//424 9071//424
f 9071//425 9041//425 9040//425
f 9071//589 9040//589 9072//589
f 9040//427 9039//427 9072//427
f 9072//428 9039//428 9038//428
f 9072//590 9038//590 9073//590
f 9038//430 9037//430 9073//430
f 9073//431 9037//431 9036//431
f 9073//591 9036//591 9074//591
f 9036//433 9035//433 9074//433
f 9074//434 9035//434 9034//434
f 9074//592 9034//592 9075//592
f 9034//436 9033//436 9075//436
f 9075//437 9033//437 9032//437
f 9075//593 9032//593 9076//593
f 9032//439 9031//439 9076//439
f 9076//440 9031//440 9030//440
f 9076//594 9030//594 9077//594
f 9030//442 9029//442 9077//442
f 9077//443 9029//443 9028//443
f 9077//595 9028//595 9078//595
f 9028//445 9027//445 9078//445
f 9078//446 9027//446 9026//446
f 9078//596 9026//596 9079//596
f 9026//448 9025//448 9079//448
f 9079//449 9025//449 9024//449
f 9079//597 9024//597 9080//597
f 9024//451 9023//451 9080//451
f 9080//452 9023//452 9022//452
f 9080//598 9022//598 9081//598
f 9022//455 9021//455 9081//455
f 9081//456 9021//456 9020//456
f 9081//599 9020//599 9082//599
f 9020//458 9019//458 9082//458
f 9082//459 9019//459 9018//459
f 9082//600 9018//600 9083//600
f 9018//461 9017//461 9083//461
f 9083//462 9017//462 9016//462
f 9083//601 9016//601 9084//601
f 9084//464 9016//464 9015//464
f 9084//465 9015//465 9085//465
f 9085//466 9015//466 9014//466
f 9085//186 9014//186 9086//186
f 9014//467 9013//467 9086//467
f 9086//468 9013//468 9064//468
f 9086//602 9064//602 9087//602
f 9064//470 9063//470 9087//470
f 9087//471 9063//471 9062//471
f 9087//603 9062//603 9088//603
f 9062//473 9061//473 9088//473
f 9088//474 9061//474 9060//474
f 9088//604 9060//604 9089//604
f 9060//476 9059//476 9089//476
f 9089//477 9059//477 9058//477
f 9089//605 9058//605 9090//605
f 9090//479 9058//479 9057//479
f 9090//606 9057//606 9091//606
f 9057//607 9056//607 9091//607
f 9091//482 9056//482 9055//482
f 9091//608 9055//608 9065//608
f 9065//609 9055//609 9054//609
f 9065//405 9054//405 9053//405
f 9078//610 9092//610 9077//610
f 9077//611 9092//611 9093//611
f 9093//216 9094//216 9077//216
f 9077//217 9094//217 9095//217
f 9077//612 9095//612 9076//612
f 9076//220 9095//220 9096//220
f 9076//613 9096//613 9075//613
f 9075//614 9096//614 9097//614
f 9097//224 9098//224 9075//224
f 9075//523 9098//523 9099//523
f 9075//615 9099//615 9074//615
f 9074//228 9099//228 9100//228
f 9074//616 9100//616 9073//616
f 9073//617 9100//617 9101//617
f 9101//232 9102//232 9073//232
f 9073//233 9102//233 9103//233
f 9073//618 9103//618 9072//618
f 9103//236 9104//236 9072//236
f 9072//237 9104//237 9105//237
f 9072//619 9105//619 9071//619
f 9071//240 9105//240 9106//240
f 9071//620 9106//620 9070//620
f 9106//621 9107//621 9070//621
f 9070//244 9107//244 9108//244
f 9070//622 9108//622 9069//622
f 9108//623 9109//623 9069//623
f 9069//248 9109//248 9110//248
f 9069//624 9110//624 9068//624
f 9068//625 9110//625 9111//625
f 9111//526 9112//526 9068//526
f 9068//253 9112//253 9113//253
f 9068//626 9113//626 9067//626
f 9113//256 9114//256 9067//256
f 9067//257 9114//257 9115//257
f 9067//627 9115//627 9066//627
f 9066//260 9115//260 9116//260
f 9066//628 9116//628 9065//628
f 9065//629 9116//629 9117//629
f 9117//264 9118//264 9065//264
f 9065//265 9118//265 9119//265
f 9065//630 9119//630 9091//630
f 9119//268 9120//268 9091//268
f 9091//269 9120//269 9121//269
f 9091//631 9121//631 9090//631
f 9121//272 9122//272 9090//272
f 9090//273 9122//273 9123//273
f 9090//632 9123//632 9089//632
f 9123//276 9124//276 9089//276
f 9089//527 9124//527 9125//527
f 9089//633 9125//633 9088//633
f 9125//280 9126//280 9088//280
f 9088//281 9126//281 9127//281
f 9088//634 9127//634 9087//634
f 9127//284 9128//284 9087//284
f 9087//285 9128//285 9129//285
f 9087//635 9129//635 9086//635
f 9086//288 9129//288 9130//288
f 9086//289 9130//289 9085//289
f 9085//290 9130//290 9131//290
f 9085//291 9131//291 9084//291
f 9084//292 9131//292 9132//292
f 9084//636 9132//636 9083//636
f 9132//637 9133//637 9083//637
f 9083//296 9133//296 9134//296
f 9083//638 9134//638 9082//638
f 9134//639 9135//639 9082//639
f 9082//300 9135//300 9136//300
f 9082//640 9136//640 9081//640
f 9136//641 9137//641 9081//641
f 9081//530 9137//530 9138//530
f 9081//642 9138//642 9080//642
f 9138//643 9139//643 9080//643
f 9080//308 9139//308 9140//308
f 9080//644 9140//644 9079//644
f 9140//645 9141//645 9079//645
f 9079//312 9141//312 9142//312
f 9079//646 9142//646 9078//646
f 9078//647 9142//647 9143//647
f 9078//212 9143//212 9092//212
f 9092//332 9143//332 9144//332
f 9145//101 9146//101 9135//101
f 9132//315 9147//315 9133//315
f 9133//103 9147//103 9145//103
f 9133//317 9145//317 9134//317
f 9134//393 9145//393 9135//393
f 9148//97 9149//97 9139//97
f 9139//322 9138//322 9148//322
f 9148//323 9138//323 9137//323
f 9148//99 9137//99 9146//99
f 9146//319 9137//319 9136//319
f 9146//320 9136//320 9135//320
f 9144//93 9143//93 9150//93
f 9143//328 9142//328 9150//328
f 9150//329 9142//329 9141//329
f 9150//95 9141//95 9149//95
f 9149//648 9141//648 9140//648
f 9149//326 9140//326 9139//326
f 9092//331 9144//331 9093//331
f 9093//91 9144//91 9151//91
f 9093//335 9151//335 9094//335
f 9094//334 9151//334 9152//334
f 9094//396 9152//396 9095//396
f 9095//338 9152//338 9096//338
f 9096//337 9152//337 9153//337
f 9096//342 9153//342 9097//342
f 9097//397 9153//397 9098//397
f 9098//340 9153//340 9154//340
f 9098//345 9154//345 9099//345
f 9099//344 9154//344 9100//344
f 9100//343 9154//343 9155//343
f 9100//348 9155//348 9101//348
f 9101//347 9155//347 9102//347
f 9102//398 9155//398 9156//398
f 9102//351 9156//351 9103//351
f 9103//350 9156//350 9104//350
f 9104//349 9156//349 9157//349
f 9104//354 9157//354 9105//354
f 9158//355 9108//355 9159//355
f 9159//356 9108//356 9107//356
f 9159//77 9107//77 9157//77
f 9157//352 9107//352 9106//352
f 9157//353 9106//353 9105//353
f 9160//358 9110//358 9158//358
f 9158//359 9110//359 9109//359
f 9158//360 9109//360 9108//360
f 9161//361 9112//361 9160//361
f 9160//362 9112//362 9111//362
f 9160//363 9111//363 9110//363
f 9162//364 9114//364 9161//364
f 9161//365 9114//365 9113//365
f 9161//366 9113//366 9112//366
f 9163//367 9116//367 9162//367
f 9162//368 9116//368 9115//368
f 9162//369 9115//369 9114//369
f 9164//370 9118//370 9163//370
f 9163//371 9118//371 9117//371
f 9163//372 9117//372 9116//372
f 9165//373 9120//373 9164//373
f 9164//374 9120//374 9119//374
f 9164//375 9119//375 9118//375
f 9166//376 9122//376 9165//376
f 9165//377 9122//377 9121//377
f 9165//378 9121//378 9120//378
f 9167//379 9124//379 9166//379
f 9166//380 9124//380 9123//380
f 9166//381 9123//381 9122//381
f 9168//382 9126//382 9167//382
f 9167//383 9126//383 9125//383
f 9167//384 9125//384 9124//384
f 9169//385 9128//385 9168//385
f 9168//386 9128//386 9127//386
f 9168//387 9127//387 9126//387
f 9132//388 9131//388 9147//388
f 9147//389 9131//389 9130//389
f 9147//390 9130//390 9169//390
f 9169//391 9130//391 9129//391
f 9169//392 9129//392 9128//392
f 9157//649 9170//649 9159//649
f 9159//650 9170//650 9171//650
f 9159//651 9171//651 9158//651
f 9158//652 9171//652 9172//652
f 9158//653 9172//653 9160//653
f 9160//654 9172//654 9173//654
f 9160//655 9173//655 9161//655
f 9161//656 9173//656 9174//656
f 9161//657 9174//657 9162//657
f 9162//658 9174//658 9175//658
f 9162//659 9175//659 9163//659
f 9163//660 9175//660 9176//660
f 9163//661 9176//661 9164//661
f 9164//662 9176//662 9177//662
f 9164//663 9177//663 9165//663
f 9165//664 9177//664 9178//664
f 9165//665 9178//665 9166//665
f 9166//666 9178//666 9179//666
f 9166//667 9179//667 9167//667
f 9167//668 9179//668 9180//668
f 9167//669 9180//669 9168//669
f 9168//670 9180//670 9181//670
f 9168//671 9181//671 9169//671
f 9169//672 9181//672 9182//672
f 9169//673 9182//673 9147//673
f 9147//674 9182//674 9183//674
f 9147//675 9183//675 9145//675
f 9145//676 9183//676 9184//676
f 9145//677 9184//677 9146//677
f 9146//678 9184//678 9185//678
f 9146//679 9185//679 9148//679
f 9148//680 9185//680 9186//680
f 9148//681 9186//681 9149//681
f 9149//682 9186//682 9187//682
f 9149//683 9187//683 9150//683
f 9150//684 9187//684 9188//684
f 9150//685 9188//685 9144//685
f 9144//686 9188//686 9189//686
f 9144//687 9189//687 9151//687
f 9151//688 9189//688 9190//688
f 9151//689 9190//689 9152//689
f 9152//690 9190//690 9191//690
f 9152//691 9191//691 9153//691
f 9153//692 9191//692 9192//692
f 9153//693 9192//693 9154//693
f 9154//694 9192//694 9193//694
f 9154//695 9193//695 9155//695
f 9155//696 9193//696 9194//696
f 9155//697 9194//697 9156//697
f 9156//698 9194//698 9195//698
f 9156//699 9195//699 9157//699
f 9157//700 9195//700 9170//700
f 9195//1 9194//1 9196//1
f 9192//1 9197//1 9193//1
f 9193//1 9197//1 9198//1
f 9193//1 9198//1 9194//1
f 9194//1 9198//1 9199//1
f 9194//1 9199//1 9196//1
f 9191//1 9200//1 9192//1
f 9192//1 9200//1 9201//1
f 9192//1 9201//1 9197//1
f 9177//1 9202//1 9178//1
f 9178//1 9202//1 9203//1
f 9178//1 9203//1 9179//1
f 9190//1 9204//1 9191//1
f 9191//1 9204//1 9205//1
f 9191//1 9205//1 9200//1
f 9188//1 9206//1 9189//1
f 9189//1 9206//1 9207//1
f 9189//1 9207//1 9190//1
f 9190//1 9207//1 9208//1
f 9190//1 9208//1 9204//1
f 9187//1 9209//1 9188//1
f 9188//1 9209//1 9210//1
f 9188//1 9210//1 9206//1
f 9186//1 9211//1 9187//1
f 9187//1 9211//1 9212//1
f 9187//1 9212//1 9209//1
f 9184//1 9213//1 9185//1
f 9185//1 9213//1 9214//1
f 9185//1 9214//1 9186//1
f 9186//1 9214//1 9215//1
f 9186//1 9215//1 9211//1
f 9176//1 9216//1 9177//1
f 9177//1 9216//1 9217//1
f 9177//1 9217//1 9202//1
f 9173//1 9218//1 9174//1
f 9174//1 9218//1 9219//1
f 9174//1 9219//1 9175//1
f 9219//1 9220//1 9175//1
f 9175//1 9220//1 9221//1
f 9175//1 9221//1 9176//1
f 9176//1 9221//1 9222//1
f 9176//1 9222//1 9216//1
f 9196//1 9223//1 9195//1
f 9195//1 9223//1 9224//1
f 9195//1 9224//1 9170//1
f 9170//1 9224//1 9225//1
f 9170//1 9225//1 9171//1
f 9172//1 9226//1 9173//1
f 9173//1 9226//1 9227//1
f 9173//1 9227//1 9218//1
f 9225//1 9228//1 9171//1
f 9171//1 9228//1 9229//1
f 9171//1 9229//1 9172//1
f 9172//1 9229//1 9230//1
f 9172//1 9230//1 9226//1
f 9183//1 9231//1 9184//1
f 9184//1 9231//1 9232//1
f 9184//1 9232//1 9213//1
f 9182//1 9233//1 9183//1
f 9183//1 9233//1 9234//1
f 9183//1 9234//1 9231//1
f 9181//1 9235//1 9182//1
f 9182//1 9235//1 9236//1
f 9182//1 9236//1 9233//1
f 9180//1 9237//1 9181//1
f 9181//1 9237//1 9238//1
f 9181//1 9238//1 9235//1
f 9203//1 9239//1 9179//1
f 9179//1 9239//1 9240//1
f 9179//1 9240//1 9180//1
f 9180//1 9240//1 9241//1
f 9180//1 9241//1 9237//1
f 9242//701 9243//701 9244//701
f 9244//702 9243//702 9245//702
f 9244//703 9245//703 9246//703
f 9246//704 9245//704 9247//704
f 9246//705 9247//705 9248//705
f 9248//706 9247//706 9249//706
f 9248//707 9249//707 9250//707
f 9250//708 9249//708 9251//708
f 9242//709 9244//709 9252//709
f 9252//710 9244//710 9253//710
f 9252//711 9253//711 9254//711
f 9254//712 9253//712 9255//712
f 9254//713 9255//713 9256//713
f 9256//714 9255//714 9257//714
f 9256//715 9257//715 9258//715
f 9259//716 9260//716 9257//716
f 9257//717 9260//717 9261//717
f 9257//718 9261//718 9258//718
f 9262//719 9263//719 9264//719
f 9264//720 9263//720 9265//720
f 9264//721 9265//721 9266//721
f 9266//722 9265//722 9267//722
f 9266//723 9267//723 9268//723
f 9268//724 9267//724 9269//724
f 9268//725 9269//725 9259//725
f 9259//726 9269//726 9270//726
f 9259//727 9270//727 9260//727
f 9262//728 9264//728 9271//728
f 9271//729 9264//729 9272//729
f 9271//730 9272//730 9273//730
f 9273//731 9272//731 9274//731
f 9273//732 9274//732 9275//732
f 9275//733 9274//733 9276//733
f 9275//734 9276//734 9277//734
f 9278//735 9279//735 9276//735
f 9276//736 9279//736 9280//736
f 9276//737 9280//737 9277//737
f 9281//738 9282//738 9283//738
f 9283//739 9282//739 9284//739
f 9283//740 9284//740 9285//740
f 9285//741 9284//741 9286//741
f 9285//742 9286//742 9287//742
f 9287//743 9286//743 9288//743
f 9287//744 9288//744 9278//744
f 9278//745 9288//745 9289//745
f 9278//746 9289//746 9279//746
f 9281//747 9283//747 9290//747
f 9290//748 9283//748 9291//748
f 9290//749 9291//749 9292//749
f 9292//750 9291//750 9293//750
f 9292//751 9293//751 9294//751
f 9294//752 9293//752 9295//752
f 9294//753 9295//753 9296//753
f 9297//754 9298//754 9295//754
f 9295//755 9298//755 9299//755
f 9295//756 9299//756 9296//756
f 9300//757 9301//757 9302//757
f 9302//758 9301//758 9303//758
f 9302//759 9303//759 9304//759
f 9304//760 9303//760 9305//760
f 9304//761 9305//761 9306//761
f 9306//762 9305//762 9307//762
f 9306//763 9307//763 9297//763
f 9297//764 9307//764 9308//764
f 9297//765 9308//765 9298//765
f 9300//766 9302//766 9309//766
f 9309//767 9302//767 9310//767
f 9309//768 9310//768 9311//768
f 9311//769 9310//769 9312//769
f 9311//770 9312//770 9313//770
f 9313//771 9312//771 9314//771
f 9313//772 9314//772 9315//772
f 9316//773 9317//773 9318//773
f 9318//774 9317//774 9319//774
f 9318//775 9319//775 9314//775
f 9314//776 9319//776 9320//776
f 9314//777 9320//777 9315//777
f 9321//778 9322//778 9323//778
f 9323//779 9322//779 9324//779
f 9323//780 9324//780 9325//780
f 9325//781 9324//781 9326//781
f 9325//782 9326//782 9316//782
f 9316//783 9326//783 9327//783
f 9316//784 9327//784 9317//784
f 9321//785 9323//785 9328//785
f 9328//786 9323//786 9329//786
f 9328//787 9329//787 9330//787
f 9330//788 9329//788 9331//788
f 9330//789 9331//789 9332//789
f 9332//790 9331//790 9333//790
f 9332//791 9333//791 9334//791
f 9335//792 9336//792 9337//792
f 9337//793 9336//793 9338//793
f 9337//794 9338//794 9333//794
f 9333//795 9338//795 9339//795
f 9333//796 9339//796 9334//796
f 9340//797 9341//797 9342//797
f 9342//798 9341//798 9343//798
f 9342//799 9343//799 9344//799
f 9344//800 9343//800 9345//800
f 9344//801 9345//801 9335//801
f 9335//802 9345//802 9346//802
f 9335//803 9346//803 9336//803
f 9340//804 9342//804 9347//804
f 9347//805 9342//805 9348//805
f 9347//806 9348//806 9349//806
f 9349//807 9348//807 9350//807
f 9349//808 9350//808 9351//808
f 9351//809 9350//809 9352//809
f 9351//810 9352//810 9353//810
f 9251//811 9354//811 9250//811
f 9250//812 9354//812 9355//812
f 9250//813 9355//813 9356//813
f 9356//814 9355//814 9357//814
f 9356//815 9357//815 9358//815
f 9358//816 9357//816 9359//816
f 9358//817 9359//817 9360//817
f 9360//818 9359//818 9361//818
f 9360//819 9361//819 9352//819
f 9352//820 9361//820 9362//820
f 9352//821 9362//821 9353//821
f 9236//822 9235//822 9363//822
f 9363//822 9235//822 9238//822
f 9363//823 9238//823 9364//823
f 9364//824 9238//824 9237//824
f 9364//825 9237//825 9365//825
f 9365//826 9237//826 9241//826
f 9365//827 9241//827 9366//827
f 9366//828 9241//828 9240//828
f 9366//829 9240//829 9367//829
f 9367//830 9240//830 9239//830
f 9367//831 9239//831 9368//831
f 9368//832 9239//832 9203//832
f 9368//833 9203//833 9369//833
f 9369//834 9203//834 9202//834
f 9369//835 9202//835 9370//835
f 9370//836 9202//836 9217//836
f 9370//837 9217//837 9371//837
f 9371//838 9217//838 9216//838
f 9371//839 9216//839 9372//839
f 9372//840 9216//840 9222//840
f 9372//841 9222//841 9373//841
f 9373//842 9222//842 9221//842
f 9373//843 9221//843 9374//843
f 9374//844 9221//844 9220//844
f 9374//845 9220//845 9375//845
f 9375//846 9220//846 9219//846
f 9375//847 9219//847 9376//847
f 9376//848 9219//848 9218//848
f 9376//849 9218//849 9377//849
f 9377//850 9218//850 9227//850
f 9377//851 9227//851 9378//851
f 9378//852 9227//852 9226//852
f 9378//853 9226//853 9379//853
f 9379//854 9226//854 9230//854
f 9379//855 9230//855 9380//855
f 9380//856 9230//856 9229//856
f 9380//857 9229//857 9381//857
f 9381//858 9229//858 9228//858
f 9381//859 9228//859 9382//859
f 9382//860 9228//860 9225//860
f 9382//861 9225//861 9383//861
f 9383//862 9225//862 9224//862
f 9383//863 9224//863 9384//863
f 9384//864 9224//864 9223//864
f 9384//865 9223//865 9385//865
f 9385//866 9223//866 9196//866
f 9385//867 9196//867 9386//867
f 9386//868 9196//868 9199//868
f 9386//869 9199//869 9387//869
f 9387//870 9199//870 9198//870
f 9387//871 9198//871 9388//871
f 9388//872 9198//872 9197//872
f 9388//873 9197//873 9389//873
f 9389//874 9197//874 9201//874
f 9389//875 9201//875 9390//875
f 9390//876 9201//876 9200//876
f 9390//877 9200//877 9391//877
f 9391//878 9200//878 9205//878
f 9391//879 9205//879 9392//879
f 9392//880 9205//880 9204//880
f 9392//881 9204//881 9393//881
f 9393//882 9204//882 9208//882
f 9393//883 9208//883 9394//883
f 9394//884 9208//884 9207//884
f 9394//885 9207//885 9395//885
f 9395//886 9207//886 9206//886
f 9395//887 9206//887 9396//887
f 9396//888 9206//888 9210//888
f 9396//889 9210//889 9397//889
f 9397//890 9210//890 9209//890
f 9397//891 9209//891 9398//891
f 9398//892 9209//892 9212//892
f 9398//893 9212//893 9399//893
f 9399//894 9212//894 9211//894
f 9399//895 9211//895 9400//895
f 9400//896 9211//896 9215//896
f 9400//897 9215//897 9401//897
f 9401//898 9215//898 9214//898
f 9401//899 9214//899 9402//899
f 9402//900 9214//900 9213//900
f 9402//901 9213//901 9403//901
f 9403//902 9213//902 9232//902
f 9403//903 9232//903 9404//903
f 9404//904 9232//904 9231//904
f 9404//905 9231//905 9405//905
f 9405//906 9231//906 9234//906
f 9405//907 9234//907 9406//907
f 9406//908 9234//908 9233//908
f 9406//909 9233//909 9407//909
f 9407//910 9233//910 9236//910
f 9407//911 9236//911 9363//911
f 9356//912 9408//912 9250//912
f 9250//913 9408//913 9409//913
f 9250//914 9409//914 9248//914
f 9248//915 9409//915 9410//915
f 9248//916 9410//916 9246//916
f 9246//917 9410//917 9411//917
f 9246//918 9411//918 9244//918
f 9244//919 9411//919 9412//919
f 9244//920 9412//920 9253//920
f 9253//921 9412//921 9413//921
f 9253//922 9413//922 9255//922
f 9255//923 9413//923 9414//923
f 9255//924 9414//924 9257//924
f 9257//925 9414//925 9415//925
f 9257//926 9415//926 9259//926
f 9259//927 9415//927 9416//927
f 9259//928 9416//928 9268//928
f 9268//929 9416//929 9417//929
f 9268//930 9417//930 9266//930
f 9266//931 9417//931 9418//931
f 9266//932 9418//932 9264//932
f 9264//933 9418//933 9419//933
f 9264//934 9419//934 9272//934
f 9272//935 9419//935 9420//935
f 9272//936 9420//936 9274//936
f 9274//937 9420//937 9421//937
f 9274//938 9421//938 9276//938
f 9276//939 9421//939 9422//939
f 9276//940 9422//940 9278//940
f 9278//941 9422//941 9423//941
f 9278//942 9423//942 9287//942
f 9287//943 9423//943 9424//943
f 9287//944 9424//944 9285//944
f 9285//945 9424//945 9425//945
f 9285//946 9425//946 9283//946
f 9283//947 9425//947 9426//947
f 9283//948 9426//948 9291//948
f 9291//949 9426//949 9427//949
f 9291//950 9427//950 9293//950
f 9293//951 9427//951 9428//951
f 9293//952 9428//952 9295//952
f 9295//953 9428//953 9429//953
f 9295//954 9429//954 9297//954
f 9297//955 9429//955 9430//955
f 9297//956 9430//956 9306//956
f 9306//957 9430//957 9431//957
f 9306//958 9431//958 9304//958
f 9304//959 9431//959 9432//959
f 9304//960 9432//960 9302//960
f 9302//961 9432//961 9433//961
f 9302//962 9433//962 9310//962
f 9310//963 9433//963 9434//963
f 9310//964 9434//964 9312//964
f 9312//965 9434//965 9435//965
f 9312//966 9435//966 9314//966
f 9314//967 9435//967 9436//967
f 9314//968 9436//968 9318//968
f 9318//969 9436//969 9437//969
f 9318//970 9437//970 9316//970
f 9316//971 9437//971 9438//971
f 9316//972 9438//972 9325//972
f 9325//973 9438//973 9439//973
f 9325//974 9439//974 9323//974
f 9323//975 9439//975 9440//975
f 9323//976 9440//976 9329//976
f 9329//977 9440//977 9441//977
f 9329//978 9441//978 9331//978
f 9331//979 9441//979 9442//979
f 9331//980 9442//980 9333//980
f 9333//981 9442//981 9443//981
f 9333//982 9443//982 9337//982
f 9337//983 9443//983 9444//983
f 9337//984 9444//984 9335//984
f 9335//985 9444//985 9445//985
f 9335//986 9445//986 9344//986
f 9344//987 9445//987 9446//987
f 9344//988 9446//988 9342//988
f 9342//989 9446//989 9447//989
f 9342//990 9447//990 9348//990
f 9348//991 9447//991 9448//991
f 9348//992 9448//992 9350//992
f 9350//993 9448//993 9449//993
f 9350//994 9449//994 9352//994
f 9352//995 9449//995 9450//995
f 9352//996 9450//996 9360//996
f 9360//997 9450//997 9451//997
f 9360//998 9451//998 9358//998
f 9358//999 9451//999 9452//999
f 9358//1000 9452//1000 9356//1000
f 9356//1001 9452//1001 9408//1001
f 9408//1002 9385//1002 9409//1002
f 9409//1003 9385//1003 9386//1003
f 9409//1004 9386//1004 9410//1004
f 9410//1005 9386//1005 9387//1005
f 9410//1006 9387//1006 9411//1006
f 9411//1007 9387//1007 9388//1007
f 9411//1008 9388//1008 9412//1008
f 9412//1009 9388//1009 9389//1009
f 9412//1010 9389//1010 9413//1010
f 9413//1011 9389//1011 9390//1011
f 9413//1012 9390//1012 9414//1012
f 9414//1013 9390//1013 9391//1013
f 9414//1014 9391//1014 9415//1014
f 9415//1015 9391//1015 9392//1015
f 9415//1016 9392//1016 9416//1016
f 9416//1017 9392//1017 9393//1017
f 9416//1018 9393//1018 9417//1018
f 9417//1019 9393//1019 9394//1019
f 9417//1020 9394//1020 9418//1020
f 9418//1021 9394//1021 9395//1021
f 9418//1022 9395//1022 9419//1022
f 9419//1023 9395//1023 9396//1023
f 9419//1024 9396//1024 9420//1024
f 9420//1025 9396//1025 9397//1025
f 9420//1026 9397//1026 9421//1026
f 9421//1027 9397//1027 9398//1027
f 9421//1028 9398//1028 9422//1028
f 9422//1029 9398//1029 9399//1029
f 9422//1030 9399//1030 9423//1030
f 9423//1031 9399//1031 9400//1031
f 9423//1032 9400//1032 9424//1032
f 9424//1033 9400//1033 9401//1033
f 9424//1034 9401//1034 9425//1034
f 9425//1035 9401//1035 9402//1035
f 9425//1036 9402//1036 9426//1036
f 9426//1037 9402//1037 9403//1037
f 9426//1038 9403//1038 9427//1038
f 9427//1039 9403//1039 9404//1039
f 9427//1040 9404//1040 9428//1040
f 9428//1041 9404//1041 9405//1041
f 9428//1042 9405//1042 9429//1042
f 9429//1043 9405//1043 9406//1043
f 9429//1044 9406//1044 9430//1044
f 9430//1045 9406//1045 9407//1045
f 9430//1046 9407//1046 9431//1046
f 9431//1047 9407//1047 9363//1047
f 9431//1048 9363//1048 9432//1048
f 9432//1049 9363//1049 9364//1049
f 9432//1050 9364//1050 9433//1050
f 9433//1051 9364//1051 9365//1051
f 9433//1052 9365//1052 9434//1052
f 9434//1053 9365//1053 9366//1053
f 9434//1054 9366//1054 9435//1054
f 9435//1055 9366//1055 9367//1055
f 9435//1056 9367//1056 9436//1056
f 9436//1057 9367//1057 9368//1057
f 9436//1058 9368//1058 9437//1058
f 9437//1059 9368//1059 9369//1059
f 9437//1060 9369//1060 9438//1060
f 9438//1061 9369//1061 9370//1061
f 9438//1062 9370//1062 9439//1062
f 9439//1063 9370//1063 9371//1063
f 9439//1064 9371//1064 9440//1064
f 9440//1065 9371//1065 9372//1065
f 9440//1066 9372//1066 9441//1066
f 9441//1067 9372//1067 9373//1067
f 9441//1068 9373//1068 9442//1068
f 9442//1069 9373//1069 9374//1069
f 9442//1070 9374//1070 9443//1070
f 9443//1071 9374//1071 9375//1071
f 9443//1072 9375//1072 9444//1072
f 9444//1073 9375//1073 9376//1073
f 9444//1074 9376//1074 9445//1074
f 9445//1075 9376//1075 9377//1075
f 9445//1076 9377//1076 9446//1076
f 9446//1077 9377//1077 9378//1077
f 9446//1078 9378//1078 9447//1078
f 9447//1079 9378//1079 9379//1079
f 9447//1080 9379//1080 9448//1080
f 9448//1081 9379//1081 9380//1081
f 9448//1082 9380//1082 9449//1082
f 9449//1083 9380//1083 9381//1083
f 9449//1084 9381//1084 9450//1084
f 9450//1085 9381//1085 9382//1085
f 9450//1086 9382//1086 9451//1086
f 9451//1087 9382//1087 9383//1087
f 9451//1088 9383//1088 9452//1088
f 9452//1089 9383//1089 9384//1089
f 9452//1090 9384//1090 9408//1090
f 9408//1091 9384//1091 9385//1091
f 9453//1092 9454//1092 9455//1092
f 9455//1092 9454//1092 9456//1092
f 9455//1092 9456//1092 9457//1092
f 9458//1092 9459//1092 9460//1092
f 9460//1092 9459//1092 9457//1092
f 9460//1092 9457//1092 9461//1092
f 9456//1092 9462//1092 9457//1092
f 9457//1092 9462//1092 9463//1092
f 9457//1092 9463//1092 9461//1092
f 9461//1092 9463//1092 9464//1092
f 9461//1092 9464//1092 9465//1092
f 9466//1092 9467//1092 9468//1092
f 9468//1092 9467//1092 9469//1092
f 9468//1092 9469//1092 9470//1092
f 9470//1092 9469//1092 9458//1092
f 9470//1092 9458//1092 9471//1092
f 9471//1092 9458//1092 9460//1092
f 9472//1092 9473//1092 9474//1092
f 9474//1092 9473//1092 9475//1092
f 9474//1092 9475//1092 9459//1092
f 9459//1092 9475//1092 9476//1092
f 9459//1092 9476//1092 9457//1092
f 9354//1093 9477//1093 9478//1093
f 9354//1094 9251//1094 9477//1094
f 9477//1095 9251//1095 9249//1095
f 9477//1096 9249//1096 9479//1096
f 9243//1097 9480//1097 9245//1097
f 9245//1098 9480//1098 9479//1098
f 9245//1099 9479//1099 9247//1099
f 9247//1100 9479//1100 9249//1100
f 9254//1101 9481//1101 9252//1101
f 9252//1102 9481//1102 9480//1102
f 9252//1103 9480//1103 9242//1103
f 9242//1104 9480//1104 9243//1104
f 9254//1105 9256//1105 9481//1105
f 9481//1106 9256//1106 9258//1106
f 9481//1107 9258//1107 9482//1107
f 9258//1108 9261//1108 9482//1108
f 9482//1109 9261//1109 9260//1109
f 9482//1110 9260//1110 9483//1110
f 9260//1111 9270//1111 9483//1111
f 9483//1112 9270//1112 9269//1112
f 9483//1113 9269//1113 9484//1113
f 9263//1114 9485//1114 9265//1114
f 9265//1115 9485//1115 9484//1115
f 9265//1116 9484//1116 9267//1116
f 9267//1117 9484//1117 9269//1117
f 9273//1118 9486//1118 9271//1118
f 9271//1119 9486//1119 9485//1119
f 9271//1120 9485//1120 9262//1120
f 9262//1121 9485//1121 9263//1121
f 9273//1122 9275//1122 9486//1122
f 9486//1123 9275//1123 9277//1123
f 9486//1124 9277//1124 9487//1124
f 9277//1125 9280//1125 9487//1125
f 9487//1126 9280//1126 9279//1126
f 9487//1127 9279//1127 9488//1127
f 9279//1128 9289//1128 9488//1128
f 9488//1129 9289//1129 9288//1129
f 9488//1130 9288//1130 9489//1130
f 9282//1131 9490//1131 9284//1131
f 9284//1132 9490//1132 9489//1132
f 9284//1133 9489//1133 9286//1133
f 9286//1134 9489//1134 9288//1134
f 9292//1135 9491//1135 9290//1135
f 9290//1136 9491//1136 9490//1136
f 9290//1137 9490//1137 9281//1137
f 9281//1138 9490//1138 9282//1138
f 9292//1139 9294//1139 9491//1139
f 9491//1140 9294//1140 9296//1140
f 9491//1141 9296//1141 9492//1141
f 9296//1142 9299//1142 9492//1142
f 9492//1143 9299//1143 9298//1143
f 9492//1144 9298//1144 9493//1144
f 9298//1145 9308//1145 9493//1145
f 9493//1146 9308//1146 9307//1146
f 9493//1147 9307//1147 9494//1147
f 9301//1148 9495//1148 9303//1148
f 9303//1149 9495//1149 9494//1149
f 9303//1150 9494//1150 9305//1150
f 9305//1151 9494//1151 9307//1151
f 9311//1152 9496//1152 9309//1152
f 9309//1153 9496//1153 9495//1153
f 9309//1154 9495//1154 9300//1154
f 9300//1155 9495//1155 9301//1155
f 9311//1156 9313//1156 9496//1156
f 9496//1157 9313//1157 9315//1157
f 9496//1158 9315//1158 9497//1158
f 9315//1159 9320//1159 9497//1159
f 9497//1160 9320//1160 9319//1160
f 9497//1161 9319//1161 9498//1161
f 9319//1162 9317//1162 9498//1162
f 9498//1163 9317//1163 9327//1163
f 9498//1164 9327//1164 9499//1164
f 9322//1165 9500//1165 9324//1165
f 9324//1166 9500//1166 9499//1166
f 9324//1167 9499//1167 9326//1167
f 9326//1168 9499//1168 9327//1168
f 9330//1169 9501//1169 9328//1169
f 9328//1170 9501//1170 9500//1170
f 9328//1171 9500//1171 9321//1171
f 9321//1172 9500//1172 9322//1172
f 9330//1173 9332//1173 9501//1173
f 9501//1174 9332//1174 9334//1174
f 9501//1175 9334//1175 9502//1175
f 9334//1176 9339//1176 9502//1176
f 9502//1177 9339//1177 9338//1177
f 9502//1178 9338//1178 9503//1178
f 9338//1179 9336//1179 9503//1179
f 9503//1180 9336//1180 9346//1180
f 9503//1181 9346//1181 9504//1181
f 9341//1182 9505//1182 9343//1182
f 9343//1183 9505//1183 9504//1183
f 9343//1184 9504//1184 9345//1184
f 9345//1185 9504//1185 9346//1185
f 9349//1186 9506//1186 9347//1186
f 9347//1187 9506//1187 9505//1187
f 9347//1188 9505//1188 9340//1188
f 9340//1189 9505//1189 9341//1189
f 9349//1190 9351//1190 9506//1190
f 9506//1191 9351//1191 9353//1191
f 9506//1192 9353//1192 9507//1192
f 9353//1193 9362//1193 9507//1193
f 9507//1194 9362//1194 9361//1194
f 9507//1195 9361//1195 9508//1195
f 9361//1196 9359//1196 9508//1196
f 9508//1197 9359//1197 9357//1197
f 9508//1198 9357//1198 9478//1198
f 9478//1199 9357//1199 9355//1199
f 9478//1200 9355//1200 9354//1200
f 9509//1201 9510//1201 9472//1201
f 9472//1201 9510//1201 9473//1201
f 9510//370 9511//370 9473//370
f 9473//370 9511//370 9475//370
f 9475//1202 9511//1202 9512//1202
f 9475//1203 9512//1203 9476//1203
f 9476//1204 9512//1204 9513//1204
f 9476//1205 9513//1205 9457//1205
f 9457//1206 9513//1206 9514//1206
f 9457//1207 9514//1207 9455//1207
f 9453//1208 9455//1208 9515//1208
f 9515//1208 9455//1208 9514//1208
f 9515//1209 9516//1209 9453//1209
f 9453//1209 9516//1209 9454//1209
f 9516//1210 9517//1210 9454//1210
f 9454//1210 9517//1210 9456//1210
f 9456//1211 9517//1211 9518//1211
f 9456//1212 9518//1212 9462//1212
f 9462//1213 9518//1213 9519//1213
f 9462//1214 9519//1214 9463//1214
f 9463//1215 9519//1215 9520//1215
f 9463//1216 9520//1216 9464//1216
f 9465//370 9464//370 9521//370
f 9521//370 9464//370 9520//370
f 9521//1217 9522//1217 9465//1217
f 9465//1217 9522//1217 9461//1217
f 9522//331 9523//331 9461//331
f 9461//331 9523//331 9460//331
f 9460//1218 9523//1218 9524//1218
f 9460//1219 9524//1219 9471//1219
f 9471//1220 9524//1220 9525//1220
f 9471//1221 9525//1221 9470//1221
f 9470//1222 9525//1222 9526//1222
f 9470//1223 9526//1223 9468//1223
f 9466//1210 9468//1210 9527//1210
f 9527//1210 9468//1210 9526//1210
f 9527//1224 9528//1224 9466//1224
f 9466//1224 9528//1224 9467//1224
f 9528//1208 9529//1208 9467//1208
f 9467//1208 9529//1208 9469//1208
f 9469//1225 9529//1225 9530//1225
f 9469//1226 9530//1226 9458//1226
f 9458//1227 9530//1227 9531//1227
f 9458//1228 9531//1228 9459//1228
f 9459//1229 9531//1229 9532//1229
f 9459//1230 9532//1230 9474//1230
f 9472//331 9474//331 9509//331
f 9509//331 9474//331 9532//331
f 9527//1092 9499//1092 9500//1092
f 9499//1092 9527//1092 9498//1092
f 9522//1092 9521//1092 9493//1092
f 9490//1092 9491//1092 9521//1092
f 9521//1092 9491//1092 9492//1092
f 9521//1092 9492//1092 9493//1092
f 9493//1092 9494//1092 9522//1092
f 9522//1092 9494//1092 9495//1092
f 9522//1092 9495//1092 9523//1092
f 9523//1092 9495//1092 9496//1092
f 9523//1092 9496//1092 9524//1092
f 9524//1092 9496//1092 9497//1092
f 9524//1092 9497//1092 9525//1092
f 9525//1092 9497//1092 9498//1092
f 9525//1092 9498//1092 9526//1092
f 9526//1092 9498//1092 9527//1092
f 9521//1092 9520//1092 9490//1092
f 9490//1092 9520//1092 9519//1092
f 9490//1092 9519//1092 9489//1092
f 9489//1092 9519//1092 9518//1092
f 9489//1092 9518//1092 9488//1092
f 9488//1092 9518//1092 9517//1092
f 9488//1092 9517//1092 9487//1092
f 9487//1092 9517//1092 9516//1092
f 9487//1092 9516//1092 9486//1092
f 9486//1092 9516//1092 9515//1092
f 9486//1092 9515//1092 9485//1092
f 9482//1092 9483//1092 9515//1092
f 9515//1092 9483//1092 9484//1092
f 9515//1092 9484//1092 9485//1092
f 9478//1092 9510//1092 9508//1092
f 9508//1092 9510//1092 9509//1092
f 9508//1092 9509//1092 9507//1092
f 9507//1092 9509//1092 9506//1092
f 9478//1092 9477//1092 9510//1092
f 9510//1092 9477//1092 9479//1092
f 9510//1092 9479//1092 9511//1092
f 9511//1092 9479//1092 9480//1092
f 9511//1092 9480//1092 9512//1092
f 9512//1092 9480//1092 9481//1092
f 9512//1092 9481//1092 9513//1092
f 9513//1092 9481//1092 9482//1092
f 9513//1092 9482//1092 9514//1092
f 9514//1092 9482//1092 9515//1092
f 9500//1092 9501//1092 9527//1092
f 9527//1092 9501//1092 9502//1092
f 9527//1092 9502//1092 9528//1092
f 9528//1092 9502//1092 9503//1092
f 9528//1092 9503//1092 9529//1092
f 9529//1092 9503//1092 9504//1092
f 9529//1092 9504//1092 9530//1092
f 9530//1092 9504//1092 9505//1092
f 9530//1092 9505//1092 9531//1092
f 9531//1092 9505//1092 9506//1092
f 9531//1092 9506//1092 9532//1092
f 9532//1092 9506//1092 9509//1092
# Vertices: 9532, normals: 1676, texture coordinates: 0, faces: 19068

